latitude,longitude,brightness,scan,track,acq_date,acq_time,satellite,instrument,confidence,version,bright_t31,frp,daynight,sensor,bright_ti4,bright_ti5,INSIDE_AREA,DISTANCE_BOUNDARY_KM,PRIORITY
-4.19217,104.93308,307.96,1.01,1.01,2026-09-25,841,Aqua,MODIS,37,6.1NRT,281.86,5.32,D,MODIS_NRT,,,YES,,LOW
-4.15959,105.66696,313.06,1.0,1.0,2026-09-25,841,Aqua,MODIS,43,6.1NRT,286.06,7.38,D,MODIS_NRT,,,NO,4.587,MONITORING
-3.82051,105.45863,316.08,1.0,1.0,2026-09-25,841,Aqua,MODIS,40,6.1NRT,285.14,9.26,D,MODIS_NRT,,,YES,,LOW
-3.80792,105.48346,314.0,1.0,1.0,2026-09-25,841,Aqua,MODIS,40,6.1NRT,284.47,9.31,D,MODIS_NRT,,,YES,,LOW
-3.76902,105.47996,335.34,1.0,1.0,2026-09-25,841,Aqua,MODIS,84,6.1NRT,286.45,32.33,D,MODIS_NRT,,,YES,,HIGH
-3.74792,105.44125,325.05,1.0,1.0,2026-09-25,841,Aqua,MODIS,75,6.1NRT,281.4,19.66,D,MODIS_NRT,,,YES,,HIGH
-3.74664,105.44995,319.45,1.0,1.0,2026-09-25,841,Aqua,MODIS,59,6.1NRT,278.55,13.05,D,MODIS_NRT,,,YES,,HIGH
-3.74046,105.43124,327.76,1.0,1.0,2026-09-25,841,Aqua,MODIS,70,6.1NRT,285.22,22.44,D,MODIS_NRT,,,YES,,HIGH
-3.73918,105.43995,367.08,1.0,1.0,2026-09-25,841,Aqua,MODIS,100,6.1NRT,282.93,103.46,D,MODIS_NRT,,,YES,,HIGH
-3.68809,105.7261,311.21,1.0,1.0,2026-09-25,841,Aqua,MODIS,42,6.1NRT,285.68,8.23,D,MODIS_NRT,,,YES,,LOW
-3.59361,105.80463,311.05,1.0,1.0,2026-09-25,841,Aqua,MODIS,43,6.1NRT,295.46,5.67,D,MODIS_NRT,,,YES,,LOW
-3.50357,105.78456,318.17,1.0,1.0,2026-09-25,841,Aqua,MODIS,69,6.1NRT,295.27,11.83,D,MODIS_NRT,,,YES,,HIGH
-3.4961,105.77452,341.87,1.0,1.0,2026-09-25,841,Aqua,MODIS,91,6.1NRT,296.35,42.85,D,MODIS_NRT,,,YES,,HIGH
-3.49481,105.78326,318.35,1.0,1.0,2026-09-25,841,Aqua,MODIS,64,6.1NRT,293.98,12.04,D,MODIS_NRT,,,YES,,HIGH
-3.37708,105.3884,317.39,1.0,1.0,2026-09-25,841,Aqua,MODIS,72,6.1NRT,295.57,11.09,D,MODIS_NRT,,,YES,,HIGH
-3.3758,105.3971,312.69,1.0,1.0,2026-09-25,841,Aqua,MODIS,65,6.1NRT,295.6,6.83,D,MODIS_NRT,,,YES,,LOW
-3.36532,105.52895,315.15,1.0,1.0,2026-09-25,841,Aqua,MODIS,61,6.1NRT,286.94,9.44,D,MODIS_NRT,,,YES,,LOW
-3.36404,105.53767,313.23,1.0,1.0,2026-09-25,841,Aqua,MODIS,47,6.1NRT,285.31,7.66,D,MODIS_NRT,,,YES,,LOW
-3.34038,105.51636,389.93,1.0,1.0,2026-09-25,841,Aqua,MODIS,100,6.1NRT,290.69,194.68,D,MODIS_NRT,,,YES,,HIGH
-3.33909,105.52506,375.22,1.0,1.0,2026-09-25,841,Aqua,MODIS,100,6.1NRT,288.8,131.0,D,MODIS_NRT,,,YES,,HIGH
-3.2899,105.53885,309.78,1.0,1.0,2026-09-25,841,Aqua,MODIS,26,6.1NRT,278.08,8.15,D,MODIS_NRT,,,YES,,LOW
-3.23675,105.3287,331.84,1.0,1.0,2026-09-25,841,Aqua,MODIS,86,6.1NRT,295.47,25.29,D,MODIS_NRT,,,YES,,HIGH
-3.21927,105.32612,319.14,1.0,1.0,2026-09-25,841,Aqua,MODIS,66,6.1NRT,294.02,11.5,D,MODIS_NRT,,,YES,,HIGH
-3.15493,105.38202,328.31,1.0,1.0,2026-09-25,841,Aqua,MODIS,83,6.1NRT,295.16,23.16,D,MODIS_NRT,,,YES,,HIGH
-3.10465,104.72605,324.16,1.01,1.0,2026-09-25,841,Aqua,MODIS,75,6.1NRT,286.14,16.86,D,MODIS_NRT,,,NO,7.405,MONITORING
-3.08778,105.29206,315.03,1.0,1.0,2026-09-25,841,Aqua,MODIS,48,6.1NRT,296.54,8.41,D,MODIS_NRT,,,YES,,LOW
-3.05911,105.60809,323.37,1.0,1.0,2026-09-25,841,Aqua,MODIS,64,6.1NRT,299.31,13.73,D,MODIS_NRT,,,YES,,HIGH
-3.05422,105.58063,317.96,1.0,1.0,2026-09-25,841,Aqua,MODIS,28,6.1NRT,298.42,9.4,D,MODIS_NRT,,,YES,,LOW
-3.05164,105.59807,343.1,1.0,1.0,2026-09-25,841,Aqua,MODIS,80,6.1NRT,304.8,38.77,D,MODIS_NRT,,,YES,,HIGH
-3.05036,105.60679,346.12,1.0,1.0,2026-09-25,841,Aqua,MODIS,93,6.1NRT,302.78,45.39,D,MODIS_NRT,,,YES,,HIGH
-3.04547,105.57933,335.96,1.0,1.0,2026-09-25,841,Aqua,MODIS,88,6.1NRT,300.42,29.95,D,MODIS_NRT,,,YES,,HIGH
-3.04418,105.58805,383.2,1.0,1.0,2026-09-25,841,Aqua,MODIS,100,6.1NRT,310.27,158.79,D,MODIS_NRT,,,YES,,HIGH
-3.04289,105.59677,401.68,1.0,1.0,2026-09-25,841,Aqua,MODIS,100,6.1NRT,316.6,254.83,D,MODIS_NRT,,,YES,,HIGH
-3.04161,105.60548,347.05,1.0,1.0,2026-09-25,841,Aqua,MODIS,94,6.1NRT,300.35,48.13,D,MODIS_NRT,,,YES,,HIGH
-3.03159,105.58849,343.17,1.0,1.0,2026-09-25,841,Aqua,MODIS,92,6.1NRT,300.04,44.39,D,MODIS_NRT,,,YES,,HIGH
-3.03031,105.59721,364.59,1.0,1.0,2026-09-25,841,Aqua,MODIS,100,6.1NRT,300.86,94.09,D,MODIS_NRT,,,YES,,HIGH
-3.02902,105.60593,329.83,1.0,1.0,2026-09-25,841,Aqua,MODIS,84,6.1NRT,296.64,23.65,D,MODIS_NRT,,,YES,,HIGH
-3.00284,105.23742,321.14,1.0,1.0,2026-09-25,841,Aqua,MODIS,53,6.1NRT,296.58,11.82,D,MODIS_NRT,,,NO,1.521,MONITORING
-2.99667,105.07956,313.91,1.0,1.0,2026-09-25,841,Aqua,MODIS,64,6.1NRT,288.67,8.06,D,MODIS_NRT,,,NO,0.555,MONITORING
-2.9811,105.24622,321.6,1.0,1.0,2026-09-25,841,Aqua,MODIS,68,6.1NRT,296.39,12.55,D,MODIS_NRT,,,NO,1.463,MONITORING
-2.96916,105.08439,326.27,1.0,1.0,2026-09-25,841,Aqua,MODIS,81,6.1NRT,287.47,18.97,D,MODIS_NRT,,,NO,1.645,MONITORING
-2.96788,105.09309,331.05,1.0,1.0,2026-09-25,841,Aqua,MODIS,85,6.1NRT,287.94,25.19,D,MODIS_NRT,,,NO,0.96,MONITORING
-2.96255,105.19013,323.05,1.0,1.0,2026-09-25,841,Aqua,MODIS,55,6.1NRT,295.96,15.98,D,MODIS_NRT,,,NO,4.683,MONITORING
-2.93653,105.12404,318.07,1.0,1.0,2026-09-25,841,Aqua,MODIS,62,6.1NRT,284.26,11.93,D,MODIS_NRT,,,NO,0.637,MONITORING
-2.93398,105.14145,351.29,1.0,1.0,2026-09-25,841,Aqua,MODIS,96,6.1NRT,289.9,60.16,D,MODIS_NRT,,,NO,1.415,MONITORING
-2.9327,105.15015,338.62,1.0,1.0,2026-09-25,841,Aqua,MODIS,90,6.1NRT,287.66,36.91,D,MODIS_NRT,,,NO,2.121,MONITORING
-2.81724,104.73736,318.29,1.01,1.0,2026-09-25,841,Aqua,MODIS,69,6.1NRT,287.81,12.43,D,MODIS_NRT,,,NO,29.222,MONITORING
-2.81086,106.09746,332.23,1.02,1.01,2026-09-25,841,Aqua,MODIS,85,6.1NRT,297.65,24.87,D,MODIS_NRT,,,NO,19.893,MONITORING
-2.78405,106.0145,313.57,1.02,1.01,2026-09-25,841,Aqua,MODIS,40,6.1NRT,296.62,5.01,D,MODIS_NRT,,,NO,18.817,MONITORING
-2.76023,105.99288,313.83,1.02,1.01,2026-09-25,841,Aqua,MODIS,38,6.1NRT,294.46,6.15,D,MODIS_NRT,,,NO,20.769,MONITORING
-2.75893,106.00172,315.28,1.02,1.01,2026-09-25,841,Aqua,MODIS,55,6.1NRT,295.22,7.1,D,MODIS_NRT,,,NO,21.112,MONITORING
-2.75762,106.01056,315.59,1.02,1.01,2026-09-25,841,Aqua,MODIS,47,6.1NRT,295.64,7.23,D,MODIS_NRT,,,NO,21.498,MONITORING
-2.68853,106.17268,325.13,1.03,1.01,2026-09-25,841,Aqua,MODIS,79,6.1NRT,296.1,16.97,D,MODIS_NRT,,,NO,35.861,MONITORING
-2.6872,106.18159,330.9,1.03,1.01,2026-09-25,841,Aqua,MODIS,84,6.1NRT,296.13,24.24,D,MODIS_NRT,,,NO,36.469,MONITORING
-2.66895,106.17309,321.85,1.03,1.01,2026-09-25,841,Aqua,MODIS,77,6.1NRT,295.89,14.11,D,MODIS_NRT,,,NO,37.809,MONITORING
-2.66764,106.182,344.49,1.03,1.01,2026-09-25,841,Aqua,MODIS,93,6.1NRT,296.86,47.24,D,MODIS_NRT,,,NO,38.403,MONITORING
-3.43671,105.19717,304.76,2.12,1.42,2026-09-25,2101,Aqua,MODIS,43,6.1NRT,288.98,18.1,N,MODIS_NRT,,,YES,,HIGH
-3.43354,105.20273,306.84,2.12,1.42,2026-09-25,2101,Aqua,MODIS,69,6.1NRT,288.84,24.47,N,MODIS_NRT,,,YES,,HIGH
-3.43084,105.18434,304.32,2.12,1.41,2026-09-25,2101,Aqua,MODIS,60,6.1NRT,288.23,19.71,N,MODIS_NRT,,,YES,,HIGH
-3.38744,105.32313,313.29,2.17,1.43,2026-09-25,2101,Aqua,MODIS,87,6.1NRT,284.98,40.09,N,MODIS_NRT,,,YES,,HIGH
-3.38647,105.33057,314.97,2.17,1.43,2026-09-25,2101,Aqua,MODIS,90,6.1NRT,285.74,43.68,N,MODIS_NRT,,,YES,,HIGH
-3.14836,105.39554,303.52,2.18,1.43,2026-09-25,2101,Aqua,MODIS,56,6.1NRT,288.81,18.23,N,MODIS_NRT,,,YES,,HIGH
-4.18285,104.7502,304.04,2.01,1.38,2026-09-25,2104,Aqua,MODIS,58,6.1NRT,290.62,14.57,N,MODIS_NRT,,,NO,2.218,MONITORING
-3.77619,105.56728,317.49,2.3,1.47,2026-09-25,2104,Aqua,MODIS,35,6.1NRT,287.74,45.88,N,MODIS_NRT,,,YES,,HIGH
-3.77479,105.5604,319.32,2.3,1.47,2026-09-25,2104,Aqua,MODIS,67,6.1NRT,290.42,54.86,N,MODIS_NRT,,,YES,,HIGH
-3.73618,105.47198,324.1,2.26,1.46,2026-09-25,2104,Aqua,MODIS,100,6.1NRT,292.17,70.74,N,MODIS_NRT,,,YES,,HIGH
-3.73335,105.45244,326.93,2.25,1.45,2026-09-25,2104,Aqua,MODIS,100,6.1NRT,292.33,80.43,N,MODIS_NRT,,,YES,,HIGH
-3.04725,105.60155,339.25,1.99,1.38,2026-09-26,111,Terra,MODIS,90,6.1NRT,298.57,97.73,D,MODIS_NRT,,,YES,,HIGH
-3.03516,105.60329,348.93,1.99,1.38,2026-09-26,111,Terra,MODIS,95,6.1NRT,300.22,146.14,D,MODIS_NRT,,,YES,,HIGH
-3.94119,105.16906,302.37,1.21,1.09,2026-09-26,1329,Terra,MODIS,49,6.1NRT,289.13,4.99,N,MODIS_NRT,,,NO,0.57,MONITORING
-3.92429,105.36902,307.45,1.18,1.08,2026-09-26,1329,Terra,MODIS,71,6.1NRT,293.47,7.37,N,MODIS_NRT,,,NO,11.499,MONITORING
-3.80617,105.49264,302.56,1.16,1.07,2026-09-26,1329,Terra,MODIS,50,6.1NRT,289.95,4.63,N,MODIS_NRT,,,YES,,LOW
-3.79199,105.20094,327.48,1.2,1.09,2026-09-26,1329,Terra,MODIS,100,6.1NRT,295.53,31.21,N,MODIS_NRT,,,YES,,HIGH
-3.77286,105.55366,328.57,1.15,1.07,2026-09-26,1329,Terra,MODIS,99,6.1NRT,289.84,31.84,N,MODIS_NRT,,,YES,,HIGH
-3.77148,105.5637,324.12,1.15,1.07,2026-09-26,1329,Terra,MODIS,75,6.1NRT,288.73,26.17,N,MODIS_NRT,,,YES,,HIGH
-3.76347,105.55238,323.89,1.15,1.07,2026-09-26,1329,Terra,MODIS,100,6.1NRT,287.19,25.58,N,MODIS_NRT,,,YES,,HIGH
-3.75428,105.47919,305.59,1.16,1.07,2026-09-26,1329,Terra,MODIS,39,6.1NRT,292.1,6.37,N,MODIS_NRT,,,YES,,LOW
-3.75409,105.55109,317.59,1.15,1.07,2026-09-26,1329,Terra,MODIS,59,6.1NRT,282.59,17.34,N,MODIS_NRT,,,YES,,HIGH
-3.75386,105.12054,305.41,1.21,1.09,2026-09-26,1329,Terra,MODIS,64,6.1NRT,293.43,6.31,N,MODIS_NRT,,,YES,,LOW
-3.7476,105.45762,328.62,1.16,1.07,2026-09-26,1329,Terra,MODIS,100,6.1NRT,295.04,30.89,N,MODIS_NRT,,,YES,,HIGH
-3.74622,105.46777,354.09,1.16,1.07,2026-09-26,1329,Terra,MODIS,100,6.1NRT,298.18,86.44,N,MODIS_NRT,,,YES,,HIGH
-3.74606,105.53976,324.97,1.15,1.07,2026-09-26,1329,Terra,MODIS,94,6.1NRT,284.64,26.56,N,MODIS_NRT,,,YES,,HIGH
-3.74486,105.47791,306.56,1.16,1.07,2026-09-26,1329,Terra,MODIS,37,6.1NRT,293.02,6.61,N,MODIS_NRT,,,YES,,LOW
-3.73953,105.44617,336.22,1.16,1.07,2026-09-26,1329,Terra,MODIS,100,6.1NRT,296.51,43.89,N,MODIS_NRT,,,YES,,HIGH
-3.73816,105.45633,395.43,1.16,1.07,2026-09-26,1329,Terra,MODIS,100,6.1NRT,307.19,279.15,N,MODIS_NRT,,,YES,,HIGH
-3.73679,105.46648,358.13,1.16,1.07,2026-09-26,1329,Terra,MODIS,100,6.1NRT,295.84,98.36,N,MODIS_NRT,,,YES,,HIGH
-3.73009,105.44488,326.28,1.16,1.07,2026-09-26,1329,Terra,MODIS,100,6.1NRT,294.63,27.63,N,MODIS_NRT,,,YES,,HIGH
-3.72872,105.45504,321.44,1.16,1.07,2026-09-26,1329,Terra,MODIS,100,6.1NRT,294.56,21.11,N,MODIS_NRT,,,YES,,HIGH
-3.72745,105.39256,310.16,1.17,1.08,2026-09-26,1329,Terra,MODIS,79,6.1NRT,293.34,9.8,N,MODIS_NRT,,,YES,,LOW
-3.72609,105.40279,307.8,1.17,1.08,2026-09-26,1329,Terra,MODIS,72,6.1NRT,293.14,7.17,N,MODIS_NRT,,,YES,,LOW
-3.64381,104.63725,303.39,1.29,1.13,2026-09-26,1329,Terra,MODIS,55,6.1NRT,291.69,4.98,N,MODIS_NRT,,,YES,,LOW
-3.64231,104.64854,304.6,1.29,1.13,2026-09-26,1329,Terra,MODIS,61,6.1NRT,290.49,6.19,N,MODIS_NRT,,,YES,,LOW
-3.50277,105.76666,311.71,1.11,1.05,2026-09-26,1329,Terra,MODIS,81,6.1NRT,293.25,10.55,N,MODIS_NRT,,,YES,,HIGH
-3.47267,105.16071,311.82,1.2,1.09,2026-09-26,1329,Terra,MODIS,83,6.1NRT,289.24,12.36,N,MODIS_NRT,,,YES,,HIGH
-3.46773,105.16432,301.23,1.19,1.09,2026-09-26,1329,Terra,MODIS,23,6.1NRT,289.26,4.86,N,MODIS_NRT,,,YES,,LOW
-3.44246,105.53124,323.62,1.14,1.06,2026-09-26,1329,Terra,MODIS,100,6.1NRT,286.83,26.27,N,MODIS_NRT,,,YES,,HIGH
-3.44112,105.54123,327.97,1.14,1.06,2026-09-26,1329,Terra,MODIS,100,6.1NRT,286.69,32.72,N,MODIS_NRT,,,YES,,HIGH
-3.43478,105.19167,332.83,1.19,1.08,2026-09-26,1329,Terra,MODIS,100,6.1NRT,293.67,40.55,N,MODIS_NRT,,,YES,,HIGH
-3.43337,105.20205,309.83,1.19,1.08,2026-09-26,1329,Terra,MODIS,60,6.1NRT,286.21,10.88,N,MODIS_NRT,,,YES,,HIGH
-3.42524,105.19036,309.95,1.19,1.08,2026-09-26,1329,Terra,MODIS,71,6.1NRT,291.81,11.09,N,MODIS_NRT,,,YES,,HIGH
-3.37739,105.25761,309.96,1.18,1.08,2026-09-26,1329,Terra,MODIS,79,6.1NRT,286.37,12.64,N,MODIS_NRT,,,YES,,HIGH
-3.37602,105.26791,305.26,1.18,1.08,2026-09-26,1329,Terra,MODIS,64,6.1NRT,287.19,8.14,N,MODIS_NRT,,,YES,,LOW
-3.35394,105.24852,302.25,1.18,1.08,2026-09-26,1329,Terra,MODIS,39,6.1NRT,285.94,5.29,N,MODIS_NRT,,,YES,,LOW
-3.3497,105.27937,304.07,1.17,1.08,2026-09-26,1329,Terra,MODIS,58,6.1NRT,291.38,6.06,N,MODIS_NRT,,,YES,,LOW
-3.31478,105.17995,308.97,1.19,1.08,2026-09-26,1329,Terra,MODIS,76,6.1NRT,293.25,9.74,N,MODIS_NRT,,,YES,,LOW
-3.31247,105.48079,319.76,1.14,1.07,2026-09-26,1329,Terra,MODIS,99,6.1NRT,295.3,19.48,N,MODIS_NRT,,,YES,,HIGH
-3.3111,105.4908,313.84,1.14,1.07,2026-09-26,1329,Terra,MODIS,88,6.1NRT,294.75,13.11,N,MODIS_NRT,,,YES,,HIGH
-3.30664,105.16826,318.33,1.19,1.08,2026-09-26,1329,Terra,MODIS,97,6.1NRT,294.31,18.43,N,MODIS_NRT,,,YES,,HIGH
-3.30524,105.17865,347.68,1.19,1.08,2026-09-26,1329,Terra,MODIS,100,6.1NRT,295.21,72.09,N,MODIS_NRT,,,YES,,HIGH
-3.30385,105.18903,304.16,1.19,1.08,2026-09-26,1329,Terra,MODIS,36,6.1NRT,291.34,5.61,N,MODIS_NRT,,,YES,,LOW
-3.29726,105.09244,305.0,1.2,1.09,2026-09-26,1329,Terra,MODIS,63,6.1NRT,293.79,6.58,N,MODIS_NRT,,,YES,,LOW
-3.29587,105.10294,338.22,1.2,1.09,2026-09-26,1329,Terra,MODIS,100,6.1NRT,296.29,51.29,N,MODIS_NRT,,,YES,,HIGH
-3.29291,105.09628,321.92,1.2,1.09,2026-09-26,1329,Terra,MODIS,100,6.1NRT,294.84,24.31,N,MODIS_NRT,,,YES,,HIGH
-3.29279,105.27158,323.83,1.17,1.08,2026-09-26,1329,Terra,MODIS,100,6.1NRT,294.49,25.67,N,MODIS_NRT,,,YES,,HIGH
-3.29146,105.10676,320.66,1.2,1.09,2026-09-26,1329,Terra,MODIS,100,6.1NRT,294.78,22.63,N,MODIS_NRT,,,YES,,HIGH
-3.29142,105.28185,304.4,1.17,1.08,2026-09-26,1329,Terra,MODIS,58,6.1NRT,293.58,5.48,N,MODIS_NRT,,,YES,,LOW
-3.26516,105.15632,305.12,1.19,1.08,2026-09-26,1329,Terra,MODIS,39,6.1NRT,294.75,5.24,N,MODIS_NRT,,,YES,,LOW
-3.23175,105.32983,304.28,1.16,1.07,2026-09-26,1329,Terra,MODIS,59,6.1NRT,293.6,5.59,N,MODIS_NRT,,,YES,,LOW
-3.23036,104.98017,309.27,1.22,1.1,2026-09-26,1329,Terra,MODIS,77,6.1NRT,294.94,10.03,N,MODIS_NRT,,,YES,,HIGH
-3.16429,105.40307,310.68,1.15,1.07,2026-09-26,1329,Terra,MODIS,81,6.1NRT,292.68,10.43,N,MODIS_NRT,,,YES,,HIGH
-3.15934,105.39655,311.54,1.15,1.07,2026-09-26,1329,Terra,MODIS,83,6.1NRT,294.09,11.84,N,MODIS_NRT,,,YES,,HIGH
-3.15133,105.38519,321.01,1.15,1.07,2026-09-26,1329,Terra,MODIS,100,6.1NRT,295.19,21.65,N,MODIS_NRT,,,YES,,HIGH
-3.15088,105.17717,310.62,1.18,1.08,2026-09-26,1329,Terra,MODIS,80,6.1NRT,294.58,10.25,N,MODIS_NRT,,,YES,,HIGH
-3.14994,105.39526,313.14,1.15,1.07,2026-09-26,1329,Terra,MODIS,86,6.1NRT,294.06,13.09,N,MODIS_NRT,,,YES,,HIGH
-3.14948,105.1875,308.09,1.18,1.08,2026-09-26,1329,Terra,MODIS,73,6.1NRT,294.71,8.12,N,MODIS_NRT,,,YES,,LOW
-3.0978,105.21184,311.87,1.18,1.08,2026-09-26,1329,Terra,MODIS,84,6.1NRT,295.81,11.04,N,MODIS_NRT,,,NO,0.61,MONITORING
-3.09643,105.22212,309.02,1.17,1.08,2026-09-26,1329,Terra,MODIS,76,6.1NRT,295.62,8.46,N,MODIS_NRT,,,YES,,LOW
-3.09227,105.21525,311.83,1.17,1.08,2026-09-26,1329,Terra,MODIS,83,6.1NRT,295.29,12.74,N,MODIS_NRT,,,NO,0.142,MONITORING
-3.08236,105.28684,304.5,1.16,1.07,2026-09-26,1329,Terra,MODIS,60,6.1NRT,294.13,6.06,N,MODIS_NRT,,,YES,,LOW
-3.06307,105.07402,303.78,1.2,1.09,2026-09-26,1329,Terra,MODIS,57,6.1NRT,292.25,6.42,N,MODIS_NRT,,,NO,1.146,MONITORING
-3.05774,105.04127,311.05,1.2,1.09,2026-09-26,1329,Terra,MODIS,82,6.1NRT,290.77,12.23,N,MODIS_NRT,,,NO,4.741,MONITORING
-3.05633,105.05177,313.4,1.2,1.09,2026-09-26,1329,Terra,MODIS,87,6.1NRT,291.54,13.89,N,MODIS_NRT,,,NO,3.572,MONITORING
-3.04813,105.5841,310.28,1.12,1.06,2026-09-26,1329,Terra,MODIS,63,6.1NRT,291.18,10.18,N,MODIS_NRT,,,YES,,HIGH
-3.04681,105.59394,315.14,1.12,1.06,2026-09-26,1329,Terra,MODIS,40,6.1NRT,293.73,14.11,N,MODIS_NRT,,,YES,,HIGH
-3.04549,105.60378,318.57,1.12,1.06,2026-09-26,1329,Terra,MODIS,89,6.1NRT,291.12,18.04,N,MODIS_NRT,,,YES,,HIGH
-3.04087,105.58685,341.28,1.12,1.06,2026-09-26,1329,Terra,MODIS,100,6.1NRT,298.49,53.24,N,MODIS_NRT,,,YES,,HIGH
-3.03998,105.02813,304.32,1.2,1.09,2026-09-26,1329,Terra,MODIS,59,6.1NRT,285.82,7.58,N,MODIS_NRT,,,NO,6.082,MONITORING
-3.03951,105.59668,347.71,1.12,1.06,2026-09-26,1329,Terra,MODIS,100,6.1NRT,299.79,67.64,N,MODIS_NRT,,,YES,,HIGH
-3.03816,105.6065,313.49,1.12,1.06,2026-09-26,1329,Terra,MODIS,87,6.1NRT,287.36,15.48,N,MODIS_NRT,,,YES,,HIGH
-3.03293,105.57574,305.43,1.12,1.06,2026-09-26,1329,Terra,MODIS,63,6.1NRT,287.57,7.72,N,MODIS_NRT,,,YES,,LOW
-3.03157,105.58559,356.19,1.12,1.06,2026-09-26,1329,Terra,MODIS,100,6.1NRT,297.49,90.91,N,MODIS_NRT,,,YES,,HIGH
-3.03022,105.59541,354.72,1.12,1.06,2026-09-26,1329,Terra,MODIS,100,6.1NRT,296.32,87.1,N,MODIS_NRT,,,YES,,HIGH
-3.02887,105.60522,303.85,1.12,1.06,2026-09-26,1329,Terra,MODIS,57,6.1NRT,282.41,8.7,N,MODIS_NRT,,,YES,,LOW
-3.02228,105.5843,333.51,1.12,1.06,2026-09-26,1329,Terra,MODIS,100,6.1NRT,287.16,40.1,N,MODIS_NRT,,,YES,,HIGH
-3.02093,105.59413,321.98,1.12,1.06,2026-09-26,1329,Terra,MODIS,92,6.1NRT,283.07,24.01,N,MODIS_NRT,,,YES,,HIGH
-2.94461,105.12606,309.16,1.18,1.08,2026-09-26,1329,Terra,MODIS,33,6.1NRT,289.37,9.61,N,MODIS_NRT,,,YES,,LOW
-2.86409,104.72471,307.26,1.24,1.11,2026-09-26,1329,Terra,MODIS,71,6.1NRT,294.29,7.95,N,MODIS_NRT,,,NO,24.59,MONITORING
-2.86036,105.13979,302.72,1.18,1.08,2026-09-26,1329,Terra,MODIS,39,6.1NRT,272.82,8.31,N,MODIS_NRT,,,NO,9.163,MONITORING
-2.85897,105.15009,322.69,1.18,1.08,2026-09-26,1329,Terra,MODIS,100,6.1NRT,273.57,28.59,N,MODIS_NRT,,,NO,9.536,MONITORING
-2.77863,106.1507,300.62,1.06,1.03,2026-09-26,1329,Terra,MODIS,31,6.1NRT,285.23,3.58,N,MODIS_NRT,,,NO,25.912,MONITORING
-2.72416,106.07682,303.8,1.07,1.03,2026-09-26,1329,Terra,MODIS,57,6.1NRT,289.11,4.95,N,MODIS_NRT,,,NO,27.749,MONITORING
-2.72289,106.08614,304.62,1.07,1.03,2026-09-26,1329,Terra,MODIS,61,6.1NRT,288.36,5.38,N,MODIS_NRT,,,NO,28.377,MONITORING
-2.71658,106.13268,308.44,1.06,1.03,2026-09-26,1329,Terra,MODIS,75,6.1NRT,290.52,7.33,N,MODIS_NRT,,,NO,31.054,MONITORING
-2.71532,106.14198,323.97,1.06,1.03,2026-09-26,1329,Terra,MODIS,100,6.1NRT,291.46,21.94,N,MODIS_NRT,,,NO,31.631,MONITORING
-2.71509,106.07556,314.37,1.07,1.03,2026-09-26,1329,Terra,MODIS,89,6.1NRT,290.18,12.38,N,MODIS_NRT,,,NO,28.579,MONITORING
-2.71383,106.08488,314.35,1.07,1.03,2026-09-26,1329,Terra,MODIS,89,6.1NRT,289.51,12.3,N,MODIS_NRT,,,NO,29.188,MONITORING
-2.69598,106.14874,306.22,1.06,1.03,2026-09-26,1329,Terra,MODIS,54,6.1NRT,288.23,5.81,N,MODIS_NRT,,,NO,33.896,MONITORING
-2.66977,106.20537,315.74,1.05,1.03,2026-09-26,1329,Terra,MODIS,92,6.1NRT,289.96,14.38,N,MODIS_NRT,,,NO,39.466,MONITORING
-2.66851,106.2145,314.0,1.05,1.02,2026-09-26,1329,Terra,MODIS,88,6.1NRT,290.6,12.45,N,MODIS_NRT,,,NO,40.091,MONITORING
-2.66076,106.20404,311.99,1.05,1.03,2026-09-26,1329,Terra,MODIS,84,6.1NRT,289.24,10.82,N,MODIS_NRT,,,NO,40.264,MONITORING
-2.6595,106.21327,311.27,1.05,1.02,2026-09-26,1329,Terra,MODIS,82,6.1NRT,291.05,9.83,N,MODIS_NRT,,,NO,40.896,MONITORING
-2.53719,105.41702,304.83,1.13,1.06,2026-09-26,1329,Terra,MODIS,56,6.1NRT,286.78,6.67,N,MODIS_NRT,,,YES,,LOW
-2.40217,106.14041,313.39,1.05,1.03,2026-09-26,1329,Terra,MODIS,86,6.1NRT,293.78,10.86,N,MODIS_NRT,,,NO,50.901,MONITORING
-2.39061,106.1576,316.53,1.05,1.02,2026-09-26,1329,Terra,MODIS,93,6.1NRT,294.54,13.41,N,MODIS_NRT,,,NO,53.202,MONITORING
-2.38935,106.16681,307.21,1.05,1.02,2026-09-26,1329,Terra,MODIS,68,6.1NRT,294.18,5.89,N,MODIS_NRT,,,NO,54.102,MONITORING
-3.03929,105.61402,312.11,3.57,1.77,2026-09-26,2002,Aqua,MODIS,77,6.1NRT,291.7,67.99,N,MODIS_NRT,,,YES,,HIGH
-3.03441,105.58318,309.24,3.6,1.78,2026-09-26,2002,Aqua,MODIS,65,6.1NRT,290.99,55.66,N,MODIS_NRT,,,YES,,HIGH
-3.02383,105.61648,308.06,3.57,1.77,2026-09-26,2002,Aqua,MODIS,58,6.1NRT,291.23,49.04,N,MODIS_NRT,,,YES,,HIGH
-3.01891,105.58564,312.58,3.6,1.78,2026-09-26,2002,Aqua,MODIS,79,6.1NRT,291.43,70.56,N,MODIS_NRT,,,YES,,HIGH
-3.76574,105.5724,306.11,3.49,1.76,2026-09-26,2004,Aqua,MODIS,34,6.1NRT,292.1,38.31,N,MODIS_NRT,,,YES,,HIGH
-3.74553,105.47444,317.9,3.55,1.77,2026-09-26,2004,Aqua,MODIS,95,6.1NRT,291.62,95.17,N,MODIS_NRT,,,YES,,HIGH
-3.73576,105.48389,322.04,3.55,1.77,2026-09-26,2004,Aqua,MODIS,100,6.1NRT,292.28,120.28,N,MODIS_NRT,,,YES,,HIGH
-3.7308,105.45319,330.25,3.57,1.77,2026-09-26,2004,Aqua,MODIS,100,6.1NRT,292.5,185.12,N,MODIS_NRT,,,YES,,HIGH
-3.03348,105.60738,322.58,3.57,1.77,2026-09-26,2004,Aqua,MODIS,100,6.1NRT,293.18,123.58,N,MODIS_NRT,,,YES,,HIGH
-3.02837,105.57658,307.71,3.6,1.78,2026-09-26,2004,Aqua,MODIS,30,6.1NRT,290.67,45.27,N,MODIS_NRT,,,YES,,HIGH
-3.79285,105.20847,314.38,1.45,1.19,2026-09-27,149,Terra,MODIS,56,6.1NRT,297.25,10.79,D,MODIS_NRT,,,YES,,HIGH
-3.75426,105.47716,312.49,1.51,1.21,2026-09-27,149,Terra,MODIS,32,6.1NRT,295.73,9.55,D,MODIS_NRT,,,YES,,LOW
-3.74844,105.47098,342.38,1.51,1.21,2026-09-27,149,Terra,MODIS,91,6.1NRT,297.61,74.95,D,MODIS_NRT,,,YES,,HIGH
-3.74659,105.4578,340.37,1.51,1.21,2026-09-27,149,Terra,MODIS,90,6.1NRT,297.99,68.39,D,MODIS_NRT,,,YES,,HIGH
-3.73962,105.48559,311.73,1.51,1.21,2026-09-27,149,Terra,MODIS,24,6.1NRT,294.74,7.94,D,MODIS_NRT,,,YES,,LOW
-3.73777,105.47238,336.77,1.51,1.21,2026-09-27,149,Terra,MODIS,88,6.1NRT,297.28,57.52,D,MODIS_NRT,,,YES,,HIGH
-3.73593,105.45921,386.24,1.51,1.21,2026-09-27,149,Terra,MODIS,100,6.1NRT,305.88,316.97,D,MODIS_NRT,,,YES,,HIGH
-3.73409,105.44607,376.71,1.5,1.21,2026-09-27,149,Terra,MODIS,100,6.1NRT,301.27,244.2,D,MODIS_NRT,,,YES,,HIGH
-3.37918,105.26292,314.46,1.44,1.19,2026-09-27,149,Terra,MODIS,64,6.1NRT,295.21,11.32,D,MODIS_NRT,,,YES,,HIGH
-3.28975,105.28143,313.13,1.44,1.19,2026-09-27,149,Terra,MODIS,62,6.1NRT,293.38,11.1,D,MODIS_NRT,,,YES,,HIGH
-3.15449,105.40238,310.24,1.46,1.2,2026-09-27,149,Terra,MODIS,41,6.1NRT,293.3,7.67,D,MODIS_NRT,,,YES,,LOW
-3.15272,105.3896,315.68,1.46,1.19,2026-09-27,149,Terra,MODIS,68,6.1NRT,293.9,14.62,D,MODIS_NRT,,,YES,,HIGH
-3.09717,105.21787,317.15,1.42,1.18,2026-09-27,149,Terra,MODIS,68,6.1NRT,296.01,14.89,D,MODIS_NRT,,,NO,0.016,MONITORING
-3.04158,105.60162,330.37,1.51,1.21,2026-09-27,149,Terra,MODIS,84,6.1NRT,290.72,42.02,D,MODIS_NRT,,,YES,,HIGH
-3.03092,105.60304,333.13,1.51,1.21,2026-09-27,149,Terra,MODIS,85,6.1NRT,291.72,48.62,D,MODIS_NRT,,,YES,,HIGH
-2.96468,105.13557,310.54,1.39,1.17,2026-09-27,149,Terra,MODIS,53,6.1NRT,293.74,8.44,D,MODIS_NRT,,,YES,,LOW
-4.22663,105.4106,312.63,1.52,1.22,2026-09-27,152,Terra,MODIS,59,6.1NRT,295.21,12.48,D,MODIS_NRT,,,NO,29.007,MONITORING
-4.22118,104.98025,313.94,1.42,1.18,2026-09-27,152,Terra,MODIS,64,6.1NRT,295.98,8.05,D,MODIS_NRT,,,NO,4.988,MONITORING
-4.21945,104.96789,315.93,1.41,1.18,2026-09-27,152,Terra,MODIS,68,6.1NRT,295.85,10.76,D,MODIS_NRT,,,NO,3.893,MONITORING
-3.03017,105.59676,309.25,2.93,1.63,2026-09-27,1410,Terra,MODIS,65,6.1NRT,272.66,48.34,N,MODIS_NRT,,,YES,,HIGH
-3.02753,105.59077,312.97,2.93,1.63,2026-09-27,1410,Terra,MODIS,80,6.1NRT,273.74,60.16,N,MODIS_NRT,,,YES,,HIGH
-3.2829,105.27935,317.57,1.0,1.0,2026-09-27,2040,Aqua,MODIS,95,6.1NRT,273.18,17.87,N,MODIS_NRT,,,YES,,HIGH
-3.28158,105.27061,301.1,1.0,1.0,2026-09-27,2040,Aqua,MODIS,38,6.1NRT,271.97,6.22,N,MODIS_NRT,,,YES,,LOW
-3.14482,105.09229,323.58,1.0,1.0,2026-09-27,2040,Aqua,MODIS,100,6.1NRT,279.22,22.38,N,MODIS_NRT,,,YES,,HIGH
-3.14351,105.08358,338.99,1.0,1.0,2026-09-27,2040,Aqua,MODIS,100,6.1NRT,279.59,42.91,N,MODIS_NRT,,,YES,,HIGH
-3.11725,105.11102,301.92,1.0,1.0,2026-09-27,2040,Aqua,MODIS,45,6.1NRT,275.84,5.6,N,MODIS_NRT,,,YES,,LOW
-3.08928,105.22204,300.02,1.0,1.0,2026-09-27,2040,Aqua,MODIS,10,6.1NRT,282.07,4.15,N,MODIS_NRT,,,YES,,LOW
-3.03688,105.60353,306.51,1.01,1.01,2026-09-27,2040,Aqua,MODIS,45,6.1NRT,269.95,8.96,N,MODIS_NRT,,,YES,,LOW
-3.03556,105.59472,314.09,1.01,1.01,2026-09-27,2040,Aqua,MODIS,88,6.1NRT,269.26,14.06,N,MODIS_NRT,,,YES,,HIGH
-3.02675,105.59601,319.21,1.01,1.01,2026-09-27,2040,Aqua,MODIS,98,6.1NRT,269.81,18.97,N,MODIS_NRT,,,YES,,HIGH
-2.87091,104.70593,306.98,1.0,1.0,2026-09-27,2040,Aqua,MODIS,70,6.1NRT,274.71,9.39,N,MODIS_NRT,,,NO,24.656,MONITORING
-3.78071,105.57135,308.6,1.02,1.01,2026-09-27,2042,Aqua,MODIS,62,6.1NRT,285.91,8.2,N,MODIS_NRT,,,YES,,LOW
-3.77938,105.56248,310.72,1.02,1.01,2026-09-27,2042,Aqua,MODIS,72,6.1NRT,286.22,9.8,N,MODIS_NRT,,,YES,,LOW
-3.77188,105.57265,317.19,1.02,1.01,2026-09-27,2042,Aqua,MODIS,93,6.1NRT,284.86,14.28,N,MODIS_NRT,,,YES,,HIGH
-3.77055,105.56377,343.42,1.02,1.01,2026-09-27,2042,Aqua,MODIS,100,6.1NRT,290.7,49.48,N,MODIS_NRT,,,YES,,HIGH
-3.76923,105.55491,321.42,1.02,1.01,2026-09-27,2042,Aqua,MODIS,100,6.1NRT,288.39,18.63,N,MODIS_NRT,,,YES,,HIGH
-3.76305,105.57394,324.57,1.02,1.01,2026-09-27,2042,Aqua,MODIS,100,6.1NRT,284.5,21.82,N,MODIS_NRT,,,YES,,HIGH
-3.76173,105.56506,351.23,1.02,1.01,2026-09-27,2042,Aqua,MODIS,100,6.1NRT,289.2,65.26,N,MODIS_NRT,,,YES,,HIGH
-3.7604,105.5562,325.13,1.02,1.01,2026-09-27,2042,Aqua,MODIS,93,6.1NRT,288.8,22.05,N,MODIS_NRT,,,YES,,HIGH
-3.75907,105.54734,311.42,1.02,1.01,2026-09-27,2042,Aqua,MODIS,74,6.1NRT,286.47,10.2,N,MODIS_NRT,,,YES,,HIGH
-3.74704,105.54601,309.49,1.02,1.01,2026-09-27,2042,Aqua,MODIS,43,6.1NRT,283.38,8.66,N,MODIS_NRT,,,YES,,LOW
-3.73633,105.47529,335.52,1.01,1.01,2026-09-27,2042,Aqua,MODIS,100,6.1NRT,285.02,36.99,N,MODIS_NRT,,,YES,,HIGH
-3.735,105.46646,345.16,1.01,1.01,2026-09-27,2042,Aqua,MODIS,100,6.1NRT,288.26,52.99,N,MODIS_NRT,,,YES,,HIGH
-3.73366,105.45764,343.78,1.01,1.01,2026-09-27,2042,Aqua,MODIS,100,6.1NRT,286.56,50.68,N,MODIS_NRT,,,YES,,HIGH
-3.73233,105.44882,334.85,1.01,1.01,2026-09-27,2042,Aqua,MODIS,100,6.1NRT,280.21,36.73,N,MODIS_NRT,,,YES,,HIGH
-3.72619,105.46775,317.35,1.01,1.01,2026-09-27,2042,Aqua,MODIS,72,6.1NRT,281.55,14.97,N,MODIS_NRT,,,YES,,HIGH
-3.72486,105.45893,360.65,1.01,1.01,2026-09-27,2042,Aqua,MODIS,100,6.1NRT,286.34,89.4,N,MODIS_NRT,,,YES,,HIGH
-3.72352,105.45011,375.29,1.01,1.01,2026-09-27,2042,Aqua,MODIS,100,6.1NRT,286.69,137.79,N,MODIS_NRT,,,YES,,HIGH
-3.72219,105.4413,325.11,1.01,1.01,2026-09-27,2042,Aqua,MODIS,100,6.1NRT,276.72,24.19,N,MODIS_NRT,,,YES,,HIGH
-4.19868,105.24151,311.12,1.36,1.16,2026-09-28,856,Aqua,MODIS,39,6.1NRT,290.07,6.2,D,MODIS_NRT,,,NO,21.433,MONITORING
-4.18858,105.23992,313.79,1.36,1.16,2026-09-28,856,Aqua,MODIS,64,6.1NRT,291.95,8.98,D,MODIS_NRT,,,NO,20.657,MONITORING
-4.1807,105.63993,314.78,1.46,1.19,2026-09-28,856,Aqua,MODIS,65,6.1NRT,286.26,15.1,D,MODIS_NRT,,,NO,8.409,MONITORING
-4.17213,105.3477,346.65,1.39,1.17,2026-09-28,856,Aqua,MODIS,94,6.1NRT,295.82,76.71,D,MODIS_NRT,,,NO,28.951,MONITORING
-4.17028,105.35979,317.94,1.39,1.17,2026-09-28,856,Aqua,MODIS,61,6.1NRT,295.53,12.44,D,MODIS_NRT,,,NO,30.044,MONITORING
-4.16194,105.34612,359.03,1.39,1.17,2026-09-28,856,Aqua,MODIS,99,6.1NRT,295.49,122.6,D,MODIS_NRT,,,NO,28.266,MONITORING
-4.16008,105.35823,321.24,1.39,1.17,2026-09-28,856,Aqua,MODIS,76,6.1NRT,294.89,17.68,D,MODIS_NRT,,,NO,29.386,MONITORING
-4.09701,105.36642,312.13,1.4,1.17,2026-09-28,856,Aqua,MODIS,62,6.1NRT,292.98,6.95,D,MODIS_NRT,,,NO,25.104,MONITORING
-4.09149,105.40298,340.88,1.4,1.17,2026-09-28,856,Aqua,MODIS,91,6.1NRT,293.08,63.72,D,MODIS_NRT,,,NO,22.826,MONITORING
-4.08964,105.41518,313.56,1.41,1.17,2026-09-28,856,Aqua,MODIS,63,6.1NRT,291.35,9.73,D,MODIS_NRT,,,NO,21.454,MONITORING
-3.90797,105.19001,317.32,1.37,1.16,2026-09-28,856,Aqua,MODIS,73,6.1NRT,290.22,15.19,D,MODIS_NRT,,,NO,0.764,MONITORING
-3.90615,105.2019,334.53,1.37,1.16,2026-09-28,856,Aqua,MODIS,88,6.1NRT,290.22,45.61,D,MODIS_NRT,,,NO,1.193,MONITORING
-3.90432,105.21381,326.13,1.37,1.16,2026-09-28,856,Aqua,MODIS,82,6.1NRT,290.02,28.28,D,MODIS_NRT,,,NO,1.219,MONITORING
-3.9025,105.22575,319.34,1.37,1.16,2026-09-28,856,Aqua,MODIS,75,6.1NRT,289.79,17.53,D,MODIS_NRT,,,NO,1.051,MONITORING
-3.83082,105.37009,315.76,1.41,1.18,2026-09-28,856,Aqua,MODIS,69,6.1NRT,294.82,12.42,D,MODIS_NRT,,,NO,3.658,MONITORING
-3.81387,105.20649,312.52,1.37,1.16,2026-09-28,856,Aqua,MODIS,57,6.1NRT,291.8,9.27,D,MODIS_NRT,,,YES,,LOW
-3.69979,105.73836,322.79,1.5,1.21,2026-09-28,856,Aqua,MODIS,60,6.1NRT,289.98,27.96,D,MODIS_NRT,,,YES,,HIGH
-3.69711,105.1575,313.9,1.37,1.16,2026-09-28,856,Aqua,MODIS,54,6.1NRT,293.51,9.34,D,MODIS_NRT,,,YES,,LOW
-3.69526,105.1694,316.74,1.37,1.16,2026-09-28,856,Aqua,MODIS,70,6.1NRT,294.08,13.5,D,MODIS_NRT,,,YES,,HIGH
-3.6894,105.15063,316.11,1.37,1.16,2026-09-28,856,Aqua,MODIS,49,6.1NRT,294.04,11.77,D,MODIS_NRT,,,YES,,HIGH
-3.68762,105.16255,333.52,1.37,1.16,2026-09-28,856,Aqua,MODIS,86,6.1NRT,295.66,43.18,D,MODIS_NRT,,,YES,,HIGH
-3.62415,105.51693,314.31,1.46,1.19,2026-09-28,856,Aqua,MODIS,65,6.1NRT,287.19,15.01,D,MODIS_NRT,,,YES,,HIGH
-3.50679,105.7906,313.33,1.53,1.22,2026-09-28,856,Aqua,MODIS,25,6.1NRT,293.01,12.23,D,MODIS_NRT,,,YES,,HIGH
-3.50201,105.78306,318.54,1.53,1.22,2026-09-28,856,Aqua,MODIS,54,6.1NRT,293.49,19.85,D,MODIS_NRT,,,YES,,HIGH
-3.48049,104.90266,328.62,1.33,1.14,2026-09-28,856,Aqua,MODIS,82,6.1NRT,296.57,29.81,D,MODIS_NRT,,,YES,,HIGH
-3.48012,105.31667,315.42,1.42,1.18,2026-09-28,856,Aqua,MODIS,65,6.1NRT,295.59,13.74,D,MODIS_NRT,,,YES,,HIGH
-3.47872,104.91419,361.88,1.33,1.14,2026-09-28,856,Aqua,MODIS,100,6.1NRT,300.34,127.56,D,MODIS_NRT,,,YES,,HIGH
-3.47315,105.15405,335.16,1.38,1.16,2026-09-28,856,Aqua,MODIS,87,6.1NRT,296.33,47.35,D,MODIS_NRT,,,YES,,HIGH
-3.47051,104.90115,317.66,1.33,1.14,2026-09-28,856,Aqua,MODIS,69,6.1NRT,295.56,13.04,D,MODIS_NRT,,,YES,,HIGH
-3.46874,104.91268,375.13,1.33,1.14,2026-09-28,856,Aqua,MODIS,100,6.1NRT,301.41,193.25,D,MODIS_NRT,,,YES,,HIGH
-3.46696,104.92423,329.0,1.33,1.14,2026-09-28,856,Aqua,MODIS,82,6.1NRT,297.34,30.11,D,MODIS_NRT,,,YES,,HIGH
-3.43529,105.19757,330.8,1.39,1.17,2026-09-28,856,Aqua,MODIS,84,6.1NRT,296.97,37.16,D,MODIS_NRT,,,YES,,HIGH
-3.42881,105.1719,316.0,1.39,1.17,2026-09-28,856,Aqua,MODIS,52,6.1NRT,294.51,11.87,D,MODIS_NRT,,,YES,,HIGH
-3.4205,105.15834,335.56,1.38,1.16,2026-09-28,856,Aqua,MODIS,87,6.1NRT,295.18,47.99,D,MODIS_NRT,,,YES,,HIGH
-3.42021,105.16376,352.65,1.39,1.17,2026-09-28,856,Aqua,MODIS,96,6.1NRT,297.82,98.55,D,MODIS_NRT,,,YES,,HIGH
-3.41863,105.17036,370.27,1.39,1.17,2026-09-28,856,Aqua,MODIS,100,6.1NRT,298.69,177.31,D,MODIS_NRT,,,YES,,HIGH
-3.41842,105.17582,345.91,1.39,1.17,2026-09-28,856,Aqua,MODIS,93,6.1NRT,297.17,76.17,D,MODIS_NRT,,,YES,,HIGH
-3.41677,105.1824,327.13,1.39,1.17,2026-09-28,856,Aqua,MODIS,81,6.1NRT,295.81,28.38,D,MODIS_NRT,,,YES,,HIGH
-3.41003,105.16222,311.76,1.39,1.17,2026-09-28,856,Aqua,MODIS,53,6.1NRT,295.15,7.87,D,MODIS_NRT,,,YES,,LOW
-3.40824,105.17426,325.48,1.39,1.17,2026-09-28,856,Aqua,MODIS,79,6.1NRT,295.71,28.61,D,MODIS_NRT,,,YES,,HIGH
-3.40317,105.40648,317.19,1.44,1.19,2026-09-28,856,Aqua,MODIS,60,6.1NRT,295.25,14.42,D,MODIS_NRT,,,YES,,HIGH
-3.3687,105.36886,317.52,1.43,1.18,2026-09-28,856,Aqua,MODIS,66,6.1NRT,295.88,15.08,D,MODIS_NRT,,,YES,,HIGH
-3.36684,105.38133,316.94,1.44,1.19,2026-09-28,856,Aqua,MODIS,62,6.1NRT,296.41,13.77,D,MODIS_NRT,,,YES,,HIGH
-3.36505,105.53626,324.97,1.47,1.2,2026-09-28,856,Aqua,MODIS,79,6.1NRT,295.6,29.16,D,MODIS_NRT,,,YES,,HIGH
-3.31781,105.16726,320.91,1.39,1.17,2026-09-28,856,Aqua,MODIS,74,6.1NRT,296.25,20.62,D,MODIS_NRT,,,YES,,HIGH
-3.31658,105.50271,314.86,1.47,1.2,2026-09-28,856,Aqua,MODIS,61,6.1NRT,296.18,11.92,D,MODIS_NRT,,,YES,,HIGH
-3.31601,105.17936,340.96,1.39,1.17,2026-09-28,856,Aqua,MODIS,90,6.1NRT,297.06,63.55,D,MODIS_NRT,,,YES,,HIGH
-3.31391,105.45036,324.87,1.46,1.19,2026-09-28,856,Aqua,MODIS,78,6.1NRT,296.9,28.31,D,MODIS_NRT,,,YES,,HIGH
-3.31197,105.46301,315.7,1.46,1.19,2026-09-28,856,Aqua,MODIS,38,6.1NRT,296.78,12.44,D,MODIS_NRT,,,YES,,HIGH
-3.30995,105.29091,319.41,1.42,1.18,2026-09-28,856,Aqua,MODIS,58,6.1NRT,296.52,16.35,D,MODIS_NRT,,,YES,,HIGH
-3.30595,105.29591,316.11,1.42,1.18,2026-09-28,856,Aqua,MODIS,44,6.1NRT,296.09,12.51,D,MODIS_NRT,,,YES,,HIGH
-3.30515,105.25244,325.58,1.41,1.18,2026-09-28,856,Aqua,MODIS,79,6.1NRT,296.4,26.82,D,MODIS_NRT,,,YES,,HIGH
-3.30418,105.51388,333.37,1.47,1.2,2026-09-28,856,Aqua,MODIS,86,6.1NRT,296.9,47.03,D,MODIS_NRT,,,YES,,HIGH
-3.3035,105.44877,319.43,1.46,1.19,2026-09-28,856,Aqua,MODIS,57,6.1NRT,295.44,18.12,D,MODIS_NRT,,,YES,,HIGH
-3.30222,105.52666,333.37,1.47,1.2,2026-09-28,856,Aqua,MODIS,86,6.1NRT,297.34,48.06,D,MODIS_NRT,,,YES,,HIGH
-3.30025,105.53947,315.19,1.48,1.2,2026-09-28,856,Aqua,MODIS,38,6.1NRT,295.69,12.43,D,MODIS_NRT,,,YES,,HIGH
-3.29629,105.10252,313.87,1.38,1.16,2026-09-28,856,Aqua,MODIS,60,6.1NRT,296.54,9.92,D,MODIS_NRT,,,YES,,LOW
-3.29122,105.27545,344.14,1.42,1.18,2026-09-28,856,Aqua,MODIS,92,6.1NRT,298.85,71.89,D,MODIS_NRT,,,YES,,HIGH
-3.28779,105.55071,332.33,1.48,1.2,2026-09-28,856,Aqua,MODIS,85,6.1NRT,297.06,45.89,D,MODIS_NRT,,,YES,,HIGH
-3.28094,105.27387,314.61,1.42,1.18,2026-09-28,856,Aqua,MODIS,61,6.1NRT,296.48,9.55,D,MODIS_NRT,,,YES,,LOW
-3.26224,105.25846,325.8,1.41,1.18,2026-09-28,856,Aqua,MODIS,79,6.1NRT,296.86,27.5,D,MODIS_NRT,,,YES,,HIGH
-3.26058,104.72173,314.24,1.3,1.13,2026-09-28,856,Aqua,MODIS,61,6.1NRT,297.36,7.79,D,MODIS_NRT,,,NO,7.377,MONITORING
-3.25197,105.25693,313.8,1.41,1.18,2026-09-28,856,Aqua,MODIS,35,6.1NRT,296.88,8.69,D,MODIS_NRT,,,YES,,LOW
-3.23709,105.21709,313.45,1.4,1.17,2026-09-28,856,Aqua,MODIS,56,6.1NRT,296.8,9.04,D,MODIS_NRT,,,YES,,LOW
-3.23521,105.22929,318.97,1.41,1.17,2026-09-28,856,Aqua,MODIS,71,6.1NRT,296.48,16.18,D,MODIS_NRT,,,YES,,HIGH
-3.20177,104.84127,318.52,1.33,1.14,2026-09-28,856,Aqua,MODIS,70,6.1NRT,295.91,14.56,D,MODIS_NRT,,,YES,,HIGH
-3.16846,105.40291,317.83,1.45,1.19,2026-09-28,856,Aqua,MODIS,49,6.1NRT,296.13,15.88,D,MODIS_NRT,,,YES,,HIGH
-3.15806,105.40135,322.18,1.45,1.19,2026-09-28,856,Aqua,MODIS,75,6.1NRT,296.97,22.76,D,MODIS_NRT,,,YES,,HIGH
-3.14985,105.05547,315.1,1.37,1.16,2026-09-28,856,Aqua,MODIS,40,6.1NRT,296.71,9.82,D,MODIS_NRT,,,YES,,LOW
-3.14629,105.07944,335.56,1.38,1.16,2026-09-28,856,Aqua,MODIS,87,6.1NRT,299.34,46.04,D,MODIS_NRT,,,YES,,HIGH
-3.14451,105.09145,327.74,1.38,1.16,2026-09-28,856,Aqua,MODIS,81,6.1NRT,297.9,29.52,D,MODIS_NRT,,,YES,,HIGH
-3.12238,105.10037,330.75,1.39,1.17,2026-09-28,856,Aqua,MODIS,83,6.1NRT,298.94,36.28,D,MODIS_NRT,,,YES,,HIGH
-3.12057,105.11243,325.17,1.39,1.17,2026-09-28,856,Aqua,MODIS,78,6.1NRT,298.19,25.75,D,MODIS_NRT,,,YES,,HIGH
-3.1122,105.09885,314.87,1.39,1.17,2026-09-28,856,Aqua,MODIS,62,6.1NRT,297.47,10.16,D,MODIS_NRT,,,YES,,HIGH
-3.04901,105.58889,318.16,1.5,1.21,2026-09-28,856,Aqua,MODIS,65,6.1NRT,297.6,16.98,D,MODIS_NRT,,,YES,,HIGH
-3.04704,105.60196,318.13,1.51,1.21,2026-09-28,856,Aqua,MODIS,66,6.1NRT,297.75,17.25,D,MODIS_NRT,,,YES,,HIGH
-3.03844,105.58727,331.4,1.5,1.21,2026-09-28,856,Aqua,MODIS,84,6.1NRT,300.63,42.09,D,MODIS_NRT,,,YES,,HIGH
-3.03646,105.60035,327.1,1.51,1.21,2026-09-28,856,Aqua,MODIS,77,6.1NRT,299.01,32.78,D,MODIS_NRT,,,YES,,HIGH
-3.02787,105.58566,331.5,1.5,1.21,2026-09-28,856,Aqua,MODIS,84,6.1NRT,299.16,43.7,D,MODIS_NRT,,,YES,,HIGH
-3.02588,105.59873,318.69,1.51,1.21,2026-09-28,856,Aqua,MODIS,55,6.1NRT,296.39,18.04,D,MODIS_NRT,,,YES,,HIGH
-3.06463,105.07266,312.71,1.38,1.16,2026-09-28,858,Aqua,MODIS,35,6.1NRT,296.03,9.39,D,MODIS_NRT,,,NO,1.313,MONITORING
-3.03924,104.62405,314.81,1.29,1.13,2026-09-28,858,Aqua,MODIS,43,6.1NRT,295.87,9.57,D,MODIS_NRT,,,NO,19.605,MONITORING
-3.01226,105.21385,328.71,1.42,1.18,2026-09-28,858,Aqua,MODIS,81,6.1NRT,296.71,35.97,D,MODIS_NRT,,,NO,2.507,MONITORING
-3.01041,105.22617,331.94,1.42,1.18,2026-09-28,858,Aqua,MODIS,84,6.1NRT,297.37,42.49,D,MODIS_NRT,,,NO,1.55,MONITORING
-3.00856,105.2385,315.49,1.42,1.18,2026-09-28,858,Aqua,MODIS,63,6.1NRT,297.4,12.02,D,MODIS_NRT,,,NO,0.991,MONITORING
-3.00198,105.21229,352.73,1.42,1.18,2026-09-28,858,Aqua,MODIS,96,6.1NRT,296.61,104.72,D,MODIS_NRT,,,NO,3.296,MONITORING
-3.00012,105.22459,333.65,1.42,1.18,2026-09-28,858,Aqua,MODIS,85,6.1NRT,296.2,45.93,D,MODIS_NRT,,,NO,2.62,MONITORING
-2.99384,104.86275,316.97,1.34,1.15,2026-09-28,858,Aqua,MODIS,66,6.1NRT,296.97,12.58,D,MODIS_NRT,,,NO,9.633,MONITORING
-2.97214,105.13276,319.05,1.4,1.17,2026-09-28,858,Aqua,MODIS,30,6.1NRT,296.87,15.35,D,MODIS_NRT,,,YES,,HIGH
-2.95145,105.14886,316.99,1.4,1.17,2026-09-28,858,Aqua,MODIS,33,6.1NRT,296.31,9.1,D,MODIS_NRT,,,NO,0.842,MONITORING
-2.94121,105.1473,327.86,1.4,1.17,2026-09-28,858,Aqua,MODIS,81,6.1NRT,297.01,27.38,D,MODIS_NRT,,,NO,1.258,MONITORING
-2.94053,105.2225,322.7,1.42,1.18,2026-09-28,858,Aqua,MODIS,46,6.1NRT,296.59,16.3,D,MODIS_NRT,,,NO,6.294,MONITORING
-2.93939,105.15951,333.0,1.41,1.17,2026-09-28,858,Aqua,MODIS,85,6.1NRT,297.44,37.45,D,MODIS_NRT,,,NO,2.494,MONITORING
-2.92722,104.82889,322.62,1.34,1.15,2026-09-28,858,Aqua,MODIS,75,6.1NRT,297.16,20.8,D,MODIS_NRT,,,NO,16.26,MONITORING
-2.9152,105.18089,328.1,1.41,1.18,2026-09-28,858,Aqua,MODIS,80,6.1NRT,296.23,29.82,D,MODIS_NRT,,,NO,5.988,MONITORING
-2.91049,105.14263,317.89,1.4,1.17,2026-09-28,858,Aqua,MODIS,68,6.1NRT,296.86,12.04,D,MODIS_NRT,,,NO,3.78,MONITORING
-2.89746,105.22861,320.87,1.42,1.18,2026-09-28,858,Aqua,MODIS,51,6.1NRT,297.01,17.46,D,MODIS_NRT,,,NO,3.773,MONITORING
-2.87768,104.74379,322.21,1.32,1.14,2026-09-28,858,Aqua,MODIS,75,6.1NRT,296.97,18.73,D,MODIS_NRT,,,NO,22.514,MONITORING
-2.86574,105.16087,328.5,1.41,1.18,2026-09-28,858,Aqua,MODIS,57,6.1NRT,297.86,27.73,D,MODIS_NRT,,,NO,9.164,MONITORING
-2.86462,105.23631,315.25,1.43,1.18,2026-09-28,858,Aqua,MODIS,62,6.1NRT,296.9,10.31,D,MODIS_NRT,,,NO,2.291,MONITORING
-2.84428,104.76226,316.3,1.33,1.14,2026-09-28,858,Aqua,MODIS,62,6.1NRT,297.13,10.36,D,MODIS_NRT,,,NO,25.736,MONITORING
-2.81885,104.72929,312.34,1.32,1.14,2026-09-28,858,Aqua,MODIS,52,6.1NRT,296.37,6.96,D,MODIS_NRT,,,NO,29.265,MONITORING
-2.81306,105.17116,323.97,1.42,1.18,2026-09-28,858,Aqua,MODIS,77,6.1NRT,297.49,22.15,D,MODIS_NRT,,,NO,8.656,MONITORING
-2.81119,105.18347,324.3,1.42,1.18,2026-09-28,858,Aqua,MODIS,77,6.1NRT,297.25,23.41,D,MODIS_NRT,,,NO,7.274,MONITORING
-2.80278,105.1696,333.09,1.42,1.18,2026-09-28,858,Aqua,MODIS,85,6.1NRT,298.43,38.9,D,MODIS_NRT,,,NO,8.251,MONITORING
-2.80185,105.10693,320.91,1.4,1.17,2026-09-28,858,Aqua,MODIS,27,6.1NRT,296.53,16.2,D,MODIS_NRT,,,NO,13.459,MONITORING
-2.78974,105.11756,346.85,1.4,1.17,2026-09-28,858,Aqua,MODIS,94,6.1NRT,297.59,73.92,D,MODIS_NRT,,,NO,11.721,MONITORING
-2.78125,105.12317,321.96,1.41,1.17,2026-09-28,858,Aqua,MODIS,58,6.1NRT,296.11,21.74,D,MODIS_NRT,,,NO,10.689,MONITORING
-2.76584,106.02052,315.75,1.64,1.26,2026-09-28,858,Aqua,MODIS,64,6.1NRT,295.41,16.53,D,MODIS_NRT,,,NO,20.954,MONITORING
-2.74866,105.13073,327.13,1.41,1.18,2026-09-28,858,Aqua,MODIS,80,6.1NRT,295.98,32.61,D,MODIS_NRT,,,NO,8.532,MONITORING
-2.70328,105.5787,345.98,1.52,1.22,2026-09-28,858,Aqua,MODIS,93,6.1NRT,298.18,87.41,D,MODIS_NRT,,,YES,,HIGH
-2.69265,105.57709,319.93,1.52,1.22,2026-09-28,858,Aqua,MODIS,71,6.1NRT,296.32,21.59,D,MODIS_NRT,,,YES,,HIGH
-2.69068,105.59029,314.14,1.53,1.22,2026-09-28,858,Aqua,MODIS,59,6.1NRT,296.35,12.01,D,MODIS_NRT,,,YES,,HIGH
-2.46304,104.639,314.6,1.32,1.14,2026-09-28,858,Aqua,MODIS,61,6.1NRT,295.93,11.13,D,MODIS_NRT,,,NO,62.819,MONITORING
-2.45393,105.43472,321.11,1.5,1.21,2026-09-28,858,Aqua,MODIS,73,6.1NRT,294.86,21.04,D,MODIS_NRT,,,YES,,HIGH
-2.44829,105.42696,347.45,1.5,1.21,2026-09-28,858,Aqua,MODIS,94,6.1NRT,296.34,86.38,D,MODIS_NRT,,,NO,0.01,MONITORING
-2.44637,105.43997,391.11,1.5,1.21,2026-09-28,858,Aqua,MODIS,100,6.1NRT,300.9,353.0,D,MODIS_NRT,,,NO,0.451,MONITORING
-2.43774,105.42537,404.37,1.5,1.21,2026-09-28,858,Aqua,MODIS,94,6.1NRT,301.08,493.2,D,MODIS_NRT,,,NO,1.192,MONITORING
-2.43581,105.43839,397.83,1.5,1.21,2026-09-28,858,Aqua,MODIS,100,6.1NRT,298.47,423.05,D,MODIS_NRT,,,NO,1.602,MONITORING
-2.43387,105.45142,315.39,1.5,1.21,2026-09-28,858,Aqua,MODIS,20,6.1NRT,292.72,11.95,D,MODIS_NRT,,,NO,2.149,MONITORING
-3.7727,105.55132,318.38,2.68,1.57,2026-09-28,1308,Terra,MODIS,97,6.1NRT,292.28,55.82,N,MODIS_NRT,,,YES,,HIGH
-3.76965,105.57455,311.29,2.66,1.57,2026-09-28,1308,Terra,MODIS,57,6.1NRT,292.22,31.29,N,MODIS_NRT,,,YES,,HIGH
-3.75892,105.54949,308.98,2.68,1.57,2026-09-28,1308,Terra,MODIS,63,6.1NRT,291.98,25.88,N,MODIS_NRT,,,YES,,HIGH
-3.74841,105.46991,311.44,2.71,1.58,2026-09-28,1308,Terra,MODIS,83,6.1NRT,292.67,34.89,N,MODIS_NRT,,,YES,,HIGH
-3.74514,105.54768,306.33,2.68,1.57,2026-09-28,1308,Terra,MODIS,47,6.1NRT,291.83,19.86,N,MODIS_NRT,,,YES,,HIGH
-3.74337,105.45181,316.03,2.73,1.58,2026-09-28,1308,Terra,MODIS,82,6.1NRT,293.01,47.72,N,MODIS_NRT,,,YES,,HIGH
-3.74034,105.47549,319.06,2.71,1.58,2026-09-28,1308,Terra,MODIS,98,6.1NRT,293.0,58.64,N,MODIS_NRT,,,YES,,HIGH
-3.73884,105.54023,306.49,2.68,1.57,2026-09-28,1308,Terra,MODIS,23,6.1NRT,291.49,19.54,N,MODIS_NRT,,,YES,,HIGH
-3.73774,105.44446,318.14,2.73,1.58,2026-09-28,1308,Terra,MODIS,96,6.1NRT,293.13,58.87,N,MODIS_NRT,,,YES,,HIGH
-3.73455,105.46812,326.56,2.71,1.58,2026-09-28,1308,Terra,MODIS,100,6.1NRT,293.38,96.07,N,MODIS_NRT,,,YES,,HIGH
-3.73249,105.42617,307.61,2.74,1.58,2026-09-28,1308,Terra,MODIS,28,6.1NRT,292.24,21.75,N,MODIS_NRT,,,YES,,HIGH
-3.72948,105.44998,336.33,2.73,1.58,2026-09-28,1308,Terra,MODIS,100,6.1NRT,294.23,151.13,N,MODIS_NRT,,,YES,,HIGH
-3.72648,105.47367,308.38,2.71,1.58,2026-09-28,1308,Terra,MODIS,17,6.1NRT,291.84,23.4,N,MODIS_NRT,,,YES,,HIGH
-3.72385,105.44265,328.46,2.73,1.58,2026-09-28,1308,Terra,MODIS,100,6.1NRT,293.12,107.33,N,MODIS_NRT,,,YES,,HIGH
-3.72068,105.46633,305.12,2.71,1.58,2026-09-28,1308,Terra,MODIS,63,6.1NRT,291.82,18.17,N,MODIS_NRT,,,YES,,HIGH
-3.50773,105.75868,304.32,2.55,1.54,2026-09-28,1308,Terra,MODIS,52,6.1NRT,291.86,13.69,N,MODIS_NRT,,,YES,,HIGH
-3.50491,105.78085,305.73,2.54,1.53,2026-09-28,1308,Terra,MODIS,65,6.1NRT,291.85,16.37,N,MODIS_NRT,,,YES,,HIGH
-3.49661,105.77316,305.21,2.54,1.53,2026-09-28,1308,Terra,MODIS,63,6.1NRT,291.8,17.01,N,MODIS_NRT,,,YES,,HIGH
-3.49339,105.58997,319.5,2.63,1.56,2026-09-28,1308,Terra,MODIS,99,6.1NRT,291.59,63.41,N,MODIS_NRT,,,YES,,HIGH
-3.48,104.88763,307.29,3.0,1.65,2026-09-28,1308,Terra,MODIS,71,6.1NRT,289.66,28.51,N,MODIS_NRT,,,YES,,HIGH
-3.47661,104.91366,333.77,2.99,1.64,2026-09-28,1308,Terra,MODIS,100,6.1NRT,290.38,158.49,N,MODIS_NRT,,,YES,,HIGH
-3.47432,104.90679,335.09,2.99,1.64,2026-09-28,1308,Terra,MODIS,100,6.1NRT,290.64,166.96,N,MODIS_NRT,,,YES,,HIGH
-3.47075,104.93265,308.79,2.97,1.64,2026-09-28,1308,Terra,MODIS,76,6.1NRT,290.0,33.15,N,MODIS_NRT,,,YES,,HIGH
-3.46554,104.88571,304.1,3.0,1.65,2026-09-28,1308,Terra,MODIS,52,6.1NRT,289.6,18.41,N,MODIS_NRT,,,YES,,HIGH
-3.46218,104.91172,328.73,2.99,1.64,2026-09-28,1308,Terra,MODIS,100,6.1NRT,290.09,125.37,N,MODIS_NRT,,,YES,,HIGH
-3.45988,104.90488,312.65,2.99,1.64,2026-09-28,1308,Terra,MODIS,85,6.1NRT,289.94,46.14,N,MODIS_NRT,,,YES,,HIGH
-3.42532,105.1578,310.08,2.84,1.61,2026-09-28,1308,Terra,MODIS,79,6.1NRT,290.93,34.95,N,MODIS_NRT,,,YES,,HIGH
-3.42195,105.18242,305.72,2.83,1.61,2026-09-28,1308,Terra,MODIS,30,6.1NRT,290.8,22.22,N,MODIS_NRT,,,YES,,HIGH
-3.41532,105.16299,319.53,2.84,1.61,2026-09-28,1308,Terra,MODIS,99,6.1NRT,290.98,72.25,N,MODIS_NRT,,,YES,,HIGH
-3.41217,105.18763,303.75,2.83,1.61,2026-09-28,1308,Terra,MODIS,57,6.1NRT,290.37,18.22,N,MODIS_NRT,,,YES,,HIGH
-3.41118,105.15594,303.68,2.84,1.61,2026-09-28,1308,Terra,MODIS,41,6.1NRT,290.66,17.29,N,MODIS_NRT,,,YES,,HIGH
-3.40784,105.18056,305.04,2.83,1.61,2026-09-28,1308,Terra,MODIS,59,6.1NRT,290.66,21.41,N,MODIS_NRT,,,YES,,HIGH
-3.36639,105.54409,302.23,2.64,1.56,2026-09-28,1308,Terra,MODIS,44,6.1NRT,286.98,13.4,N,MODIS_NRT,,,YES,,HIGH
-3.31892,105.16344,302.24,2.83,1.61,2026-09-28,1308,Terra,MODIS,30,6.1NRT,290.77,14.04,N,MODIS_NRT,,,YES,,HIGH
-3.31559,105.18796,302.16,2.82,1.6,2026-09-28,1308,Terra,MODIS,44,6.1NRT,290.64,13.89,N,MODIS_NRT,,,YES,,HIGH
-3.30908,105.16741,310.23,2.83,1.61,2026-09-28,1308,Terra,MODIS,79,6.1NRT,290.93,36.33,N,MODIS_NRT,,,YES,,HIGH
-3.30596,105.19196,303.57,2.82,1.6,2026-09-28,1308,Terra,MODIS,56,6.1NRT,290.65,16.74,N,MODIS_NRT,,,YES,,HIGH
-3.2917,105.25898,303.38,2.78,1.59,2026-09-28,1308,Terra,MODIS,55,6.1NRT,291.33,16.08,N,MODIS_NRT,,,YES,,HIGH
-3.28846,105.283,305.74,2.76,1.59,2026-09-28,1308,Terra,MODIS,65,6.1NRT,291.06,22.26,N,MODIS_NRT,,,YES,,HIGH
-3.15163,105.08435,306.11,2.86,1.61,2026-09-28,1308,Terra,MODIS,67,6.1NRT,291.46,21.02,N,MODIS_NRT,,,YES,,HIGH
-3.14753,105.07853,313.51,2.86,1.61,2026-09-28,1308,Terra,MODIS,87,6.1NRT,291.69,46.34,N,MODIS_NRT,,,YES,,HIGH
-3.13745,105.08256,310.0,2.86,1.61,2026-09-28,1308,Terra,MODIS,79,6.1NRT,291.53,32.52,N,MODIS_NRT,,,YES,,HIGH
-3.11589,105.0995,304.74,2.84,1.61,2026-09-28,1308,Terra,MODIS,61,6.1NRT,291.32,20.31,N,MODIS_NRT,,,YES,,HIGH
-3.03612,105.59191,311.96,2.58,1.54,2026-09-28,1308,Terra,MODIS,84,6.1NRT,293.22,35.81,N,MODIS_NRT,,,YES,,HIGH
-3.02256,105.5901,309.12,2.58,1.54,2026-09-28,1308,Terra,MODIS,76,6.1NRT,292.36,28.91,N,MODIS_NRT,,,YES,,HIGH
-2.74709,105.12582,304.13,2.79,1.6,2026-09-28,1308,Terra,MODIS,50,6.1NRT,288.36,19.12,N,MODIS_NRT,,,NO,9.032,MONITORING
-2.68764,105.5668,310.22,2.56,1.54,2026-09-28,1308,Terra,MODIS,79,6.1NRT,291.92,29.79,N,MODIS_NRT,,,YES,,HIGH
-2.67681,106.12987,322.6,2.3,1.47,2026-09-28,1308,Terra,MODIS,100,6.1NRT,291.21,62.98,N,MODIS_NRT,,,NO,35.005,MONITORING
-2.66882,106.19,303.39,2.28,1.46,2026-09-28,1308,Terra,MODIS,55,6.1NRT,291.6,11.09,N,MODIS_NRT,,,NO,38.714,MONITORING
-2.66619,106.20977,307.09,2.27,1.46,2026-09-28,1308,Terra,MODIS,70,6.1NRT,291.6,18.45,N,MODIS_NRT,,,NO,40.055,MONITORING
-2.43257,105.42268,319.65,2.61,1.55,2026-09-28,1308,Terra,MODIS,99,6.1NRT,282.26,66.92,N,MODIS_NRT,,,NO,1.808,MONITORING
-2.42491,106.05791,302.32,2.31,1.47,2026-09-28,1308,Terra,MODIS,48,6.1NRT,289.93,10.59,N,MODIS_NRT,,,NO,42.251,MONITORING
-3.76854,105.56281,306.6,4.71,1.99,2026-09-28,2118,Aqua,MODIS,32,6.1NRT,289.68,58.11,N,MODIS_NRT,,,YES,,HIGH
-3.73114,105.45004,307.95,4.61,1.97,2026-09-28,2118,Aqua,MODIS,29,6.1NRT,289.28,63.98,N,MODIS_NRT,,,YES,,HIGH
-3.72285,105.48716,307.95,4.64,1.97,2026-09-28,2118,Aqua,MODIS,39,6.1NRT,289.0,64.82,N,MODIS_NRT,,,YES,,HIGH
-3.7174,105.44751,309.3,4.61,1.97,2026-09-28,2118,Aqua,MODIS,77,6.1NRT,289.24,77.28,N,MODIS_NRT,,,YES,,HIGH
-2.44242,105.43435,307.32,4.38,1.93,2026-09-28,2118,Aqua,MODIS,71,6.1NRT,287.67,69.09,N,MODIS_NRT,,,NO,0.908,MONITORING
-2.43708,105.43915,305.92,4.38,1.93,2026-09-28,2118,Aqua,MODIS,65,6.1NRT,286.19,62.98,N,MODIS_NRT,,,NO,1.47,MONITORING
-3.77808,105.56736,324.28,1.02,1.01,2026-09-29,130,Terra,MODIS,29,6.1NRT,301.33,12.89,D,MODIS_NRT,,,YES,,HIGH
-3.7768,105.55846,341.73,1.02,1.01,2026-09-29,130,Terra,MODIS,91,6.1NRT,304.36,37.52,D,MODIS_NRT,,,YES,,HIGH
-3.76921,105.5686,348.76,1.02,1.01,2026-09-29,130,Terra,MODIS,95,6.1NRT,305.67,50.48,D,MODIS_NRT,,,YES,,HIGH
-3.76793,105.55968,345.8,1.02,1.01,2026-09-29,130,Terra,MODIS,93,6.1NRT,307.71,43.3,D,MODIS_NRT,,,YES,,HIGH
-3.76666,105.55077,333.34,1.02,1.01,2026-09-29,130,Terra,MODIS,57,6.1NRT,305.13,22.12,D,MODIS_NRT,,,YES,,HIGH
-3.74763,105.54433,332.0,1.02,1.01,2026-09-29,130,Terra,MODIS,56,6.1NRT,303.14,22.37,D,MODIS_NRT,,,YES,,HIGH
-3.74753,105.48057,323.15,1.02,1.01,2026-09-29,130,Terra,MODIS,76,6.1NRT,299.46,13.59,D,MODIS_NRT,,,YES,,HIGH
-3.74625,105.47162,337.65,1.02,1.01,2026-09-29,130,Terra,MODIS,88,6.1NRT,303.82,32.15,D,MODIS_NRT,,,YES,,HIGH
-3.74496,105.46267,334.6,1.02,1.01,2026-09-29,130,Terra,MODIS,86,6.1NRT,303.43,27.39,D,MODIS_NRT,,,YES,,HIGH
-3.74367,105.45371,319.5,1.02,1.01,2026-09-29,130,Terra,MODIS,69,6.1NRT,300.45,10.35,D,MODIS_NRT,,,YES,,HIGH
-3.73747,105.53664,318.25,1.02,1.01,2026-09-29,130,Terra,MODIS,26,6.1NRT,298.63,7.98,D,MODIS_NRT,,,YES,,LOW
-3.73736,105.47286,337.8,1.02,1.01,2026-09-29,130,Terra,MODIS,89,6.1NRT,302.15,31.42,D,MODIS_NRT,,,YES,,HIGH
-3.73607,105.46391,352.72,1.02,1.01,2026-09-29,130,Terra,MODIS,96,6.1NRT,306.41,60.53,D,MODIS_NRT,,,YES,,HIGH
-3.73478,105.45496,342.98,1.02,1.01,2026-09-29,130,Terra,MODIS,92,6.1NRT,305.02,41.4,D,MODIS_NRT,,,YES,,HIGH
-3.73349,105.44599,332.96,1.02,1.01,2026-09-29,130,Terra,MODIS,85,6.1NRT,301.88,25.9,D,MODIS_NRT,,,YES,,HIGH
-3.72718,105.46515,375.02,1.02,1.01,2026-09-29,130,Terra,MODIS,100,6.1NRT,306.41,129.08,D,MODIS_NRT,,,YES,,HIGH
-3.7024,105.7469,312.67,1.01,1.01,2026-09-29,130,Terra,MODIS,49,6.1NRT,296.24,5.02,D,MODIS_NRT,,,YES,,LOW
-3.47285,104.91782,352.88,1.07,1.03,2026-09-29,130,Terra,MODIS,97,6.1NRT,302.39,66.94,D,MODIS_NRT,,,YES,,HIGH
-3.4715,104.90849,346.78,1.07,1.03,2026-09-29,130,Terra,MODIS,94,6.1NRT,300.13,52.44,D,MODIS_NRT,,,YES,,HIGH
-3.43067,105.20246,313.58,1.04,1.02,2026-09-29,130,Terra,MODIS,59,6.1NRT,298.0,6.22,D,MODIS_NRT,,,YES,,LOW
-3.37458,105.26318,314.33,1.04,1.02,2026-09-29,130,Terra,MODIS,42,6.1NRT,298.95,5.78,D,MODIS_NRT,,,YES,,LOW
-3.33041,105.46299,319.2,1.03,1.01,2026-09-29,130,Terra,MODIS,71,6.1NRT,298.76,11.24,D,MODIS_NRT,,,YES,,HIGH
-3.32911,105.45399,317.62,1.03,1.01,2026-09-29,130,Terra,MODIS,62,6.1NRT,298.11,9.51,D,MODIS_NRT,,,YES,,LOW
-3.31662,105.17818,311.84,1.05,1.02,2026-09-29,130,Terra,MODIS,50,6.1NRT,296.81,5.27,D,MODIS_NRT,,,YES,,LOW
-3.31581,105.29917,311.35,1.04,1.02,2026-09-29,130,Terra,MODIS,51,6.1NRT,297.39,5.01,D,MODIS_NRT,,,YES,,LOW
-3.29701,105.106,313.87,1.05,1.02,2026-09-29,130,Terra,MODIS,49,6.1NRT,298.64,6.29,D,MODIS_NRT,,,YES,,LOW
-3.28362,105.27271,325.19,1.04,1.02,2026-09-29,130,Terra,MODIS,79,6.1NRT,299.74,17.35,D,MODIS_NRT,,,YES,,HIGH
-3.2692,104.97775,330.51,1.06,1.03,2026-09-29,130,Terra,MODIS,83,6.1NRT,297.9,23.56,D,MODIS_NRT,,,YES,,HIGH
-3.26785,104.96844,339.36,1.06,1.03,2026-09-29,130,Terra,MODIS,90,6.1NRT,298.95,38.31,D,MODIS_NRT,,,YES,,HIGH
-3.25542,105.26733,319.83,1.04,1.02,2026-09-29,130,Terra,MODIS,72,6.1NRT,298.93,11.32,D,MODIS_NRT,,,YES,,HIGH
-3.25411,105.25822,321.02,1.04,1.02,2026-09-29,130,Terra,MODIS,74,6.1NRT,299.34,12.73,D,MODIS_NRT,,,YES,,HIGH
-3.14595,105.08309,326.79,1.06,1.03,2026-09-29,130,Terra,MODIS,81,6.1NRT,299.95,20.98,D,MODIS_NRT,,,YES,,HIGH
-3.12153,105.10532,312.97,1.06,1.03,2026-09-29,130,Terra,MODIS,55,6.1NRT,298.21,5.67,D,MODIS_NRT,,,YES,,LOW
-3.03574,105.60213,329.44,1.02,1.01,2026-09-29,130,Terra,MODIS,44,6.1NRT,303.47,19.38,D,MODIS_NRT,,,YES,,HIGH
-3.02556,105.59441,330.78,1.02,1.01,2026-09-29,130,Terra,MODIS,65,6.1NRT,302.69,23.16,D,MODIS_NRT,,,YES,,HIGH
-2.44788,105.4268,325.44,1.04,1.02,2026-09-29,130,Terra,MODIS,79,6.1NRT,296.93,17.1,D,MODIS_NRT,,,NO,0.056,MONITORING
-2.44152,105.44624,332.7,1.04,1.02,2026-09-29,130,Terra,MODIS,85,6.1NRT,299.73,27.03,D,MODIS_NRT,,,NO,1.135,MONITORING
-2.44022,105.43715,335.21,1.04,1.02,2026-09-29,130,Terra,MODIS,87,6.1NRT,301.33,30.32,D,MODIS_NRT,,,NO,1.105,MONITORING
-2.43891,105.42804,358.43,1.04,1.02,2026-09-29,130,Terra,MODIS,99,6.1NRT,303.24,79.51,D,MODIS_NRT,,,NO,1.06,MONITORING
-2.4376,105.41894,346.93,1.04,1.02,2026-09-29,130,Terra,MODIS,94,6.1NRT,299.39,52.17,D,MODIS_NRT,,,NO,1.257,MONITORING
-2.43256,105.44748,312.66,1.04,1.02,2026-09-29,130,Terra,MODIS,38,6.1NRT,295.68,4.87,D,MODIS_NRT,,,NO,2.125,MONITORING
-2.43125,105.43839,336.26,1.04,1.02,2026-09-29,130,Terra,MODIS,88,6.1NRT,298.0,32.29,D,MODIS_NRT,,,NO,2.109,MONITORING
-2.41547,105.32877,315.35,1.05,1.02,2026-09-29,130,Terra,MODIS,47,6.1NRT,298.17,7.0,D,MODIS_NRT,,,NO,3.693,MONITORING
-4.23013,104.6517,318.25,1.07,1.03,2026-09-29,1348,Terra,MODIS,96,6.1NRT,295.27,15.38,N,MODIS_NRT,,,NO,10.197,MONITORING
-4.22612,104.81514,305.05,1.09,1.04,2026-09-29,1348,Terra,MODIS,63,6.1NRT,294.78,4.53,N,MODIS_NRT,,,YES,,LOW
-4.19217,104.79086,315.95,1.08,1.04,2026-09-29,1348,Terra,MODIS,92,6.1NRT,294.98,13.28,N,MODIS_NRT,,,YES,,HIGH
-4.1865,105.62679,304.87,1.19,1.08,2026-09-29,1348,Terra,MODIS,51,6.1NRT,293.99,5.0,N,MODIS_NRT,,,NO,9.969,MONITORING
-4.17121,104.80729,318.68,1.09,1.04,2026-09-29,1348,Terra,MODIS,97,6.1NRT,294.75,16.01,N,MODIS_NRT,,,YES,,HIGH
-4.09881,104.7325,310.95,1.08,1.04,2026-09-29,1348,Terra,MODIS,81,6.1NRT,294.83,8.95,N,MODIS_NRT,,,NO,7.177,MONITORING
-4.07862,105.39547,305.45,1.16,1.07,2026-09-29,1348,Terra,MODIS,55,6.1NRT,293.36,5.85,N,MODIS_NRT,,,NO,23.416,MONITORING
-3.87653,105.86784,304.21,1.24,1.11,2026-09-29,1348,Terra,MODIS,49,6.1NRT,293.9,4.49,N,MODIS_NRT,,,YES,,LOW
-3.80995,105.20486,310.65,1.14,1.06,2026-09-29,1348,Terra,MODIS,62,6.1NRT,294.63,8.99,N,MODIS_NRT,,,YES,,LOW
-3.80477,105.19823,307.31,1.14,1.06,2026-09-29,1348,Terra,MODIS,64,6.1NRT,294.36,6.7,N,MODIS_NRT,,,YES,,LOW
-3.7954,105.19688,306.13,1.14,1.06,2026-09-29,1348,Terra,MODIS,47,6.1NRT,294.39,5.7,N,MODIS_NRT,,,YES,,LOW
-3.78597,105.57685,305.81,1.19,1.09,2026-09-29,1348,Terra,MODIS,50,6.1NRT,294.98,5.99,N,MODIS_NRT,,,YES,,LOW
-3.77938,105.55458,314.35,1.19,1.09,2026-09-29,1348,Terra,MODIS,26,6.1NRT,296.78,11.68,N,MODIS_NRT,,,YES,,HIGH
-3.7779,105.56502,313.04,1.19,1.09,2026-09-29,1348,Terra,MODIS,27,6.1NRT,296.66,10.72,N,MODIS_NRT,,,YES,,HIGH
-3.76983,105.55322,327.14,1.19,1.09,2026-09-29,1348,Terra,MODIS,100,6.1NRT,299.58,27.67,N,MODIS_NRT,,,YES,,HIGH
-3.76834,105.56365,342.95,1.19,1.09,2026-09-29,1348,Terra,MODIS,100,6.1NRT,301.45,58.56,N,MODIS_NRT,,,YES,,HIGH
-3.76327,105.53101,306.07,1.19,1.08,2026-09-29,1348,Terra,MODIS,58,6.1NRT,295.13,5.47,N,MODIS_NRT,,,YES,,LOW
-3.76177,105.54142,320.05,1.19,1.08,2026-09-29,1348,Terra,MODIS,100,6.1NRT,297.61,18.59,N,MODIS_NRT,,,YES,,HIGH
-3.76028,105.55184,323.1,1.19,1.09,2026-09-29,1348,Terra,MODIS,100,6.1NRT,298.6,22.49,N,MODIS_NRT,,,YES,,HIGH
-3.75878,105.56228,309.34,1.19,1.09,2026-09-29,1348,Terra,MODIS,37,6.1NRT,295.13,8.1,N,MODIS_NRT,,,YES,,LOW
-3.75827,105.53501,311.05,1.19,1.08,2026-09-29,1348,Terra,MODIS,79,6.1NRT,295.79,10.55,N,MODIS_NRT,,,YES,,HIGH
-3.75683,105.54544,315.95,1.19,1.09,2026-09-29,1348,Terra,MODIS,91,6.1NRT,297.28,15.55,N,MODIS_NRT,,,YES,,HIGH
-3.75539,105.55588,312.07,1.19,1.09,2026-09-29,1348,Terra,MODIS,82,6.1NRT,296.31,11.85,N,MODIS_NRT,,,YES,,HIGH
-3.75449,105.49206,306.75,1.18,1.08,2026-09-29,1348,Terra,MODIS,21,6.1NRT,294.99,5.93,N,MODIS_NRT,,,YES,,LOW
-3.74872,105.53363,318.52,1.19,1.08,2026-09-29,1348,Terra,MODIS,97,6.1NRT,296.57,18.65,N,MODIS_NRT,,,YES,,HIGH
-3.74785,105.46999,309.94,1.18,1.08,2026-09-29,1348,Terra,MODIS,62,6.1NRT,296.52,8.93,N,MODIS_NRT,,,YES,,LOW
-3.74728,105.54407,319.92,1.19,1.09,2026-09-29,1348,Terra,MODIS,99,6.1NRT,297.34,20.55,N,MODIS_NRT,,,YES,,HIGH
-3.74641,105.48033,307.89,1.18,1.08,2026-09-29,1348,Terra,MODIS,68,6.1NRT,295.87,7.31,N,MODIS_NRT,,,YES,,LOW
-3.73978,105.45829,321.39,1.18,1.08,2026-09-29,1348,Terra,MODIS,86,6.1NRT,298.72,19.73,N,MODIS_NRT,,,YES,,HIGH
-3.73918,105.53226,328.56,1.19,1.08,2026-09-29,1348,Terra,MODIS,100,6.1NRT,296.16,32.52,N,MODIS_NRT,,,YES,,HIGH
-3.73834,105.46862,337.31,1.18,1.08,2026-09-29,1348,Terra,MODIS,100,6.1NRT,300.59,45.46,N,MODIS_NRT,,,YES,,HIGH
-3.73772,105.54269,324.44,1.19,1.09,2026-09-29,1348,Terra,MODIS,100,6.1NRT,296.28,26.47,N,MODIS_NRT,,,YES,,HIGH
-3.73689,105.47896,313.09,1.18,1.08,2026-09-29,1348,Terra,MODIS,25,6.1NRT,295.31,10.87,N,MODIS_NRT,,,YES,,HIGH
-3.73173,105.44661,322.59,1.18,1.08,2026-09-29,1348,Terra,MODIS,100,6.1NRT,299.07,21.47,N,MODIS_NRT,,,YES,,HIGH
-3.73028,105.45692,351.17,1.18,1.08,2026-09-29,1348,Terra,MODIS,100,6.1NRT,303.91,77.74,N,MODIS_NRT,,,YES,,HIGH
-3.72883,105.46725,345.59,1.18,1.08,2026-09-29,1348,Terra,MODIS,100,6.1NRT,299.59,64.09,N,MODIS_NRT,,,YES,,HIGH
-3.72223,105.44525,322.74,1.18,1.08,2026-09-29,1348,Terra,MODIS,100,6.1NRT,297.25,22.21,N,MODIS_NRT,,,YES,,HIGH
-3.72077,105.45556,326.59,1.18,1.08,2026-09-29,1348,Terra,MODIS,100,6.1NRT,296.63,27.9,N,MODIS_NRT,,,YES,,HIGH
-3.71932,105.46588,305.33,1.18,1.08,2026-09-29,1348,Terra,MODIS,56,6.1NRT,294.1,5.46,N,MODIS_NRT,,,YES,,LOW
-3.70003,105.74222,309.66,1.22,1.1,2026-09-29,1348,Terra,MODIS,75,6.1NRT,293.59,9.97,N,MODIS_NRT,,,YES,,LOW
-3.69853,105.75293,309.3,1.22,1.1,2026-09-29,1348,Terra,MODIS,74,6.1NRT,292.91,9.51,N,MODIS_NRT,,,YES,,LOW
-3.67449,105.26555,303.86,1.15,1.07,2026-09-29,1348,Terra,MODIS,45,6.1NRT,293.31,5.22,N,MODIS_NRT,,,YES,,LOW
-3.6482,105.52347,304.3,1.19,1.09,2026-09-29,1348,Terra,MODIS,49,6.1NRT,293.62,5.31,N,MODIS_NRT,,,YES,,LOW
-3.60837,104.87694,305.27,1.11,1.05,2026-09-29,1348,Terra,MODIS,58,6.1NRT,294.29,4.76,N,MODIS_NRT,,,YES,,LOW
-3.59659,105.6125,306.13,1.21,1.09,2026-09-29,1348,Terra,MODIS,60,6.1NRT,293.75,6.57,N,MODIS_NRT,,,YES,,LOW
-3.58698,105.61115,304.87,1.21,1.09,2026-09-29,1348,Terra,MODIS,51,6.1NRT,293.99,5.65,N,MODIS_NRT,,,YES,,LOW
-3.50269,105.6256,304.74,1.21,1.09,2026-09-29,1348,Terra,MODIS,52,6.1NRT,293.42,5.84,N,MODIS_NRT,,,YES,,LOW
-3.49758,105.59245,310.82,1.21,1.09,2026-09-29,1348,Terra,MODIS,78,6.1NRT,293.64,10.95,N,MODIS_NRT,,,YES,,HIGH
-3.47666,104.90551,344.35,1.11,1.05,2026-09-29,1348,Terra,MODIS,100,6.1NRT,296.58,57.79,N,MODIS_NRT,,,YES,,HIGH
-3.47532,104.91526,362.47,1.11,1.05,2026-09-29,1348,Terra,MODIS,100,6.1NRT,299.98,107.28,N,MODIS_NRT,,,YES,,HIGH
-3.47439,105.17342,304.29,1.15,1.07,2026-09-29,1348,Terra,MODIS,17,6.1NRT,293.55,4.37,N,MODIS_NRT,,,YES,,LOW
-3.4674,104.90419,332.31,1.11,1.05,2026-09-29,1348,Terra,MODIS,100,6.1NRT,295.49,35.42,N,MODIS_NRT,,,YES,,HIGH
-3.46605,104.91395,352.64,1.11,1.05,2026-09-29,1348,Terra,MODIS,100,6.1NRT,298.44,77.98,N,MODIS_NRT,,,YES,,HIGH
-3.4647,104.92372,310.44,1.12,1.05,2026-09-29,1348,Terra,MODIS,77,6.1NRT,294.39,9.56,N,MODIS_NRT,,,YES,,LOW
-3.44948,105.69869,305.56,1.22,1.1,2026-09-29,1348,Terra,MODIS,58,6.1NRT,293.91,6.64,N,MODIS_NRT,,,YES,,LOW
-3.42627,105.20174,303.76,1.15,1.07,2026-09-29,1348,Terra,MODIS,40,6.1NRT,293.46,4.79,N,MODIS_NRT,,,YES,,LOW
-3.42245,105.16013,327.29,1.15,1.07,2026-09-29,1348,Terra,MODIS,100,6.1NRT,295.83,27.65,N,MODIS_NRT,,,YES,,HIGH
-3.42106,105.17017,319.94,1.15,1.07,2026-09-29,1348,Terra,MODIS,99,6.1NRT,295.53,18.0,N,MODIS_NRT,,,YES,,HIGH
-3.41447,105.14876,323.75,1.14,1.07,2026-09-29,1348,Terra,MODIS,100,6.1NRT,294.46,23.72,N,MODIS_NRT,,,YES,,HIGH
-3.41307,105.15879,309.36,1.15,1.07,2026-09-29,1348,Terra,MODIS,73,6.1NRT,294.09,8.03,N,MODIS_NRT,,,YES,,LOW
-3.41027,105.17889,319.49,1.15,1.07,2026-09-29,1348,Terra,MODIS,99,6.1NRT,294.69,17.9,N,MODIS_NRT,,,YES,,HIGH
-3.40369,105.15746,312.04,1.15,1.07,2026-09-29,1348,Terra,MODIS,54,6.1NRT,293.88,10.09,N,MODIS_NRT,,,YES,,HIGH
-3.40228,105.1675,318.93,1.15,1.07,2026-09-29,1348,Terra,MODIS,97,6.1NRT,294.0,17.63,N,MODIS_NRT,,,YES,,HIGH
-3.40087,105.17756,306.97,1.15,1.07,2026-09-29,1348,Terra,MODIS,31,6.1NRT,293.09,6.41,N,MODIS_NRT,,,YES,,LOW
-3.39186,105.54952,308.45,1.2,1.09,2026-09-29,1348,Terra,MODIS,62,6.1NRT,295.61,7.9,N,MODIS_NRT,,,YES,,LOW
-3.39113,104.85722,306.73,1.11,1.05,2026-09-29,1348,Terra,MODIS,64,6.1NRT,294.51,6.03,N,MODIS_NRT,,,YES,,LOW
-3.39025,105.53266,304.23,1.2,1.09,2026-09-29,1348,Terra,MODIS,27,6.1NRT,293.88,4.51,N,MODIS_NRT,,,YES,,LOW
-3.3888,105.54319,327.04,1.2,1.09,2026-09-29,1348,Terra,MODIS,100,6.1NRT,297.15,30.08,N,MODIS_NRT,,,YES,,HIGH
-3.38734,105.55373,311.86,1.2,1.09,2026-09-29,1348,Terra,MODIS,81,6.1NRT,295.19,10.79,N,MODIS_NRT,,,YES,,HIGH
-3.3792,105.54182,306.04,1.2,1.09,2026-09-29,1348,Terra,MODIS,60,6.1NRT,294.49,6.21,N,MODIS_NRT,,,YES,,LOW
-3.37868,105.2673,304.73,1.16,1.07,2026-09-29,1348,Terra,MODIS,46,6.1NRT,293.16,5.59,N,MODIS_NRT,,,YES,,LOW
-3.35324,105.24294,306.13,1.16,1.07,2026-09-29,1348,Terra,MODIS,43,6.1NRT,293.33,5.98,N,MODIS_NRT,,,YES,,LOW
-3.34381,105.2416,304.52,1.16,1.07,2026-09-29,1348,Terra,MODIS,29,6.1NRT,293.38,4.95,N,MODIS_NRT,,,YES,,LOW
-3.31792,105.18001,304.82,1.15,1.07,2026-09-29,1348,Terra,MODIS,52,6.1NRT,293.36,5.7,N,MODIS_NRT,,,YES,,LOW
-3.31181,105.29309,308.52,1.17,1.08,2026-09-29,1348,Terra,MODIS,70,6.1NRT,293.99,8.94,N,MODIS_NRT,,,YES,,LOW
-3.30992,105.16858,314.37,1.15,1.07,2026-09-29,1348,Terra,MODIS,88,6.1NRT,293.85,13.34,N,MODIS_NRT,,,YES,,HIGH
-3.30851,105.17867,338.85,1.15,1.07,2026-09-29,1348,Terra,MODIS,100,6.1NRT,294.88,49.2,N,MODIS_NRT,,,YES,,HIGH
-3.30101,105.0957,312.63,1.14,1.06,2026-09-29,1348,Terra,MODIS,83,6.1NRT,293.89,11.55,N,MODIS_NRT,,,YES,,HIGH
-3.30002,105.2394,316.38,1.16,1.07,2026-09-29,1348,Terra,MODIS,92,6.1NRT,294.21,15.5,N,MODIS_NRT,,,YES,,HIGH
-3.29961,105.10569,306.05,1.14,1.06,2026-09-29,1348,Terra,MODIS,59,6.1NRT,293.65,6.07,N,MODIS_NRT,,,YES,,LOW
-3.29859,105.24958,330.37,1.16,1.07,2026-09-29,1348,Terra,MODIS,100,6.1NRT,295.89,34.15,N,MODIS_NRT,,,YES,,HIGH
-3.2982,105.1157,305.28,1.14,1.07,2026-09-29,1348,Terra,MODIS,13,6.1NRT,293.22,5.01,N,MODIS_NRT,,,YES,,LOW
-3.29799,104.66128,324.05,1.09,1.04,2026-09-29,1348,Terra,MODIS,100,6.1NRT,295.81,22.52,N,MODIS_NRT,,,NO,14.792,MONITORING
-3.29717,105.25976,304.24,1.16,1.07,2026-09-29,1348,Terra,MODIS,11,6.1NRT,293.67,4.31,N,MODIS_NRT,,,YES,,LOW
-3.29114,105.51222,305.3,1.2,1.09,2026-09-29,1348,Terra,MODIS,37,6.1NRT,294.44,5.68,N,MODIS_NRT,,,YES,,LOW
-3.29075,105.68105,310.31,1.23,1.1,2026-09-29,1348,Terra,MODIS,77,6.1NRT,293.0,11.56,N,MODIS_NRT,,,YES,,HIGH
-3.28629,105.26861,314.31,1.16,1.07,2026-09-29,1348,Terra,MODIS,87,6.1NRT,294.51,12.85,N,MODIS_NRT,,,YES,,HIGH
-3.28599,105.13442,309.12,1.15,1.07,2026-09-29,1348,Terra,MODIS,65,6.1NRT,293.48,7.8,N,MODIS_NRT,,,YES,,LOW
-3.28485,105.27882,341.52,1.17,1.07,2026-09-29,1348,Terra,MODIS,100,6.1NRT,296.81,54.99,N,MODIS_NRT,,,YES,,HIGH
-3.28457,105.14445,326.22,1.15,1.07,2026-09-29,1348,Terra,MODIS,100,6.1NRT,294.95,27.06,N,MODIS_NRT,,,YES,,HIGH
-3.27569,105.55302,315.65,1.21,1.09,2026-09-29,1348,Terra,MODIS,91,6.1NRT,294.52,15.85,N,MODIS_NRT,,,YES,,HIGH
-3.27518,105.14313,316.99,1.15,1.07,2026-09-29,1348,Terra,MODIS,93,6.1NRT,294.43,15.36,N,MODIS_NRT,,,YES,,HIGH
-3.27421,105.56361,311.58,1.21,1.09,2026-09-29,1348,Terra,MODIS,80,6.1NRT,294.16,11.91,N,MODIS_NRT,,,YES,,HIGH
-3.26824,104.94363,305.1,1.12,1.06,2026-09-29,1348,Terra,MODIS,55,6.1NRT,293.56,5.12,N,MODIS_NRT,,,YES,,LOW
-3.26688,104.95348,310.57,1.12,1.06,2026-09-29,1348,Terra,MODIS,77,6.1NRT,293.86,9.07,N,MODIS_NRT,,,YES,,LOW
-3.26551,104.96333,315.72,1.12,1.06,2026-09-29,1348,Terra,MODIS,91,6.1NRT,294.1,13.15,N,MODIS_NRT,,,YES,,HIGH
-3.26414,104.97319,315.91,1.13,1.06,2026-09-29,1348,Terra,MODIS,91,6.1NRT,294.28,14.09,N,MODIS_NRT,,,YES,,HIGH
-3.26278,104.98307,309.73,1.13,1.06,2026-09-29,1348,Terra,MODIS,75,6.1NRT,293.44,8.49,N,MODIS_NRT,,,YES,,LOW
-3.25937,105.25438,318.27,1.16,1.07,2026-09-29,1348,Terra,MODIS,96,6.1NRT,294.99,17.43,N,MODIS_NRT,,,YES,,HIGH
-3.25792,105.26458,346.9,1.16,1.07,2026-09-29,1348,Terra,MODIS,100,6.1NRT,298.1,67.43,N,MODIS_NRT,,,YES,,HIGH
-3.25484,104.97187,304.01,1.13,1.06,2026-09-29,1348,Terra,MODIS,7,6.1NRT,293.36,3.82,N,MODIS_NRT,,,YES,,LOW
-3.24992,105.25305,310.61,1.16,1.07,2026-09-29,1348,Terra,MODIS,77,6.1NRT,293.97,9.56,N,MODIS_NRT,,,YES,,LOW
-3.24847,105.26324,332.13,1.16,1.07,2026-09-29,1348,Terra,MODIS,100,6.1NRT,294.79,37.15,N,MODIS_NRT,,,YES,,HIGH
-3.23887,105.22482,305.07,1.16,1.07,2026-09-29,1348,Terra,MODIS,54,6.1NRT,294.26,5.09,N,MODIS_NRT,,,YES,,LOW
-3.19878,104.84748,306.85,1.11,1.05,2026-09-29,1348,Terra,MODIS,64,6.1NRT,293.83,6.46,N,MODIS_NRT,,,YES,,LOW
-3.19626,104.79752,306.06,1.11,1.05,2026-09-29,1348,Terra,MODIS,61,6.1NRT,293.87,5.79,N,MODIS_NRT,,,NO,0.835,MONITORING
-3.14798,105.38994,303.53,1.19,1.08,2026-09-29,1348,Terra,MODIS,42,6.1NRT,293.38,4.78,N,MODIS_NRT,,,YES,,LOW
-3.14729,105.08196,332.61,1.14,1.07,2026-09-29,1348,Terra,MODIS,100,6.1NRT,296.55,36.17,N,MODIS_NRT,,,YES,,HIGH
-3.1459,105.09199,334.02,1.14,1.07,2026-09-29,1348,Terra,MODIS,100,6.1NRT,296.31,38.65,N,MODIS_NRT,,,YES,,HIGH
-3.11635,105.09801,306.06,1.15,1.07,2026-09-29,1348,Terra,MODIS,24,6.1NRT,294.1,4.68,N,MODIS_NRT,,,YES,,LOW
-3.11494,105.10806,316.01,1.15,1.07,2026-09-29,1348,Terra,MODIS,91,6.1NRT,294.95,14.05,N,MODIS_NRT,,,YES,,HIGH
-3.10555,105.10673,304.48,1.15,1.07,2026-09-29,1348,Terra,MODIS,17,6.1NRT,293.98,4.31,N,MODIS_NRT,,,YES,,LOW
-3.10326,105.05531,311.8,1.14,1.06,2026-09-29,1348,Terra,MODIS,81,6.1NRT,294.59,10.33,N,MODIS_NRT,,,NO,0.492,MONITORING
-3.10184,105.06531,309.69,1.14,1.06,2026-09-29,1348,Terra,MODIS,74,6.1NRT,294.47,8.49,N,MODIS_NRT,,,NO,0.315,MONITORING
-3.07555,104.66632,305.96,1.1,1.04,2026-09-29,1348,Terra,MODIS,61,6.1NRT,294.29,4.93,N,MODIS_NRT,,,NO,14.477,MONITORING
-3.07421,104.67592,305.23,1.1,1.04,2026-09-29,1348,Terra,MODIS,58,6.1NRT,294.35,4.31,N,MODIS_NRT,,,NO,13.423,MONITORING
-3.06636,104.66502,312.02,1.1,1.04,2026-09-29,1348,Terra,MODIS,82,6.1NRT,294.32,9.36,N,MODIS_NRT,,,NO,14.699,MONITORING
-3.06501,104.67462,315.35,1.1,1.04,2026-09-29,1348,Terra,MODIS,90,6.1NRT,294.51,12.43,N,MODIS_NRT,,,NO,13.645,MONITORING
-3.05649,105.07338,303.99,1.14,1.07,2026-09-29,1348,Terra,MODIS,42,6.1NRT,293.67,4.6,N,MODIS_NRT,,,NO,1.166,MONITORING
-3.04054,105.0507,303.33,1.14,1.06,2026-09-29,1348,Terra,MODIS,26,6.1NRT,293.17,3.92,N,MODIS_NRT,,,NO,3.572,MONITORING
-3.03657,105.5934,312.62,1.22,1.1,2026-09-29,1348,Terra,MODIS,83,6.1NRT,295.5,12.68,N,MODIS_NRT,,,YES,,HIGH
-3.03505,105.6041,305.02,1.22,1.1,2026-09-29,1348,Terra,MODIS,8,6.1NRT,293.91,5.53,N,MODIS_NRT,,,YES,,LOW
-3.03398,105.0294,310.26,1.14,1.06,2026-09-29,1348,Terra,MODIS,76,6.1NRT,293.4,9.32,N,MODIS_NRT,,,NO,5.927,MONITORING
-3.03257,105.03938,334.97,1.14,1.06,2026-09-29,1348,Terra,MODIS,100,6.1NRT,294.01,40.99,N,MODIS_NRT,,,NO,4.812,MONITORING
-3.03117,105.04937,312.59,1.14,1.06,2026-09-29,1348,Terra,MODIS,83,6.1NRT,293.16,11.39,N,MODIS_NRT,,,NO,3.697,MONITORING
-3.02843,105.58134,306.39,1.22,1.1,2026-09-29,1348,Terra,MODIS,33,6.1NRT,294.45,6.49,N,MODIS_NRT,,,YES,,LOW
-3.0269,105.59203,319.59,1.22,1.1,2026-09-29,1348,Terra,MODIS,99,6.1NRT,296.15,20.78,N,MODIS_NRT,,,YES,,HIGH
-3.01756,105.07809,309.09,1.15,1.07,2026-09-29,1348,Terra,MODIS,72,6.1NRT,293.44,8.57,N,MODIS_NRT,,,NO,0.481,MONITORING
-2.99386,105.17767,340.72,1.16,1.07,2026-09-29,1348,Terra,MODIS,100,6.1NRT,293.79,53.34,N,MODIS_NRT,,,NO,2.213,MONITORING
-2.99242,105.18784,343.01,1.16,1.07,2026-09-29,1348,Terra,MODIS,100,6.1NRT,294.11,58.52,N,MODIS_NRT,,,NO,3.354,MONITORING
-2.98442,105.17633,331.51,1.16,1.07,2026-09-29,1348,Terra,MODIS,100,6.1NRT,293.97,35.9,N,MODIS_NRT,,,NO,2.381,MONITORING
-2.97592,105.12746,303.57,1.15,1.07,2026-09-29,1348,Terra,MODIS,40,6.1NRT,293.1,4.59,N,MODIS_NRT,,,YES,,LOW
-2.97173,105.15785,306.08,1.16,1.07,2026-09-29,1348,Terra,MODIS,59,6.1NRT,293.78,6.4,N,MODIS_NRT,,,NO,0.961,MONITORING
-2.95099,105.23808,304.03,1.17,1.08,2026-09-29,1348,Terra,MODIS,10,6.1NRT,293.34,4.19,N,MODIS_NRT,,,NO,4.283,MONITORING
-2.93203,105.23539,305.26,1.17,1.08,2026-09-29,1348,Terra,MODIS,45,6.1NRT,293.38,5.22,N,MODIS_NRT,,,NO,5.429,MONITORING
-2.9306,105.24564,306.03,1.17,1.08,2026-09-29,1348,Terra,MODIS,58,6.1NRT,293.56,6.1,N,MODIS_NRT,,,NO,4.559,MONITORING
-2.86717,104.70324,304.63,1.1,1.05,2026-09-29,1348,Terra,MODIS,55,6.1NRT,294.18,4.03,N,MODIS_NRT,,,NO,25.159,MONITORING
-2.85916,105.16713,306.4,1.16,1.07,2026-09-29,1348,Terra,MODIS,60,6.1NRT,293.73,6.07,N,MODIS_NRT,,,NO,9.972,MONITORING
-2.85774,105.17732,306.19,1.16,1.07,2026-09-29,1348,Terra,MODIS,59,6.1NRT,293.48,6.01,N,MODIS_NRT,,,NO,8.838,MONITORING
-2.8331,105.21551,308.33,1.17,1.08,2026-09-29,1348,Terra,MODIS,68,6.1NRT,294.12,8.06,N,MODIS_NRT,,,NO,4.671,MONITORING
-2.78609,105.09859,311.19,1.16,1.07,2026-09-29,1348,Terra,MODIS,68,6.1NRT,294.67,8.64,N,MODIS_NRT,,,NO,13.348,MONITORING
-2.78469,105.10872,312.84,1.16,1.07,2026-09-29,1348,Terra,MODIS,83,6.1NRT,295.32,10.21,N,MODIS_NRT,,,NO,12.277,MONITORING
-2.77667,105.09725,312.29,1.16,1.07,2026-09-29,1348,Terra,MODIS,68,6.1NRT,294.38,9.63,N,MODIS_NRT,,,NO,13.046,MONITORING
-2.77526,105.10738,312.57,1.16,1.07,2026-09-29,1348,Terra,MODIS,83,6.1NRT,294.5,9.71,N,MODIS_NRT,,,NO,11.947,MONITORING
-2.7384,105.16437,315.3,1.17,1.07,2026-09-29,1348,Terra,MODIS,89,6.1NRT,295.31,12.91,N,MODIS_NRT,,,NO,4.637,MONITORING
-2.73182,105.14265,312.4,1.16,1.07,2026-09-29,1348,Terra,MODIS,37,6.1NRT,295.06,8.84,N,MODIS_NRT,,,NO,6.994,MONITORING
-2.71726,105.10949,348.06,1.16,1.07,2026-09-29,1348,Terra,MODIS,100,6.1NRT,296.54,67.3,N,MODIS_NRT,,,NO,10.405,MONITORING
-2.71582,105.11964,386.91,1.16,1.07,2026-09-29,1348,Terra,MODIS,100,6.1NRT,301.53,223.23,N,MODIS_NRT,,,NO,9.508,MONITORING
-2.71437,105.1298,344.89,1.16,1.07,2026-09-29,1348,Terra,MODIS,100,6.1NRT,296.66,59.63,N,MODIS_NRT,,,NO,8.639,MONITORING
-2.71268,105.10301,309.06,1.16,1.07,2026-09-29,1348,Terra,MODIS,71,6.1NRT,294.39,7.31,N,MODIS_NRT,,,NO,10.596,MONITORING
-2.71128,105.11316,370.54,1.16,1.07,2026-09-29,1348,Terra,MODIS,100,6.1NRT,298.93,143.42,N,MODIS_NRT,,,NO,9.649,MONITORING
-2.70989,105.12333,366.11,1.16,1.07,2026-09-29,1348,Terra,MODIS,100,6.1NRT,298.1,125.63,N,MODIS_NRT,,,NO,8.742,MONITORING
-2.63625,106.03172,305.27,1.31,1.14,2026-09-29,1348,Terra,MODIS,53,6.1NRT,292.88,7.71,N,MODIS_NRT,,,NO,28.467,MONITORING
-2.58972,106.21553,306.7,1.35,1.15,2026-09-29,1348,Terra,MODIS,62,6.1NRT,293.34,8.01,N,MODIS_NRT,,,NO,47.823,MONITORING
-2.44822,105.40197,305.82,1.21,1.09,2026-09-29,1348,Terra,MODIS,14,6.1NRT,294.64,4.93,N,MODIS_NRT,,,NO,0.706,MONITORING
-2.44674,105.41257,309.65,1.21,1.09,2026-09-29,1348,Terra,MODIS,42,6.1NRT,295.42,7.99,N,MODIS_NRT,,,NO,0.327,MONITORING
-2.44229,105.44449,313.83,1.22,1.1,2026-09-29,1348,Terra,MODIS,85,6.1NRT,296.5,11.94,N,MODIS_NRT,,,NO,0.991,MONITORING
-2.4386,105.40062,330.74,1.21,1.09,2026-09-29,1348,Terra,MODIS,100,6.1NRT,296.51,34.73,N,MODIS_NRT,,,NO,1.452,MONITORING
-2.43711,105.41122,342.04,1.21,1.09,2026-09-29,1348,Terra,MODIS,100,6.1NRT,299.43,56.92,N,MODIS_NRT,,,NO,1.363,MONITORING
-2.43562,105.42183,332.87,1.21,1.1,2026-09-29,1348,Terra,MODIS,100,6.1NRT,299.66,37.4,N,MODIS_NRT,,,NO,1.504,MONITORING
-2.43413,105.43247,333.3,1.22,1.1,2026-09-29,1348,Terra,MODIS,100,6.1NRT,299.94,38.62,N,MODIS_NRT,,,NO,1.675,MONITORING
-2.43263,105.44312,323.68,1.22,1.1,2026-09-29,1348,Terra,MODIS,100,6.1NRT,297.81,23.55,N,MODIS_NRT,,,NO,2.019,MONITORING
-2.42448,105.4311,317.0,1.22,1.1,2026-09-29,1348,Terra,MODIS,91,6.1NRT,295.91,14.38,N,MODIS_NRT,,,NO,2.697,MONITORING
-4.19919,105.68774,,0.54,0.42,2026-09-25,654,N,VIIRS,n,2.0NRT,,5.03,D,VIIRS_SNPP_NRT,342.0,295.21,NO,7.111,MONITORING
-4.04785,105.43102,,0.53,0.42,2026-09-25,657,N,VIIRS,n,2.0NRT,,7.38,D,VIIRS_SNPP_NRT,332.33,298.5,NO,19.256,MONITORING
-3.9948,105.61504,,0.54,0.42,2026-09-25,657,N,VIIRS,n,2.0NRT,,6.95,D,VIIRS_SNPP_NRT,337.07,292.2,NO,0.819,MONITORING
-3.90884,105.57842,,0.54,0.42,2026-09-25,657,N,VIIRS,n,2.0NRT,,24.4,D,VIIRS_SNPP_NRT,342.47,297.35,YES,,HIGH
-3.90495,105.57781,,0.54,0.42,2026-09-25,657,N,VIIRS,n,2.0NRT,,24.4,D,VIIRS_SNPP_NRT,330.88,292.32,YES,,HIGH
-3.86299,105.9184,,0.57,0.43,2026-09-25,657,N,VIIRS,n,2.0NRT,,12.75,D,VIIRS_SNPP_NRT,342.38,296.0,YES,,HIGH
-3.86044,105.27461,,0.52,0.41,2026-09-25,657,N,VIIRS,n,2.0NRT,,3.4,D,VIIRS_SNPP_NRT,332.91,291.24,YES,,LOW
-3.85982,105.91267,,0.57,0.43,2026-09-25,657,N,VIIRS,n,2.0NRT,,12.75,D,VIIRS_SNPP_NRT,332.51,294.71,YES,,HIGH
-3.85901,105.91778,,0.57,0.43,2026-09-25,657,N,VIIRS,n,2.0NRT,,12.75,D,VIIRS_SNPP_NRT,334.92,290.73,YES,,HIGH
-3.84871,105.9057,,0.57,0.43,2026-09-25,657,N,VIIRS,n,2.0NRT,,2.27,D,VIIRS_SNPP_NRT,334.95,294.45,YES,,LOW
-3.77101,105.44019,,0.53,0.42,2026-09-25,657,N,VIIRS,n,2.0NRT,,4.95,D,VIIRS_SNPP_NRT,331.47,276.09,YES,,LOW
-3.75946,105.38946,,0.53,0.42,2026-09-25,657,N,VIIRS,n,2.0NRT,,11.72,D,VIIRS_SNPP_NRT,336.77,291.6,YES,,HIGH
-3.75869,105.3942,,0.53,0.42,2026-09-25,657,N,VIIRS,n,2.0NRT,,22.21,D,VIIRS_SNPP_NRT,347.85,293.85,YES,,HIGH
-3.75816,105.39063,,0.53,0.42,2026-09-25,657,N,VIIRS,n,2.0NRT,,16.6,D,VIIRS_SNPP_NRT,349.16,291.32,YES,,HIGH
-3.75741,105.3954,,0.53,0.42,2026-09-25,657,N,VIIRS,n,2.0NRT,,12.71,D,VIIRS_SNPP_NRT,334.45,292.17,YES,,HIGH
-3.69845,105.64475,,0.55,0.43,2026-09-25,657,N,VIIRS,n,2.0NRT,,131.54,D,VIIRS_SNPP_NRT,343.3,300.35,YES,,HIGH
-3.69453,105.64413,,0.55,0.43,2026-09-25,657,N,VIIRS,n,2.0NRT,,131.54,D,VIIRS_SNPP_NRT,343.52,298.25,YES,,HIGH
-3.69367,105.57349,,0.54,0.42,2026-09-25,657,N,VIIRS,n,2.0NRT,,40.89,D,VIIRS_SNPP_NRT,340.97,289.08,YES,,HIGH
-3.69061,105.64352,,0.55,0.43,2026-09-25,657,N,VIIRS,n,2.0NRT,,7.38,D,VIIRS_SNPP_NRT,333.69,290.22,YES,,LOW
-3.68978,105.57284,,0.54,0.42,2026-09-25,657,N,VIIRS,n,2.0NRT,,40.89,D,VIIRS_SNPP_NRT,345.69,288.24,YES,,HIGH
-3.68119,105.70314,,0.55,0.43,2026-09-25,657,N,VIIRS,n,2.0NRT,,6.58,D,VIIRS_SNPP_NRT,338.11,292.09,YES,,LOW
-3.35194,105.2846,,0.53,0.42,2026-09-25,657,N,VIIRS,n,2.0NRT,,8.05,D,VIIRS_SNPP_NRT,335.12,271.1,YES,,LOW
-3.35121,105.28113,,0.53,0.42,2026-09-25,657,N,VIIRS,n,2.0NRT,,8.14,D,VIIRS_SNPP_NRT,334.32,269.85,YES,,LOW
-3.23172,105.32883,,0.53,0.42,2026-09-25,657,N,VIIRS,n,2.0NRT,,4.88,D,VIIRS_SNPP_NRT,334.11,277.06,YES,,LOW
-3.21937,105.33181,,0.53,0.42,2026-09-25,657,N,VIIRS,n,2.0NRT,,9.35,D,VIIRS_SNPP_NRT,335.99,277.12,YES,,LOW
-3.15024,104.76243,,0.5,0.41,2026-09-25,657,N,VIIRS,n,2.0NRT,,12.61,D,VIIRS_SNPP_NRT,342.75,297.38,NO,4.027,MONITORING
-3.135,105.3138,,0.53,0.42,2026-09-25,657,N,VIIRS,n,2.0NRT,,6.38,D,VIIRS_SNPP_NRT,342.12,289.03,YES,,LOW
-3.13402,105.31516,,0.53,0.42,2026-09-25,657,N,VIIRS,n,2.0NRT,,6.42,D,VIIRS_SNPP_NRT,341.66,287.51,YES,,LOW
-3.10617,105.31576,,0.53,0.42,2026-09-25,657,N,VIIRS,n,2.0NRT,,6.66,D,VIIRS_SNPP_NRT,331.36,291.69,YES,,LOW
-3.09783,104.7235,,0.5,0.41,2026-09-25,657,N,VIIRS,n,2.0NRT,,14.11,D,VIIRS_SNPP_NRT,335.22,293.92,NO,7.822,MONITORING
-3.09607,105.30434,,0.53,0.42,2026-09-25,657,N,VIIRS,n,2.0NRT,,2.19,D,VIIRS_SNPP_NRT,333.74,296.53,YES,,LOW
-3.0821,105.29235,,0.53,0.42,2026-09-25,657,N,VIIRS,n,2.0NRT,,7.42,D,VIIRS_SNPP_NRT,333.53,296.73,YES,,LOW
-3.0204,105.07126,,0.52,0.41,2026-09-25,657,N,VIIRS,n,2.0NRT,,8.24,D,VIIRS_SNPP_NRT,341.96,295.73,NO,1.243,MONITORING
-3.00144,105.24251,,0.53,0.42,2026-09-25,657,N,VIIRS,n,2.0NRT,,33.02,D,VIIRS_SNPP_NRT,347.91,298.7,NO,1.286,MONITORING
-2.98374,105.25447,,0.53,0.42,2026-09-25,657,N,VIIRS,n,2.0NRT,,10.79,D,VIIRS_SNPP_NRT,343.27,292.47,NO,0.514,MONITORING
-2.97988,105.25387,,0.53,0.42,2026-09-25,657,N,VIIRS,n,2.0NRT,,22.43,D,VIIRS_SNPP_NRT,340.0,291.56,NO,0.786,MONITORING
-2.967,105.08696,,0.52,0.42,2026-09-25,657,N,VIIRS,n,2.0NRT,,8.17,D,VIIRS_SNPP_NRT,338.63,294.38,NO,1.556,MONITORING
-2.96392,105.08168,,0.52,0.42,2026-09-25,657,N,VIIRS,n,2.0NRT,,8.17,D,VIIRS_SNPP_NRT,343.16,295.95,NO,2.231,MONITORING
-2.96194,105.19248,,0.53,0.42,2026-09-25,657,N,VIIRS,n,2.0NRT,,4.69,D,VIIRS_SNPP_NRT,332.37,296.36,NO,4.953,MONITORING
-2.95885,105.18715,,0.53,0.42,2026-09-25,657,N,VIIRS,n,2.0NRT,,5.28,D,VIIRS_SNPP_NRT,333.02,292.64,NO,4.522,MONITORING
-2.95809,105.19189,,0.53,0.42,2026-09-25,657,N,VIIRS,n,2.0NRT,,5.28,D,VIIRS_SNPP_NRT,341.19,295.0,NO,5.044,MONITORING
-2.93964,105.20853,,0.53,0.42,2026-09-25,657,N,VIIRS,n,2.0NRT,,13.34,D,VIIRS_SNPP_NRT,343.98,291.14,NO,7.502,MONITORING
-2.87712,105.14686,,0.53,0.42,2026-09-25,657,N,VIIRS,n,2.0NRT,,6.21,D,VIIRS_SNPP_NRT,332.62,296.84,NO,7.484,MONITORING
-2.87637,105.15159,,0.53,0.42,2026-09-25,657,N,VIIRS,n,2.0NRT,,6.21,D,VIIRS_SNPP_NRT,339.93,297.94,NO,7.705,MONITORING
-2.87562,105.15632,,0.53,0.42,2026-09-25,657,N,VIIRS,n,2.0NRT,,9.87,D,VIIRS_SNPP_NRT,340.31,297.47,NO,7.954,MONITORING
-2.87402,105.14153,,0.53,0.42,2026-09-25,657,N,VIIRS,n,2.0NRT,,2.39,D,VIIRS_SNPP_NRT,337.58,295.09,NO,7.701,MONITORING
-2.87327,105.14626,,0.53,0.42,2026-09-25,657,N,VIIRS,n,2.0NRT,,21.19,D,VIIRS_SNPP_NRT,331.02,295.86,NO,7.888,MONITORING
-2.87252,105.151,,0.53,0.42,2026-09-25,657,N,VIIRS,n,2.0NRT,,21.19,D,VIIRS_SNPP_NRT,356.22,299.45,NO,8.097,MONITORING
-2.87177,105.15573,,0.53,0.42,2026-09-25,657,N,VIIRS,n,2.0NRT,,14.37,D,VIIRS_SNPP_NRT,346.08,296.38,NO,8.336,MONITORING
-2.86752,106.14982,,0.4,0.44,2026-09-25,657,N,VIIRS,n,2.0NRT,,10.45,D,VIIRS_SNPP_NRT,334.04,280.2,NO,17.852,MONITORING
-2.86695,106.15347,,0.4,0.44,2026-09-25,657,N,VIIRS,n,2.0NRT,,46.03,D,VIIRS_SNPP_NRT,353.82,286.75,NO,18.182,MONITORING
-2.86285,106.15283,,0.4,0.44,2026-09-25,657,N,VIIRS,n,2.0NRT,,6.07,D,VIIRS_SNPP_NRT,337.4,282.52,NO,18.46,MONITORING
-2.8502,105.1427,,0.53,0.42,2026-09-25,657,N,VIIRS,n,2.0NRT,,12.69,D,VIIRS_SNPP_NRT,343.04,297.36,NO,10.333,MONITORING
-2.84793,105.15691,,0.53,0.42,2026-09-25,657,N,VIIRS,n,2.0NRT,,6.97,D,VIIRS_SNPP_NRT,341.86,298.57,NO,10.914,MONITORING
-2.84717,105.16166,,0.53,0.42,2026-09-25,657,N,VIIRS,n,2.0NRT,,10.54,D,VIIRS_SNPP_NRT,331.88,298.79,NO,10.655,MONITORING
-2.84487,106.21365,,0.41,0.45,2026-09-25,657,N,VIIRS,n,2.0NRT,,3.07,D,VIIRS_SNPP_NRT,333.27,282.53,NO,24.788,MONITORING
-2.84408,105.15632,,0.53,0.42,2026-09-25,657,N,VIIRS,n,2.0NRT,,6.97,D,VIIRS_SNPP_NRT,338.37,296.95,NO,11.075,MONITORING
-2.83947,105.16047,,0.53,0.42,2026-09-25,657,N,VIIRS,n,2.0NRT,,4.55,D,VIIRS_SNPP_NRT,330.03,297.04,NO,10.461,MONITORING
-2.82591,106.12106,,0.4,0.44,2026-09-25,657,N,VIIRS,n,2.0NRT,,3.67,D,VIIRS_SNPP_NRT,338.07,284.56,NO,19.699,MONITORING
-2.81013,106.11488,,0.4,0.44,2026-09-25,657,N,VIIRS,n,2.0NRT,,4.87,D,VIIRS_SNPP_NRT,339.9,279.63,NO,20.889,MONITORING
-2.80895,106.09618,,0.4,0.44,2026-09-25,657,N,VIIRS,n,2.0NRT,,10.04,D,VIIRS_SNPP_NRT,345.51,282.6,NO,20.018,MONITORING
-2.80836,106.0998,,0.4,0.44,2026-09-25,657,N,VIIRS,n,2.0NRT,,8.01,D,VIIRS_SNPP_NRT,335.8,280.82,NO,20.261,MONITORING
-2.80486,106.09556,,0.4,0.44,2026-09-25,657,N,VIIRS,n,2.0NRT,,40.81,D,VIIRS_SNPP_NRT,355.1,284.87,NO,20.395,MONITORING
-2.80428,106.09916,,0.4,0.44,2026-09-25,657,N,VIIRS,n,2.0NRT,,17.14,D,VIIRS_SNPP_NRT,336.99,279.7,NO,20.632,MONITORING
-2.53611,105.25245,,0.54,0.42,2026-09-25,657,N,VIIRS,n,2.0NRT,,12.37,D,VIIRS_SNPP_NRT,341.53,296.89,NO,1.351,MONITORING
-2.5291,105.24641,,0.54,0.42,2026-09-25,657,N,VIIRS,n,2.0NRT,,3.96,D,VIIRS_SNPP_NRT,336.13,297.96,NO,1.717,MONITORING
-2.51814,105.19032,,0.53,0.42,2026-09-25,657,N,VIIRS,n,2.0NRT,,7.88,D,VIIRS_SNPP_NRT,335.23,299.77,NO,4.977,MONITORING
-2.67541,105.96994,,0.35,0.57,2026-09-25,1756,N,VIIRS,n,2.0NRT,,0.63,N,VIIRS_SNPP_NRT,308.7,277.29,NO,20.928,MONITORING
-2.67489,105.96679,,0.35,0.57,2026-09-25,1756,N,VIIRS,n,2.0NRT,,0.8,N,VIIRS_SNPP_NRT,306.1,274.37,NO,20.598,MONITORING
-3.8052,105.54057,,0.36,0.57,2026-09-25,1758,N,VIIRS,n,2.0NRT,,0.61,N,VIIRS_SNPP_NRT,305.13,289.19,YES,,LOW
-3.79582,105.58236,,0.35,0.57,2026-09-25,1758,N,VIIRS,n,2.0NRT,,1.51,N,VIIRS_SNPP_NRT,310.54,291.14,YES,,LOW
-3.79528,105.57912,,0.36,0.57,2026-09-25,1758,N,VIIRS,n,2.0NRT,,1.7,N,VIIRS_SNPP_NRT,313.23,291.22,YES,,LOW
-3.79054,105.58329,,0.35,0.57,2026-09-25,1758,N,VIIRS,n,2.0NRT,,1.51,N,VIIRS_SNPP_NRT,306.69,291.01,YES,,LOW
-3.79,105.58006,,0.36,0.57,2026-09-25,1758,N,VIIRS,n,2.0NRT,,1.7,N,VIIRS_SNPP_NRT,313.75,291.84,YES,,LOW
-3.78946,105.57681,,0.36,0.57,2026-09-25,1758,N,VIIRS,n,2.0NRT,,1.7,N,VIIRS_SNPP_NRT,310.41,291.6,YES,,LOW
-3.78255,105.56799,,0.36,0.57,2026-09-25,1758,N,VIIRS,n,2.0NRT,,2.57,N,VIIRS_SNPP_NRT,323.02,292.85,YES,,LOW
-3.782,105.56474,,0.36,0.57,2026-09-25,1758,N,VIIRS,n,2.0NRT,,2.57,N,VIIRS_SNPP_NRT,315.49,291.9,YES,,LOW
-3.78091,105.55823,,0.36,0.57,2026-09-25,1758,N,VIIRS,n,2.0NRT,,5.15,N,VIIRS_SNPP_NRT,322.42,290.96,YES,,LOW
-3.78037,105.55498,,0.36,0.57,2026-09-25,1758,N,VIIRS,n,2.0NRT,,6.24,N,VIIRS_SNPP_NRT,313.55,290.57,YES,,LOW
-3.77617,105.56239,,0.36,0.57,2026-09-25,1758,N,VIIRS,n,2.0NRT,,5.15,N,VIIRS_SNPP_NRT,306.58,290.65,YES,,LOW
-3.77562,105.55914,,0.36,0.57,2026-09-25,1758,N,VIIRS,n,2.0NRT,,5.15,N,VIIRS_SNPP_NRT,355.88,294.99,YES,,LOW
-3.77508,105.55589,,0.36,0.57,2026-09-25,1758,N,VIIRS,h,2.0NRT,,6.24,N,VIIRS_SNPP_NRT,367.0,294.54,YES,,LOW
-3.77453,105.55264,,0.36,0.57,2026-09-25,1758,N,VIIRS,n,2.0NRT,,6.24,N,VIIRS_SNPP_NRT,313.36,291.09,YES,,LOW
-3.77088,105.56331,,0.36,0.57,2026-09-25,1758,N,VIIRS,n,2.0NRT,,2.39,N,VIIRS_SNPP_NRT,317.82,292.82,YES,,LOW
-3.77033,105.56005,,0.36,0.57,2026-09-25,1758,N,VIIRS,n,2.0NRT,,2.39,N,VIIRS_SNPP_NRT,327.92,293.58,YES,,LOW
-3.76979,105.55681,,0.36,0.57,2026-09-25,1758,N,VIIRS,n,2.0NRT,,3.7,N,VIIRS_SNPP_NRT,327.69,293.42,YES,,LOW
-3.76924,105.55355,,0.36,0.57,2026-09-25,1758,N,VIIRS,n,2.0NRT,,3.7,N,VIIRS_SNPP_NRT,327.48,293.53,YES,,LOW
-3.76869,105.55029,,0.36,0.57,2026-09-25,1758,N,VIIRS,n,2.0NRT,,2.97,N,VIIRS_SNPP_NRT,319.4,292.77,YES,,LOW
-3.76814,105.54703,,0.36,0.57,2026-09-25,1758,N,VIIRS,n,2.0NRT,,2.97,N,VIIRS_SNPP_NRT,315.04,291.84,YES,,LOW
-3.76504,105.56097,,0.36,0.57,2026-09-25,1758,N,VIIRS,n,2.0NRT,,2.39,N,VIIRS_SNPP_NRT,309.76,290.59,YES,,LOW
-3.7645,105.55772,,0.36,0.57,2026-09-25,1758,N,VIIRS,n,2.0NRT,,3.7,N,VIIRS_SNPP_NRT,327.36,293.64,YES,,LOW
-3.76395,105.55447,,0.36,0.57,2026-09-25,1758,N,VIIRS,n,2.0NRT,,3.7,N,VIIRS_SNPP_NRT,324.85,293.95,YES,,LOW
-3.7634,105.5512,,0.36,0.57,2026-09-25,1758,N,VIIRS,n,2.0NRT,,2.97,N,VIIRS_SNPP_NRT,326.57,293.96,YES,,LOW
-3.76285,105.54794,,0.36,0.57,2026-09-25,1758,N,VIIRS,n,2.0NRT,,2.97,N,VIIRS_SNPP_NRT,318.88,292.88,YES,,LOW
-3.75866,105.55537,,0.36,0.57,2026-09-25,1758,N,VIIRS,n,2.0NRT,,1.3,N,VIIRS_SNPP_NRT,307.99,288.16,YES,,LOW
-3.75811,105.55212,,0.36,0.57,2026-09-25,1758,N,VIIRS,n,2.0NRT,,2.07,N,VIIRS_SNPP_NRT,324.41,289.67,YES,,LOW
-3.75755,105.54886,,0.36,0.57,2026-09-25,1758,N,VIIRS,n,2.0NRT,,2.07,N,VIIRS_SNPP_NRT,322.71,289.53,YES,,LOW
-3.757,105.54559,,0.36,0.57,2026-09-25,1758,N,VIIRS,n,2.0NRT,,1.93,N,VIIRS_SNPP_NRT,312.69,290.25,YES,,LOW
-3.75645,105.54233,,0.36,0.57,2026-09-25,1758,N,VIIRS,n,2.0NRT,,1.93,N,VIIRS_SNPP_NRT,309.52,288.1,YES,,LOW
-3.75336,105.55629,,0.36,0.57,2026-09-25,1758,N,VIIRS,n,2.0NRT,,1.3,N,VIIRS_SNPP_NRT,298.46,272.15,YES,,LOW
-3.75281,105.55303,,0.36,0.57,2026-09-25,1758,N,VIIRS,n,2.0NRT,,2.07,N,VIIRS_SNPP_NRT,308.28,274.72,YES,,LOW
-3.75226,105.54977,,0.36,0.57,2026-09-25,1758,N,VIIRS,n,2.0NRT,,2.07,N,VIIRS_SNPP_NRT,310.49,280.49,YES,,LOW
-3.75171,105.54651,,0.36,0.57,2026-09-25,1758,N,VIIRS,n,2.0NRT,,1.93,N,VIIRS_SNPP_NRT,306.12,283.94,YES,,LOW
-3.75115,105.54324,,0.36,0.57,2026-09-25,1758,N,VIIRS,n,2.0NRT,,1.93,N,VIIRS_SNPP_NRT,306.87,284.81,YES,,LOW
-3.7506,105.53999,,0.36,0.57,2026-09-25,1758,N,VIIRS,n,2.0NRT,,3.64,N,VIIRS_SNPP_NRT,341.62,286.45,YES,,LOW
-3.75005,105.53671,,0.36,0.57,2026-09-25,1758,N,VIIRS,n,2.0NRT,,3.64,N,VIIRS_SNPP_NRT,300.29,282.61,YES,,LOW
-3.74958,105.46918,,0.36,0.58,2026-09-25,1758,N,VIIRS,n,2.0NRT,,0.88,N,VIIRS_SNPP_NRT,304.12,271.58,YES,,LOW
-3.74902,105.46587,,0.36,0.58,2026-09-25,1758,N,VIIRS,n,2.0NRT,,0.96,N,VIIRS_SNPP_NRT,299.96,269.38,YES,,LOW
-3.74586,105.54415,,0.36,0.57,2026-09-25,1758,N,VIIRS,n,2.0NRT,,1.41,N,VIIRS_SNPP_NRT,299.14,276.5,YES,,LOW
-3.74531,105.5409,,0.36,0.57,2026-09-25,1758,N,VIIRS,n,2.0NRT,,2.45,N,VIIRS_SNPP_NRT,332.69,285.54,YES,,LOW
-3.74444,105.56792,,0.36,0.57,2026-09-25,1758,N,VIIRS,n,2.0NRT,,0.75,N,VIIRS_SNPP_NRT,298.11,281.56,YES,,LOW
-3.74258,105.46018,,0.36,0.58,2026-09-25,1758,N,VIIRS,n,2.0NRT,,2.63,N,VIIRS_SNPP_NRT,301.96,269.64,YES,,LOW
-3.74202,105.45686,,0.36,0.58,2026-09-25,1758,N,VIIRS,n,2.0NRT,,2.63,N,VIIRS_SNPP_NRT,342.49,267.8,YES,,LOW
-3.74146,105.45355,,0.36,0.58,2026-09-25,1758,N,VIIRS,n,2.0NRT,,2.68,N,VIIRS_SNPP_NRT,343.59,266.42,YES,,LOW
-3.7409,105.45024,,0.36,0.58,2026-09-25,1758,N,VIIRS,n,2.0NRT,,2.68,N,VIIRS_SNPP_NRT,302.93,263.66,YES,,LOW
-3.74001,105.54182,,0.36,0.57,2026-09-25,1758,N,VIIRS,n,2.0NRT,,2.45,N,VIIRS_SNPP_NRT,305.17,277.39,YES,,LOW
-3.73669,105.4578,,0.36,0.58,2026-09-25,1758,N,VIIRS,n,2.0NRT,,2.63,N,VIIRS_SNPP_NRT,296.66,273.01,YES,,LOW
-3.73613,105.45449,,0.36,0.58,2026-09-25,1758,N,VIIRS,n,2.0NRT,,2.68,N,VIIRS_SNPP_NRT,300.93,271.12,YES,,LOW
-3.73557,105.45117,,0.36,0.58,2026-09-25,1758,N,VIIRS,n,2.0NRT,,2.68,N,VIIRS_SNPP_NRT,295.75,268.16,YES,,LOW
-3.69887,105.64227,,0.35,0.57,2026-09-25,1758,N,VIIRS,n,2.0NRT,,0.66,N,VIIRS_SNPP_NRT,302.91,287.84,YES,,LOW
-3.69359,105.64314,,0.35,0.57,2026-09-25,1758,N,VIIRS,n,2.0NRT,,0.66,N,VIIRS_SNPP_NRT,300.1,287.25,YES,,LOW
-3.69307,105.63999,,0.35,0.57,2026-09-25,1758,N,VIIRS,n,2.0NRT,,0.66,N,VIIRS_SNPP_NRT,301.34,287.54,YES,,LOW
-3.69225,105.73212,,0.35,0.57,2026-09-25,1758,N,VIIRS,n,2.0NRT,,0.43,N,VIIRS_SNPP_NRT,296.96,283.01,YES,,LOW
-3.68702,105.73302,,0.35,0.57,2026-09-25,1758,N,VIIRS,n,2.0NRT,,0.43,N,VIIRS_SNPP_NRT,306.66,284.76,YES,,LOW
-3.68648,105.72984,,0.35,0.57,2026-09-25,1758,N,VIIRS,n,2.0NRT,,1.35,N,VIIRS_SNPP_NRT,303.38,285.59,YES,,LOW
-3.68348,105.33965,,0.37,0.58,2026-09-25,1758,N,VIIRS,n,2.0NRT,,0.8,N,VIIRS_SNPP_NRT,296.85,272.28,YES,,LOW
-3.62992,105.5235,,0.36,0.57,2026-09-25,1758,N,VIIRS,n,2.0NRT,,0.52,N,VIIRS_SNPP_NRT,303.07,287.34,YES,,LOW
-3.56984,105.70766,,0.35,0.57,2026-09-25,1758,N,VIIRS,n,2.0NRT,,0.43,N,VIIRS_SNPP_NRT,295.91,281.37,YES,,LOW
-3.5693,105.70445,,0.35,0.57,2026-09-25,1758,N,VIIRS,n,2.0NRT,,0.56,N,VIIRS_SNPP_NRT,300.23,282.15,YES,,LOW
-3.54609,105.7903,,0.35,0.56,2026-09-25,1758,N,VIIRS,n,2.0NRT,,0.44,N,VIIRS_SNPP_NRT,301.31,282.9,YES,,LOW
-3.54464,105.81329,,0.35,0.56,2026-09-25,1758,N,VIIRS,n,2.0NRT,,4.61,N,VIIRS_SNPP_NRT,345.55,286.44,YES,,LOW
-3.52097,105.64323,,0.35,0.57,2026-09-25,1758,N,VIIRS,n,2.0NRT,,1.06,N,VIIRS_SNPP_NRT,305.18,287.74,YES,,LOW
-3.51569,105.64417,,0.35,0.57,2026-09-25,1758,N,VIIRS,n,2.0NRT,,1.05,N,VIIRS_SNPP_NRT,306.36,286.77,YES,,LOW
-3.47395,105.61102,,0.36,0.57,2026-09-25,1758,N,VIIRS,n,2.0NRT,,0.54,N,VIIRS_SNPP_NRT,307.8,286.74,YES,,LOW
-3.43845,105.19387,,0.38,0.59,2026-09-25,1758,N,VIIRS,n,2.0NRT,,2.59,N,VIIRS_SNPP_NRT,307.25,287.44,YES,,LOW
-3.43786,105.19038,,0.38,0.59,2026-09-25,1758,N,VIIRS,n,2.0NRT,,6.8,N,VIIRS_SNPP_NRT,308.45,287.77,YES,,LOW
-3.433,105.19479,,0.38,0.59,2026-09-25,1758,N,VIIRS,n,2.0NRT,,2.59,N,VIIRS_SNPP_NRT,306.38,287.23,YES,,LOW
-3.43267,105.19398,,0.38,0.59,2026-09-25,1758,N,VIIRS,n,2.0NRT,,5.73,N,VIIRS_SNPP_NRT,322.58,287.49,YES,,LOW
-3.4324,105.19131,,0.38,0.59,2026-09-25,1758,N,VIIRS,h,2.0NRT,,6.8,N,VIIRS_SNPP_NRT,367.0,292.61,YES,,LOW
-3.43209,105.19048,,0.38,0.59,2026-09-25,1758,N,VIIRS,h,2.0NRT,,8.64,N,VIIRS_SNPP_NRT,367.0,292.93,YES,,LOW
-3.4318,105.18783,,0.38,0.59,2026-09-25,1758,N,VIIRS,n,2.0NRT,,6.8,N,VIIRS_SNPP_NRT,333.39,289.3,YES,,LOW
-3.43152,105.18699,,0.38,0.59,2026-09-25,1758,N,VIIRS,n,2.0NRT,,8.64,N,VIIRS_SNPP_NRT,326.92,289.15,YES,,LOW
-3.4312,105.18435,,0.38,0.59,2026-09-25,1758,N,VIIRS,n,2.0NRT,,2.67,N,VIIRS_SNPP_NRT,315.85,288.51,YES,,LOW
-3.43095,105.1835,,0.38,0.59,2026-09-25,1758,N,VIIRS,n,2.0NRT,,2.36,N,VIIRS_SNPP_NRT,313.78,288.49,YES,,LOW
-3.4306,105.18086,,0.38,0.59,2026-09-25,1758,N,VIIRS,n,2.0NRT,,2.67,N,VIIRS_SNPP_NRT,306.2,287.73,YES,,LOW
-3.43037,105.18001,,0.38,0.59,2026-09-25,1758,N,VIIRS,n,2.0NRT,,2.36,N,VIIRS_SNPP_NRT,304.52,287.59,YES,,LOW
-3.38346,105.3341,,0.37,0.58,2026-09-25,1758,N,VIIRS,n,2.0NRT,,3.86,N,VIIRS_SNPP_NRT,334.53,288.73,YES,,LOW
-3.38288,105.33066,,0.37,0.58,2026-09-25,1758,N,VIIRS,n,2.0NRT,,3.86,N,VIIRS_SNPP_NRT,338.23,289.46,YES,,LOW
-3.3823,105.32723,,0.37,0.58,2026-09-25,1758,N,VIIRS,n,2.0NRT,,5.64,N,VIIRS_SNPP_NRT,336.08,288.95,YES,,LOW
-3.37806,105.33501,,0.37,0.58,2026-09-25,1758,N,VIIRS,n,2.0NRT,,0.62,N,VIIRS_SNPP_NRT,302.18,288.56,YES,,LOW
-3.37725,105.2644,,0.38,0.59,2026-09-25,1758,N,VIIRS,n,2.0NRT,,1.37,N,VIIRS_SNPP_NRT,310.82,288.05,YES,,LOW
-3.35246,105.28291,,0.38,0.59,2026-09-25,1758,N,VIIRS,n,2.0NRT,,0.93,N,VIIRS_SNPP_NRT,311.59,288.81,YES,,LOW
-3.35186,105.27942,,0.38,0.59,2026-09-25,1758,N,VIIRS,n,2.0NRT,,0.93,N,VIIRS_SNPP_NRT,302.95,288.58,YES,,LOW
-3.31153,105.17519,,0.38,0.59,2026-09-25,1758,N,VIIRS,n,2.0NRT,,1.28,N,VIIRS_SNPP_NRT,310.78,283.46,YES,,LOW
-3.31133,105.17657,,0.39,0.59,2026-09-25,1758,N,VIIRS,n,2.0NRT,,2.05,N,VIIRS_SNPP_NRT,310.75,284.16,YES,,LOW
-3.31075,105.17304,,0.39,0.59,2026-09-25,1758,N,VIIRS,n,2.0NRT,,2.05,N,VIIRS_SNPP_NRT,300.0,283.71,YES,,LOW
-3.30727,105.18312,,0.38,0.59,2026-09-25,1758,N,VIIRS,n,2.0NRT,,2.43,N,VIIRS_SNPP_NRT,306.41,283.94,YES,,LOW
-3.30667,105.17962,,0.38,0.59,2026-09-25,1758,N,VIIRS,n,2.0NRT,,2.43,N,VIIRS_SNPP_NRT,334.02,284.84,YES,,LOW
-3.30644,105.18103,,0.38,0.59,2026-09-25,1758,N,VIIRS,n,2.0NRT,,3.9,N,VIIRS_SNPP_NRT,331.47,284.92,YES,,LOW
-3.30606,105.17611,,0.38,0.59,2026-09-25,1758,N,VIIRS,n,2.0NRT,,3.19,N,VIIRS_SNPP_NRT,309.56,285.31,YES,,LOW
-3.30586,105.17751,,0.39,0.59,2026-09-25,1758,N,VIIRS,n,2.0NRT,,2.05,N,VIIRS_SNPP_NRT,319.97,285.32,YES,,LOW
-3.25482,104.97247,,0.4,0.6,2026-09-25,1758,N,VIIRS,n,2.0NRT,,0.59,N,VIIRS_SNPP_NRT,295.81,268.67,YES,,LOW
-3.23079,105.33006,,0.38,0.58,2026-09-25,1758,N,VIIRS,n,2.0NRT,,1.53,N,VIIRS_SNPP_NRT,309.35,286.31,YES,,LOW
-3.22987,105.32977,,0.38,0.59,2026-09-25,1758,N,VIIRS,n,2.0NRT,,1.23,N,VIIRS_SNPP_NRT,305.08,284.79,YES,,LOW
-3.22174,105.34225,,0.38,0.58,2026-09-25,1758,N,VIIRS,n,2.0NRT,,0.25,N,VIIRS_SNPP_NRT,298.49,282.82,YES,,LOW
-3.22114,105.33881,,0.38,0.58,2026-09-25,1758,N,VIIRS,n,2.0NRT,,0.25,N,VIIRS_SNPP_NRT,301.27,282.4,YES,,LOW
-3.22017,105.33857,,0.38,0.58,2026-09-25,1758,N,VIIRS,n,2.0NRT,,0.5,N,VIIRS_SNPP_NRT,300.03,281.24,YES,,LOW
-3.21936,105.32851,,0.38,0.59,2026-09-25,1758,N,VIIRS,n,2.0NRT,,0.82,N,VIIRS_SNPP_NRT,303.4,280.13,YES,,LOW
-3.21846,105.32825,,0.38,0.59,2026-09-25,1758,N,VIIRS,n,2.0NRT,,0.89,N,VIIRS_SNPP_NRT,305.8,281.68,YES,,LOW
-3.16215,105.39091,,0.37,0.58,2026-09-25,1758,N,VIIRS,n,2.0NRT,,1.6,N,VIIRS_SNPP_NRT,322.18,284.05,YES,,LOW
-3.15674,105.39178,,0.37,0.58,2026-09-25,1758,N,VIIRS,n,2.0NRT,,1.6,N,VIIRS_SNPP_NRT,315.2,284.55,YES,,LOW
-3.15616,105.38837,,0.37,0.58,2026-09-25,1758,N,VIIRS,n,2.0NRT,,3.45,N,VIIRS_SNPP_NRT,302.19,285.27,YES,,LOW
-3.15134,105.39268,,0.37,0.58,2026-09-25,1758,N,VIIRS,n,2.0NRT,,2.56,N,VIIRS_SNPP_NRT,307.19,286.82,YES,,LOW
-3.15075,105.38927,,0.37,0.58,2026-09-25,1758,N,VIIRS,n,2.0NRT,,7.25,N,VIIRS_SNPP_NRT,345.89,289.76,YES,,LOW
-3.14959,105.38246,,0.37,0.58,2026-09-25,1758,N,VIIRS,n,2.0NRT,,2.46,N,VIIRS_SNPP_NRT,318.1,289.23,YES,,LOW
-3.09864,105.21604,,0.39,0.59,2026-09-25,1758,N,VIIRS,n,2.0NRT,,2.47,N,VIIRS_SNPP_NRT,312.93,285.63,NO,0.191,MONITORING
-3.09814,105.21593,,0.39,0.59,2026-09-25,1758,N,VIIRS,n,2.0NRT,,3.28,N,VIIRS_SNPP_NRT,312.42,285.6,NO,0.219,MONITORING
-3.08189,105.28732,,0.38,0.59,2026-09-25,1758,N,VIIRS,n,2.0NRT,,1.86,N,VIIRS_SNPP_NRT,303.63,286.22,YES,,LOW
-3.05601,105.60935,,0.36,0.58,2026-09-25,1758,N,VIIRS,n,2.0NRT,,0.79,N,VIIRS_SNPP_NRT,300.16,279.21,YES,,LOW
-3.0534,105.61023,,0.36,0.58,2026-09-25,1758,N,VIIRS,n,2.0NRT,,1.3,N,VIIRS_SNPP_NRT,303.69,279.78,YES,,LOW
-3.05283,105.60693,,0.36,0.58,2026-09-25,1758,N,VIIRS,n,2.0NRT,,2.23,N,VIIRS_SNPP_NRT,301.07,279.46,YES,,LOW
-3.05068,105.61028,,0.36,0.58,2026-09-25,1758,N,VIIRS,n,2.0NRT,,1.53,N,VIIRS_SNPP_NRT,306.28,279.5,YES,,LOW
-3.05013,105.60696,,0.36,0.58,2026-09-25,1758,N,VIIRS,n,2.0NRT,,2.13,N,VIIRS_SNPP_NRT,306.36,277.84,YES,,LOW
-3.04998,105.59036,,0.36,0.58,2026-09-25,1758,N,VIIRS,n,2.0NRT,,1.68,N,VIIRS_SNPP_NRT,301.47,279.84,YES,,LOW
-3.04959,105.60364,,0.36,0.58,2026-09-25,1758,N,VIIRS,n,2.0NRT,,2.13,N,VIIRS_SNPP_NRT,309.04,279.93,YES,,LOW
-3.04941,105.58704,,0.36,0.58,2026-09-25,1758,N,VIIRS,n,2.0NRT,,1.33,N,VIIRS_SNPP_NRT,305.86,279.89,YES,,LOW
-3.04904,105.60031,,0.36,0.58,2026-09-25,1758,N,VIIRS,n,2.0NRT,,3.97,N,VIIRS_SNPP_NRT,302.38,278.99,YES,,LOW
-3.04884,105.58372,,0.36,0.58,2026-09-25,1758,N,VIIRS,n,2.0NRT,,1.33,N,VIIRS_SNPP_NRT,305.79,278.99,YES,,LOW
-3.04849,105.59698,,0.36,0.58,2026-09-25,1758,N,VIIRS,n,2.0NRT,,3.97,N,VIIRS_SNPP_NRT,301.69,278.57,YES,,LOW
-3.04794,105.59366,,0.36,0.58,2026-09-25,1758,N,VIIRS,n,2.0NRT,,6.1,N,VIIRS_SNPP_NRT,303.23,278.66,YES,,LOW
-3.0474,105.59032,,0.36,0.58,2026-09-25,1758,N,VIIRS,n,2.0NRT,,6.1,N,VIIRS_SNPP_NRT,309.24,280.2,YES,,LOW
-3.04685,105.58699,,0.36,0.58,2026-09-25,1758,N,VIIRS,n,2.0NRT,,4.97,N,VIIRS_SNPP_NRT,321.82,281.57,YES,,LOW
-3.0463,105.58366,,0.36,0.58,2026-09-25,1758,N,VIIRS,n,2.0NRT,,4.97,N,VIIRS_SNPP_NRT,316.5,281.0,YES,,LOW
-3.0448,105.60787,,0.36,0.58,2026-09-25,1758,N,VIIRS,n,2.0NRT,,2.13,N,VIIRS_SNPP_NRT,310.07,279.87,YES,,LOW
-3.04425,105.60455,,0.36,0.58,2026-09-25,1758,N,VIIRS,n,2.0NRT,,2.13,N,VIIRS_SNPP_NRT,329.95,279.84,YES,,LOW
-3.0437,105.60123,,0.36,0.58,2026-09-25,1758,N,VIIRS,n,2.0NRT,,3.97,N,VIIRS_SNPP_NRT,333.86,282.1,YES,,LOW
-3.04315,105.5979,,0.36,0.58,2026-09-25,1758,N,VIIRS,n,2.0NRT,,3.97,N,VIIRS_SNPP_NRT,342.02,283.48,YES,,LOW
-3.0426,105.59457,,0.36,0.58,2026-09-25,1758,N,VIIRS,n,2.0NRT,,6.1,N,VIIRS_SNPP_NRT,350.02,285.11,YES,,LOW
-3.04205,105.59124,,0.36,0.58,2026-09-25,1758,N,VIIRS,h,2.0NRT,,6.1,N,VIIRS_SNPP_NRT,367.0,284.99,YES,,LOW
-3.0415,105.58791,,0.36,0.58,2026-09-25,1758,N,VIIRS,n,2.0NRT,,4.97,N,VIIRS_SNPP_NRT,345.53,283.39,YES,,LOW
-3.04095,105.58457,,0.36,0.58,2026-09-25,1758,N,VIIRS,n,2.0NRT,,4.97,N,VIIRS_SNPP_NRT,328.76,281.33,YES,,LOW
-3.0404,105.58124,,0.37,0.58,2026-09-25,1758,N,VIIRS,n,2.0NRT,,4.72,N,VIIRS_SNPP_NRT,307.08,278.01,YES,,LOW
-3.03891,105.60547,,0.36,0.58,2026-09-25,1758,N,VIIRS,n,2.0NRT,,2.47,N,VIIRS_SNPP_NRT,308.77,280.06,YES,,LOW
-3.03836,105.60214,,0.36,0.58,2026-09-25,1758,N,VIIRS,n,2.0NRT,,5.52,N,VIIRS_SNPP_NRT,334.49,283.13,YES,,LOW
-3.03781,105.59882,,0.36,0.58,2026-09-25,1758,N,VIIRS,n,2.0NRT,,5.52,N,VIIRS_SNPP_NRT,349.74,284.9,YES,,LOW
-3.03726,105.59548,,0.36,0.58,2026-09-25,1758,N,VIIRS,h,2.0NRT,,19.72,N,VIIRS_SNPP_NRT,367.0,288.17,YES,,HIGH
-3.03671,105.59216,,0.36,0.58,2026-09-25,1758,N,VIIRS,h,2.0NRT,,19.72,N,VIIRS_SNPP_NRT,367.0,289.39,YES,,HIGH
-3.03616,105.58882,,0.36,0.58,2026-09-25,1758,N,VIIRS,h,2.0NRT,,23.1,N,VIIRS_SNPP_NRT,367.0,287.61,YES,,HIGH
-3.03561,105.58548,,0.36,0.58,2026-09-25,1758,N,VIIRS,n,2.0NRT,,23.1,N,VIIRS_SNPP_NRT,341.77,282.26,YES,,HIGH
-3.03506,105.58215,,0.37,0.58,2026-09-25,1758,N,VIIRS,n,2.0NRT,,6.56,N,VIIRS_SNPP_NRT,323.17,280.88,YES,,LOW
-3.0345,105.57881,,0.37,0.58,2026-09-25,1758,N,VIIRS,n,2.0NRT,,6.56,N,VIIRS_SNPP_NRT,304.99,279.13,YES,,LOW
-3.03302,105.60305,,0.36,0.58,2026-09-25,1758,N,VIIRS,n,2.0NRT,,5.52,N,VIIRS_SNPP_NRT,313.36,279.81,YES,,LOW
-3.03247,105.59972,,0.36,0.58,2026-09-25,1758,N,VIIRS,n,2.0NRT,,5.52,N,VIIRS_SNPP_NRT,340.43,283.85,YES,,LOW
-3.03192,105.5964,,0.36,0.58,2026-09-25,1758,N,VIIRS,n,2.0NRT,,19.72,N,VIIRS_SNPP_NRT,357.45,287.0,YES,,HIGH
-3.03137,105.59307,,0.36,0.58,2026-09-25,1758,N,VIIRS,h,2.0NRT,,19.72,N,VIIRS_SNPP_NRT,367.0,287.09,YES,,HIGH
-3.03082,105.58974,,0.36,0.58,2026-09-25,1758,N,VIIRS,h,2.0NRT,,23.1,N,VIIRS_SNPP_NRT,367.0,286.29,YES,,HIGH
-3.03027,105.58641,,0.36,0.58,2026-09-25,1758,N,VIIRS,h,2.0NRT,,23.1,N,VIIRS_SNPP_NRT,367.0,286.93,YES,,HIGH
-3.02971,105.58308,,0.37,0.58,2026-09-25,1758,N,VIIRS,n,2.0NRT,,6.56,N,VIIRS_SNPP_NRT,354.66,283.6,YES,,LOW
-3.02916,105.57974,,0.37,0.58,2026-09-25,1758,N,VIIRS,n,2.0NRT,,6.56,N,VIIRS_SNPP_NRT,309.24,281.04,YES,,LOW
-3.02768,105.60397,,0.36,0.58,2026-09-25,1758,N,VIIRS,n,2.0NRT,,2.2,N,VIIRS_SNPP_NRT,319.66,282.6,YES,,LOW
-3.02713,105.60064,,0.36,0.58,2026-09-25,1758,N,VIIRS,n,2.0NRT,,2.2,N,VIIRS_SNPP_NRT,315.31,282.87,YES,,LOW
-3.02658,105.59731,,0.36,0.58,2026-09-25,1758,N,VIIRS,n,2.0NRT,,7.87,N,VIIRS_SNPP_NRT,336.38,284.79,YES,,LOW
-3.02603,105.59398,,0.36,0.58,2026-09-25,1758,N,VIIRS,h,2.0NRT,,7.87,N,VIIRS_SNPP_NRT,367.0,285.83,YES,,LOW
-3.02547,105.59066,,0.36,0.58,2026-09-25,1758,N,VIIRS,n,2.0NRT,,8.08,N,VIIRS_SNPP_NRT,349.51,285.32,YES,,LOW
-3.02492,105.58733,,0.36,0.58,2026-09-25,1758,N,VIIRS,n,2.0NRT,,8.08,N,VIIRS_SNPP_NRT,336.94,283.78,YES,,LOW
-3.02437,105.58398,,0.37,0.58,2026-09-25,1758,N,VIIRS,n,2.0NRT,,3.8,N,VIIRS_SNPP_NRT,309.87,281.07,YES,,LOW
-2.81033,106.10814,,0.34,0.56,2026-09-25,1758,N,VIIRS,n,2.0NRT,,2.42,N,VIIRS_SNPP_NRT,332.77,274.5,NO,20.504,MONITORING
-4.1623,105.58287,,0.39,0.36,2026-09-26,635,N,VIIRS,n,2.0NRT,,5.66,D,VIIRS_SNPP_NRT,343.02,305.12,NO,11.353,MONITORING
-4.09675,105.41302,,0.39,0.36,2026-09-26,635,N,VIIRS,n,2.0NRT,,20.82,D,VIIRS_SNPP_NRT,356.99,307.55,NO,21.858,MONITORING
-4.09395,105.40905,,0.39,0.36,2026-09-26,635,N,VIIRS,n,2.0NRT,,20.82,D,VIIRS_SNPP_NRT,331.22,299.58,NO,22.221,MONITORING
-4.09342,105.41253,,0.39,0.36,2026-09-26,635,N,VIIRS,n,2.0NRT,,20.82,D,VIIRS_SNPP_NRT,339.84,302.11,NO,21.829,MONITORING
-4.05088,105.43017,,0.39,0.36,2026-09-26,635,N,VIIRS,n,2.0NRT,,6.32,D,VIIRS_SNPP_NRT,346.46,303.26,NO,19.348,MONITORING
-4.0506,105.53745,,0.39,0.36,2026-09-26,635,N,VIIRS,n,2.0NRT,,1.84,D,VIIRS_SNPP_NRT,331.67,299.75,NO,7.406,MONITORING
-4.04756,105.42966,,0.39,0.36,2026-09-26,635,N,VIIRS,l,2.0NRT,,6.63,D,VIIRS_SNPP_NRT,334.27,307.23,NO,19.408,MONITORING
-3.89285,105.84179,,0.38,0.36,2026-09-26,635,N,VIIRS,n,2.0NRT,,3.05,D,VIIRS_SNPP_NRT,340.02,299.87,YES,,LOW
-3.88953,105.84128,,0.38,0.36,2026-09-26,635,N,VIIRS,n,2.0NRT,,1.83,D,VIIRS_SNPP_NRT,331.91,295.36,YES,,LOW
-3.88795,105.85164,,0.38,0.36,2026-09-26,635,N,VIIRS,n,2.0NRT,,4.62,D,VIIRS_SNPP_NRT,334.29,298.06,YES,,LOW
-3.88689,105.85855,,0.38,0.36,2026-09-26,635,N,VIIRS,n,2.0NRT,,1.63,D,VIIRS_SNPP_NRT,330.12,295.23,YES,,LOW
-3.86431,105.89677,,0.38,0.36,2026-09-26,635,N,VIIRS,n,2.0NRT,,4.53,D,VIIRS_SNPP_NRT,340.1,304.33,YES,,LOW
-3.85835,105.91353,,0.38,0.36,2026-09-26,635,N,VIIRS,n,2.0NRT,,11.1,D,VIIRS_SNPP_NRT,344.08,300.78,YES,,HIGH
-3.85783,105.91698,,0.38,0.36,2026-09-26,635,N,VIIRS,n,2.0NRT,,9.36,D,VIIRS_SNPP_NRT,337.48,297.07,YES,,LOW
-3.83438,105.58118,,0.38,0.36,2026-09-26,635,N,VIIRS,n,2.0NRT,,13.26,D,VIIRS_SNPP_NRT,348.06,301.14,YES,,HIGH
-3.83385,105.58463,,0.38,0.36,2026-09-26,635,N,VIIRS,n,2.0NRT,,13.26,D,VIIRS_SNPP_NRT,342.12,302.97,YES,,HIGH
-3.83165,105.88829,,0.38,0.36,2026-09-26,635,N,VIIRS,n,2.0NRT,,4.8,D,VIIRS_SNPP_NRT,337.7,298.23,YES,,LOW
-3.83106,105.58067,,0.38,0.36,2026-09-26,635,N,VIIRS,n,2.0NRT,,13.26,D,VIIRS_SNPP_NRT,352.73,300.77,YES,,HIGH
-3.83053,105.58413,,0.38,0.36,2026-09-26,635,N,VIIRS,n,2.0NRT,,13.26,D,VIIRS_SNPP_NRT,336.56,297.37,YES,,HIGH
-3.82093,105.55789,,0.39,0.36,2026-09-26,635,N,VIIRS,n,2.0NRT,,5.87,D,VIIRS_SNPP_NRT,333.84,299.34,YES,,LOW
-3.81903,105.46458,,0.39,0.36,2026-09-26,635,N,VIIRS,n,2.0NRT,,3.19,D,VIIRS_SNPP_NRT,332.9,302.83,YES,,LOW
-3.81571,105.46408,,0.39,0.36,2026-09-26,635,N,VIIRS,n,2.0NRT,,3.19,D,VIIRS_SNPP_NRT,332.53,300.67,YES,,LOW
-3.81433,105.58432,,0.38,0.36,2026-09-26,635,N,VIIRS,l,2.0NRT,,3.81,D,VIIRS_SNPP_NRT,331.47,302.52,YES,,LOW
-3.81247,105.39617,,0.39,0.36,2026-09-26,635,N,VIIRS,n,2.0NRT,,3.75,D,VIIRS_SNPP_NRT,342.52,302.2,NO,3.577,MONITORING
-3.812,105.48834,,0.39,0.36,2026-09-26,635,N,VIIRS,n,2.0NRT,,2.24,D,VIIRS_SNPP_NRT,331.69,301.26,YES,,LOW
-3.81194,105.39964,,0.39,0.36,2026-09-26,635,N,VIIRS,n,2.0NRT,,5.96,D,VIIRS_SNPP_NRT,342.39,302.84,NO,3.533,MONITORING
-3.81141,105.40311,,0.39,0.36,2026-09-26,635,N,VIIRS,n,2.0NRT,,5.96,D,VIIRS_SNPP_NRT,351.1,302.9,NO,3.176,MONITORING
-3.81132,105.47052,,0.39,0.36,2026-09-26,635,N,VIIRS,n,2.0NRT,,3.83,D,VIIRS_SNPP_NRT,333.99,300.87,YES,,LOW
-3.81086,105.56256,,0.38,0.36,2026-09-26,635,N,VIIRS,n,2.0NRT,,4.19,D,VIIRS_SNPP_NRT,338.3,301.66,YES,,LOW
-3.80861,105.39914,,0.39,0.36,2026-09-26,635,N,VIIRS,n,2.0NRT,,17.03,D,VIIRS_SNPP_NRT,346.12,299.27,NO,3.404,MONITORING
-3.80815,105.49131,,0.39,0.36,2026-09-26,635,N,VIIRS,n,2.0NRT,,46.85,D,VIIRS_SNPP_NRT,353.87,303.8,YES,,HIGH
-3.80808,105.40261,,0.39,0.36,2026-09-26,635,N,VIIRS,n,2.0NRT,,17.03,D,VIIRS_SNPP_NRT,339.65,301.03,NO,3.352,MONITORING
-3.808,105.47001,,0.39,0.36,2026-09-26,635,N,VIIRS,n,2.0NRT,,3.83,D,VIIRS_SNPP_NRT,343.27,302.35,YES,,LOW
-3.80747,105.47348,,0.39,0.36,2026-09-26,635,N,VIIRS,n,2.0NRT,,3.83,D,VIIRS_SNPP_NRT,333.71,301.85,YES,,LOW
-3.80694,105.47694,,0.39,0.36,2026-09-26,635,N,VIIRS,n,2.0NRT,,4.49,D,VIIRS_SNPP_NRT,333.51,298.5,YES,,LOW
-3.80581,105.39516,,0.39,0.36,2026-09-26,635,N,VIIRS,l,2.0NRT,,64.03,D,VIIRS_SNPP_NRT,330.69,304.33,NO,2.998,MONITORING
-3.80535,105.48734,,0.39,0.36,2026-09-26,635,N,VIIRS,l,2.0NRT,,12.51,D,VIIRS_SNPP_NRT,332.76,303.3,YES,,HIGH
-3.80528,105.39864,,0.39,0.36,2026-09-26,635,N,VIIRS,n,2.0NRT,,17.03,D,VIIRS_SNPP_NRT,353.53,305.01,NO,3.031,MONITORING
-3.8052,105.46604,,0.39,0.36,2026-09-26,635,N,VIIRS,n,2.0NRT,,3.44,D,VIIRS_SNPP_NRT,333.69,299.94,YES,,LOW
-3.80482,105.49081,,0.39,0.36,2026-09-26,635,N,VIIRS,l,2.0NRT,,46.85,D,VIIRS_SNPP_NRT,339.56,311.71,YES,,HIGH
-3.80475,105.40211,,0.39,0.36,2026-09-26,635,N,VIIRS,n,2.0NRT,,17.03,D,VIIRS_SNPP_NRT,341.29,306.48,NO,3.0,MONITORING
-3.80256,105.48338,,0.39,0.36,2026-09-26,635,N,VIIRS,n,2.0NRT,,9.08,D,VIIRS_SNPP_NRT,332.69,301.97,YES,,LOW
-3.80203,105.48683,,0.39,0.36,2026-09-26,635,N,VIIRS,n,2.0NRT,,9.08,D,VIIRS_SNPP_NRT,348.67,301.57,YES,,LOW
-3.80188,105.46554,,0.39,0.36,2026-09-26,635,N,VIIRS,n,2.0NRT,,3.44,D,VIIRS_SNPP_NRT,331.61,300.56,YES,,LOW
-3.79976,105.4794,,0.39,0.36,2026-09-26,635,N,VIIRS,n,2.0NRT,,23.07,D,VIIRS_SNPP_NRT,356.86,310.47,YES,,HIGH
-3.79923,105.48287,,0.39,0.36,2026-09-26,635,N,VIIRS,n,2.0NRT,,9.08,D,VIIRS_SNPP_NRT,351.67,302.84,YES,,LOW
-3.79719,105.58527,,0.38,0.36,2026-09-26,635,N,VIIRS,l,2.0NRT,,4.6,D,VIIRS_SNPP_NRT,330.8,303.45,YES,,LOW
-3.79443,105.20125,,0.39,0.36,2026-09-26,635,N,VIIRS,n,2.0NRT,,6.56,D,VIIRS_SNPP_NRT,332.89,300.45,YES,,LOW
-3.7944,105.58131,,0.38,0.36,2026-09-26,635,N,VIIRS,n,2.0NRT,,5.16,D,VIIRS_SNPP_NRT,339.93,304.88,YES,,LOW
-3.7939,105.20473,,0.39,0.36,2026-09-26,635,N,VIIRS,n,2.0NRT,,12.17,D,VIIRS_SNPP_NRT,349.68,306.53,YES,,HIGH
-3.79387,105.58476,,0.38,0.36,2026-09-26,635,N,VIIRS,n,2.0NRT,,5.16,D,VIIRS_SNPP_NRT,335.44,302.61,YES,,LOW
-3.79109,105.20074,,0.39,0.36,2026-09-26,635,N,VIIRS,n,2.0NRT,,23.27,D,VIIRS_SNPP_NRT,344.83,306.53,YES,,HIGH
-3.79057,105.20424,,0.39,0.36,2026-09-26,635,N,VIIRS,n,2.0NRT,,20.75,D,VIIRS_SNPP_NRT,338.26,300.39,YES,,HIGH
-3.78775,105.5803,,0.38,0.36,2026-09-26,635,N,VIIRS,n,2.0NRT,,4.65,D,VIIRS_SNPP_NRT,335.79,304.5,YES,,LOW
-3.78601,105.56943,,0.38,0.36,2026-09-26,635,N,VIIRS,n,2.0NRT,,5.09,D,VIIRS_SNPP_NRT,338.52,305.08,YES,,LOW
-3.78549,105.57288,,0.38,0.36,2026-09-26,635,N,VIIRS,l,2.0NRT,,6.82,D,VIIRS_SNPP_NRT,332.5,303.5,YES,,LOW
-3.78496,105.73193,,0.38,0.36,2026-09-26,635,N,VIIRS,n,2.0NRT,,4.42,D,VIIRS_SNPP_NRT,339.22,298.22,YES,,LOW
-3.78443,105.73538,,0.38,0.36,2026-09-26,635,N,VIIRS,n,2.0NRT,,21.45,D,VIIRS_SNPP_NRT,343.96,300.55,YES,,HIGH
-3.78217,105.72798,,0.38,0.36,2026-09-26,635,N,VIIRS,n,2.0NRT,,4.42,D,VIIRS_SNPP_NRT,336.41,300.87,YES,,LOW
-3.78164,105.73143,,0.38,0.36,2026-09-26,635,N,VIIRS,n,2.0NRT,,4.42,D,VIIRS_SNPP_NRT,351.7,298.97,YES,,LOW
-3.76819,105.55257,,0.38,0.36,2026-09-26,635,N,VIIRS,n,2.0NRT,,10.17,D,VIIRS_SNPP_NRT,346.83,309.1,YES,,HIGH
-3.76766,105.55603,,0.38,0.36,2026-09-26,635,N,VIIRS,n,2.0NRT,,11.0,D,VIIRS_SNPP_NRT,356.16,315.23,YES,,HIGH
-3.76713,105.55949,,0.38,0.36,2026-09-26,635,N,VIIRS,n,2.0NRT,,11.0,D,VIIRS_SNPP_NRT,352.6,312.6,YES,,HIGH
-3.76567,105.43524,,0.39,0.36,2026-09-26,635,N,VIIRS,n,2.0NRT,,9.73,D,VIIRS_SNPP_NRT,337.97,299.9,YES,,LOW
-3.76539,105.54861,,0.39,0.36,2026-09-26,635,N,VIIRS,n,2.0NRT,,5.77,D,VIIRS_SNPP_NRT,342.42,306.51,YES,,LOW
-3.76487,105.55207,,0.38,0.36,2026-09-26,635,N,VIIRS,n,2.0NRT,,5.77,D,VIIRS_SNPP_NRT,353.27,311.64,YES,,LOW
-3.76434,105.55553,,0.38,0.36,2026-09-26,635,N,VIIRS,n,2.0NRT,,6.8,D,VIIRS_SNPP_NRT,356.04,313.87,YES,,LOW
-3.76381,105.55899,,0.38,0.36,2026-09-26,635,N,VIIRS,n,2.0NRT,,6.8,D,VIIRS_SNPP_NRT,354.39,313.4,YES,,LOW
-3.76328,105.56245,,0.38,0.36,2026-09-26,635,N,VIIRS,n,2.0NRT,,3.75,D,VIIRS_SNPP_NRT,339.04,303.45,YES,,LOW
-3.76207,105.54811,,0.39,0.36,2026-09-26,635,N,VIIRS,n,2.0NRT,,5.77,D,VIIRS_SNPP_NRT,338.77,307.7,YES,,LOW
-3.76154,105.55157,,0.38,0.36,2026-09-26,635,N,VIIRS,n,2.0NRT,,5.77,D,VIIRS_SNPP_NRT,357.0,312.16,YES,,LOW
-3.76102,105.55503,,0.38,0.36,2026-09-26,635,N,VIIRS,n,2.0NRT,,6.8,D,VIIRS_SNPP_NRT,349.67,310.23,YES,,LOW
-3.76049,105.55849,,0.38,0.36,2026-09-26,635,N,VIIRS,n,2.0NRT,,6.8,D,VIIRS_SNPP_NRT,339.49,304.98,YES,,LOW
-3.75996,105.56194,,0.38,0.36,2026-09-26,635,N,VIIRS,l,2.0NRT,,3.75,D,VIIRS_SNPP_NRT,330.86,304.95,YES,,LOW
-3.75927,105.54414,,0.39,0.36,2026-09-26,635,N,VIIRS,n,2.0NRT,,9.65,D,VIIRS_SNPP_NRT,350.57,304.34,YES,,LOW
-3.75875,105.5476,,0.39,0.36,2026-09-26,635,N,VIIRS,l,2.0NRT,,7.2,D,VIIRS_SNPP_NRT,335.3,305.77,YES,,LOW
-3.75822,105.55106,,0.38,0.36,2026-09-26,635,N,VIIRS,n,2.0NRT,,7.2,D,VIIRS_SNPP_NRT,353.61,311.18,YES,,LOW
-3.75769,105.55452,,0.38,0.36,2026-09-26,635,N,VIIRS,n,2.0NRT,,5.06,D,VIIRS_SNPP_NRT,349.31,309.33,YES,,LOW
-3.75716,105.55798,,0.38,0.36,2026-09-26,635,N,VIIRS,n,2.0NRT,,5.06,D,VIIRS_SNPP_NRT,337.3,302.85,YES,,LOW
-3.75542,105.5471,,0.39,0.36,2026-09-26,635,N,VIIRS,n,2.0NRT,,7.2,D,VIIRS_SNPP_NRT,341.16,303.96,YES,,LOW
-3.7549,105.55056,,0.38,0.36,2026-09-26,635,N,VIIRS,n,2.0NRT,,7.2,D,VIIRS_SNPP_NRT,352.39,310.26,YES,,LOW
-3.75437,105.55402,,0.38,0.36,2026-09-26,635,N,VIIRS,n,2.0NRT,,5.06,D,VIIRS_SNPP_NRT,345.6,306.69,YES,,LOW
-3.75384,105.55748,,0.38,0.36,2026-09-26,635,N,VIIRS,n,2.0NRT,,5.06,D,VIIRS_SNPP_NRT,349.55,303.03,YES,,LOW
-3.75316,105.53968,,0.39,0.36,2026-09-26,635,N,VIIRS,n,2.0NRT,,25.38,D,VIIRS_SNPP_NRT,349.27,301.63,YES,,HIGH
-3.7521,105.5466,,0.39,0.36,2026-09-26,635,N,VIIRS,n,2.0NRT,,7.44,D,VIIRS_SNPP_NRT,333.46,302.82,YES,,LOW
-3.74983,105.53918,,0.39,0.36,2026-09-26,635,N,VIIRS,n,2.0NRT,,25.38,D,VIIRS_SNPP_NRT,348.8,309.43,YES,,HIGH
-3.69721,105.55236,,0.38,0.36,2026-09-26,635,N,VIIRS,n,2.0NRT,,6.37,D,VIIRS_SNPP_NRT,346.93,302.85,YES,,LOW
-3.69321,105.73218,,0.38,0.36,2026-09-26,635,N,VIIRS,n,2.0NRT,,30.28,D,VIIRS_SNPP_NRT,349.12,302.18,YES,,HIGH
-3.69268,105.73563,,0.38,0.36,2026-09-26,635,N,VIIRS,n,2.0NRT,,6.84,D,VIIRS_SNPP_NRT,337.68,294.34,YES,,LOW
-3.69042,105.72822,,0.38,0.36,2026-09-26,635,N,VIIRS,n,2.0NRT,,6.92,D,VIIRS_SNPP_NRT,330.83,296.26,YES,,LOW
-3.68989,105.73167,,0.38,0.36,2026-09-26,635,N,VIIRS,n,2.0NRT,,6.92,D,VIIRS_SNPP_NRT,354.32,298.95,YES,,LOW
-3.68936,105.73512,,0.38,0.36,2026-09-26,635,N,VIIRS,n,2.0NRT,,17.69,D,VIIRS_SNPP_NRT,350.01,298.79,YES,,HIGH
-3.68604,105.73462,,0.38,0.36,2026-09-26,635,N,VIIRS,n,2.0NRT,,17.69,D,VIIRS_SNPP_NRT,352.49,300.54,YES,,HIGH
-3.66611,105.6891,,0.38,0.36,2026-09-26,635,N,VIIRS,n,2.0NRT,,3.03,D,VIIRS_SNPP_NRT,331.36,298.07,YES,,LOW
-3.66347,105.70637,,0.38,0.36,2026-09-26,635,N,VIIRS,l,2.0NRT,,5.11,D,VIIRS_SNPP_NRT,330.77,302.75,YES,,LOW
-3.66279,105.6886,,0.38,0.36,2026-09-26,635,N,VIIRS,n,2.0NRT,,21.14,D,VIIRS_SNPP_NRT,352.75,301.55,YES,,HIGH
-3.66226,105.69205,,0.38,0.36,2026-09-26,635,N,VIIRS,n,2.0NRT,,21.14,D,VIIRS_SNPP_NRT,335.68,300.83,YES,,HIGH
-3.66,105.68465,,0.38,0.36,2026-09-26,635,N,VIIRS,n,2.0NRT,,5.09,D,VIIRS_SNPP_NRT,336.56,298.68,YES,,LOW
-3.65947,105.6881,,0.38,0.36,2026-09-26,635,N,VIIRS,n,2.0NRT,,21.14,D,VIIRS_SNPP_NRT,353.14,306.54,YES,,HIGH
-3.65668,105.68414,,0.38,0.36,2026-09-26,635,N,VIIRS,n,2.0NRT,,4.83,D,VIIRS_SNPP_NRT,340.92,296.44,YES,,LOW
-3.65615,105.68759,,0.38,0.36,2026-09-26,635,N,VIIRS,n,2.0NRT,,20.24,D,VIIRS_SNPP_NRT,351.07,294.95,YES,,HIGH
-3.62485,105.71465,,0.38,0.36,2026-09-26,635,N,VIIRS,n,2.0NRT,,6.59,D,VIIRS_SNPP_NRT,351.26,298.11,YES,,LOW
-3.61118,105.29749,,0.39,0.36,2026-09-26,635,N,VIIRS,n,2.0NRT,,14.95,D,VIIRS_SNPP_NRT,356.11,305.42,YES,,HIGH
-3.60838,105.2935,,0.39,0.36,2026-09-26,635,N,VIIRS,n,2.0NRT,,4.15,D,VIIRS_SNPP_NRT,332.87,299.55,YES,,LOW
-3.60785,105.29697,,0.39,0.36,2026-09-26,635,N,VIIRS,n,2.0NRT,,32.19,D,VIIRS_SNPP_NRT,345.81,305.38,YES,,HIGH
-3.58629,105.61615,,0.38,0.36,2026-09-26,635,N,VIIRS,n,2.0NRT,,9.82,D,VIIRS_SNPP_NRT,342.94,300.62,YES,,LOW
-3.58576,105.61961,,0.38,0.36,2026-09-26,635,N,VIIRS,n,2.0NRT,,10.38,D,VIIRS_SNPP_NRT,346.26,302.64,YES,,HIGH
-3.58297,105.61565,,0.38,0.36,2026-09-26,635,N,VIIRS,n,2.0NRT,,9.82,D,VIIRS_SNPP_NRT,350.85,304.22,YES,,LOW
-3.58018,105.61169,,0.38,0.36,2026-09-26,635,N,VIIRS,n,2.0NRT,,24.36,D,VIIRS_SNPP_NRT,343.23,305.91,YES,,HIGH
-3.57791,105.60428,,0.38,0.36,2026-09-26,635,N,VIIRS,n,2.0NRT,,23.46,D,VIIRS_SNPP_NRT,339.61,304.53,YES,,HIGH
-3.57278,105.66005,,0.38,0.36,2026-09-26,635,N,VIIRS,n,2.0NRT,,4.61,D,VIIRS_SNPP_NRT,346.03,305.48,YES,,LOW
-3.54781,105.64567,,0.38,0.36,2026-09-26,635,N,VIIRS,n,2.0NRT,,7.05,D,VIIRS_SNPP_NRT,345.08,305.47,YES,,LOW
-3.54501,105.64172,,0.38,0.36,2026-09-26,635,N,VIIRS,n,2.0NRT,,7.05,D,VIIRS_SNPP_NRT,336.42,299.81,YES,,LOW
-3.53732,105.64762,,0.38,0.36,2026-09-26,635,N,VIIRS,n,2.0NRT,,5.66,D,VIIRS_SNPP_NRT,336.36,304.3,YES,,LOW
-3.53626,105.65453,,0.38,0.36,2026-09-26,635,N,VIIRS,n,2.0NRT,,6.1,D,VIIRS_SNPP_NRT,342.72,304.75,YES,,LOW
-3.53347,105.65057,,0.38,0.36,2026-09-26,635,N,VIIRS,n,2.0NRT,,10.85,D,VIIRS_SNPP_NRT,355.95,306.84,YES,,HIGH
-3.53294,105.65402,,0.38,0.36,2026-09-26,635,N,VIIRS,n,2.0NRT,,7.63,D,VIIRS_SNPP_NRT,336.63,301.17,YES,,LOW
-3.53189,105.66093,,0.38,0.36,2026-09-26,635,N,VIIRS,n,2.0NRT,,8.66,D,VIIRS_SNPP_NRT,343.97,304.39,YES,,LOW
-3.52245,105.65597,,0.38,0.36,2026-09-26,635,N,VIIRS,n,2.0NRT,,6.37,D,VIIRS_SNPP_NRT,341.97,304.14,YES,,LOW
-3.52072,105.6451,,0.38,0.36,2026-09-26,635,N,VIIRS,n,2.0NRT,,8.19,D,VIIRS_SNPP_NRT,341.74,304.78,YES,,LOW
-3.51885,105.23663,,0.39,0.36,2026-09-26,635,N,VIIRS,n,2.0NRT,,5.0,D,VIIRS_SNPP_NRT,337.17,301.9,YES,,LOW
-3.5174,105.64461,,0.38,0.36,2026-09-26,635,N,VIIRS,n,2.0NRT,,8.19,D,VIIRS_SNPP_NRT,346.97,305.81,YES,,LOW
-3.51687,105.64806,,0.38,0.36,2026-09-26,635,N,VIIRS,n,2.0NRT,,8.19,D,VIIRS_SNPP_NRT,337.57,302.07,YES,,LOW
-3.51605,105.23266,,0.39,0.36,2026-09-26,635,N,VIIRS,n,2.0NRT,,3.92,D,VIIRS_SNPP_NRT,330.55,299.41,YES,,LOW
-3.51378,105.2252,,0.39,0.36,2026-09-26,635,N,VIIRS,l,2.0NRT,,2.35,D,VIIRS_SNPP_NRT,331.06,303.13,YES,,LOW
-3.51324,105.22868,,0.39,0.36,2026-09-26,635,N,VIIRS,n,2.0NRT,,2.35,D,VIIRS_SNPP_NRT,334.66,301.52,YES,,LOW
-3.5116,105.68259,,0.38,0.36,2026-09-26,635,N,VIIRS,l,2.0NRT,,5.21,D,VIIRS_SNPP_NRT,330.54,304.77,YES,,LOW
-3.50991,105.22817,,0.39,0.36,2026-09-26,635,N,VIIRS,n,2.0NRT,,9.04,D,VIIRS_SNPP_NRT,355.99,304.23,YES,,LOW
-3.50933,105.67519,,0.38,0.36,2026-09-26,635,N,VIIRS,l,2.0NRT,,3.43,D,VIIRS_SNPP_NRT,334.98,306.31,YES,,LOW
-3.50601,105.67467,,0.38,0.36,2026-09-26,635,N,VIIRS,l,2.0NRT,,3.43,D,VIIRS_SNPP_NRT,332.79,305.75,YES,,LOW
-3.50322,105.67072,,0.38,0.36,2026-09-26,635,N,VIIRS,l,2.0NRT,,5.21,D,VIIRS_SNPP_NRT,332.92,304.28,YES,,LOW
-3.49962,105.78318,,0.38,0.36,2026-09-26,635,N,VIIRS,h,2.0NRT,,4.33,D,VIIRS_SNPP_NRT,367.0,304.65,YES,,LOW
-3.49909,105.78664,,0.38,0.36,2026-09-26,635,N,VIIRS,n,2.0NRT,,4.33,D,VIIRS_SNPP_NRT,336.09,299.42,YES,,LOW
-3.49788,105.77232,,0.38,0.36,2026-09-26,635,N,VIIRS,n,2.0NRT,,28.26,D,VIIRS_SNPP_NRT,355.0,304.95,YES,,HIGH
-3.49736,105.77578,,0.38,0.36,2026-09-26,635,N,VIIRS,n,2.0NRT,,7.85,D,VIIRS_SNPP_NRT,335.51,300.55,YES,,LOW
-3.4963,105.78268,,0.38,0.36,2026-09-26,635,N,VIIRS,n,2.0NRT,,4.33,D,VIIRS_SNPP_NRT,330.57,300.01,YES,,LOW
-3.49577,105.78613,,0.38,0.36,2026-09-26,635,N,VIIRS,n,2.0NRT,,4.33,D,VIIRS_SNPP_NRT,336.59,303.24,YES,,LOW
-3.49524,105.78958,,0.38,0.36,2026-09-26,635,N,VIIRS,n,2.0NRT,,7.24,D,VIIRS_SNPP_NRT,341.68,305.21,YES,,LOW
-3.49298,105.78218,,0.38,0.36,2026-09-26,635,N,VIIRS,n,2.0NRT,,8.38,D,VIIRS_SNPP_NRT,337.95,296.8,YES,,LOW
-3.49245,105.78563,,0.38,0.36,2026-09-26,635,N,VIIRS,n,2.0NRT,,8.38,D,VIIRS_SNPP_NRT,341.97,301.75,YES,,LOW
-3.49193,105.78908,,0.38,0.36,2026-09-26,635,N,VIIRS,n,2.0NRT,,48.91,D,VIIRS_SNPP_NRT,350.98,311.61,YES,,HIGH
-3.48913,105.78513,,0.38,0.36,2026-09-26,635,N,VIIRS,n,2.0NRT,,8.38,D,VIIRS_SNPP_NRT,338.12,294.45,YES,,LOW
-3.47258,105.20475,,0.39,0.36,2026-09-26,635,N,VIIRS,n,2.0NRT,,4.76,D,VIIRS_SNPP_NRT,348.02,303.59,YES,,LOW
-3.47205,105.20823,,0.39,0.36,2026-09-26,635,N,VIIRS,l,2.0NRT,,4.76,D,VIIRS_SNPP_NRT,332.64,303.7,YES,,LOW
-3.47137,105.19032,,0.39,0.36,2026-09-26,635,N,VIIRS,n,2.0NRT,,5.26,D,VIIRS_SNPP_NRT,340.94,300.32,YES,,LOW
-3.46985,105.66847,,0.38,0.36,2026-09-26,635,N,VIIRS,n,2.0NRT,,4.36,D,VIIRS_SNPP_NRT,333.26,300.73,YES,,LOW
-3.46819,105.2112,,0.39,0.36,2026-09-26,635,N,VIIRS,n,2.0NRT,,3.55,D,VIIRS_SNPP_NRT,334.01,301.51,YES,,LOW
-3.46645,105.57961,,0.38,0.36,2026-09-26,635,N,VIIRS,l,2.0NRT,,3.91,D,VIIRS_SNPP_NRT,330.64,303.76,YES,,LOW
-3.46313,105.57912,,0.38,0.36,2026-09-26,635,N,VIIRS,n,2.0NRT,,3.83,D,VIIRS_SNPP_NRT,337.92,304.25,YES,,LOW
-3.46034,105.57516,,0.38,0.36,2026-09-26,635,N,VIIRS,n,2.0NRT,,3.95,D,VIIRS_SNPP_NRT,345.88,304.27,YES,,LOW
-3.45981,105.57861,,0.38,0.36,2026-09-26,635,N,VIIRS,n,2.0NRT,,3.83,D,VIIRS_SNPP_NRT,337.9,303.8,YES,,LOW
-3.45702,105.57466,,0.38,0.36,2026-09-26,635,N,VIIRS,n,2.0NRT,,7.71,D,VIIRS_SNPP_NRT,341.47,304.82,YES,,LOW
-3.45435,105.43628,,0.39,0.36,2026-09-26,635,N,VIIRS,l,2.0NRT,,2.71,D,VIIRS_SNPP_NRT,331.44,306.36,YES,,LOW
-3.44795,105.54501,,0.38,0.36,2026-09-26,635,N,VIIRS,n,2.0NRT,,3.81,D,VIIRS_SNPP_NRT,342.6,302.55,YES,,LOW
-3.44743,105.54846,,0.38,0.36,2026-09-26,635,N,VIIRS,n,2.0NRT,,4.14,D,VIIRS_SNPP_NRT,334.57,300.04,YES,,LOW
-3.44463,105.54451,,0.38,0.36,2026-09-26,635,N,VIIRS,n,2.0NRT,,3.81,D,VIIRS_SNPP_NRT,344.53,302.36,YES,,LOW
-3.44096,105.19556,,0.39,0.36,2026-09-26,635,N,VIIRS,n,2.0NRT,,6.88,D,VIIRS_SNPP_NRT,347.03,302.8,YES,,LOW
-3.43816,105.19158,,0.39,0.36,2026-09-26,635,N,VIIRS,n,2.0NRT,,6.88,D,VIIRS_SNPP_NRT,336.96,304.36,YES,,LOW
-3.43763,105.19505,,0.39,0.36,2026-09-26,635,N,VIIRS,n,2.0NRT,,6.88,D,VIIRS_SNPP_NRT,354.01,305.22,YES,,LOW
-3.43377,105.19804,,0.39,0.36,2026-09-26,635,N,VIIRS,n,2.0NRT,,22.94,D,VIIRS_SNPP_NRT,335.49,300.64,YES,,HIGH
-3.4315,105.19057,,0.39,0.36,2026-09-26,635,N,VIIRS,n,2.0NRT,,76.59,D,VIIRS_SNPP_NRT,344.46,306.92,YES,,HIGH
-3.4287,105.18659,,0.39,0.36,2026-09-26,635,N,VIIRS,n,2.0NRT,,14.48,D,VIIRS_SNPP_NRT,334.78,303.22,YES,,HIGH
-3.42763,105.19355,,0.39,0.36,2026-09-26,635,N,VIIRS,n,2.0NRT,,71.24,D,VIIRS_SNPP_NRT,353.04,304.34,YES,,HIGH
-3.42643,105.17914,,0.39,0.36,2026-09-26,635,N,VIIRS,n,2.0NRT,,6.76,D,VIIRS_SNPP_NRT,333.94,298.71,YES,,LOW
-3.4231,105.17863,,0.39,0.36,2026-09-26,635,N,VIIRS,n,2.0NRT,,3.24,D,VIIRS_SNPP_NRT,338.82,298.19,YES,,LOW
-3.38592,105.33291,,0.39,0.36,2026-09-26,635,N,VIIRS,n,2.0NRT,,5.41,D,VIIRS_SNPP_NRT,339.47,302.51,YES,,LOW
-3.38539,105.33638,,0.39,0.36,2026-09-26,635,N,VIIRS,n,2.0NRT,,5.41,D,VIIRS_SNPP_NRT,338.32,301.58,YES,,LOW
-3.38206,105.33588,,0.39,0.36,2026-09-26,635,N,VIIRS,n,2.0NRT,,5.41,D,VIIRS_SNPP_NRT,345.58,303.56,YES,,LOW
-3.37934,105.26449,,0.39,0.36,2026-09-26,635,N,VIIRS,n,2.0NRT,,2.15,D,VIIRS_SNPP_NRT,334.84,304.64,YES,,LOW
-3.37926,105.33191,,0.39,0.36,2026-09-26,635,N,VIIRS,n,2.0NRT,,2.8,D,VIIRS_SNPP_NRT,332.52,300.21,YES,,LOW
-3.37874,105.33537,,0.39,0.36,2026-09-26,635,N,VIIRS,n,2.0NRT,,2.8,D,VIIRS_SNPP_NRT,334.78,303.8,YES,,LOW
-3.3764,105.39527,,0.39,0.36,2026-09-26,635,N,VIIRS,n,2.0NRT,,5.36,D,VIIRS_SNPP_NRT,337.68,300.87,YES,,LOW
-3.37601,105.26398,,0.39,0.36,2026-09-26,635,N,VIIRS,n,2.0NRT,,19.31,D,VIIRS_SNPP_NRT,356.36,308.92,YES,,HIGH
-3.37268,105.26347,,0.39,0.36,2026-09-26,635,N,VIIRS,n,2.0NRT,,19.31,D,VIIRS_SNPP_NRT,348.56,305.12,YES,,HIGH
-3.36975,105.39426,,0.39,0.36,2026-09-26,635,N,VIIRS,n,2.0NRT,,13.68,D,VIIRS_SNPP_NRT,344.55,303.3,YES,,HIGH
-3.36922,105.39773,,0.39,0.36,2026-09-26,635,N,VIIRS,n,2.0NRT,,13.68,D,VIIRS_SNPP_NRT,351.98,306.91,YES,,HIGH
-3.36695,105.3903,,0.39,0.36,2026-09-26,635,N,VIIRS,n,2.0NRT,,7.57,D,VIIRS_SNPP_NRT,341.35,302.15,YES,,LOW
-3.36297,105.52771,,0.38,0.36,2026-09-26,635,N,VIIRS,n,2.0NRT,,3.09,D,VIIRS_SNPP_NRT,334.36,303.61,YES,,LOW
-3.36244,105.53117,,0.38,0.36,2026-09-26,635,N,VIIRS,l,2.0NRT,,3.09,D,VIIRS_SNPP_NRT,330.49,302.75,YES,,LOW
-3.36191,105.53462,,0.38,0.36,2026-09-26,635,N,VIIRS,l,2.0NRT,,3.77,D,VIIRS_SNPP_NRT,332.19,305.34,YES,,LOW
-3.36017,105.52374,,0.38,0.36,2026-09-26,635,N,VIIRS,l,2.0NRT,,2.49,D,VIIRS_SNPP_NRT,330.64,302.93,YES,,LOW
-3.35912,105.53065,,0.38,0.36,2026-09-26,635,N,VIIRS,n,2.0NRT,,3.09,D,VIIRS_SNPP_NRT,344.79,301.72,YES,,LOW
-3.35859,105.53411,,0.38,0.36,2026-09-26,635,N,VIIRS,l,2.0NRT,,3.77,D,VIIRS_SNPP_NRT,330.44,304.93,YES,,LOW
-3.35819,105.40314,,0.39,0.36,2026-09-26,635,N,VIIRS,n,2.0NRT,,4.71,D,VIIRS_SNPP_NRT,340.36,306.0,YES,,LOW
-3.35579,105.53016,,0.38,0.36,2026-09-26,635,N,VIIRS,n,2.0NRT,,3.5,D,VIIRS_SNPP_NRT,331.83,301.74,YES,,LOW
-3.35339,105.27832,,0.39,0.36,2026-09-26,635,N,VIIRS,n,2.0NRT,,6.12,D,VIIRS_SNPP_NRT,346.91,301.15,YES,,LOW
-3.35286,105.28179,,0.39,0.36,2026-09-26,635,N,VIIRS,n,2.0NRT,,6.12,D,VIIRS_SNPP_NRT,348.15,306.21,YES,,LOW
-3.35234,105.28526,,0.39,0.36,2026-09-26,635,N,VIIRS,n,2.0NRT,,2.48,D,VIIRS_SNPP_NRT,338.09,303.07,YES,,LOW
-3.34954,105.2813,,0.39,0.36,2026-09-26,635,N,VIIRS,n,2.0NRT,,6.12,D,VIIRS_SNPP_NRT,356.66,305.83,YES,,LOW
-3.34901,105.28477,,0.39,0.36,2026-09-26,635,N,VIIRS,l,2.0NRT,,2.48,D,VIIRS_SNPP_NRT,330.92,301.44,YES,,LOW
-3.3415,105.24456,,0.39,0.36,2026-09-26,635,N,VIIRS,n,2.0NRT,,6.48,D,VIIRS_SNPP_NRT,342.58,301.53,YES,,LOW
-3.33817,105.24406,,0.39,0.36,2026-09-26,635,N,VIIRS,n,2.0NRT,,3.74,D,VIIRS_SNPP_NRT,344.29,299.53,YES,,LOW
-3.3336,105.51973,,0.38,0.36,2026-09-26,635,N,VIIRS,n,2.0NRT,,5.18,D,VIIRS_SNPP_NRT,330.1,297.67,YES,,LOW
-3.33307,105.52319,,0.38,0.36,2026-09-26,635,N,VIIRS,n,2.0NRT,,5.26,D,VIIRS_SNPP_NRT,333.45,295.5,YES,,LOW
-3.33133,105.51232,,0.38,0.36,2026-09-26,635,N,VIIRS,n,2.0NRT,,129.45,D,VIIRS_SNPP_NRT,346.99,299.05,YES,,HIGH
-3.33028,105.51923,,0.38,0.36,2026-09-26,635,N,VIIRS,n,2.0NRT,,22.65,D,VIIRS_SNPP_NRT,349.69,297.9,YES,,HIGH
-3.32749,105.51527,,0.38,0.36,2026-09-26,635,N,VIIRS,n,2.0NRT,,22.65,D,VIIRS_SNPP_NRT,353.08,301.39,YES,,HIGH
-3.32469,105.51131,,0.38,0.36,2026-09-26,635,N,VIIRS,n,2.0NRT,,11.85,D,VIIRS_SNPP_NRT,353.7,295.0,YES,,HIGH
-3.31293,105.27928,,0.39,0.36,2026-09-26,635,N,VIIRS,n,2.0NRT,,10.22,D,VIIRS_SNPP_NRT,344.05,301.93,YES,,HIGH
-3.31187,105.28621,,0.39,0.36,2026-09-26,635,N,VIIRS,n,2.0NRT,,11.8,D,VIIRS_SNPP_NRT,348.09,303.97,YES,,HIGH
-3.3096,105.27877,,0.39,0.36,2026-09-26,635,N,VIIRS,n,2.0NRT,,10.22,D,VIIRS_SNPP_NRT,331.96,298.46,YES,,HIGH
-3.30854,105.28571,,0.39,0.36,2026-09-26,635,N,VIIRS,n,2.0NRT,,11.8,D,VIIRS_SNPP_NRT,348.62,300.91,YES,,HIGH
-3.30395,105.18201,,0.39,0.36,2026-09-26,635,N,VIIRS,l,2.0NRT,,87.03,D,VIIRS_SNPP_NRT,331.57,304.6,YES,,HIGH
-3.29858,105.12781,,0.39,0.36,2026-09-26,635,N,VIIRS,n,2.0NRT,,3.43,D,VIIRS_SNPP_NRT,336.62,301.51,YES,,LOW
-3.29737,105.11337,,0.39,0.36,2026-09-26,635,N,VIIRS,n,2.0NRT,,3.43,D,VIIRS_SNPP_NRT,335.86,301.17,YES,,LOW
-3.29578,105.12382,,0.39,0.36,2026-09-26,635,N,VIIRS,l,2.0NRT,,4.25,D,VIIRS_SNPP_NRT,332.61,304.67,YES,,LOW
-3.29563,105.10242,,0.39,0.36,2026-09-26,635,N,VIIRS,l,2.0NRT,,4.85,D,VIIRS_SNPP_NRT,331.27,301.88,YES,,LOW
-3.2951,105.10591,,0.39,0.36,2026-09-26,635,N,VIIRS,n,2.0NRT,,10.61,D,VIIRS_SNPP_NRT,344.71,304.61,YES,,HIGH
-3.29351,105.11635,,0.39,0.36,2026-09-26,635,N,VIIRS,n,2.0NRT,,3.43,D,VIIRS_SNPP_NRT,337.76,303.43,YES,,LOW
-3.2935,105.2728,,0.39,0.36,2026-09-26,635,N,VIIRS,n,2.0NRT,,30.18,D,VIIRS_SNPP_NRT,347.66,309.96,YES,,HIGH
-3.29297,105.27626,,0.39,0.36,2026-09-26,635,N,VIIRS,n,2.0NRT,,21.57,D,VIIRS_SNPP_NRT,335.79,301.85,YES,,HIGH
-3.29111,105.53098,,0.38,0.36,2026-09-26,635,N,VIIRS,n,2.0NRT,,3.9,D,VIIRS_SNPP_NRT,341.31,295.93,YES,,LOW
-3.29058,105.53444,,0.38,0.36,2026-09-26,635,N,VIIRS,n,2.0NRT,,3.9,D,VIIRS_SNPP_NRT,337.75,295.77,YES,,LOW
-3.29017,105.27229,,0.39,0.36,2026-09-26,635,N,VIIRS,n,2.0NRT,,30.18,D,VIIRS_SNPP_NRT,345.85,311.13,YES,,HIGH
-3.29006,105.5379,,0.38,0.36,2026-09-26,635,N,VIIRS,n,2.0NRT,,4.98,D,VIIRS_SNPP_NRT,343.18,296.97,YES,,LOW
-3.28779,105.53049,,0.38,0.36,2026-09-26,635,N,VIIRS,n,2.0NRT,,4.26,D,VIIRS_SNPP_NRT,334.44,294.18,YES,,LOW
-3.28726,105.53394,,0.38,0.36,2026-09-26,635,N,VIIRS,n,2.0NRT,,4.26,D,VIIRS_SNPP_NRT,346.77,295.0,YES,,LOW
-3.28621,105.54086,,0.38,0.36,2026-09-26,635,N,VIIRS,n,2.0NRT,,3.91,D,VIIRS_SNPP_NRT,336.25,295.77,YES,,LOW
-3.28341,105.5369,,0.38,0.36,2026-09-26,635,N,VIIRS,n,2.0NRT,,3.91,D,VIIRS_SNPP_NRT,336.29,296.63,YES,,LOW
-3.28289,105.54035,,0.38,0.36,2026-09-26,635,N,VIIRS,n,2.0NRT,,3.91,D,VIIRS_SNPP_NRT,335.34,295.47,YES,,LOW
-3.28094,105.53292,,0.38,0.36,2026-09-26,635,N,VIIRS,n,2.0NRT,,3.61,D,VIIRS_SNPP_NRT,334.55,295.91,YES,,LOW
-3.28041,105.53637,,0.38,0.36,2026-09-26,635,N,VIIRS,n,2.0NRT,,4.83,D,VIIRS_SNPP_NRT,340.17,296.35,YES,,LOW
-3.27942,105.16408,,0.39,0.36,2026-09-26,635,N,VIIRS,n,2.0NRT,,11.43,D,VIIRS_SNPP_NRT,344.04,299.88,YES,,HIGH
-3.25953,105.24992,,0.39,0.36,2026-09-26,635,N,VIIRS,n,2.0NRT,,4.2,D,VIIRS_SNPP_NRT,350.45,300.9,YES,,LOW
-3.25901,105.2534,,0.39,0.36,2026-09-26,635,N,VIIRS,n,2.0NRT,,4.2,D,VIIRS_SNPP_NRT,335.45,300.63,YES,,LOW
-3.25621,105.24943,,0.39,0.36,2026-09-26,635,N,VIIRS,n,2.0NRT,,15.37,D,VIIRS_SNPP_NRT,349.05,303.09,YES,,HIGH
-3.25155,105.14563,,0.39,0.36,2026-09-26,635,N,VIIRS,l,2.0NRT,,4.66,D,VIIRS_SNPP_NRT,331.72,303.41,YES,,LOW
-3.23851,105.25385,,0.39,0.36,2026-09-26,635,N,VIIRS,n,2.0NRT,,2.39,D,VIIRS_SNPP_NRT,332.5,302.22,YES,,LOW
-3.23408,105.32767,,0.39,0.36,2026-09-26,635,N,VIIRS,n,2.0NRT,,5.01,D,VIIRS_SNPP_NRT,335.95,303.46,YES,,LOW
-3.23356,105.33112,,0.39,0.36,2026-09-26,635,N,VIIRS,h,2.0NRT,,9.66,D,VIIRS_SNPP_NRT,367.0,305.45,YES,,LOW
-3.23303,105.33459,,0.39,0.36,2026-09-26,635,N,VIIRS,n,2.0NRT,,9.66,D,VIIRS_SNPP_NRT,346.64,303.46,YES,,LOW
-3.23274,105.22458,,0.39,0.36,2026-09-26,635,N,VIIRS,n,2.0NRT,,5.36,D,VIIRS_SNPP_NRT,340.58,307.16,YES,,LOW
-3.2297,105.33409,,0.39,0.36,2026-09-26,635,N,VIIRS,n,2.0NRT,,3.76,D,VIIRS_SNPP_NRT,338.63,301.44,YES,,LOW
-3.22865,105.34102,,0.39,0.36,2026-09-26,635,N,VIIRS,n,2.0NRT,,2.68,D,VIIRS_SNPP_NRT,332.55,301.17,YES,,LOW
-3.22532,105.34052,,0.39,0.36,2026-09-26,635,N,VIIRS,n,2.0NRT,,2.68,D,VIIRS_SNPP_NRT,333.77,302.01,YES,,LOW
-3.2248,105.34398,,0.39,0.36,2026-09-26,635,N,VIIRS,n,2.0NRT,,8.65,D,VIIRS_SNPP_NRT,352.16,304.65,YES,,LOW
-3.22381,105.21613,,0.39,0.36,2026-09-26,635,N,VIIRS,l,2.0NRT,,5.1,D,VIIRS_SNPP_NRT,330.47,302.78,YES,,LOW
-3.22147,105.34348,,0.39,0.36,2026-09-26,635,N,VIIRS,n,2.0NRT,,3.47,D,VIIRS_SNPP_NRT,342.97,301.06,YES,,LOW
-3.21973,105.33258,,0.39,0.36,2026-09-26,635,N,VIIRS,l,2.0NRT,,2.65,D,VIIRS_SNPP_NRT,331.42,301.97,YES,,LOW
-3.2164,105.33208,,0.39,0.36,2026-09-26,635,N,VIIRS,n,2.0NRT,,5.55,D,VIIRS_SNPP_NRT,335.12,301.93,YES,,LOW
-3.16304,105.39748,,0.39,0.36,2026-09-26,635,N,VIIRS,n,2.0NRT,,10.24,D,VIIRS_SNPP_NRT,334.65,302.42,YES,,HIGH
-3.16251,105.40094,,0.39,0.36,2026-09-26,635,N,VIIRS,n,2.0NRT,,10.24,D,VIIRS_SNPP_NRT,333.92,300.24,YES,,HIGH
-3.15972,105.39698,,0.39,0.36,2026-09-26,635,N,VIIRS,n,2.0NRT,,5.33,D,VIIRS_SNPP_NRT,348.66,303.2,YES,,LOW
-3.15919,105.40044,,0.39,0.36,2026-09-26,635,N,VIIRS,n,2.0NRT,,5.33,D,VIIRS_SNPP_NRT,333.87,300.32,YES,,LOW
-3.15751,105.3223,,0.39,0.36,2026-09-26,635,N,VIIRS,n,2.0NRT,,3.41,D,VIIRS_SNPP_NRT,339.57,301.26,YES,,LOW
-3.15692,105.39301,,0.39,0.36,2026-09-26,635,N,VIIRS,n,2.0NRT,,6.36,D,VIIRS_SNPP_NRT,342.03,305.23,YES,,LOW
-3.15639,105.39648,,0.39,0.36,2026-09-26,635,N,VIIRS,n,2.0NRT,,5.33,D,VIIRS_SNPP_NRT,339.73,305.91,YES,,LOW
-3.15465,105.3856,,0.39,0.36,2026-09-26,635,N,VIIRS,n,2.0NRT,,8.77,D,VIIRS_SNPP_NRT,338.46,304.94,YES,,LOW
-3.15419,105.3218,,0.39,0.36,2026-09-26,635,N,VIIRS,n,2.0NRT,,3.41,D,VIIRS_SNPP_NRT,336.86,302.56,YES,,LOW
-3.15366,105.32526,,0.39,0.36,2026-09-26,635,N,VIIRS,l,2.0NRT,,0.8,D,VIIRS_SNPP_NRT,330.13,300.9,YES,,LOW
-3.1536,105.39252,,0.39,0.36,2026-09-26,635,N,VIIRS,n,2.0NRT,,15.51,D,VIIRS_SNPP_NRT,352.67,312.96,YES,,HIGH
-3.1508,105.38856,,0.39,0.36,2026-09-26,635,N,VIIRS,n,2.0NRT,,15.51,D,VIIRS_SNPP_NRT,342.18,304.26,YES,,HIGH
-3.15027,105.39202,,0.39,0.36,2026-09-26,635,N,VIIRS,n,2.0NRT,,15.51,D,VIIRS_SNPP_NRT,340.15,307.94,YES,,HIGH
-3.14701,105.32426,,0.39,0.36,2026-09-26,635,N,VIIRS,n,2.0NRT,,4.88,D,VIIRS_SNPP_NRT,334.79,300.15,YES,,LOW
-3.1449,105.3381,,0.39,0.36,2026-09-26,635,N,VIIRS,l,2.0NRT,,12.28,D,VIIRS_SNPP_NRT,331.12,304.87,YES,,HIGH
-3.14437,105.34157,,0.39,0.36,2026-09-26,635,N,VIIRS,n,2.0NRT,,12.28,D,VIIRS_SNPP_NRT,337.58,303.81,YES,,HIGH
-3.14369,105.32375,,0.39,0.36,2026-09-26,635,N,VIIRS,n,2.0NRT,,6.75,D,VIIRS_SNPP_NRT,339.22,302.51,YES,,LOW
-3.14263,105.33067,,0.39,0.36,2026-09-26,635,N,VIIRS,n,2.0NRT,,3.24,D,VIIRS_SNPP_NRT,335.32,302.17,YES,,LOW
-3.1421,105.33414,,0.39,0.36,2026-09-26,635,N,VIIRS,n,2.0NRT,,3.24,D,VIIRS_SNPP_NRT,338.6,303.48,YES,,LOW
-3.14147,105.24897,,0.39,0.36,2026-09-26,635,N,VIIRS,n,2.0NRT,,6.1,D,VIIRS_SNPP_NRT,341.98,298.18,YES,,LOW
-3.14089,105.31979,,0.39,0.36,2026-09-26,635,N,VIIRS,n,2.0NRT,,1.84,D,VIIRS_SNPP_NRT,333.12,301.26,YES,,LOW
-3.13915,105.30889,,0.39,0.36,2026-09-26,635,N,VIIRS,n,2.0NRT,,2.59,D,VIIRS_SNPP_NRT,334.23,300.83,YES,,LOW
-3.13899,105.28761,,0.39,0.36,2026-09-26,635,N,VIIRS,l,2.0NRT,,5.0,D,VIIRS_SNPP_NRT,332.41,302.48,YES,,LOW
-3.12763,105.25043,,0.39,0.36,2026-09-26,635,N,VIIRS,l,2.0NRT,,1.34,D,VIIRS_SNPP_NRT,330.44,301.1,YES,,LOW
-3.12589,105.23952,,0.39,0.36,2026-09-26,635,N,VIIRS,n,2.0NRT,,8.49,D,VIIRS_SNPP_NRT,348.01,297.5,YES,,LOW
-3.12187,105.22117,,0.39,0.36,2026-09-26,635,N,VIIRS,n,2.0NRT,,3.41,D,VIIRS_SNPP_NRT,340.01,298.83,YES,,LOW
-3.12134,105.22464,,0.39,0.36,2026-09-26,635,N,VIIRS,n,2.0NRT,,3.41,D,VIIRS_SNPP_NRT,339.0,297.47,YES,,LOW
-3.1183,105.33409,,0.39,0.36,2026-09-26,635,N,VIIRS,n,2.0NRT,,4.6,D,VIIRS_SNPP_NRT,342.52,302.84,YES,,LOW
-3.11801,105.22414,,0.39,0.36,2026-09-26,635,N,VIIRS,n,2.0NRT,,6.58,D,VIIRS_SNPP_NRT,341.39,300.34,YES,,LOW
-3.11777,105.33755,,0.39,0.36,2026-09-26,635,N,VIIRS,n,2.0NRT,,4.6,D,VIIRS_SNPP_NRT,338.8,303.03,YES,,LOW
-3.11603,105.32666,,0.39,0.36,2026-09-26,635,N,VIIRS,n,2.0NRT,,6.1,D,VIIRS_SNPP_NRT,340.29,304.77,YES,,LOW
-3.1155,105.33012,,0.39,0.36,2026-09-26,635,N,VIIRS,n,2.0NRT,,6.1,D,VIIRS_SNPP_NRT,341.27,305.19,YES,,LOW
-3.11534,105.30885,,0.39,0.36,2026-09-26,635,N,VIIRS,n,2.0NRT,,36.06,D,VIIRS_SNPP_NRT,343.29,309.03,YES,,HIGH
-3.11516,105.20177,,0.39,0.36,2026-09-26,635,N,VIIRS,n,2.0NRT,,8.33,D,VIIRS_SNPP_NRT,339.45,299.83,YES,,LOW
-3.11498,105.33359,,0.39,0.36,2026-09-26,635,N,VIIRS,n,2.0NRT,,11.9,D,VIIRS_SNPP_NRT,339.61,306.0,YES,,HIGH
-3.11323,105.3227,,0.39,0.36,2026-09-26,635,N,VIIRS,n,2.0NRT,,6.33,D,VIIRS_SNPP_NRT,352.12,303.86,YES,,LOW
-3.11232,105.10892,,0.39,0.36,2026-09-26,635,N,VIIRS,l,2.0NRT,,3.43,D,VIIRS_SNPP_NRT,334.58,304.92,YES,,LOW
-3.11202,105.30834,,0.39,0.36,2026-09-26,635,N,VIIRS,n,2.0NRT,,2.82,D,VIIRS_SNPP_NRT,336.64,300.93,YES,,LOW
-3.10952,105.10494,,0.39,0.36,2026-09-26,635,N,VIIRS,n,2.0NRT,,5.45,D,VIIRS_SNPP_NRT,342.55,304.25,YES,,LOW
-3.10865,105.22208,,0.39,0.36,2026-09-26,635,N,VIIRS,n,2.0NRT,,5.74,D,VIIRS_SNPP_NRT,333.4,297.18,YES,,LOW
-3.10764,105.31477,,0.39,0.36,2026-09-26,635,N,VIIRS,l,2.0NRT,,3.49,D,VIIRS_SNPP_NRT,333.16,306.39,YES,,LOW
-3.10691,105.21117,,0.39,0.36,2026-09-26,635,N,VIIRS,n,2.0NRT,,9.14,D,VIIRS_SNPP_NRT,346.78,300.94,YES,,LOW
-3.10672,105.10096,,0.39,0.36,2026-09-26,635,N,VIIRS,n,2.0NRT,,4.84,D,VIIRS_SNPP_NRT,336.29,304.9,YES,,LOW
-3.10638,105.21465,,0.39,0.36,2026-09-26,635,N,VIIRS,n,2.0NRT,,9.14,D,VIIRS_SNPP_NRT,344.5,296.84,YES,,LOW
-3.10585,105.21812,,0.39,0.36,2026-09-26,635,N,VIIRS,n,2.0NRT,,4.45,D,VIIRS_SNPP_NRT,349.71,297.62,YES,,LOW
-3.10445,105.0935,,0.39,0.36,2026-09-26,635,N,VIIRS,n,2.0NRT,,15.02,D,VIIRS_SNPP_NRT,352.1,306.57,YES,,HIGH
-3.10411,105.2072,,0.39,0.36,2026-09-26,635,N,VIIRS,n,2.0NRT,,20.88,D,VIIRS_SNPP_NRT,353.47,298.68,NO,0.488,MONITORING
-3.10358,105.21067,,0.39,0.36,2026-09-26,635,N,VIIRS,n,2.0NRT,,9.14,D,VIIRS_SNPP_NRT,337.72,295.31,NO,0.312,MONITORING
-3.10305,105.21414,,0.39,0.36,2026-09-26,635,N,VIIRS,n,2.0NRT,,9.14,D,VIIRS_SNPP_NRT,334.32,298.82,NO,0.154,MONITORING
-3.10252,105.21761,,0.39,0.36,2026-09-26,635,N,VIIRS,n,2.0NRT,,4.45,D,VIIRS_SNPP_NRT,335.71,296.06,YES,,LOW
-3.10233,105.10741,,0.39,0.36,2026-09-26,635,N,VIIRS,n,2.0NRT,,3.95,D,VIIRS_SNPP_NRT,336.53,302.99,YES,,LOW
-3.10199,105.22108,,0.39,0.36,2026-09-26,635,N,VIIRS,n,2.0NRT,,4.45,D,VIIRS_SNPP_NRT,339.23,295.34,YES,,LOW
-3.1019,105.28844,,0.39,0.36,2026-09-26,635,N,VIIRS,n,2.0NRT,,25.43,D,VIIRS_SNPP_NRT,342.14,305.29,YES,,HIGH
-3.10146,105.22455,,0.39,0.36,2026-09-26,635,N,VIIRS,n,2.0NRT,,7.28,D,VIIRS_SNPP_NRT,353.05,301.96,YES,,LOW
-3.10093,105.22802,,0.39,0.36,2026-09-26,635,N,VIIRS,h,2.0NRT,,7.28,D,VIIRS_SNPP_NRT,367.0,302.54,YES,,LOW
-3.1004,105.2315,,0.39,0.36,2026-09-26,635,N,VIIRS,n,2.0NRT,,5.16,D,VIIRS_SNPP_NRT,339.78,300.82,YES,,LOW
-3.09973,105.21364,,0.39,0.36,2026-09-26,635,N,VIIRS,n,2.0NRT,,5.73,D,VIIRS_SNPP_NRT,336.53,298.99,NO,0.416,MONITORING
-3.09919,105.21711,,0.39,0.36,2026-09-26,635,N,VIIRS,n,2.0NRT,,10.91,D,VIIRS_SNPP_NRT,351.43,303.1,NO,0.061,MONITORING
-3.09813,105.22405,,0.39,0.36,2026-09-26,635,N,VIIRS,h,2.0NRT,,15.27,D,VIIRS_SNPP_NRT,367.0,300.79,YES,,HIGH
-3.0976,105.22752,,0.39,0.36,2026-09-26,635,N,VIIRS,n,2.0NRT,,15.27,D,VIIRS_SNPP_NRT,344.91,298.84,YES,,HIGH
-3.09587,105.21661,,0.39,0.36,2026-09-26,635,N,VIIRS,n,2.0NRT,,10.91,D,VIIRS_SNPP_NRT,332.79,295.03,NO,0.038,MONITORING
-3.09481,105.22354,,0.39,0.36,2026-09-26,635,N,VIIRS,n,2.0NRT,,15.27,D,VIIRS_SNPP_NRT,354.01,298.5,YES,,HIGH
-3.09366,105.29784,,0.39,0.36,2026-09-26,635,N,VIIRS,n,2.0NRT,,6.85,D,VIIRS_SNPP_NRT,350.12,301.2,YES,,LOW
-3.0936,105.20916,,0.39,0.36,2026-09-26,635,N,VIIRS,n,2.0NRT,,10.12,D,VIIRS_SNPP_NRT,344.22,297.39,NO,0.822,MONITORING
-3.09254,105.21611,,0.39,0.36,2026-09-26,635,N,VIIRS,n,2.0NRT,,5.58,D,VIIRS_SNPP_NRT,340.47,292.68,NO,0.043,MONITORING
-3.08734,105.02678,,0.39,0.36,2026-09-26,635,N,VIIRS,n,2.0NRT,,3.69,D,VIIRS_SNPP_NRT,338.77,300.15,NO,3.564,MONITORING
-3.08527,105.28594,,0.39,0.36,2026-09-26,635,N,VIIRS,n,2.0NRT,,5.5,D,VIIRS_SNPP_NRT,339.98,300.72,YES,,LOW
-3.08309,105.21113,,0.39,0.36,2026-09-26,635,N,VIIRS,n,2.0NRT,,5.97,D,VIIRS_SNPP_NRT,335.09,298.77,NO,0.655,MONITORING
-3.08194,105.28543,,0.39,0.36,2026-09-26,635,N,VIIRS,n,2.0NRT,,2.77,D,VIIRS_SNPP_NRT,339.18,299.99,YES,,LOW
-3.08142,105.28889,,0.39,0.36,2026-09-26,635,N,VIIRS,n,2.0NRT,,2.77,D,VIIRS_SNPP_NRT,335.93,298.49,YES,,LOW
-3.08089,105.29237,,0.39,0.36,2026-09-26,635,N,VIIRS,n,2.0NRT,,3.98,D,VIIRS_SNPP_NRT,335.94,298.42,YES,,LOW
-3.08029,105.20715,,0.39,0.36,2026-09-26,635,N,VIIRS,n,2.0NRT,,11.24,D,VIIRS_SNPP_NRT,347.29,297.96,NO,1.099,MONITORING
-3.08,105.60754,,0.38,0.36,2026-09-26,635,N,VIIRS,n,2.0NRT,,4.98,D,VIIRS_SNPP_NRT,339.37,297.88,YES,,LOW
-3.07204,105.21657,,0.39,0.36,2026-09-26,635,N,VIIRS,n,2.0NRT,,3.0,D,VIIRS_SNPP_NRT,332.19,298.09,NO,0.354,MONITORING
-3.06872,105.21606,,0.39,0.36,2026-09-26,635,N,VIIRS,n,2.0NRT,,3.0,D,VIIRS_SNPP_NRT,333.78,295.31,NO,0.545,MONITORING
-3.06764,105.06657,,0.39,0.36,2026-09-26,635,N,VIIRS,l,2.0NRT,,2.63,D,VIIRS_SNPP_NRT,331.07,301.86,NO,1.997,MONITORING
-3.06484,105.06259,,0.39,0.36,2026-09-26,635,N,VIIRS,n,2.0NRT,,2.63,D,VIIRS_SNPP_NRT,333.58,298.95,NO,2.432,MONITORING
-3.06256,105.05512,,0.39,0.36,2026-09-26,635,N,VIIRS,n,2.0NRT,,4.13,D,VIIRS_SNPP_NRT,345.63,298.47,NO,3.23,MONITORING
-3.06187,105.0372,,0.39,0.36,2026-09-26,635,N,VIIRS,n,2.0NRT,,2.39,D,VIIRS_SNPP_NRT,331.27,297.22,NO,5.208,MONITORING
-3.05854,105.0367,,0.39,0.36,2026-09-26,635,N,VIIRS,n,2.0NRT,,7.01,D,VIIRS_SNPP_NRT,350.06,297.05,NO,5.25,MONITORING
-3.05273,105.6098,,0.38,0.36,2026-09-26,635,N,VIIRS,n,2.0NRT,,3.47,D,VIIRS_SNPP_NRT,333.74,292.63,YES,,LOW
-3.05028,105.04614,,0.39,0.36,2026-09-26,635,N,VIIRS,n,2.0NRT,,3.78,D,VIIRS_SNPP_NRT,332.97,296.33,NO,4.161,MONITORING
-3.04942,105.60929,,0.38,0.36,2026-09-26,635,N,VIIRS,n,2.0NRT,,3.47,D,VIIRS_SNPP_NRT,332.48,286.53,YES,,LOW
-3.04695,105.04564,,0.39,0.36,2026-09-26,635,N,VIIRS,n,2.0NRT,,3.78,D,VIIRS_SNPP_NRT,339.85,298.49,NO,4.187,MONITORING
-3.04662,105.60535,,0.38,0.36,2026-09-26,635,N,VIIRS,n,2.0NRT,,6.57,D,VIIRS_SNPP_NRT,338.43,288.67,YES,,LOW
-3.04594,105.58759,,0.38,0.36,2026-09-26,635,N,VIIRS,n,2.0NRT,,6.1,D,VIIRS_SNPP_NRT,334.31,276.12,YES,,LOW
-3.04542,105.59104,,0.38,0.36,2026-09-26,635,N,VIIRS,n,2.0NRT,,3.14,D,VIIRS_SNPP_NRT,331.46,278.1,YES,,LOW
-3.04489,105.59449,,0.38,0.36,2026-09-26,635,N,VIIRS,n,2.0NRT,,3.14,D,VIIRS_SNPP_NRT,332.11,277.52,YES,,LOW
-3.04436,105.59794,,0.38,0.36,2026-09-26,635,N,VIIRS,n,2.0NRT,,4.23,D,VIIRS_SNPP_NRT,337.05,284.28,YES,,LOW
-3.04383,105.60139,,0.38,0.36,2026-09-26,635,N,VIIRS,n,2.0NRT,,4.23,D,VIIRS_SNPP_NRT,339.15,284.66,YES,,LOW
-3.0433,105.60484,,0.38,0.36,2026-09-26,635,N,VIIRS,n,2.0NRT,,6.57,D,VIIRS_SNPP_NRT,353.93,291.9,YES,,LOW
-3.04262,105.58709,,0.38,0.36,2026-09-26,635,N,VIIRS,n,2.0NRT,,6.8,D,VIIRS_SNPP_NRT,347.4,276.91,YES,,LOW
-3.0421,105.59054,,0.38,0.36,2026-09-26,635,N,VIIRS,l,2.0NRT,,11.6,D,VIIRS_SNPP_NRT,356.93,279.3,YES,,HIGH
-3.04157,105.59399,,0.38,0.36,2026-09-26,635,N,VIIRS,n,2.0NRT,,11.6,D,VIIRS_SNPP_NRT,356.35,277.1,YES,,HIGH
-3.04104,105.59743,,0.38,0.36,2026-09-26,635,N,VIIRS,n,2.0NRT,,6.86,D,VIIRS_SNPP_NRT,355.55,278.7,YES,,LOW
-3.04051,105.60089,,0.38,0.36,2026-09-26,635,N,VIIRS,l,2.0NRT,,6.86,D,VIIRS_SNPP_NRT,356.94,285.88,YES,,LOW
-3.03999,105.60434,,0.38,0.36,2026-09-26,635,N,VIIRS,n,2.0NRT,,5.69,D,VIIRS_SNPP_NRT,351.0,287.19,YES,,LOW
-3.0393,105.58659,,0.38,0.36,2026-09-26,635,N,VIIRS,n,2.0NRT,,6.8,D,VIIRS_SNPP_NRT,344.54,275.31,YES,,LOW
-3.03878,105.59004,,0.38,0.36,2026-09-26,635,N,VIIRS,l,2.0NRT,,11.6,D,VIIRS_SNPP_NRT,356.34,274.14,YES,,HIGH
-3.03825,105.59349,,0.38,0.36,2026-09-26,635,N,VIIRS,n,2.0NRT,,11.6,D,VIIRS_SNPP_NRT,355.64,270.97,YES,,HIGH
-3.03772,105.59694,,0.38,0.36,2026-09-26,635,N,VIIRS,n,2.0NRT,,6.86,D,VIIRS_SNPP_NRT,350.25,268.63,YES,,LOW
-3.03719,105.60039,,0.38,0.36,2026-09-26,635,N,VIIRS,n,2.0NRT,,6.86,D,VIIRS_SNPP_NRT,345.39,270.55,YES,,LOW
-3.03667,105.60384,,0.38,0.36,2026-09-26,635,N,VIIRS,n,2.0NRT,,5.69,D,VIIRS_SNPP_NRT,333.68,277.96,YES,,LOW
-3.03599,105.58608,,0.38,0.36,2026-09-26,635,N,VIIRS,n,2.0NRT,,7.19,D,VIIRS_SNPP_NRT,341.0,273.18,YES,,LOW
-3.03546,105.58953,,0.38,0.36,2026-09-26,635,N,VIIRS,n,2.0NRT,,6.59,D,VIIRS_SNPP_NRT,347.64,269.24,YES,,LOW
-3.03493,105.59298,,0.38,0.36,2026-09-26,635,N,VIIRS,n,2.0NRT,,6.59,D,VIIRS_SNPP_NRT,354.04,269.42,YES,,LOW
-3.0344,105.59644,,0.38,0.36,2026-09-26,635,N,VIIRS,n,2.0NRT,,7.15,D,VIIRS_SNPP_NRT,354.59,269.77,YES,,LOW
-3.03387,105.59989,,0.38,0.36,2026-09-26,635,N,VIIRS,n,2.0NRT,,7.15,D,VIIRS_SNPP_NRT,346.87,275.07,YES,,LOW
-3.03335,105.60334,,0.38,0.36,2026-09-26,635,N,VIIRS,n,2.0NRT,,7.2,D,VIIRS_SNPP_NRT,334.24,282.15,YES,,LOW
-3.03267,105.58559,,0.38,0.36,2026-09-26,635,N,VIIRS,n,2.0NRT,,7.19,D,VIIRS_SNPP_NRT,352.1,277.19,YES,,LOW
-3.03214,105.58904,,0.38,0.36,2026-09-26,635,N,VIIRS,n,2.0NRT,,6.59,D,VIIRS_SNPP_NRT,347.88,269.03,YES,,LOW
-3.03161,105.59248,,0.38,0.36,2026-09-26,635,N,VIIRS,n,2.0NRT,,6.59,D,VIIRS_SNPP_NRT,353.43,270.72,YES,,LOW
-3.03108,105.59593,,0.38,0.36,2026-09-26,635,N,VIIRS,n,2.0NRT,,7.15,D,VIIRS_SNPP_NRT,357.56,276.15,YES,,LOW
-3.03056,105.59938,,0.38,0.36,2026-09-26,635,N,VIIRS,n,2.0NRT,,7.15,D,VIIRS_SNPP_NRT,356.2,281.97,YES,,LOW
-3.02935,105.58508,,0.38,0.36,2026-09-26,635,N,VIIRS,l,2.0NRT,,13.52,D,VIIRS_SNPP_NRT,356.88,279.31,YES,,HIGH
-3.02882,105.58853,,0.38,0.36,2026-09-26,635,N,VIIRS,l,2.0NRT,,14.27,D,VIIRS_SNPP_NRT,356.88,276.09,YES,,HIGH
-3.02829,105.59198,,0.38,0.36,2026-09-26,635,N,VIIRS,l,2.0NRT,,14.27,D,VIIRS_SNPP_NRT,356.88,277.71,YES,,HIGH
-3.02776,105.59544,,0.38,0.36,2026-09-26,635,N,VIIRS,l,2.0NRT,,10.78,D,VIIRS_SNPP_NRT,356.88,283.36,YES,,HIGH
-3.02724,105.59888,,0.38,0.36,2026-09-26,635,N,VIIRS,n,2.0NRT,,10.78,D,VIIRS_SNPP_NRT,351.72,285.83,YES,,HIGH
-3.02603,105.58458,,0.38,0.36,2026-09-26,635,N,VIIRS,n,2.0NRT,,13.52,D,VIIRS_SNPP_NRT,351.62,272.22,YES,,HIGH
-3.0255,105.58803,,0.38,0.36,2026-09-26,635,N,VIIRS,n,2.0NRT,,14.27,D,VIIRS_SNPP_NRT,356.75,275.77,YES,,HIGH
-3.02497,105.59148,,0.38,0.36,2026-09-26,635,N,VIIRS,l,2.0NRT,,14.27,D,VIIRS_SNPP_NRT,357.13,285.8,YES,,HIGH
-3.02445,105.59493,,0.38,0.36,2026-09-26,635,N,VIIRS,l,2.0NRT,,10.78,D,VIIRS_SNPP_NRT,357.12,286.65,YES,,HIGH
-3.02392,105.59838,,0.38,0.36,2026-09-26,635,N,VIIRS,n,2.0NRT,,10.78,D,VIIRS_SNPP_NRT,335.1,285.15,YES,,HIGH
-3.02218,105.58752,,0.38,0.36,2026-09-26,635,N,VIIRS,n,2.0NRT,,5.13,D,VIIRS_SNPP_NRT,332.25,267.71,YES,,LOW
-2.99849,105.08022,,0.39,0.36,2026-09-26,635,N,VIIRS,n,2.0NRT,,6.37,D,VIIRS_SNPP_NRT,336.66,296.72,NO,0.382,MONITORING
-2.99073,105.24242,,0.39,0.36,2026-09-26,635,N,VIIRS,n,2.0NRT,,6.72,D,VIIRS_SNPP_NRT,345.06,296.58,NO,1.585,MONITORING
-2.98022,105.24438,,0.39,0.36,2026-09-26,635,N,VIIRS,n,2.0NRT,,3.77,D,VIIRS_SNPP_NRT,335.24,291.31,NO,1.689,MONITORING
-2.97916,105.25131,,0.39,0.36,2026-09-26,635,N,VIIRS,n,2.0NRT,,6.71,D,VIIRS_SNPP_NRT,337.04,295.41,NO,1.071,MONITORING
-2.97863,105.25478,,0.39,0.36,2026-09-26,635,N,VIIRS,n,2.0NRT,,9.29,D,VIIRS_SNPP_NRT,340.19,296.16,NO,0.776,MONITORING
-2.97637,105.24734,,0.39,0.36,2026-09-26,635,N,VIIRS,n,2.0NRT,,6.71,D,VIIRS_SNPP_NRT,340.24,291.76,NO,1.611,MONITORING
-2.97584,105.2508,,0.39,0.36,2026-09-26,635,N,VIIRS,h,2.0NRT,,6.71,D,VIIRS_SNPP_NRT,367.0,295.54,NO,1.317,MONITORING
-2.97304,105.24683,,0.39,0.36,2026-09-26,635,N,VIIRS,n,2.0NRT,,6.21,D,VIIRS_SNPP_NRT,346.27,290.48,NO,1.857,MONITORING
-2.97025,105.08662,,0.39,0.36,2026-09-26,635,N,VIIRS,n,2.0NRT,,15.57,D,VIIRS_SNPP_NRT,354.3,300.1,NO,1.37,MONITORING
-2.96972,105.09011,,0.39,0.36,2026-09-26,635,N,VIIRS,n,2.0NRT,,11.38,D,VIIRS_SNPP_NRT,348.15,298.11,NO,1.093,MONITORING
-2.96744,105.08265,,0.39,0.36,2026-09-26,635,N,VIIRS,n,2.0NRT,,15.57,D,VIIRS_SNPP_NRT,352.96,301.97,NO,1.911,MONITORING
-2.96691,105.08613,,0.39,0.36,2026-09-26,635,N,VIIRS,n,2.0NRT,,15.57,D,VIIRS_SNPP_NRT,337.33,299.09,NO,1.635,MONITORING
-2.96532,105.09656,,0.39,0.36,2026-09-26,635,N,VIIRS,n,2.0NRT,,13.21,D,VIIRS_SNPP_NRT,348.16,297.13,NO,0.844,MONITORING
-2.96177,105.14224,,0.39,0.36,2026-09-26,635,N,VIIRS,h,2.0NRT,,29.26,D,VIIRS_SNPP_NRT,367.0,301.36,YES,,HIGH
-2.96146,105.09953,,0.39,0.36,2026-09-26,635,N,VIIRS,n,2.0NRT,,5.2,D,VIIRS_SNPP_NRT,337.15,298.07,NO,0.862,MONITORING
-2.96132,105.23444,,0.39,0.36,2026-09-26,635,N,VIIRS,n,2.0NRT,,12.8,D,VIIRS_SNPP_NRT,355.69,299.99,NO,3.74,MONITORING
-2.96124,105.14571,,0.39,0.36,2026-09-26,635,N,VIIRS,n,2.0NRT,,39.15,D,VIIRS_SNPP_NRT,357.03,301.75,NO,0.13,MONITORING
-2.96079,105.2379,,0.39,0.36,2026-09-26,635,N,VIIRS,n,2.0NRT,,8.94,D,VIIRS_SNPP_NRT,338.45,298.49,NO,3.484,MONITORING
-2.95897,105.13827,,0.39,0.36,2026-09-26,635,N,VIIRS,n,2.0NRT,,29.26,D,VIIRS_SNPP_NRT,357.07,297.04,YES,,HIGH
-2.95875,105.18439,,0.39,0.36,2026-09-26,635,N,VIIRS,n,2.0NRT,,2.86,D,VIIRS_SNPP_NRT,333.22,296.94,NO,4.239,MONITORING
-2.958,105.23393,,0.39,0.36,2026-09-26,635,N,VIIRS,n,2.0NRT,,12.8,D,VIIRS_SNPP_NRT,334.58,294.23,NO,4.021,MONITORING
-2.95489,105.18736,,0.39,0.36,2026-09-26,635,N,VIIRS,n,2.0NRT,,8.68,D,VIIRS_SNPP_NRT,349.48,299.03,NO,4.704,MONITORING
-2.94855,105.22896,,0.39,0.36,2026-09-26,635,N,VIIRS,n,2.0NRT,,6.25,D,VIIRS_SNPP_NRT,335.29,291.01,NO,5.15,MONITORING
-2.94802,105.23243,,0.39,0.36,2026-09-26,635,N,VIIRS,n,2.0NRT,,6.25,D,VIIRS_SNPP_NRT,339.82,290.84,NO,4.936,MONITORING
-2.94401,105.2141,,0.39,0.36,2026-09-26,635,N,VIIRS,n,2.0NRT,,7.52,D,VIIRS_SNPP_NRT,334.16,294.31,NO,6.714,MONITORING
-2.94348,105.21756,,0.39,0.36,2026-09-26,635,N,VIIRS,n,2.0NRT,,7.52,D,VIIRS_SNPP_NRT,351.13,295.17,NO,6.458,MONITORING
-2.94121,105.21013,,0.39,0.36,2026-09-26,635,N,VIIRS,n,2.0NRT,,2.33,D,VIIRS_SNPP_NRT,339.74,290.61,NO,7.254,MONITORING
-2.94068,105.21359,,0.39,0.36,2026-09-26,635,N,VIIRS,n,2.0NRT,,7.52,D,VIIRS_SNPP_NRT,336.89,289.99,NO,6.996,MONITORING
-2.94058,105.12482,,0.39,0.36,2026-09-26,635,N,VIIRS,n,2.0NRT,,5.6,D,VIIRS_SNPP_NRT,343.11,288.27,NO,0.191,MONITORING
-2.94052,105.19229,,0.39,0.36,2026-09-26,635,N,VIIRS,n,2.0NRT,,3.65,D,VIIRS_SNPP_NRT,336.53,295.63,NO,5.8,MONITORING
-2.94015,105.21706,,0.39,0.36,2026-09-26,635,N,VIIRS,n,2.0NRT,,7.52,D,VIIRS_SNPP_NRT,343.22,290.21,NO,6.75,MONITORING
-2.94005,105.1283,,0.39,0.36,2026-09-26,635,N,VIIRS,n,2.0NRT,,14.28,D,VIIRS_SNPP_NRT,343.66,286.5,NO,0.195,MONITORING
-2.93947,105.19922,,0.39,0.36,2026-09-26,635,N,VIIRS,n,2.0NRT,,3.46,D,VIIRS_SNPP_NRT,334.2,295.43,NO,6.561,MONITORING
-2.93778,105.12085,,0.39,0.36,2026-09-26,635,N,VIIRS,n,2.0NRT,,4.84,D,VIIRS_SNPP_NRT,340.75,288.86,NO,0.662,MONITORING
-2.93672,105.12781,,0.39,0.36,2026-09-26,635,N,VIIRS,n,2.0NRT,,6.07,D,VIIRS_SNPP_NRT,350.39,288.46,NO,0.548,MONITORING
-2.93667,105.19525,,0.39,0.36,2026-09-26,635,N,VIIRS,n,2.0NRT,,3.65,D,VIIRS_SNPP_NRT,335.06,295.38,NO,6.259,MONITORING
-2.93651,105.17394,,0.39,0.36,2026-09-26,635,N,VIIRS,n,2.0NRT,,9.75,D,VIIRS_SNPP_NRT,343.38,297.12,NO,4.056,MONITORING
-2.93619,105.13128,,0.39,0.36,2026-09-26,635,N,VIIRS,n,2.0NRT,,6.07,D,VIIRS_SNPP_NRT,334.87,288.0,NO,0.682,MONITORING
-2.93614,105.19872,,0.39,0.36,2026-09-26,635,N,VIIRS,n,2.0NRT,,3.46,D,VIIRS_SNPP_NRT,332.88,295.64,NO,6.642,MONITORING
-2.93286,105.13078,,0.39,0.36,2026-09-26,635,N,VIIRS,n,2.0NRT,,6.07,D,VIIRS_SNPP_NRT,335.53,291.79,NO,1.035,MONITORING
-2.92953,105.13027,,0.39,0.36,2026-09-26,635,N,VIIRS,n,2.0NRT,,25.21,D,VIIRS_SNPP_NRT,357.2,302.36,NO,1.388,MONITORING
-2.92806,105.22942,,0.39,0.36,2026-09-26,635,N,VIIRS,n,2.0NRT,,5.75,D,VIIRS_SNPP_NRT,338.3,294.5,NO,5.637,MONITORING
-2.92753,105.23288,,0.39,0.36,2026-09-26,635,N,VIIRS,n,2.0NRT,,3.68,D,VIIRS_SNPP_NRT,333.16,294.47,NO,5.298,MONITORING
-2.92664,105.2611,,0.39,0.36,2026-09-26,635,N,VIIRS,n,2.0NRT,,6.63,D,VIIRS_SNPP_NRT,348.31,293.99,NO,3.353,MONITORING
-2.9262,105.12978,,0.39,0.36,2026-09-26,635,N,VIIRS,n,2.0NRT,,25.21,D,VIIRS_SNPP_NRT,347.96,294.15,NO,1.741,MONITORING
-2.92611,105.26456,,0.39,0.36,2026-09-26,635,N,VIIRS,n,2.0NRT,,6.63,D,VIIRS_SNPP_NRT,331.79,292.35,NO,3.117,MONITORING
-2.9184,105.27048,,0.39,0.36,2026-09-26,635,N,VIIRS,n,2.0NRT,,3.48,D,VIIRS_SNPP_NRT,333.75,292.85,NO,2.271,MONITORING
-2.89882,105.24272,,0.39,0.36,2026-09-26,635,N,VIIRS,n,2.0NRT,,3.19,D,VIIRS_SNPP_NRT,332.53,292.27,NO,2.49,MONITORING
-2.88536,105.13362,,0.39,0.36,2026-09-26,635,N,VIIRS,n,2.0NRT,,2.83,D,VIIRS_SNPP_NRT,335.9,297.79,NO,6.307,MONITORING
-2.88082,105.11873,,0.39,0.36,2026-09-26,635,N,VIIRS,n,2.0NRT,,15.78,D,VIIRS_SNPP_NRT,332.48,299.18,NO,6.827,MONITORING
-2.88044,105.14352,,0.39,0.36,2026-09-26,635,N,VIIRS,n,2.0NRT,,9.67,D,VIIRS_SNPP_NRT,341.81,302.72,NO,7.043,MONITORING
-2.87991,105.147,,0.39,0.36,2026-09-26,635,N,VIIRS,n,2.0NRT,,5.11,D,VIIRS_SNPP_NRT,345.59,303.78,NO,7.186,MONITORING
-2.87779,105.16087,,0.39,0.36,2026-09-26,635,N,VIIRS,n,2.0NRT,,6.74,D,VIIRS_SNPP_NRT,336.04,297.23,NO,7.926,MONITORING
-2.87658,105.14649,,0.39,0.36,2026-09-26,635,N,VIIRS,n,2.0NRT,,5.11,D,VIIRS_SNPP_NRT,333.63,302.25,NO,7.534,MONITORING
-2.8666,105.14498,,0.39,0.36,2026-09-26,635,N,VIIRS,n,2.0NRT,,30.62,D,VIIRS_SNPP_NRT,345.96,300.92,NO,8.587,MONITORING
-2.81005,106.11235,,0.39,0.36,2026-09-26,635,N,VIIRS,n,2.0NRT,,3.01,D,VIIRS_SNPP_NRT,335.64,276.59,NO,20.758,MONITORING
-2.76624,105.22882,,0.39,0.36,2026-09-26,635,N,VIIRS,n,2.0NRT,,3.88,D,VIIRS_SNPP_NRT,331.43,295.19,NO,1.786,MONITORING
-2.76571,105.23228,,0.39,0.36,2026-09-26,635,N,VIIRS,n,2.0NRT,,3.88,D,VIIRS_SNPP_NRT,337.64,298.84,NO,1.602,MONITORING
-2.76555,104.74048,,0.39,0.36,2026-09-26,635,N,VIIRS,n,2.0NRT,,8.6,D,VIIRS_SNPP_NRT,341.85,301.34,NO,34.792,MONITORING
-2.76118,105.21743,,0.39,0.36,2026-09-26,635,N,VIIRS,n,2.0NRT,,4.36,D,VIIRS_SNPP_NRT,337.75,297.98,NO,1.527,MONITORING
-2.75664,105.20258,,0.39,0.36,2026-09-26,635,N,VIIRS,n,2.0NRT,,4.16,D,VIIRS_SNPP_NRT,332.19,298.96,NO,2.001,MONITORING
-2.6928,106.12576,,0.39,0.36,2026-09-26,635,N,VIIRS,n,2.0NRT,,6.03,D,VIIRS_SNPP_NRT,342.9,296.79,NO,33.181,MONITORING
-2.69051,106.02985,,0.39,0.36,2026-09-26,635,N,VIIRS,n,2.0NRT,,7.45,D,VIIRS_SNPP_NRT,340.79,292.23,NO,27.257,MONITORING
-2.6208,105.02537,,0.39,0.36,2026-09-26,635,N,VIIRS,n,2.0NRT,,2.35,D,VIIRS_SNPP_NRT,338.33,300.1,NO,16.709,MONITORING
-2.60131,105.08636,,0.39,0.36,2026-09-26,635,N,VIIRS,n,2.0NRT,,6.85,D,VIIRS_SNPP_NRT,348.49,305.46,NO,10.771,MONITORING
-2.57976,105.0112,,0.39,0.36,2026-09-26,635,N,VIIRS,n,2.0NRT,,7.03,D,VIIRS_SNPP_NRT,343.96,300.35,NO,19.42,MONITORING
-2.5488,105.10239,,0.39,0.36,2026-09-26,635,N,VIIRS,l,2.0NRT,,1.95,D,VIIRS_SNPP_NRT,332.79,305.83,NO,11.555,MONITORING
-2.49767,105.08049,,0.39,0.36,2026-09-26,635,N,VIIRS,n,2.0NRT,,4.8,D,VIIRS_SNPP_NRT,342.22,304.49,NO,16.311,MONITORING
-2.44245,105.08916,,0.39,0.36,2026-09-26,635,N,VIIRS,n,2.0NRT,,3.09,D,VIIRS_SNPP_NRT,331.05,295.8,NO,18.993,MONITORING
-2.44204,105.40102,,0.38,0.36,2026-09-26,635,N,VIIRS,n,2.0NRT,,12.29,D,VIIRS_SNPP_NRT,335.98,300.88,NO,1.147,MONITORING
-2.43925,105.39707,,0.38,0.36,2026-09-26,635,N,VIIRS,n,2.0NRT,,12.29,D,VIIRS_SNPP_NRT,344.97,302.36,NO,1.221,MONITORING
-2.43872,105.40052,,0.38,0.36,2026-09-26,635,N,VIIRS,n,2.0NRT,,12.29,D,VIIRS_SNPP_NRT,339.74,306.74,NO,1.435,MONITORING
-2.43634,105.39584,,0.38,0.36,2026-09-26,635,N,VIIRS,n,2.0NRT,,4.43,D,VIIRS_SNPP_NRT,335.01,296.81,NO,1.492,MONITORING
-2.43581,105.39929,,0.38,0.36,2026-09-26,635,N,VIIRS,n,2.0NRT,,4.43,D,VIIRS_SNPP_NRT,340.5,296.62,NO,1.668,MONITORING
-2.43076,105.38794,,0.38,0.36,2026-09-26,635,N,VIIRS,n,2.0NRT,,2.38,D,VIIRS_SNPP_NRT,334.1,297.52,NO,1.897,MONITORING
-3.79381,105.20081,,0.78,0.78,2026-09-26,1739,N,VIIRS,n,2.0NRT,,2.03,N,VIIRS_SNPP_NRT,309.37,287.92,YES,,LOW
-3.79254,105.19989,,0.78,0.78,2026-09-26,1739,N,VIIRS,n,2.0NRT,,3.31,N,VIIRS_SNPP_NRT,310.57,288.31,YES,,LOW
-3.78322,105.56822,,0.74,0.76,2026-09-26,1739,N,VIIRS,n,2.0NRT,,2.51,N,VIIRS_SNPP_NRT,304.81,288.36,YES,,LOW
-3.78199,105.56133,,0.74,0.76,2026-09-26,1739,N,VIIRS,n,2.0NRT,,2.51,N,VIIRS_SNPP_NRT,301.51,287.8,YES,,LOW
-3.77489,105.56263,,0.74,0.76,2026-09-26,1739,N,VIIRS,n,2.0NRT,,2.51,N,VIIRS_SNPP_NRT,311.36,288.22,YES,,LOW
-3.77366,105.55575,,0.74,0.76,2026-09-26,1739,N,VIIRS,n,2.0NRT,,4.83,N,VIIRS_SNPP_NRT,321.94,289.11,YES,,LOW
-3.77243,105.54883,,0.74,0.76,2026-09-26,1739,N,VIIRS,n,2.0NRT,,4.83,N,VIIRS_SNPP_NRT,300.66,287.49,YES,,LOW
-3.76656,105.55704,,0.74,0.76,2026-09-26,1739,N,VIIRS,n,2.0NRT,,2.69,N,VIIRS_SNPP_NRT,312.72,288.85,YES,,LOW
-3.76533,105.55013,,0.74,0.76,2026-09-26,1739,N,VIIRS,n,2.0NRT,,2.69,N,VIIRS_SNPP_NRT,312.15,288.46,YES,,LOW
-3.76433,105.55989,,0.74,0.76,2026-09-26,1739,N,VIIRS,n,2.0NRT,,2.98,N,VIIRS_SNPP_NRT,304.42,288.18,YES,,LOW
-3.76314,105.55297,,0.74,0.76,2026-09-26,1739,N,VIIRS,n,2.0NRT,,2.6,N,VIIRS_SNPP_NRT,312.98,289.05,YES,,LOW
-3.76195,105.54603,,0.74,0.76,2026-09-26,1739,N,VIIRS,n,2.0NRT,,2.6,N,VIIRS_SNPP_NRT,304.3,288.14,YES,,LOW
-3.75946,105.55835,,0.74,0.76,2026-09-26,1739,N,VIIRS,n,2.0NRT,,2.69,N,VIIRS_SNPP_NRT,301.32,288.01,YES,,LOW
-3.75822,105.55143,,0.74,0.76,2026-09-26,1739,N,VIIRS,n,2.0NRT,,2.69,N,VIIRS_SNPP_NRT,310.34,288.84,YES,,LOW
-3.75698,105.54452,,0.74,0.76,2026-09-26,1739,N,VIIRS,n,2.0NRT,,6.37,N,VIIRS_SNPP_NRT,302.22,288.41,YES,,LOW
-3.75604,105.55431,,0.74,0.76,2026-09-26,1739,N,VIIRS,n,2.0NRT,,2.6,N,VIIRS_SNPP_NRT,304.45,288.29,YES,,LOW
-3.75484,105.54736,,0.74,0.76,2026-09-26,1739,N,VIIRS,n,2.0NRT,,2.6,N,VIIRS_SNPP_NRT,306.66,288.42,YES,,LOW
-3.75364,105.54041,,0.74,0.76,2026-09-26,1739,N,VIIRS,n,2.0NRT,,5.25,N,VIIRS_SNPP_NRT,305.09,287.57,YES,,LOW
-3.75111,105.55273,,0.74,0.76,2026-09-26,1739,N,VIIRS,n,2.0NRT,,2.97,N,VIIRS_SNPP_NRT,304.25,288.2,YES,,LOW
-3.74873,105.46922,,0.75,0.77,2026-09-26,1739,N,VIIRS,n,2.0NRT,,10.57,N,VIIRS_SNPP_NRT,300.61,287.37,YES,,HIGH
-3.74864,105.53893,,0.74,0.76,2026-09-26,1739,N,VIIRS,n,2.0NRT,,4.34,N,VIIRS_SNPP_NRT,316.91,287.94,YES,,LOW
-3.74752,105.46219,,0.75,0.77,2026-09-26,1739,N,VIIRS,n,2.0NRT,,10.57,N,VIIRS_SNPP_NRT,305.44,287.35,YES,,HIGH
-3.74654,105.54176,,0.74,0.76,2026-09-26,1739,N,VIIRS,n,2.0NRT,,2.75,N,VIIRS_SNPP_NRT,312.94,288.25,YES,,LOW
-3.74534,105.53485,,0.74,0.76,2026-09-26,1739,N,VIIRS,n,2.0NRT,,2.75,N,VIIRS_SNPP_NRT,301.48,287.6,YES,,LOW
-3.74327,105.4679,,0.75,0.77,2026-09-26,1739,N,VIIRS,n,2.0NRT,,20.31,N,VIIRS_SNPP_NRT,344.41,289.07,YES,,HIGH
-3.74201,105.46089,,0.75,0.77,2026-09-26,1739,N,VIIRS,h,2.0NRT,,23.78,N,VIIRS_SNPP_NRT,367.0,289.75,YES,,HIGH
-3.74159,105.47056,,0.75,0.77,2026-09-26,1739,N,VIIRS,n,2.0NRT,,10.57,N,VIIRS_SNPP_NRT,323.58,288.29,YES,,HIGH
-3.74153,105.54023,,0.74,0.76,2026-09-26,1739,N,VIIRS,n,2.0NRT,,4.34,N,VIIRS_SNPP_NRT,315.73,288.05,YES,,LOW
-3.74075,105.45384,,0.75,0.77,2026-09-26,1739,N,VIIRS,n,2.0NRT,,23.78,N,VIIRS_SNPP_NRT,341.66,289.3,YES,,HIGH
-3.74038,105.46355,,0.75,0.77,2026-09-26,1739,N,VIIRS,h,2.0NRT,,10.57,N,VIIRS_SNPP_NRT,367.0,290.41,YES,,HIGH
-3.73949,105.4468,,0.75,0.77,2026-09-26,1739,N,VIIRS,n,2.0NRT,,8.92,N,VIIRS_SNPP_NRT,304.09,287.34,YES,,LOW
-3.73943,105.54308,,0.74,0.76,2026-09-26,1739,N,VIIRS,n,2.0NRT,,2.75,N,VIIRS_SNPP_NRT,302.87,287.96,YES,,LOW
-3.73917,105.45652,,0.75,0.77,2026-09-26,1739,N,VIIRS,h,2.0NRT,,28.99,N,VIIRS_SNPP_NRT,367.0,290.73,YES,,HIGH
-3.73795,105.44946,,0.75,0.77,2026-09-26,1739,N,VIIRS,n,2.0NRT,,28.99,N,VIIRS_SNPP_NRT,337.82,288.94,YES,,HIGH
-3.73487,105.4622,,0.75,0.77,2026-09-26,1739,N,VIIRS,n,2.0NRT,,19.53,N,VIIRS_SNPP_NRT,340.46,288.75,YES,,HIGH
-3.73361,105.45518,,0.75,0.77,2026-09-26,1739,N,VIIRS,h,2.0NRT,,19.53,N,VIIRS_SNPP_NRT,367.0,289.98,YES,,HIGH
-3.73234,105.44814,,0.75,0.77,2026-09-26,1739,N,VIIRS,n,2.0NRT,,23.35,N,VIIRS_SNPP_NRT,335.88,288.38,YES,,HIGH
-3.73203,105.45788,,0.75,0.77,2026-09-26,1739,N,VIIRS,n,2.0NRT,,11.51,N,VIIRS_SNPP_NRT,342.01,288.84,YES,,HIGH
-3.73081,105.45084,,0.75,0.77,2026-09-26,1739,N,VIIRS,n,2.0NRT,,11.51,N,VIIRS_SNPP_NRT,335.28,288.98,YES,,HIGH
-3.72959,105.44378,,0.75,0.77,2026-09-26,1739,N,VIIRS,n,2.0NRT,,7.04,N,VIIRS_SNPP_NRT,306.84,287.61,YES,,LOW
-3.69284,105.73531,,0.72,0.76,2026-09-26,1739,N,VIIRS,n,2.0NRT,,1.03,N,VIIRS_SNPP_NRT,299.55,287.37,YES,,LOW
-3.68862,105.73579,,0.72,0.76,2026-09-26,1739,N,VIIRS,n,2.0NRT,,1.01,N,VIIRS_SNPP_NRT,307.36,287.68,YES,,LOW
-3.6858,105.73662,,0.72,0.76,2026-09-26,1739,N,VIIRS,n,2.0NRT,,1.03,N,VIIRS_SNPP_NRT,301.19,287.66,YES,,LOW
-3.51986,105.64723,,0.74,0.76,2026-09-26,1739,N,VIIRS,n,2.0NRT,,1.77,N,VIIRS_SNPP_NRT,304.33,287.92,YES,,LOW
-3.51665,105.64622,,0.74,0.76,2026-09-26,1739,N,VIIRS,n,2.0NRT,,1.62,N,VIIRS_SNPP_NRT,305.44,288.51,YES,,LOW
-3.44605,105.5371,,0.75,0.77,2026-09-26,1739,N,VIIRS,n,2.0NRT,,5.59,N,VIIRS_SNPP_NRT,318.4,288.11,YES,,LOW
-3.4432,105.53757,,0.75,0.77,2026-09-26,1739,N,VIIRS,n,2.0NRT,,3.8,N,VIIRS_SNPP_NRT,320.37,288.3,YES,,LOW
-3.43085,105.1972,,0.79,0.78,2026-09-26,1739,N,VIIRS,n,2.0NRT,,2.36,N,VIIRS_SNPP_NRT,308.49,288.0,YES,,LOW
-3.43001,105.19212,,0.79,0.78,2026-09-26,1739,N,VIIRS,n,2.0NRT,,5.04,N,VIIRS_SNPP_NRT,315.57,288.1,YES,,LOW
-3.42955,105.18979,,0.79,0.78,2026-09-26,1739,N,VIIRS,n,2.0NRT,,2.36,N,VIIRS_SNPP_NRT,305.04,288.01,YES,,LOW
-3.37878,105.33525,,0.78,0.78,2026-09-26,1739,N,VIIRS,n,2.0NRT,,1.36,N,VIIRS_SNPP_NRT,299.85,287.5,YES,,LOW
-3.37453,105.2608,,0.78,0.78,2026-09-26,1739,N,VIIRS,n,2.0NRT,,3.72,N,VIIRS_SNPP_NRT,317.09,288.4,YES,,LOW
-3.37342,105.26083,,0.79,0.78,2026-09-26,1739,N,VIIRS,n,2.0NRT,,4.64,N,VIIRS_SNPP_NRT,317.63,288.35,YES,,LOW
-3.35634,105.24877,,0.79,0.78,2026-09-26,1739,N,VIIRS,n,2.0NRT,,1.05,N,VIIRS_SNPP_NRT,301.87,287.6,YES,,LOW
-3.35008,105.24999,,0.79,0.78,2026-09-26,1739,N,VIIRS,n,2.0NRT,,1.5,N,VIIRS_SNPP_NRT,302.07,287.66,YES,,LOW
-3.29353,105.27553,,0.79,0.78,2026-09-26,1739,N,VIIRS,n,2.0NRT,,3.27,N,VIIRS_SNPP_NRT,303.52,287.67,YES,,LOW
-3.29277,105.27289,,0.79,0.78,2026-09-26,1739,N,VIIRS,n,2.0NRT,,2.27,N,VIIRS_SNPP_NRT,305.42,287.92,YES,,LOW
-3.15721,105.39581,,0.77,0.78,2026-09-26,1739,N,VIIRS,n,2.0NRT,,1.99,N,VIIRS_SNPP_NRT,303.26,287.8,YES,,LOW
-3.15591,105.38858,,0.78,0.78,2026-09-26,1739,N,VIIRS,n,2.0NRT,,1.99,N,VIIRS_SNPP_NRT,307.85,287.94,YES,,LOW
-3.15508,105.3923,,0.78,0.78,2026-09-26,1739,N,VIIRS,n,2.0NRT,,5.25,N,VIIRS_SNPP_NRT,316.21,288.01,YES,,LOW
-3.14868,105.38988,,0.78,0.78,2026-09-26,1739,N,VIIRS,n,2.0NRT,,1.43,N,VIIRS_SNPP_NRT,304.61,287.92,YES,,LOW
-3.14659,105.38641,,0.78,0.78,2026-09-26,1739,N,VIIRS,n,2.0NRT,,0.98,N,VIIRS_SNPP_NRT,301.99,287.66,YES,,LOW
-3.04664,105.58759,,0.76,0.77,2026-09-26,1739,N,VIIRS,n,2.0NRT,,6.67,N,VIIRS_SNPP_NRT,303.28,287.79,YES,,LOW
-3.04195,105.60302,,0.76,0.77,2026-09-26,1739,N,VIIRS,n,2.0NRT,,6.46,N,VIIRS_SNPP_NRT,314.64,288.65,YES,,LOW
-3.04071,105.59595,,0.76,0.77,2026-09-26,1739,N,VIIRS,n,2.0NRT,,6.67,N,VIIRS_SNPP_NRT,325.08,289.43,YES,,LOW
-3.03948,105.58888,,0.76,0.77,2026-09-26,1739,N,VIIRS,n,2.0NRT,,6.67,N,VIIRS_SNPP_NRT,333.9,290.03,YES,,LOW
-3.03824,105.58181,,0.76,0.77,2026-09-26,1739,N,VIIRS,n,2.0NRT,,8.0,N,VIIRS_SNPP_NRT,303.78,287.79,YES,,LOW
-3.03479,105.60431,,0.76,0.77,2026-09-26,1739,N,VIIRS,n,2.0NRT,,3.73,N,VIIRS_SNPP_NRT,302.11,287.76,YES,,LOW
-3.03355,105.59724,,0.76,0.77,2026-09-26,1739,N,VIIRS,n,2.0NRT,,9.27,N,VIIRS_SNPP_NRT,328.99,290.01,YES,,LOW
-3.03231,105.59018,,0.76,0.77,2026-09-26,1739,N,VIIRS,n,2.0NRT,,9.27,N,VIIRS_SNPP_NRT,335.6,290.19,YES,,LOW
-3.03107,105.58313,,0.76,0.77,2026-09-26,1739,N,VIIRS,n,2.0NRT,,13.39,N,VIIRS_SNPP_NRT,325.67,288.63,YES,,HIGH
-3.03102,105.59697,,0.76,0.77,2026-09-26,1739,N,VIIRS,n,2.0NRT,,6.82,N,VIIRS_SNPP_NRT,328.35,289.93,YES,,LOW
-3.02982,105.58991,,0.76,0.77,2026-09-26,1739,N,VIIRS,n,2.0NRT,,8.77,N,VIIRS_SNPP_NRT,337.7,290.56,YES,,LOW
-3.02862,105.58282,,0.76,0.77,2026-09-26,1739,N,VIIRS,n,2.0NRT,,8.77,N,VIIRS_SNPP_NRT,333.38,289.39,YES,,LOW
-3.02639,105.59853,,0.76,0.77,2026-09-26,1739,N,VIIRS,n,2.0NRT,,9.27,N,VIIRS_SNPP_NRT,316.26,288.82,YES,,LOW
-3.02515,105.59148,,0.76,0.77,2026-09-26,1739,N,VIIRS,n,2.0NRT,,9.27,N,VIIRS_SNPP_NRT,335.54,290.66,YES,,LOW
-3.0239,105.58441,,0.76,0.77,2026-09-26,1739,N,VIIRS,n,2.0NRT,,13.39,N,VIIRS_SNPP_NRT,329.8,289.49,YES,,HIGH
-3.02386,105.5983,,0.76,0.77,2026-09-26,1739,N,VIIRS,n,2.0NRT,,6.82,N,VIIRS_SNPP_NRT,306.33,288.24,YES,,LOW
-3.02266,105.59122,,0.76,0.77,2026-09-26,1739,N,VIIRS,n,2.0NRT,,8.77,N,VIIRS_SNPP_NRT,324.39,289.62,YES,,LOW
-3.02146,105.58414,,0.76,0.77,2026-09-26,1739,N,VIIRS,n,2.0NRT,,8.77,N,VIIRS_SNPP_NRT,316.34,288.86,YES,,LOW
-2.75873,106.159,,0.7,0.75,2026-09-26,1739,N,VIIRS,n,2.0NRT,,0.83,N,VIIRS_SNPP_NRT,304.12,287.81,NO,28.296,MONITORING
-3.5205,105.64507,,0.55,0.68,2026-09-26,1917,N,VIIRS,n,2.0NRT,,1.3,N,VIIRS_SNPP_NRT,300.64,288.94,YES,,LOW
-3.51415,105.64593,,0.55,0.68,2026-09-26,1917,N,VIIRS,n,2.0NRT,,1.36,N,VIIRS_SNPP_NRT,303.15,289.01,YES,,LOW
-3.445,105.54491,,0.54,0.68,2026-09-26,1917,N,VIIRS,n,2.0NRT,,1.23,N,VIIRS_SNPP_NRT,305.43,289.16,YES,,LOW
-3.44424,105.53997,,0.54,0.68,2026-09-26,1917,N,VIIRS,n,2.0NRT,,2.16,N,VIIRS_SNPP_NRT,309.52,289.18,YES,,LOW
-3.44348,105.53502,,0.54,0.68,2026-09-26,1917,N,VIIRS,n,2.0NRT,,2.16,N,VIIRS_SNPP_NRT,318.52,289.49,YES,,LOW
-3.44119,105.54462,,0.54,0.68,2026-09-26,1917,N,VIIRS,n,2.0NRT,,1.98,N,VIIRS_SNPP_NRT,309.04,288.95,YES,,LOW
-3.44047,105.53963,,0.54,0.68,2026-09-26,1917,N,VIIRS,n,2.0NRT,,1.98,N,VIIRS_SNPP_NRT,303.66,289.54,YES,,LOW
-3.43975,105.53466,,0.54,0.68,2026-09-26,1917,N,VIIRS,n,2.0NRT,,2.52,N,VIIRS_SNPP_NRT,306.29,289.17,YES,,LOW
-3.43447,105.19611,,0.51,0.66,2026-09-26,1917,N,VIIRS,n,2.0NRT,,2.52,N,VIIRS_SNPP_NRT,321.62,290.45,YES,,LOW
-3.43377,105.19141,,0.51,0.66,2026-09-26,1917,N,VIIRS,n,2.0NRT,,3.15,N,VIIRS_SNPP_NRT,311.64,289.83,YES,,LOW
-3.42832,105.19703,,0.51,0.66,2026-09-26,1917,N,VIIRS,n,2.0NRT,,2.52,N,VIIRS_SNPP_NRT,307.95,290.06,YES,,LOW
-3.42762,105.19234,,0.51,0.66,2026-09-26,1917,N,VIIRS,n,2.0NRT,,3.15,N,VIIRS_SNPP_NRT,303.28,290.03,YES,,LOW
-3.37905,105.33524,,0.52,0.67,2026-09-26,1917,N,VIIRS,n,2.0NRT,,2.21,N,VIIRS_SNPP_NRT,300.47,288.49,YES,,LOW
-3.37674,105.26369,,0.51,0.66,2026-09-26,1917,N,VIIRS,n,2.0NRT,,2.24,N,VIIRS_SNPP_NRT,311.82,288.92,YES,,LOW
-3.37603,105.25895,,0.51,0.66,2026-09-26,1917,N,VIIRS,n,2.0NRT,,2.24,N,VIIRS_SNPP_NRT,312.8,289.0,YES,,LOW
-3.37513,105.3368,,0.52,0.67,2026-09-26,1917,N,VIIRS,n,2.0NRT,,1.13,N,VIIRS_SNPP_NRT,307.34,288.67,YES,,LOW
-3.37496,105.26286,,0.51,0.66,2026-09-26,1917,N,VIIRS,n,2.0NRT,,4.24,N,VIIRS_SNPP_NRT,323.34,290.26,YES,,LOW
-3.37428,105.25812,,0.51,0.66,2026-09-26,1917,N,VIIRS,n,2.0NRT,,3.55,N,VIIRS_SNPP_NRT,307.05,288.86,YES,,LOW
-3.37353,105.34097,,0.52,0.67,2026-09-26,1917,N,VIIRS,n,2.0NRT,,1.83,N,VIIRS_SNPP_NRT,306.08,288.64,YES,,LOW
-3.36986,105.25989,,0.51,0.66,2026-09-26,1917,N,VIIRS,n,2.0NRT,,2.24,N,VIIRS_SNPP_NRT,316.46,290.03,YES,,LOW
-3.36965,105.34251,,0.52,0.67,2026-09-26,1917,N,VIIRS,n,2.0NRT,,1.13,N,VIIRS_SNPP_NRT,302.98,288.56,YES,,LOW
-3.36811,105.25907,,0.51,0.66,2026-09-26,1917,N,VIIRS,n,2.0NRT,,1.63,N,VIIRS_SNPP_NRT,302.17,289.01,YES,,LOW
-3.35611,105.25233,,0.51,0.66,2026-09-26,1917,N,VIIRS,n,2.0NRT,,1.02,N,VIIRS_SNPP_NRT,300.55,288.96,YES,,LOW
-3.31348,105.17731,,0.51,0.66,2026-09-26,1917,N,VIIRS,n,2.0NRT,,3.3,N,VIIRS_SNPP_NRT,299.83,288.19,YES,,LOW
-3.30803,105.18289,,0.51,0.66,2026-09-26,1917,N,VIIRS,n,2.0NRT,,2.71,N,VIIRS_SNPP_NRT,311.62,288.77,YES,,LOW
-3.30735,105.17825,,0.51,0.66,2026-09-26,1917,N,VIIRS,n,2.0NRT,,3.3,N,VIIRS_SNPP_NRT,326.69,290.24,YES,,LOW
-3.29643,105.10443,,0.5,0.66,2026-09-26,1917,N,VIIRS,n,2.0NRT,,4.49,N,VIIRS_SNPP_NRT,331.5,289.87,YES,,LOW
-3.29575,105.09986,,0.5,0.66,2026-09-26,1917,N,VIIRS,n,2.0NRT,,4.49,N,VIIRS_SNPP_NRT,319.95,289.3,YES,,LOW
-3.29132,105.27818,,0.51,0.66,2026-09-26,1917,N,VIIRS,n,2.0NRT,,1.67,N,VIIRS_SNPP_NRT,303.56,289.41,YES,,LOW
-3.2906,105.27345,,0.51,0.66,2026-09-26,1917,N,VIIRS,n,2.0NRT,,4.48,N,VIIRS_SNPP_NRT,321.49,290.36,YES,,LOW
-3.29035,105.27668,,0.51,0.66,2026-09-26,1917,N,VIIRS,n,2.0NRT,,2.52,N,VIIRS_SNPP_NRT,315.84,289.61,YES,,LOW
-3.28966,105.27194,,0.51,0.66,2026-09-26,1917,N,VIIRS,n,2.0NRT,,2.52,N,VIIRS_SNPP_NRT,319.39,290.37,YES,,LOW
-3.27676,105.14214,,0.5,0.66,2026-09-26,1917,N,VIIRS,n,2.0NRT,,1.5,N,VIIRS_SNPP_NRT,303.87,289.06,YES,,LOW
-3.25701,105.13565,,0.5,0.66,2026-09-26,1917,N,VIIRS,n,2.0NRT,,0.91,N,VIIRS_SNPP_NRT,302.41,289.35,YES,,LOW
-3.22919,104.98457,,0.49,0.65,2026-09-26,1917,N,VIIRS,n,2.0NRT,,1.33,N,VIIRS_SNPP_NRT,305.32,288.21,YES,,LOW
-3.22854,104.98009,,0.49,0.65,2026-09-26,1917,N,VIIRS,n,2.0NRT,,1.33,N,VIIRS_SNPP_NRT,309.18,288.97,YES,,LOW
-3.22742,104.98212,,0.49,0.65,2026-09-26,1917,N,VIIRS,n,2.0NRT,,2.27,N,VIIRS_SNPP_NRT,312.34,288.67,YES,,LOW
-3.17911,104.90726,,0.48,0.65,2026-09-26,1917,N,VIIRS,n,2.0NRT,,1.42,N,VIIRS_SNPP_NRT,310.61,289.1,YES,,LOW
-3.15935,105.39655,,0.52,0.67,2026-09-26,1917,N,VIIRS,n,2.0NRT,,2.48,N,VIIRS_SNPP_NRT,303.18,288.64,YES,,LOW
-3.15243,105.39271,,0.52,0.67,2026-09-26,1917,N,VIIRS,n,2.0NRT,,2.48,N,VIIRS_SNPP_NRT,324.54,290.11,YES,,LOW
-3.15171,105.38791,,0.52,0.67,2026-09-26,1917,N,VIIRS,n,2.0NRT,,4.45,N,VIIRS_SNPP_NRT,308.63,289.71,YES,,LOW
-3.10899,105.10333,,0.5,0.66,2026-09-26,1917,N,VIIRS,n,2.0NRT,,0.54,N,VIIRS_SNPP_NRT,300.43,288.92,YES,,LOW
-3.10105,105.21744,,0.51,0.66,2026-09-26,1917,N,VIIRS,n,2.0NRT,,1.66,N,VIIRS_SNPP_NRT,304.15,289.11,YES,,LOW
-3.10036,105.21279,,0.51,0.66,2026-09-26,1917,N,VIIRS,n,2.0NRT,,2.26,N,VIIRS_SNPP_NRT,302.92,289.59,NO,0.464,MONITORING
-3.09492,105.21837,,0.51,0.66,2026-09-26,1917,N,VIIRS,n,2.0NRT,,2.35,N,VIIRS_SNPP_NRT,306.14,289.27,YES,,LOW
-3.04593,105.60638,,0.54,0.68,2026-09-26,1917,N,VIIRS,n,2.0NRT,,4.05,N,VIIRS_SNPP_NRT,307.67,289.7,YES,,LOW
-3.0452,105.60146,,0.54,0.68,2026-09-26,1917,N,VIIRS,n,2.0NRT,,5.43,N,VIIRS_SNPP_NRT,304.6,289.7,YES,,LOW
-3.04447,105.59652,,0.54,0.67,2026-09-26,1917,N,VIIRS,n,2.0NRT,,5.43,N,VIIRS_SNPP_NRT,311.17,289.39,YES,,LOW
-3.04374,105.5916,,0.53,0.67,2026-09-26,1917,N,VIIRS,n,2.0NRT,,8.43,N,VIIRS_SNPP_NRT,323.91,290.47,YES,,LOW
-3.04301,105.58668,,0.53,0.67,2026-09-26,1917,N,VIIRS,n,2.0NRT,,8.43,N,VIIRS_SNPP_NRT,320.99,290.77,YES,,LOW
-3.03893,105.6024,,0.54,0.68,2026-09-26,1917,N,VIIRS,n,2.0NRT,,5.43,N,VIIRS_SNPP_NRT,330.35,292.47,YES,,LOW
-3.0382,105.59748,,0.54,0.67,2026-09-26,1917,N,VIIRS,n,2.0NRT,,5.43,N,VIIRS_SNPP_NRT,339.1,293.61,YES,,LOW
-3.03747,105.59255,,0.53,0.67,2026-09-26,1917,N,VIIRS,n,2.0NRT,,8.43,N,VIIRS_SNPP_NRT,349.63,294.39,YES,,LOW
-3.03674,105.58763,,0.53,0.67,2026-09-26,1917,N,VIIRS,n,2.0NRT,,8.43,N,VIIRS_SNPP_NRT,336.65,292.45,YES,,LOW
-3.03602,105.58272,,0.53,0.67,2026-09-26,1917,N,VIIRS,n,2.0NRT,,7.08,N,VIIRS_SNPP_NRT,305.64,289.49,YES,,LOW
-3.03265,105.60336,,0.54,0.68,2026-09-26,1917,N,VIIRS,n,2.0NRT,,6.14,N,VIIRS_SNPP_NRT,311.72,290.07,YES,,LOW
-3.03193,105.59843,,0.54,0.67,2026-09-26,1917,N,VIIRS,n,2.0NRT,,6.14,N,VIIRS_SNPP_NRT,340.95,293.16,YES,,LOW
-3.0312,105.5935,,0.53,0.67,2026-09-26,1917,N,VIIRS,n,2.0NRT,,11.55,N,VIIRS_SNPP_NRT,348.54,293.7,YES,,HIGH
-3.03047,105.58856,,0.53,0.67,2026-09-26,1917,N,VIIRS,n,2.0NRT,,11.55,N,VIIRS_SNPP_NRT,348.02,293.41,YES,,HIGH
-3.02975,105.58365,,0.53,0.67,2026-09-26,1917,N,VIIRS,n,2.0NRT,,11.27,N,VIIRS_SNPP_NRT,336.14,291.52,YES,,HIGH
-3.02929,105.60034,,0.53,0.67,2026-09-26,1917,N,VIIRS,n,2.0NRT,,5.4,N,VIIRS_SNPP_NRT,328.54,291.43,YES,,LOW
-3.02853,105.59543,,0.53,0.67,2026-09-26,1917,N,VIIRS,n,2.0NRT,,5.4,N,VIIRS_SNPP_NRT,346.37,293.72,YES,,LOW
-3.02777,105.59051,,0.53,0.67,2026-09-26,1917,N,VIIRS,n,2.0NRT,,7.92,N,VIIRS_SNPP_NRT,347.42,293.66,YES,,LOW
-3.02701,105.58559,,0.53,0.67,2026-09-26,1917,N,VIIRS,n,2.0NRT,,7.92,N,VIIRS_SNPP_NRT,347.62,293.44,YES,,LOW
-3.02626,105.5807,,0.53,0.67,2026-09-26,1917,N,VIIRS,n,2.0NRT,,8.13,N,VIIRS_SNPP_NRT,302.6,289.78,YES,,LOW
-3.02565,105.59938,,0.54,0.67,2026-09-26,1917,N,VIIRS,n,2.0NRT,,6.14,N,VIIRS_SNPP_NRT,318.97,290.47,YES,,LOW
-3.02493,105.59446,,0.53,0.67,2026-09-26,1917,N,VIIRS,n,2.0NRT,,11.55,N,VIIRS_SNPP_NRT,336.69,292.24,YES,,HIGH
-3.02421,105.58952,,0.53,0.67,2026-09-26,1917,N,VIIRS,n,2.0NRT,,11.55,N,VIIRS_SNPP_NRT,335.13,292.1,YES,,HIGH
-3.02348,105.5846,,0.53,0.67,2026-09-26,1917,N,VIIRS,n,2.0NRT,,11.27,N,VIIRS_SNPP_NRT,333.92,291.51,YES,,HIGH
-3.02301,105.60127,,0.53,0.67,2026-09-26,1917,N,VIIRS,n,2.0NRT,,5.4,N,VIIRS_SNPP_NRT,301.02,288.99,YES,,LOW
-3.02226,105.59637,,0.53,0.67,2026-09-26,1917,N,VIIRS,n,2.0NRT,,5.4,N,VIIRS_SNPP_NRT,316.07,290.25,YES,,LOW
-3.0215,105.59143,,0.53,0.67,2026-09-26,1917,N,VIIRS,n,2.0NRT,,7.92,N,VIIRS_SNPP_NRT,312.17,289.83,YES,,LOW
-3.02075,105.58652,,0.53,0.67,2026-09-26,1917,N,VIIRS,n,2.0NRT,,7.92,N,VIIRS_SNPP_NRT,310.03,289.5,YES,,LOW
-2.86724,104.72973,,0.47,0.64,2026-09-26,1917,N,VIIRS,n,2.0NRT,,0.64,N,VIIRS_SNPP_NRT,303.01,288.48,NO,24.079,MONITORING
-2.86662,104.72546,,0.46,0.64,2026-09-26,1917,N,VIIRS,n,2.0NRT,,0.64,N,VIIRS_SNPP_NRT,302.3,288.65,NO,24.296,MONITORING
-2.86408,104.72803,,0.46,0.64,2026-09-26,1917,N,VIIRS,n,2.0NRT,,1.83,N,VIIRS_SNPP_NRT,311.66,289.34,NO,24.472,MONITORING
-2.86132,104.73065,,0.47,0.64,2026-09-26,1917,N,VIIRS,n,2.0NRT,,0.64,N,VIIRS_SNPP_NRT,302.52,288.85,NO,24.676,MONITORING
-4.25553,104.83445,,0.5,0.65,2026-09-26,1919,N,VIIRS,n,2.0NRT,,1.71,N,VIIRS_SNPP_NRT,307.98,289.23,NO,1.719,MONITORING
-4.25489,104.8299,,0.49,0.65,2026-09-26,1919,N,VIIRS,n,2.0NRT,,2.18,N,VIIRS_SNPP_NRT,308.39,289.14,NO,1.427,MONITORING
-4.2542,104.83135,,0.49,0.65,2026-09-26,1919,N,VIIRS,n,2.0NRT,,1.93,N,VIIRS_SNPP_NRT,321.13,289.41,NO,1.421,MONITORING
-3.83814,104.64328,,0.47,0.64,2026-09-26,1919,N,VIIRS,n,2.0NRT,,0.59,N,VIIRS_SNPP_NRT,306.2,288.55,NO,19.207,MONITORING
-3.79199,105.20341,,0.52,0.67,2026-09-26,1919,N,VIIRS,n,2.0NRT,,2.45,N,VIIRS_SNPP_NRT,318.85,290.23,YES,,LOW
-3.79127,105.19862,,0.52,0.66,2026-09-26,1919,N,VIIRS,n,2.0NRT,,2.45,N,VIIRS_SNPP_NRT,312.19,290.06,YES,,LOW
-3.79063,105.58359,,0.55,0.68,2026-09-26,1919,N,VIIRS,n,2.0NRT,,1.9,N,VIIRS_SNPP_NRT,302.5,289.75,YES,,LOW
-3.79011,105.20332,,0.52,0.67,2026-09-26,1919,N,VIIRS,n,2.0NRT,,3.85,N,VIIRS_SNPP_NRT,324.79,290.88,YES,,LOW
-3.78989,105.57855,,0.55,0.68,2026-09-26,1919,N,VIIRS,n,2.0NRT,,1.9,N,VIIRS_SNPP_NRT,306.23,289.8,YES,,LOW
-3.78943,105.19849,,0.52,0.67,2026-09-26,1919,N,VIIRS,n,2.0NRT,,3.21,N,VIIRS_SNPP_NRT,303.0,289.56,YES,,LOW
-3.7821,105.56942,,0.55,0.68,2026-09-26,1919,N,VIIRS,n,2.0NRT,,2.87,N,VIIRS_SNPP_NRT,308.93,290.63,YES,,LOW
-3.78136,105.5644,,0.55,0.68,2026-09-26,1919,N,VIIRS,n,2.0NRT,,4.52,N,VIIRS_SNPP_NRT,310.75,290.46,YES,,LOW
-3.78063,105.55936,,0.55,0.68,2026-09-26,1919,N,VIIRS,n,2.0NRT,,4.52,N,VIIRS_SNPP_NRT,308.39,289.72,YES,,LOW
-3.7799,105.55433,,0.55,0.68,2026-09-26,1919,N,VIIRS,n,2.0NRT,,4.02,N,VIIRS_SNPP_NRT,300.71,289.02,YES,,LOW
-3.77431,105.56031,,0.55,0.68,2026-09-26,1919,N,VIIRS,n,2.0NRT,,4.52,N,VIIRS_SNPP_NRT,338.33,292.61,YES,,LOW
-3.77358,105.55527,,0.55,0.68,2026-09-26,1919,N,VIIRS,n,2.0NRT,,4.02,N,VIIRS_SNPP_NRT,329.3,291.64,YES,,LOW
-3.77285,105.55026,,0.54,0.68,2026-09-26,1919,N,VIIRS,n,2.0NRT,,4.02,N,VIIRS_SNPP_NRT,301.4,289.52,YES,,LOW
-3.76799,105.56126,,0.55,0.68,2026-09-26,1919,N,VIIRS,n,2.0NRT,,4.54,N,VIIRS_SNPP_NRT,310.57,290.38,YES,,LOW
-3.76726,105.55622,,0.55,0.68,2026-09-26,1919,N,VIIRS,n,2.0NRT,,3.67,N,VIIRS_SNPP_NRT,323.98,291.96,YES,,LOW
-3.76653,105.5512,,0.54,0.68,2026-09-26,1919,N,VIIRS,n,2.0NRT,,3.67,N,VIIRS_SNPP_NRT,318.37,291.22,YES,,LOW
-3.76581,105.54619,,0.54,0.68,2026-09-26,1919,N,VIIRS,n,2.0NRT,,3.92,N,VIIRS_SNPP_NRT,306.56,289.97,YES,,LOW
-3.76454,105.55798,,0.54,0.68,2026-09-26,1919,N,VIIRS,n,2.0NRT,,3.03,N,VIIRS_SNPP_NRT,320.8,291.36,YES,,LOW
-3.76379,105.55298,,0.54,0.68,2026-09-26,1919,N,VIIRS,n,2.0NRT,,3.45,N,VIIRS_SNPP_NRT,320.84,291.59,YES,,LOW
-3.76303,105.54797,,0.54,0.68,2026-09-26,1919,N,VIIRS,n,2.0NRT,,3.45,N,VIIRS_SNPP_NRT,315.36,291.54,YES,,LOW
-3.76094,105.55717,,0.55,0.68,2026-09-26,1919,N,VIIRS,n,2.0NRT,,3.67,N,VIIRS_SNPP_NRT,314.72,291.11,YES,,LOW
-3.76021,105.55215,,0.54,0.68,2026-09-26,1919,N,VIIRS,n,2.0NRT,,3.67,N,VIIRS_SNPP_NRT,318.88,291.81,YES,,LOW
-3.75949,105.54714,,0.54,0.68,2026-09-26,1919,N,VIIRS,n,2.0NRT,,3.92,N,VIIRS_SNPP_NRT,307.9,290.64,YES,,LOW
-3.75822,105.55891,,0.54,0.68,2026-09-26,1919,N,VIIRS,n,2.0NRT,,3.03,N,VIIRS_SNPP_NRT,302.25,289.7,YES,,LOW
-3.75747,105.5539,,0.54,0.68,2026-09-26,1919,N,VIIRS,n,2.0NRT,,3.45,N,VIIRS_SNPP_NRT,311.48,290.6,YES,,LOW
-3.75671,105.5489,,0.54,0.68,2026-09-26,1919,N,VIIRS,n,2.0NRT,,3.45,N,VIIRS_SNPP_NRT,315.71,291.28,YES,,LOW
-3.75595,105.54388,,0.54,0.68,2026-09-26,1919,N,VIIRS,n,2.0NRT,,5.63,N,VIIRS_SNPP_NRT,303.18,290.26,YES,,LOW
-3.7539,105.5531,,0.54,0.68,2026-09-26,1919,N,VIIRS,n,2.0NRT,,2.54,N,VIIRS_SNPP_NRT,315.34,291.01,YES,,LOW
-3.75318,105.54809,,0.54,0.68,2026-09-26,1919,N,VIIRS,n,2.0NRT,,2.87,N,VIIRS_SNPP_NRT,311.78,291.08,YES,,LOW
-3.75246,105.54308,,0.54,0.68,2026-09-26,1919,N,VIIRS,n,2.0NRT,,2.87,N,VIIRS_SNPP_NRT,303.89,289.78,YES,,LOW
-3.75174,105.53807,,0.54,0.68,2026-09-26,1919,N,VIIRS,n,2.0NRT,,4.01,N,VIIRS_SNPP_NRT,318.36,290.0,YES,,LOW
-3.75115,105.55483,,0.54,0.68,2026-09-26,1919,N,VIIRS,n,2.0NRT,,2.19,N,VIIRS_SNPP_NRT,311.47,290.34,YES,,LOW
-3.75039,105.54982,,0.54,0.68,2026-09-26,1919,N,VIIRS,n,2.0NRT,,2.19,N,VIIRS_SNPP_NRT,306.86,290.45,YES,,LOW
-3.74964,105.54482,,0.54,0.68,2026-09-26,1919,N,VIIRS,n,2.0NRT,,3.39,N,VIIRS_SNPP_NRT,301.99,289.86,YES,,LOW
-3.74888,105.53979,,0.54,0.68,2026-09-26,1919,N,VIIRS,n,2.0NRT,,3.39,N,VIIRS_SNPP_NRT,327.15,290.92,YES,,LOW
-3.74758,105.55403,,0.54,0.68,2026-09-26,1919,N,VIIRS,n,2.0NRT,,2.54,N,VIIRS_SNPP_NRT,302.16,290.03,YES,,LOW
-3.74614,105.54401,,0.54,0.68,2026-09-26,1919,N,VIIRS,n,2.0NRT,,2.87,N,VIIRS_SNPP_NRT,305.05,289.65,YES,,LOW
-3.74542,105.53899,,0.54,0.68,2026-09-26,1919,N,VIIRS,n,2.0NRT,,4.01,N,VIIRS_SNPP_NRT,317.29,290.58,YES,,LOW
-3.74469,105.46935,,0.54,0.68,2026-09-26,1919,N,VIIRS,n,2.0NRT,,12.41,N,VIIRS_SNPP_NRT,340.1,290.64,YES,,HIGH
-3.74394,105.46442,,0.54,0.68,2026-09-26,1919,N,VIIRS,h,2.0NRT,,16.87,N,VIIRS_SNPP_NRT,367.0,292.64,YES,,HIGH
-3.7432,105.4595,,0.54,0.68,2026-09-26,1919,N,VIIRS,n,2.0NRT,,16.87,N,VIIRS_SNPP_NRT,345.67,290.89,YES,,HIGH
-3.74257,105.54073,,0.54,0.68,2026-09-26,1919,N,VIIRS,n,2.0NRT,,3.39,N,VIIRS_SNPP_NRT,326.29,290.65,YES,,LOW
-3.74245,105.45456,,0.54,0.68,2026-09-26,1919,N,VIIRS,n,2.0NRT,,6.3,N,VIIRS_SNPP_NRT,332.15,291.29,YES,,LOW
-3.74242,105.47329,,0.54,0.68,2026-09-26,1919,N,VIIRS,n,2.0NRT,,4.41,N,VIIRS_SNPP_NRT,306.76,289.78,YES,,LOW
-3.74171,105.46835,,0.54,0.68,2026-09-26,1919,N,VIIRS,n,2.0NRT,,16.83,N,VIIRS_SNPP_NRT,351.04,292.74,YES,,HIGH
-3.7417,105.44964,,0.54,0.67,2026-09-26,1919,N,VIIRS,n,2.0NRT,,6.3,N,VIIRS_SNPP_NRT,305.94,289.01,YES,,LOW
-3.741,105.46338,,0.54,0.68,2026-09-26,1919,N,VIIRS,h,2.0NRT,,16.83,N,VIIRS_SNPP_NRT,367.0,295.39,YES,,HIGH
-3.74029,105.45846,,0.54,0.68,2026-09-26,1919,N,VIIRS,h,2.0NRT,,23.34,N,VIIRS_SNPP_NRT,367.0,294.09,YES,,HIGH
-3.73957,105.4535,,0.54,0.68,2026-09-26,1919,N,VIIRS,n,2.0NRT,,23.34,N,VIIRS_SNPP_NRT,353.15,293.57,YES,,HIGH
-3.73911,105.53996,,0.54,0.68,2026-09-26,1919,N,VIIRS,n,2.0NRT,,3.21,N,VIIRS_SNPP_NRT,320.79,290.4,YES,,LOW
-3.73887,105.44859,,0.54,0.68,2026-09-26,1919,N,VIIRS,n,2.0NRT,,11.67,N,VIIRS_SNPP_NRT,307.89,289.12,YES,,HIGH
-3.7384,105.47026,,0.54,0.68,2026-09-26,1919,N,VIIRS,n,2.0NRT,,2.81,N,VIIRS_SNPP_NRT,305.27,289.32,YES,,LOW
-3.73765,105.46532,,0.54,0.68,2026-09-26,1919,N,VIIRS,n,2.0NRT,,13.58,N,VIIRS_SNPP_NRT,339.61,291.51,YES,,HIGH
-3.73691,105.4604,,0.54,0.68,2026-09-26,1919,N,VIIRS,h,2.0NRT,,13.58,N,VIIRS_SNPP_NRT,367.0,295.86,YES,,HIGH
-3.73617,105.45547,,0.54,0.68,2026-09-26,1919,N,VIIRS,h,2.0NRT,,17.35,N,VIIRS_SNPP_NRT,367.0,297.96,YES,,HIGH
-3.73542,105.45055,,0.54,0.67,2026-09-26,1919,N,VIIRS,h,2.0NRT,,17.35,N,VIIRS_SNPP_NRT,367.0,293.73,YES,,HIGH
-3.73471,105.46432,,0.54,0.68,2026-09-26,1919,N,VIIRS,n,2.0NRT,,16.83,N,VIIRS_SNPP_NRT,326.82,290.03,YES,,HIGH
-3.73468,105.44563,,0.53,0.67,2026-09-26,1919,N,VIIRS,n,2.0NRT,,7.79,N,VIIRS_SNPP_NRT,313.72,289.25,YES,,LOW
-3.734,105.45938,,0.54,0.68,2026-09-26,1919,N,VIIRS,h,2.0NRT,,23.34,N,VIIRS_SNPP_NRT,367.0,295.11,YES,,HIGH
-3.73329,105.45443,,0.54,0.68,2026-09-26,1919,N,VIIRS,h,2.0NRT,,23.34,N,VIIRS_SNPP_NRT,367.0,296.56,YES,,HIGH
-3.73259,105.44951,,0.54,0.68,2026-09-26,1919,N,VIIRS,n,2.0NRT,,11.67,N,VIIRS_SNPP_NRT,355.61,292.63,YES,,HIGH
-3.73188,105.44459,,0.54,0.67,2026-09-26,1919,N,VIIRS,n,2.0NRT,,11.67,N,VIIRS_SNPP_NRT,307.07,289.32,YES,,HIGH
-3.73063,105.46131,,0.54,0.68,2026-09-26,1919,N,VIIRS,n,2.0NRT,,13.58,N,VIIRS_SNPP_NRT,313.66,288.79,YES,,HIGH
-3.72989,105.45638,,0.54,0.68,2026-09-26,1919,N,VIIRS,n,2.0NRT,,17.35,N,VIIRS_SNPP_NRT,319.94,289.99,YES,,HIGH
-3.72915,105.45145,,0.54,0.67,2026-09-26,1919,N,VIIRS,n,2.0NRT,,17.35,N,VIIRS_SNPP_NRT,327.75,290.45,YES,,HIGH
-3.7284,105.44653,,0.53,0.67,2026-09-26,1919,N,VIIRS,n,2.0NRT,,7.79,N,VIIRS_SNPP_NRT,317.89,290.09,YES,,LOW
-3.72772,105.46031,,0.54,0.68,2026-09-26,1919,N,VIIRS,n,2.0NRT,,1.35,N,VIIRS_SNPP_NRT,300.89,288.33,YES,,LOW
-3.72485,105.39555,,0.53,0.67,2026-09-26,1919,N,VIIRS,n,2.0NRT,,1.28,N,VIIRS_SNPP_NRT,300.93,289.16,YES,,LOW
-3.68698,105.73564,,0.56,0.69,2026-09-26,1919,N,VIIRS,n,2.0NRT,,0.67,N,VIIRS_SNPP_NRT,301.37,288.48,YES,,LOW
-3.61116,105.30021,,0.52,0.67,2026-09-26,1919,N,VIIRS,n,2.0NRT,,1.03,N,VIIRS_SNPP_NRT,301.5,288.68,YES,,LOW
-3.51673,104.69026,,0.47,0.64,2026-09-26,1919,N,VIIRS,n,2.0NRT,,1.18,N,VIIRS_SNPP_NRT,309.11,289.53,YES,,LOW
-3.51485,104.69234,,0.47,0.64,2026-09-26,1919,N,VIIRS,n,2.0NRT,,1.59,N,VIIRS_SNPP_NRT,306.67,289.5,YES,,LOW
-4.10783,105.39034,,0.41,0.45,2026-09-27,618,N,VIIRS,n,2.0NRT,,5.16,D,VIIRS_SNPP_NRT,347.62,285.9,NO,24.607,MONITORING
-4.05441,105.46551,,0.41,0.45,2026-09-27,618,N,VIIRS,n,2.0NRT,,10.17,D,VIIRS_SNPP_NRT,341.01,285.12,NO,15.419,MONITORING
-3.91538,105.26655,,0.42,0.45,2026-09-27,618,N,VIIRS,n,2.0NRT,,12.51,D,VIIRS_SNPP_NRT,337.4,281.94,NO,2.063,MONITORING
-3.91065,105.2697,,0.42,0.45,2026-09-27,618,N,VIIRS,n,2.0NRT,,12.51,D,VIIRS_SNPP_NRT,347.42,284.15,NO,1.962,MONITORING
-3.85489,105.27309,,0.42,0.45,2026-09-27,618,N,VIIRS,n,2.0NRT,,6.25,D,VIIRS_SNPP_NRT,331.82,286.28,YES,,LOW
-3.83628,105.25504,,0.42,0.45,2026-09-27,618,N,VIIRS,n,2.0NRT,,3.17,D,VIIRS_SNPP_NRT,335.46,286.38,YES,,LOW
-3.81493,105.25576,,0.42,0.45,2026-09-27,618,N,VIIRS,n,2.0NRT,,2.97,D,VIIRS_SNPP_NRT,329.62,282.51,YES,,LOW
-3.64834,105.80253,,0.57,0.43,2026-09-27,618,N,VIIRS,n,2.0NRT,,3.76,D,VIIRS_SNPP_NRT,332.2,288.61,YES,,LOW
-3.54368,105.64306,,0.39,0.44,2026-09-27,618,N,VIIRS,n,2.0NRT,,4.54,D,VIIRS_SNPP_NRT,339.38,282.76,YES,,LOW
-3.53977,105.81026,,0.57,0.43,2026-09-27,618,N,VIIRS,n,2.0NRT,,7.85,D,VIIRS_SNPP_NRT,341.73,287.45,YES,,LOW
-3.499,105.7702,,0.57,0.43,2026-09-27,618,N,VIIRS,n,2.0NRT,,7.98,D,VIIRS_SNPP_NRT,331.8,289.99,YES,,LOW
-3.49589,105.79082,,0.57,0.43,2026-09-27,618,N,VIIRS,n,2.0NRT,,21.03,D,VIIRS_SNPP_NRT,349.94,290.21,YES,,HIGH
-3.43232,105.58231,,0.39,0.44,2026-09-27,618,N,VIIRS,n,2.0NRT,,24.94,D,VIIRS_SNPP_NRT,333.81,280.42,YES,,HIGH
-3.43178,105.58583,,0.39,0.44,2026-09-27,618,N,VIIRS,n,2.0NRT,,24.94,D,VIIRS_SNPP_NRT,356.12,285.82,YES,,HIGH
-3.16133,105.31844,,0.4,0.44,2026-09-27,618,N,VIIRS,n,2.0NRT,,6.61,D,VIIRS_SNPP_NRT,341.95,281.04,YES,,LOW
-3.16028,105.31876,,0.4,0.44,2026-09-27,618,N,VIIRS,n,2.0NRT,,6.18,D,VIIRS_SNPP_NRT,341.47,281.05,YES,,LOW
-3.15975,105.3224,,0.4,0.44,2026-09-27,618,N,VIIRS,n,2.0NRT,,4.95,D,VIIRS_SNPP_NRT,330.34,280.13,YES,,LOW
-3.15923,105.32604,,0.4,0.44,2026-09-27,618,N,VIIRS,n,2.0NRT,,4.95,D,VIIRS_SNPP_NRT,329.06,278.97,YES,,LOW
-3.0413,105.59165,,0.39,0.44,2026-09-27,618,N,VIIRS,n,2.0NRT,,12.66,D,VIIRS_SNPP_NRT,347.4,281.84,YES,,HIGH
-3.04079,105.59513,,0.39,0.44,2026-09-27,618,N,VIIRS,n,2.0NRT,,6.34,D,VIIRS_SNPP_NRT,343.5,284.69,YES,,LOW
-3.04027,105.59861,,0.39,0.44,2026-09-27,618,N,VIIRS,n,2.0NRT,,6.34,D,VIIRS_SNPP_NRT,339.54,285.35,YES,,LOW
-3.03976,105.6021,,0.39,0.44,2026-09-27,618,N,VIIRS,n,2.0NRT,,10.95,D,VIIRS_SNPP_NRT,341.14,287.01,YES,,HIGH
-3.03677,105.59454,,0.39,0.44,2026-09-27,618,N,VIIRS,n,2.0NRT,,7.25,D,VIIRS_SNPP_NRT,346.53,286.61,YES,,LOW
-3.03625,105.59801,,0.39,0.44,2026-09-27,618,N,VIIRS,n,2.0NRT,,7.25,D,VIIRS_SNPP_NRT,344.55,288.71,YES,,LOW
-3.03574,105.6015,,0.39,0.44,2026-09-27,618,N,VIIRS,n,2.0NRT,,5.85,D,VIIRS_SNPP_NRT,335.0,283.86,YES,,LOW
-3.03274,105.59394,,0.39,0.44,2026-09-27,618,N,VIIRS,n,2.0NRT,,7.25,D,VIIRS_SNPP_NRT,353.58,289.61,YES,,LOW
-3.03223,105.59743,,0.39,0.44,2026-09-27,618,N,VIIRS,n,2.0NRT,,7.25,D,VIIRS_SNPP_NRT,351.57,291.38,YES,,LOW
-3.03172,105.60091,,0.39,0.44,2026-09-27,618,N,VIIRS,n,2.0NRT,,5.85,D,VIIRS_SNPP_NRT,339.07,287.46,YES,,LOW
-3.02924,105.58987,,0.39,0.44,2026-09-27,618,N,VIIRS,n,2.0NRT,,25.63,D,VIIRS_SNPP_NRT,352.89,282.84,YES,,HIGH
-3.02872,105.59335,,0.39,0.44,2026-09-27,618,N,VIIRS,n,2.0NRT,,7.96,D,VIIRS_SNPP_NRT,355.48,289.65,YES,,LOW
-3.02821,105.59683,,0.39,0.44,2026-09-27,618,N,VIIRS,n,2.0NRT,,7.96,D,VIIRS_SNPP_NRT,351.57,293.64,YES,,LOW
-3.0277,105.60032,,0.39,0.44,2026-09-27,618,N,VIIRS,n,2.0NRT,,7.75,D,VIIRS_SNPP_NRT,332.47,287.27,YES,,LOW
-3.0247,105.59277,,0.39,0.44,2026-09-27,618,N,VIIRS,n,2.0NRT,,7.96,D,VIIRS_SNPP_NRT,350.23,286.4,YES,,LOW
-3.02419,105.59624,,0.39,0.44,2026-09-27,618,N,VIIRS,n,2.0NRT,,7.96,D,VIIRS_SNPP_NRT,340.53,288.13,YES,,LOW
-2.83203,106.11032,,0.54,0.42,2026-09-27,618,N,VIIRS,n,2.0NRT,,4.28,D,VIIRS_SNPP_NRT,332.02,280.24,NO,18.514,MONITORING
-2.82815,106.10976,,0.54,0.42,2026-09-27,618,N,VIIRS,l,2.0NRT,,4.28,D,VIIRS_SNPP_NRT,329.08,280.7,NO,18.859,MONITORING
-2.76212,106.02065,,0.54,0.42,2026-09-27,618,N,VIIRS,l,2.0NRT,,11.33,D,VIIRS_SNPP_NRT,327.85,288.32,NO,21.35,MONITORING
-3.73263,105.46112,,0.51,0.49,2026-09-27,1900,N,VIIRS,n,2.0NRT,,12.42,N,VIIRS_SNPP_NRT,321.56,240.73,YES,,HIGH
-3.72667,105.4526,,0.51,0.49,2026-09-27,1900,N,VIIRS,n,2.0NRT,,8.99,N,VIIRS_SNPP_NRT,329.4,238.83,YES,,LOW
-3.72597,105.448,,0.51,0.49,2026-09-27,1900,N,VIIRS,n,2.0NRT,,8.99,N,VIIRS_SNPP_NRT,322.21,237.97,YES,,LOW
-3.47075,104.91602,,0.46,0.47,2026-09-27,1900,N,VIIRS,n,2.0NRT,,6.9,N,VIIRS_SNPP_NRT,325.88,231.12,YES,,LOW
-3.14699,105.08601,,0.47,0.48,2026-09-27,1900,N,VIIRS,n,2.0NRT,,6.56,N,VIIRS_SNPP_NRT,333.25,262.68,YES,,LOW
-3.14633,105.08173,,0.47,0.48,2026-09-27,1900,N,VIIRS,n,2.0NRT,,6.56,N,VIIRS_SNPP_NRT,331.43,263.13,YES,,LOW
-3.14258,105.08666,,0.47,0.48,2026-09-27,1900,N,VIIRS,n,2.0NRT,,6.56,N,VIIRS_SNPP_NRT,334.79,263.8,YES,,LOW
-3.04232,105.59142,,0.51,0.49,2026-09-27,1900,N,VIIRS,n,2.0NRT,,1.59,N,VIIRS_SNPP_NRT,295.46,248.7,YES,,LOW
-3.03847,105.59669,,0.51,0.49,2026-09-27,1900,N,VIIRS,n,2.0NRT,,0.47,N,VIIRS_SNPP_NRT,295.42,247.59,YES,,LOW
-3.03776,105.5921,,0.51,0.49,2026-09-27,1900,N,VIIRS,n,2.0NRT,,0.47,N,VIIRS_SNPP_NRT,296.49,247.67,YES,,LOW
-3.03705,105.58752,,0.51,0.49,2026-09-27,1900,N,VIIRS,n,2.0NRT,,0.98,N,VIIRS_SNPP_NRT,298.89,254.78,YES,,LOW
-3.03391,105.59738,,0.51,0.49,2026-09-27,1900,N,VIIRS,n,2.0NRT,,0.47,N,VIIRS_SNPP_NRT,295.65,246.54,YES,,LOW
-3.0332,105.5928,,0.51,0.49,2026-09-27,1900,N,VIIRS,n,2.0NRT,,0.47,N,VIIRS_SNPP_NRT,297.49,248.33,YES,,LOW
-3.03249,105.5882,,0.51,0.49,2026-09-27,1900,N,VIIRS,n,2.0NRT,,0.98,N,VIIRS_SNPP_NRT,300.53,252.17,YES,,LOW
-3.03178,105.58362,,0.51,0.49,2026-09-27,1900,N,VIIRS,n,2.0NRT,,0.98,N,VIIRS_SNPP_NRT,299.07,257.57,YES,,LOW
-3.02935,105.59808,,0.51,0.49,2026-09-27,1900,N,VIIRS,n,2.0NRT,,1.1,N,VIIRS_SNPP_NRT,298.45,249.73,YES,,LOW
-3.02864,105.59349,,0.51,0.49,2026-09-27,1900,N,VIIRS,n,2.0NRT,,1.1,N,VIIRS_SNPP_NRT,308.34,253.22,YES,,LOW
-3.02793,105.58889,,0.51,0.49,2026-09-27,1900,N,VIIRS,n,2.0NRT,,1.79,N,VIIRS_SNPP_NRT,309.66,254.81,YES,,LOW
-3.02722,105.5843,,0.51,0.49,2026-09-27,1900,N,VIIRS,n,2.0NRT,,1.79,N,VIIRS_SNPP_NRT,309.66,258.75,YES,,LOW
-3.0248,105.59877,,0.51,0.49,2026-09-27,1900,N,VIIRS,n,2.0NRT,,1.1,N,VIIRS_SNPP_NRT,295.02,256.55,YES,,LOW
-3.02409,105.59418,,0.51,0.49,2026-09-27,1900,N,VIIRS,n,2.0NRT,,1.1,N,VIIRS_SNPP_NRT,305.88,258.54,YES,,LOW
-3.02338,105.58958,,0.51,0.49,2026-09-27,1900,N,VIIRS,n,2.0NRT,,1.79,N,VIIRS_SNPP_NRT,309.71,260.97,YES,,LOW
-3.02267,105.585,,0.51,0.49,2026-09-27,1900,N,VIIRS,n,2.0NRT,,1.79,N,VIIRS_SNPP_NRT,300.93,261.72,YES,,LOW
-2.85934,105.16408,,0.47,0.48,2026-09-27,1900,N,VIIRS,n,2.0NRT,,1.33,N,VIIRS_SNPP_NRT,296.76,267.65,NO,9.958,MONITORING
-2.48948,104.79128,,0.44,0.46,2026-09-27,1900,N,VIIRS,n,2.0NRT,,0.16,N,VIIRS_SNPP_NRT,297.09,276.68,NO,45.885,MONITORING
-4.13406,105.1536,,0.45,0.63,2026-09-28,557,N,VIIRS,n,2.0NRT,,7.58,D,VIIRS_SNPP_NRT,346.87,289.72,NO,9.898,MONITORING
-4.03666,105.42543,,0.43,0.62,2026-09-28,557,N,VIIRS,n,2.0NRT,,7.3,D,VIIRS_SNPP_NRT,351.73,283.91,NO,19.353,MONITORING
-4.03487,105.42505,,0.43,0.62,2026-09-28,557,N,VIIRS,n,2.0NRT,,6.89,D,VIIRS_SNPP_NRT,353.96,283.67,NO,19.215,MONITORING
-3.96214,104.74311,,0.48,0.64,2026-09-28,557,N,VIIRS,n,2.0NRT,,5.59,D,VIIRS_SNPP_NRT,349.52,289.59,NO,12.432,MONITORING
-3.8048,105.50117,,0.42,0.61,2026-09-28,557,N,VIIRS,n,2.0NRT,,4.73,D,VIIRS_SNPP_NRT,332.03,283.69,YES,,LOW
-3.7997,105.49654,,0.42,0.61,2026-09-28,557,N,VIIRS,n,2.0NRT,,4.72,D,VIIRS_SNPP_NRT,341.46,284.44,YES,,LOW
-3.74097,105.54282,,0.42,0.61,2026-09-28,557,N,VIIRS,n,2.0NRT,,5.97,D,VIIRS_SNPP_NRT,330.41,286.64,YES,,LOW
-3.73197,105.44396,,0.42,0.61,2026-09-28,557,N,VIIRS,n,2.0NRT,,7.18,D,VIIRS_SNPP_NRT,333.25,289.12,YES,,LOW
-3.73142,105.44783,,0.42,0.61,2026-09-28,557,N,VIIRS,n,2.0NRT,,7.18,D,VIIRS_SNPP_NRT,352.02,290.75,YES,,LOW
-3.73051,105.44302,,0.42,0.61,2026-09-28,557,N,VIIRS,n,2.0NRT,,10.95,D,VIIRS_SNPP_NRT,344.03,290.41,YES,,HIGH
-3.72993,105.44688,,0.42,0.61,2026-09-28,557,N,VIIRS,l,2.0NRT,,10.95,D,VIIRS_SNPP_NRT,356.32,291.54,YES,,HIGH
-3.72628,105.44315,,0.42,0.61,2026-09-28,557,N,VIIRS,n,2.0NRT,,10.15,D,VIIRS_SNPP_NRT,351.13,288.3,YES,,HIGH
-3.72573,105.44702,,0.42,0.61,2026-09-28,557,N,VIIRS,n,2.0NRT,,10.15,D,VIIRS_SNPP_NRT,349.3,288.43,YES,,HIGH
-3.72519,105.45087,,0.42,0.61,2026-09-28,557,N,VIIRS,l,2.0NRT,,15.44,D,VIIRS_SNPP_NRT,356.96,292.97,YES,,HIGH
-3.72482,105.44223,,0.42,0.61,2026-09-28,557,N,VIIRS,n,2.0NRT,,5.41,D,VIIRS_SNPP_NRT,334.31,286.1,YES,,LOW
-3.72464,105.45473,,0.42,0.61,2026-09-28,557,N,VIIRS,n,2.0NRT,,15.44,D,VIIRS_SNPP_NRT,351.92,290.04,YES,,HIGH
-3.72425,105.44608,,0.42,0.61,2026-09-28,557,N,VIIRS,n,2.0NRT,,5.41,D,VIIRS_SNPP_NRT,334.66,285.93,YES,,LOW
-3.72367,105.44994,,0.42,0.61,2026-09-28,557,N,VIIRS,l,2.0NRT,,11.89,D,VIIRS_SNPP_NRT,357.15,290.89,YES,,HIGH
-3.7231,105.4538,,0.42,0.61,2026-09-28,557,N,VIIRS,n,2.0NRT,,11.89,D,VIIRS_SNPP_NRT,347.59,288.83,YES,,HIGH
-3.70081,105.74294,,0.4,0.6,2026-09-28,557,N,VIIRS,n,2.0NRT,,9.1,D,VIIRS_SNPP_NRT,356.3,286.1,YES,,LOW
-3.69523,105.74216,,0.4,0.6,2026-09-28,557,N,VIIRS,n,2.0NRT,,10.74,D,VIIRS_SNPP_NRT,332.59,286.37,YES,,HIGH
-3.69471,105.74586,,0.4,0.6,2026-09-28,557,N,VIIRS,n,2.0NRT,,6.07,D,VIIRS_SNPP_NRT,347.69,285.92,YES,,LOW
-3.68913,105.74509,,0.4,0.6,2026-09-28,557,N,VIIRS,n,2.0NRT,,6.07,D,VIIRS_SNPP_NRT,332.67,284.87,YES,,LOW
-3.68664,105.73613,,0.4,0.6,2026-09-28,557,N,VIIRS,n,2.0NRT,,8.76,D,VIIRS_SNPP_NRT,339.6,285.33,YES,,LOW
-3.68553,105.74353,,0.4,0.6,2026-09-28,557,N,VIIRS,n,2.0NRT,,8.45,D,VIIRS_SNPP_NRT,336.25,282.98,YES,,LOW
-3.68461,105.73689,,0.4,0.6,2026-09-28,557,N,VIIRS,n,2.0NRT,,6.34,D,VIIRS_SNPP_NRT,340.35,285.43,YES,,LOW
-3.47777,104.91572,,0.45,0.63,2026-09-28,557,N,VIIRS,n,2.0NRT,,6.56,D,VIIRS_SNPP_NRT,343.48,290.93,YES,,LOW
-3.4771,104.91314,,0.46,0.63,2026-09-28,557,N,VIIRS,h,2.0NRT,,14.88,D,VIIRS_SNPP_NRT,367.0,290.43,YES,,HIGH
-3.47651,104.91732,,0.46,0.63,2026-09-28,557,N,VIIRS,n,2.0NRT,,16.14,D,VIIRS_SNPP_NRT,352.38,291.17,YES,,HIGH
-3.47235,105.15416,,0.44,0.62,2026-09-28,557,N,VIIRS,n,2.0NRT,,20.38,D,VIIRS_SNPP_NRT,347.89,290.75,YES,,HIGH
-3.47191,104.91489,,0.45,0.63,2026-09-28,557,N,VIIRS,l,2.0NRT,,81.25,D,VIIRS_SNPP_NRT,356.85,300.48,YES,,HIGH
-3.47129,104.91905,,0.45,0.63,2026-09-28,557,N,VIIRS,n,2.0NRT,,79.5,D,VIIRS_SNPP_NRT,346.4,290.69,YES,,HIGH
-3.4712,105.16215,,0.44,0.62,2026-09-28,557,N,VIIRS,n,2.0NRT,,18.25,D,VIIRS_SNPP_NRT,338.24,290.9,YES,,HIGH
-3.47065,104.91646,,0.46,0.63,2026-09-28,557,N,VIIRS,l,2.0NRT,,54.92,D,VIIRS_SNPP_NRT,357.6,297.86,YES,,HIGH
-3.47005,104.92065,,0.45,0.63,2026-09-28,557,N,VIIRS,l,2.0NRT,,54.92,D,VIIRS_SNPP_NRT,357.51,291.1,YES,,HIGH
-3.46715,105.14934,,0.44,0.62,2026-09-28,557,N,VIIRS,n,2.0NRT,,20.38,D,VIIRS_SNPP_NRT,341.48,289.77,YES,,HIGH
-3.46666,104.9099,,0.46,0.63,2026-09-28,557,N,VIIRS,n,2.0NRT,,81.25,D,VIIRS_SNPP_NRT,334.93,289.3,YES,,HIGH
-3.46658,105.15332,,0.44,0.62,2026-09-28,557,N,VIIRS,h,2.0NRT,,20.38,D,VIIRS_SNPP_NRT,367.0,293.53,YES,,HIGH
-3.46605,104.91406,,0.45,0.63,2026-09-28,557,N,VIIRS,n,2.0NRT,,81.25,D,VIIRS_SNPP_NRT,352.07,294.65,YES,,HIGH
-3.466,105.15733,,0.44,0.62,2026-09-28,557,N,VIIRS,n,2.0NRT,,18.25,D,VIIRS_SNPP_NRT,335.11,291.08,YES,,HIGH
-3.46543,104.91823,,0.45,0.63,2026-09-28,557,N,VIIRS,l,2.0NRT,,79.5,D,VIIRS_SNPP_NRT,357.1,294.15,YES,,HIGH
-3.46537,104.91143,,0.46,0.63,2026-09-28,557,N,VIIRS,n,2.0NRT,,140.74,D,VIIRS_SNPP_NRT,356.34,289.78,YES,,HIGH
-3.46478,104.91561,,0.46,0.63,2026-09-28,557,N,VIIRS,n,2.0NRT,,54.92,D,VIIRS_SNPP_NRT,356.64,292.79,YES,,HIGH
-3.46419,104.9198,,0.45,0.63,2026-09-28,557,N,VIIRS,l,2.0NRT,,54.92,D,VIIRS_SNPP_NRT,356.88,290.81,YES,,HIGH
-3.43613,105.20178,,0.43,0.62,2026-09-28,557,N,VIIRS,n,2.0NRT,,3.49,D,VIIRS_SNPP_NRT,334.32,290.05,YES,,LOW
-3.43535,105.19965,,0.43,0.62,2026-09-28,557,N,VIIRS,n,2.0NRT,,2.88,D,VIIRS_SNPP_NRT,333.02,289.55,YES,,LOW
-3.43038,105.20098,,0.43,0.62,2026-09-28,557,N,VIIRS,n,2.0NRT,,4.93,D,VIIRS_SNPP_NRT,333.12,289.22,YES,,LOW
-3.42162,105.17344,,0.44,0.62,2026-09-28,557,N,VIIRS,n,2.0NRT,,14.29,D,VIIRS_SNPP_NRT,349.96,291.37,YES,,HIGH
-3.41644,105.16865,,0.44,0.62,2026-09-28,557,N,VIIRS,h,2.0NRT,,14.29,D,VIIRS_SNPP_NRT,367.0,291.15,YES,,HIGH
-3.41585,105.17263,,0.44,0.62,2026-09-28,557,N,VIIRS,h,2.0NRT,,14.29,D,VIIRS_SNPP_NRT,367.0,292.53,YES,,HIGH
-3.41526,105.17661,,0.44,0.62,2026-09-28,557,N,VIIRS,n,2.0NRT,,18.45,D,VIIRS_SNPP_NRT,338.38,291.05,YES,,HIGH
-3.41009,105.17183,,0.44,0.62,2026-09-28,557,N,VIIRS,n,2.0NRT,,4.21,D,VIIRS_SNPP_NRT,330.26,289.61,YES,,LOW
-3.4095,105.17581,,0.44,0.62,2026-09-28,557,N,VIIRS,n,2.0NRT,,8.15,D,VIIRS_SNPP_NRT,348.58,289.1,YES,,LOW
-3.40892,105.17979,,0.44,0.62,2026-09-28,557,N,VIIRS,n,2.0NRT,,8.15,D,VIIRS_SNPP_NRT,348.27,290.63,YES,,LOW
-3.39766,105.41283,,0.42,0.61,2026-09-28,557,N,VIIRS,n,2.0NRT,,11.39,D,VIIRS_SNPP_NRT,353.17,294.08,YES,,HIGH
-3.39484,105.41077,,0.42,0.61,2026-09-28,557,N,VIIRS,n,2.0NRT,,10.67,D,VIIRS_SNPP_NRT,343.05,292.37,YES,,HIGH
-3.37554,105.40582,,0.42,0.61,2026-09-28,557,N,VIIRS,n,2.0NRT,,3.73,D,VIIRS_SNPP_NRT,341.53,292.91,YES,,LOW
-3.30845,105.18151,,0.43,0.62,2026-09-28,557,N,VIIRS,n,2.0NRT,,13.03,D,VIIRS_SNPP_NRT,349.76,292.58,YES,,HIGH
-3.29716,105.09846,,0.44,0.62,2026-09-28,557,N,VIIRS,n,2.0NRT,,4.1,D,VIIRS_SNPP_NRT,335.77,292.1,YES,,LOW
-3.28876,105.27491,,0.43,0.62,2026-09-28,557,N,VIIRS,n,2.0NRT,,8.2,D,VIIRS_SNPP_NRT,344.74,292.03,YES,,LOW
-3.28818,105.27879,,0.43,0.62,2026-09-28,557,N,VIIRS,n,2.0NRT,,12.84,D,VIIRS_SNPP_NRT,340.54,289.61,YES,,HIGH
-3.28362,105.27023,,0.43,0.62,2026-09-28,557,N,VIIRS,n,2.0NRT,,8.2,D,VIIRS_SNPP_NRT,345.21,288.05,YES,,LOW
-3.28304,105.2741,,0.43,0.62,2026-09-28,557,N,VIIRS,h,2.0NRT,,8.2,D,VIIRS_SNPP_NRT,367.0,290.88,YES,,LOW
-3.23727,105.22768,,0.43,0.62,2026-09-28,557,N,VIIRS,n,2.0NRT,,33.48,D,VIIRS_SNPP_NRT,346.95,292.11,YES,,HIGH
-3.2367,105.23164,,0.43,0.62,2026-09-28,557,N,VIIRS,h,2.0NRT,,34.68,D,VIIRS_SNPP_NRT,367.0,290.73,YES,,HIGH
-3.23561,105.22746,,0.43,0.62,2026-09-28,557,N,VIIRS,n,2.0NRT,,17.61,D,VIIRS_SNPP_NRT,356.83,289.34,YES,,HIGH
-3.23501,105.23143,,0.43,0.62,2026-09-28,557,N,VIIRS,n,2.0NRT,,18.63,D,VIIRS_SNPP_NRT,350.57,290.28,YES,,HIGH
-3.14513,105.08524,,0.44,0.62,2026-09-28,557,N,VIIRS,h,2.0NRT,,19.18,D,VIIRS_SNPP_NRT,367.0,295.69,YES,,HIGH
-3.14507,105.08543,,0.44,0.62,2026-09-28,557,N,VIIRS,h,2.0NRT,,18.25,D,VIIRS_SNPP_NRT,367.0,295.85,YES,,HIGH
-3.14453,105.08921,,0.44,0.62,2026-09-28,557,N,VIIRS,h,2.0NRT,,17.56,D,VIIRS_SNPP_NRT,367.0,293.32,YES,,HIGH
-3.1445,105.0894,,0.44,0.62,2026-09-28,557,N,VIIRS,h,2.0NRT,,18.41,D,VIIRS_SNPP_NRT,367.0,293.9,YES,,HIGH
-3.11858,105.10603,,0.44,0.62,2026-09-28,557,N,VIIRS,n,2.0NRT,,8.54,D,VIIRS_SNPP_NRT,347.04,291.86,YES,,LOW
-3.11847,105.10586,,0.44,0.62,2026-09-28,557,N,VIIRS,n,2.0NRT,,9.15,D,VIIRS_SNPP_NRT,352.24,291.74,YES,,LOW
-3.11801,105.11002,,0.44,0.62,2026-09-28,557,N,VIIRS,n,2.0NRT,,7.96,D,VIIRS_SNPP_NRT,339.39,292.28,YES,,LOW
-3.11788,105.10983,,0.44,0.62,2026-09-28,557,N,VIIRS,n,2.0NRT,,7.79,D,VIIRS_SNPP_NRT,338.42,292.08,YES,,LOW
-3.10825,105.21307,,0.43,0.62,2026-09-28,557,N,VIIRS,n,2.0NRT,,7.88,D,VIIRS_SNPP_NRT,330.14,288.04,YES,,LOW
-3.10396,105.20878,,0.43,0.62,2026-09-28,557,N,VIIRS,n,2.0NRT,,6.05,D,VIIRS_SNPP_NRT,339.13,291.12,NO,0.385,MONITORING
-3.1034,105.21269,,0.43,0.62,2026-09-28,557,N,VIIRS,n,2.0NRT,,7.05,D,VIIRS_SNPP_NRT,335.15,290.93,NO,0.219,MONITORING
-3.10312,105.20835,,0.43,0.62,2026-09-28,557,N,VIIRS,n,2.0NRT,,6.83,D,VIIRS_SNPP_NRT,331.04,289.91,NO,0.489,MONITORING
-3.09483,105.10659,,0.44,0.62,2026-09-28,557,N,VIIRS,n,2.0NRT,,4.66,D,VIIRS_SNPP_NRT,343.96,292.06,YES,,LOW
-3.08538,105.20982,,0.43,0.62,2026-09-28,557,N,VIIRS,n,2.0NRT,,5.24,D,VIIRS_SNPP_NRT,336.63,292.24,NO,0.814,MONITORING
-2.97269,105.12997,,0.43,0.62,2026-09-28,557,N,VIIRS,n,2.0NRT,,4.93,D,VIIRS_SNPP_NRT,332.51,291.44,YES,,LOW
-2.97211,105.1339,,0.43,0.62,2026-09-28,557,N,VIIRS,n,2.0NRT,,4.93,D,VIIRS_SNPP_NRT,350.53,292.52,YES,,LOW
-2.97153,105.13785,,0.43,0.62,2026-09-28,557,N,VIIRS,n,2.0NRT,,7.09,D,VIIRS_SNPP_NRT,337.28,292.48,YES,,LOW
-2.97095,105.14178,,0.43,0.62,2026-09-28,557,N,VIIRS,n,2.0NRT,,7.09,D,VIIRS_SNPP_NRT,346.28,292.61,YES,,LOW
-2.97037,105.14572,,0.43,0.62,2026-09-28,557,N,VIIRS,n,2.0NRT,,10.35,D,VIIRS_SNPP_NRT,340.12,292.87,YES,,HIGH
-2.96695,105.12915,,0.43,0.62,2026-09-28,557,N,VIIRS,n,2.0NRT,,8.81,D,VIIRS_SNPP_NRT,350.74,292.18,YES,,LOW
-2.9629,105.15668,,0.43,0.62,2026-09-28,557,N,VIIRS,n,2.0NRT,,6.43,D,VIIRS_SNPP_NRT,341.28,291.55,NO,1.198,MONITORING
-2.96232,105.16062,,0.43,0.62,2026-09-28,557,N,VIIRS,n,2.0NRT,,7.0,D,VIIRS_SNPP_NRT,330.16,292.55,NO,1.63,MONITORING
-2.95659,105.15982,,0.43,0.62,2026-09-28,557,N,VIIRS,n,2.0NRT,,7.0,D,VIIRS_SNPP_NRT,353.77,291.51,NO,1.781,MONITORING
-2.95201,105.15115,,0.43,0.62,2026-09-28,557,N,VIIRS,h,2.0NRT,,7.02,D,VIIRS_SNPP_NRT,367.0,290.49,NO,1.061,MONITORING
-2.95144,105.15508,,0.43,0.62,2026-09-28,557,N,VIIRS,n,2.0NRT,,7.02,D,VIIRS_SNPP_NRT,341.33,291.88,NO,1.494,MONITORING
-2.95086,105.159,,0.43,0.62,2026-09-28,557,N,VIIRS,n,2.0NRT,,5.07,D,VIIRS_SNPP_NRT,330.84,291.44,NO,1.926,MONITORING
-2.93826,105.16521,,0.43,0.62,2026-09-28,557,N,VIIRS,n,2.0NRT,,8.06,D,VIIRS_SNPP_NRT,345.84,292.1,NO,3.101,MONITORING
-2.89025,105.12795,,0.43,0.62,2026-09-28,557,N,VIIRS,h,2.0NRT,,11.76,D,VIIRS_SNPP_NRT,367.0,292.56,NO,5.718,MONITORING
-2.8812,106.21435,,0.36,0.58,2026-09-28,557,N,VIIRS,n,2.0NRT,,8.95,D,VIIRS_SNPP_NRT,354.3,284.83,NO,22.44,MONITORING
-2.87079,104.74458,,0.46,0.63,2026-09-28,557,N,VIIRS,n,2.0NRT,,5.39,D,VIIRS_SNPP_NRT,332.74,290.29,NO,23.234,MONITORING
-2.86724,105.1647,,0.43,0.62,2026-09-28,557,N,VIIRS,n,2.0NRT,,3.69,D,VIIRS_SNPP_NRT,335.49,288.96,NO,9.173,MONITORING
-2.85638,105.15915,,0.43,0.62,2026-09-28,557,N,VIIRS,n,2.0NRT,,10.91,D,VIIRS_SNPP_NRT,356.48,291.23,NO,10.083,MONITORING
-2.8558,105.16305,,0.43,0.62,2026-09-28,557,N,VIIRS,n,2.0NRT,,6.88,D,VIIRS_SNPP_NRT,337.68,288.21,NO,10.286,MONITORING
-2.8057,105.99689,,0.38,0.58,2026-09-28,557,N,VIIRS,n,2.0NRT,,5.54,D,VIIRS_SNPP_NRT,344.94,292.68,NO,15.927,MONITORING
-2.80208,105.17133,,0.43,0.62,2026-09-28,557,N,VIIRS,n,2.0NRT,,8.66,D,VIIRS_SNPP_NRT,349.4,291.22,NO,8.068,MONITORING
-2.80081,105.16709,,0.43,0.62,2026-09-28,557,N,VIIRS,h,2.0NRT,,18.62,D,VIIRS_SNPP_NRT,367.0,290.72,NO,8.268,MONITORING
-2.80022,105.17099,,0.43,0.62,2026-09-28,557,N,VIIRS,h,2.0NRT,,26.71,D,VIIRS_SNPP_NRT,367.0,290.81,NO,7.933,MONITORING
-2.79694,105.1666,,0.43,0.62,2026-09-28,557,N,VIIRS,n,2.0NRT,,14.36,D,VIIRS_SNPP_NRT,352.62,290.77,NO,7.992,MONITORING
-2.79687,105.98168,,0.38,0.58,2026-09-28,557,N,VIIRS,n,2.0NRT,,8.65,D,VIIRS_SNPP_NRT,353.94,294.23,NO,16.533,MONITORING
-2.79638,105.17049,,0.43,0.62,2026-09-28,557,N,VIIRS,l,2.0NRT,,19.69,D,VIIRS_SNPP_NRT,357.61,287.59,NO,7.649,MONITORING
-2.79638,105.98508,,0.38,0.58,2026-09-28,557,N,VIIRS,n,2.0NRT,,8.65,D,VIIRS_SNPP_NRT,350.05,293.49,NO,16.65,MONITORING
-2.79534,105.98195,,0.38,0.58,2026-09-28,557,N,VIIRS,h,2.0NRT,,10.08,D,VIIRS_SNPP_NRT,367.0,296.95,NO,16.706,MONITORING
-2.79482,105.98535,,0.38,0.58,2026-09-28,557,N,VIIRS,n,2.0NRT,,10.08,D,VIIRS_SNPP_NRT,332.73,292.45,NO,16.826,MONITORING
-2.79147,105.98088,,0.38,0.58,2026-09-28,557,N,VIIRS,h,2.0NRT,,8.65,D,VIIRS_SNPP_NRT,367.0,293.43,NO,17.115,MONITORING
-2.78993,105.98118,,0.38,0.58,2026-09-28,557,N,VIIRS,n,2.0NRT,,5.99,D,VIIRS_SNPP_NRT,344.91,291.77,NO,17.29,MONITORING
-2.75636,106.14812,,0.37,0.58,2026-09-28,557,N,VIIRS,n,2.0NRT,,10.22,D,VIIRS_SNPP_NRT,356.45,290.66,NO,27.927,MONITORING
-2.75588,106.15147,,0.37,0.58,2026-09-28,557,N,VIIRS,n,2.0NRT,,10.22,D,VIIRS_SNPP_NRT,354.98,289.97,NO,28.156,MONITORING
-2.75361,106.14802,,0.37,0.58,2026-09-28,557,N,VIIRS,n,2.0NRT,,13.03,D,VIIRS_SNPP_NRT,354.06,291.4,NO,28.189,MONITORING
-2.75311,106.15134,,0.37,0.58,2026-09-28,557,N,VIIRS,n,2.0NRT,,13.03,D,VIIRS_SNPP_NRT,342.18,288.9,NO,28.418,MONITORING
-2.74774,105.13158,,0.43,0.62,2026-09-28,557,N,VIIRS,n,2.0NRT,,4.99,D,VIIRS_SNPP_NRT,330.3,290.53,NO,8.418,MONITORING
-2.46577,104.63854,,0.46,0.63,2026-09-28,557,N,VIIRS,n,2.0NRT,,8.59,D,VIIRS_SNPP_NRT,343.84,292.4,NO,62.771,MONITORING
-2.46177,104.63419,,0.46,0.63,2026-09-28,557,N,VIIRS,n,2.0NRT,,6.42,D,VIIRS_SNPP_NRT,343.33,292.11,NO,63.372,MONITORING
-2.46113,104.63838,,0.46,0.63,2026-09-28,557,N,VIIRS,n,2.0NRT,,6.94,D,VIIRS_SNPP_NRT,330.16,291.87,NO,62.952,MONITORING
-2.46049,104.63349,,0.46,0.64,2026-09-28,557,N,VIIRS,n,2.0NRT,,4.14,D,VIIRS_SNPP_NRT,329.64,291.7,NO,63.491,MONITORING
-2.45094,104.70495,,0.45,0.63,2026-09-28,557,N,VIIRS,n,2.0NRT,,4.98,D,VIIRS_SNPP_NRT,337.03,290.15,NO,56.404,MONITORING
-2.45017,104.70442,,0.45,0.63,2026-09-28,557,N,VIIRS,n,2.0NRT,,5.57,D,VIIRS_SNPP_NRT,339.23,290.25,NO,56.491,MONITORING
-2.43075,105.3864,,0.41,0.6,2026-09-28,557,N,VIIRS,n,2.0NRT,,4.94,D,VIIRS_SNPP_NRT,336.63,293.49,NO,1.827,MONITORING
-2.39452,106.07567,,0.37,0.58,2026-09-28,557,N,VIIRS,n,2.0NRT,,1.68,D,VIIRS_SNPP_NRT,330.24,286.17,NO,46.015,MONITORING
-3.16105,105.40169,,0.41,0.37,2026-09-28,1841,N,VIIRS,n,2.0NRT,,2.44,N,VIIRS_SNPP_NRT,319.4,291.08,YES,,LOW
-3.16048,105.39799,,0.41,0.37,2026-09-28,1841,N,VIIRS,n,2.0NRT,,2.44,N,VIIRS_SNPP_NRT,310.76,290.99,YES,,LOW
-3.15806,105.40169,,0.41,0.37,2026-09-28,1841,N,VIIRS,n,2.0NRT,,3.59,N,VIIRS_SNPP_NRT,343.78,297.25,YES,,LOW
-3.15762,105.40222,,0.41,0.37,2026-09-28,1841,N,VIIRS,n,2.0NRT,,2.44,N,VIIRS_SNPP_NRT,334.07,295.93,YES,,LOW
-3.15747,105.398,,0.41,0.37,2026-09-28,1841,N,VIIRS,n,2.0NRT,,3.59,N,VIIRS_SNPP_NRT,318.33,293.06,YES,,LOW
-3.15705,105.39853,,0.41,0.37,2026-09-28,1841,N,VIIRS,n,2.0NRT,,2.44,N,VIIRS_SNPP_NRT,319.26,293.49,YES,,LOW
-3.14959,105.08173,,0.4,0.37,2026-09-28,1841,N,VIIRS,n,2.0NRT,,2.8,N,VIIRS_SNPP_NRT,317.42,292.46,YES,,LOW
-3.14902,105.0781,,0.4,0.37,2026-09-28,1841,N,VIIRS,n,2.0NRT,,2.8,N,VIIRS_SNPP_NRT,329.92,294.53,YES,,LOW
-3.14886,105.38801,,0.41,0.37,2026-09-28,1841,N,VIIRS,n,2.0NRT,,0.85,N,VIIRS_SNPP_NRT,303.25,291.74,YES,,LOW
-3.14828,105.38432,,0.41,0.37,2026-09-28,1841,N,VIIRS,n,2.0NRT,,0.85,N,VIIRS_SNPP_NRT,312.11,292.7,YES,,LOW
-3.14676,105.08587,,0.4,0.37,2026-09-28,1841,N,VIIRS,n,2.0NRT,,15.3,N,VIIRS_SNPP_NRT,345.97,297.11,YES,,HIGH
-3.14619,105.08224,,0.4,0.37,2026-09-28,1841,N,VIIRS,n,2.0NRT,,2.95,N,VIIRS_SNPP_NRT,339.66,297.9,YES,,LOW
-3.14562,105.07863,,0.4,0.37,2026-09-28,1841,N,VIIRS,n,2.0NRT,,2.95,N,VIIRS_SNPP_NRT,305.32,291.92,YES,,LOW
-3.14393,105.09,,0.4,0.37,2026-09-28,1841,N,VIIRS,n,2.0NRT,,15.3,N,VIIRS_SNPP_NRT,344.56,299.37,YES,,HIGH
-3.14336,105.0864,,0.4,0.37,2026-09-28,1841,N,VIIRS,n,2.0NRT,,15.3,N,VIIRS_SNPP_NRT,349.3,304.14,YES,,HIGH
-3.14279,105.06057,,0.4,0.37,2026-09-28,1841,N,VIIRS,n,2.0NRT,,1.35,N,VIIRS_SNPP_NRT,309.11,292.25,YES,,LOW
-3.14279,105.08277,,0.4,0.37,2026-09-28,1841,N,VIIRS,n,2.0NRT,,2.95,N,VIIRS_SNPP_NRT,320.09,294.25,YES,,LOW
-3.13996,105.08691,,0.4,0.37,2026-09-28,1841,N,VIIRS,n,2.0NRT,,3.58,N,VIIRS_SNPP_NRT,329.41,294.45,YES,,LOW
-3.12241,105.10819,,0.4,0.37,2026-09-28,1841,N,VIIRS,n,2.0NRT,,3.72,N,VIIRS_SNPP_NRT,306.98,290.64,YES,,LOW
-3.11958,105.11234,,0.4,0.37,2026-09-28,1841,N,VIIRS,n,2.0NRT,,1.86,N,VIIRS_SNPP_NRT,321.34,292.89,YES,,LOW
-3.11901,105.10872,,0.4,0.37,2026-09-28,1841,N,VIIRS,n,2.0NRT,,3.72,N,VIIRS_SNPP_NRT,344.17,298.23,YES,,LOW
-3.11845,105.1051,,0.4,0.37,2026-09-28,1841,N,VIIRS,n,2.0NRT,,3.72,N,VIIRS_SNPP_NRT,332.25,293.97,YES,,LOW
-3.11561,105.10925,,0.4,0.37,2026-09-28,1841,N,VIIRS,n,2.0NRT,,1.37,N,VIIRS_SNPP_NRT,306.84,292.54,YES,,LOW
-3.11505,105.10563,,0.4,0.37,2026-09-28,1841,N,VIIRS,n,2.0NRT,,1.37,N,VIIRS_SNPP_NRT,313.4,293.08,YES,,LOW
-3.11109,105.10254,,0.4,0.37,2026-09-28,1841,N,VIIRS,n,2.0NRT,,1.41,N,VIIRS_SNPP_NRT,311.44,292.73,YES,,LOW
-3.11054,105.10233,,0.4,0.37,2026-09-28,1841,N,VIIRS,n,2.0NRT,,1.14,N,VIIRS_SNPP_NRT,309.34,292.56,YES,,LOW
-3.11044,105.3224,,0.41,0.37,2026-09-28,1841,N,VIIRS,n,2.0NRT,,0.26,N,VIIRS_SNPP_NRT,302.72,290.84,YES,,LOW
-3.10458,105.24091,,0.41,0.37,2026-09-28,1841,N,VIIRS,n,2.0NRT,,0.39,N,VIIRS_SNPP_NRT,302.67,291.29,YES,,LOW
-3.10069,104.70464,,0.39,0.36,2026-09-28,1841,N,VIIRS,n,2.0NRT,,0.41,N,VIIRS_SNPP_NRT,307.57,291.03,NO,9.826,MONITORING
-3.10055,105.21541,,0.4,0.37,2026-09-28,1841,N,VIIRS,n,2.0NRT,,3.17,N,VIIRS_SNPP_NRT,320.46,295.03,NO,0.203,MONITORING
-3.09431,105.22011,,0.4,0.37,2026-09-28,1841,N,VIIRS,n,2.0NRT,,2.37,N,VIIRS_SNPP_NRT,320.71,294.81,YES,,LOW
-3.09374,105.21647,,0.4,0.37,2026-09-28,1841,N,VIIRS,n,2.0NRT,,1.26,N,VIIRS_SNPP_NRT,308.29,292.65,NO,0.012,MONITORING
-3.09033,105.217,,0.4,0.37,2026-09-28,1841,N,VIIRS,n,2.0NRT,,1.26,N,VIIRS_SNPP_NRT,306.76,292.23,YES,,LOW
-3.06126,105.07668,,0.4,0.37,2026-09-28,1841,N,VIIRS,n,2.0NRT,,1.3,N,VIIRS_SNPP_NRT,306.61,292.59,NO,0.829,MONITORING
-3.06085,104.73628,,0.39,0.36,2026-09-28,1841,N,VIIRS,n,2.0NRT,,0.77,N,VIIRS_SNPP_NRT,303.05,290.58,NO,6.882,MONITORING
-3.05787,105.07721,,0.4,0.37,2026-09-28,1841,N,VIIRS,n,2.0NRT,,1.73,N,VIIRS_SNPP_NRT,315.19,293.38,NO,0.74,MONITORING
-3.04986,104.87264,,0.4,0.37,2026-09-28,1841,N,VIIRS,n,2.0NRT,,2.6,N,VIIRS_SNPP_NRT,329.96,291.79,NO,5.449,MONITORING
-3.04461,105.58961,,0.42,0.37,2026-09-28,1841,N,VIIRS,n,2.0NRT,,2.75,N,VIIRS_SNPP_NRT,308.09,293.12,YES,,LOW
-3.04402,105.58588,,0.41,0.37,2026-09-28,1841,N,VIIRS,n,2.0NRT,,1.64,N,VIIRS_SNPP_NRT,307.73,293.73,YES,,LOW
-3.04351,105.60509,,0.42,0.37,2026-09-28,1841,N,VIIRS,n,2.0NRT,,1.96,N,VIIRS_SNPP_NRT,306.26,293.06,YES,,LOW
-3.04234,105.59761,,0.42,0.37,2026-09-28,1841,N,VIIRS,n,2.0NRT,,2.28,N,VIIRS_SNPP_NRT,310.0,293.67,YES,,LOW
-3.04175,105.59389,,0.42,0.37,2026-09-28,1841,N,VIIRS,n,2.0NRT,,2.75,N,VIIRS_SNPP_NRT,323.7,295.92,YES,,LOW
-3.04116,105.59015,,0.42,0.37,2026-09-28,1841,N,VIIRS,n,2.0NRT,,2.75,N,VIIRS_SNPP_NRT,334.41,298.47,YES,,LOW
-3.04058,105.58641,,0.41,0.37,2026-09-28,1841,N,VIIRS,n,2.0NRT,,1.64,N,VIIRS_SNPP_NRT,311.82,294.72,YES,,LOW
-3.03948,105.60189,,0.42,0.37,2026-09-28,1841,N,VIIRS,n,2.0NRT,,3.04,N,VIIRS_SNPP_NRT,326.45,298.15,YES,,LOW
-3.03889,105.59815,,0.42,0.37,2026-09-28,1841,N,VIIRS,n,2.0NRT,,3.04,N,VIIRS_SNPP_NRT,327.05,298.29,YES,,LOW
-3.0383,105.59441,,0.42,0.37,2026-09-28,1841,N,VIIRS,n,2.0NRT,,2.42,N,VIIRS_SNPP_NRT,328.19,298.28,YES,,LOW
-3.03772,105.59068,,0.42,0.37,2026-09-28,1841,N,VIIRS,n,2.0NRT,,2.42,N,VIIRS_SNPP_NRT,317.84,296.1,YES,,LOW
-3.03713,105.58695,,0.41,0.37,2026-09-28,1841,N,VIIRS,n,2.0NRT,,1.73,N,VIIRS_SNPP_NRT,311.53,295.15,YES,,LOW
-3.03603,105.60242,,0.42,0.37,2026-09-28,1841,N,VIIRS,n,2.0NRT,,3.04,N,VIIRS_SNPP_NRT,319.9,295.88,YES,,LOW
-3.03544,105.59869,,0.42,0.37,2026-09-28,1841,N,VIIRS,n,2.0NRT,,3.04,N,VIIRS_SNPP_NRT,329.82,299.11,YES,,LOW
-3.03485,105.59495,,0.42,0.37,2026-09-28,1841,N,VIIRS,n,2.0NRT,,2.42,N,VIIRS_SNPP_NRT,321.54,296.29,YES,,LOW
-3.03427,105.59122,,0.42,0.37,2026-09-28,1841,N,VIIRS,n,2.0NRT,,2.42,N,VIIRS_SNPP_NRT,310.54,294.54,YES,,LOW
-3.03368,105.58749,,0.41,0.37,2026-09-28,1841,N,VIIRS,n,2.0NRT,,1.73,N,VIIRS_SNPP_NRT,317.11,295.42,YES,,LOW
-3.03309,105.58374,,0.41,0.37,2026-09-28,1841,N,VIIRS,n,2.0NRT,,1.73,N,VIIRS_SNPP_NRT,312.67,294.7,YES,,LOW
-3.03258,105.60296,,0.42,0.37,2026-09-28,1841,N,VIIRS,n,2.0NRT,,2.44,N,VIIRS_SNPP_NRT,310.32,293.4,YES,,LOW
-3.03199,105.59922,,0.42,0.37,2026-09-28,1841,N,VIIRS,n,2.0NRT,,2.44,N,VIIRS_SNPP_NRT,330.89,298.75,YES,,LOW
-3.0314,105.59549,,0.42,0.37,2026-09-28,1841,N,VIIRS,n,2.0NRT,,4.97,N,VIIRS_SNPP_NRT,336.63,300.57,YES,,LOW
-3.03082,105.59175,,0.42,0.37,2026-09-28,1841,N,VIIRS,n,2.0NRT,,4.97,N,VIIRS_SNPP_NRT,326.28,296.84,YES,,LOW
-3.03023,105.58801,,0.41,0.37,2026-09-28,1841,N,VIIRS,n,2.0NRT,,3.8,N,VIIRS_SNPP_NRT,321.2,296.14,YES,,LOW
-3.02965,105.58428,,0.41,0.37,2026-09-28,1841,N,VIIRS,n,2.0NRT,,3.8,N,VIIRS_SNPP_NRT,316.19,294.66,YES,,LOW
-3.02854,105.59976,,0.42,0.37,2026-09-28,1841,N,VIIRS,n,2.0NRT,,2.44,N,VIIRS_SNPP_NRT,319.58,295.54,YES,,LOW
-3.02796,105.59602,,0.42,0.37,2026-09-28,1841,N,VIIRS,n,2.0NRT,,4.97,N,VIIRS_SNPP_NRT,337.75,301.46,YES,,LOW
-3.02737,105.59229,,0.42,0.37,2026-09-28,1841,N,VIIRS,n,2.0NRT,,4.97,N,VIIRS_SNPP_NRT,340.94,301.25,YES,,LOW
-3.02733,105.08196,,0.4,0.37,2026-09-28,1841,N,VIIRS,n,2.0NRT,,1.74,N,VIIRS_SNPP_NRT,308.1,293.18,NO,0.061,MONITORING
-3.02678,105.58855,,0.41,0.37,2026-09-28,1841,N,VIIRS,n,2.0NRT,,3.8,N,VIIRS_SNPP_NRT,337.5,299.46,YES,,LOW
-3.0262,105.58482,,0.41,0.37,2026-09-28,1841,N,VIIRS,n,2.0NRT,,3.8,N,VIIRS_SNPP_NRT,338.91,299.39,YES,,LOW
-3.02509,105.60029,,0.42,0.37,2026-09-28,1841,N,VIIRS,n,2.0NRT,,1.39,N,VIIRS_SNPP_NRT,311.36,293.74,YES,,LOW
-3.02451,105.59656,,0.42,0.37,2026-09-28,1841,N,VIIRS,n,2.0NRT,,4.0,N,VIIRS_SNPP_NRT,327.24,298.02,YES,,LOW
-3.02392,105.59283,,0.42,0.37,2026-09-28,1841,N,VIIRS,n,2.0NRT,,4.0,N,VIIRS_SNPP_NRT,336.7,300.12,YES,,LOW
-3.02334,105.58908,,0.41,0.37,2026-09-28,1841,N,VIIRS,n,2.0NRT,,2.65,N,VIIRS_SNPP_NRT,328.1,297.45,YES,,LOW
-3.02275,105.58535,,0.41,0.37,2026-09-28,1841,N,VIIRS,n,2.0NRT,,2.65,N,VIIRS_SNPP_NRT,317.4,294.71,YES,,LOW
-3.0089,104.63554,,0.39,0.36,2026-09-28,1841,N,VIIRS,n,2.0NRT,,2.4,N,VIIRS_SNPP_NRT,337.28,293.04,NO,19.321,MONITORING
-3.00554,104.63606,,0.39,0.36,2026-09-28,1841,N,VIIRS,n,2.0NRT,,2.4,N,VIIRS_SNPP_NRT,310.84,291.73,NO,19.408,MONITORING
-2.97786,104.87656,,0.4,0.37,2026-09-28,1841,N,VIIRS,n,2.0NRT,,0.24,N,VIIRS_SNPP_NRT,303.19,290.63,NO,11.888,MONITORING
-2.94229,105.2282,,0.4,0.37,2026-09-28,1841,N,VIIRS,n,2.0NRT,,1.26,N,VIIRS_SNPP_NRT,303.95,291.83,NO,5.728,MONITORING
-2.87948,106.21358,,0.44,0.38,2026-09-28,1841,N,VIIRS,n,2.0NRT,,1.28,N,VIIRS_SNPP_NRT,310.17,292.57,NO,22.473,MONITORING
-2.87371,104.74674,,0.39,0.36,2026-09-28,1841,N,VIIRS,n,2.0NRT,,1.22,N,VIIRS_SNPP_NRT,315.12,292.51,NO,22.859,MONITORING
-2.87034,104.74727,,0.39,0.36,2026-09-28,1841,N,VIIRS,n,2.0NRT,,0.64,N,VIIRS_SNPP_NRT,304.27,292.27,NO,23.209,MONITORING
-2.85631,104.7676,,0.39,0.36,2026-09-28,1841,N,VIIRS,n,2.0NRT,,0.74,N,VIIRS_SNPP_NRT,305.16,291.93,NO,24.324,MONITORING
-2.81951,105.11415,,0.4,0.37,2026-09-28,1841,N,VIIRS,n,2.0NRT,,0.63,N,VIIRS_SNPP_NRT,307.1,291.05,NO,13.674,MONITORING
-2.80874,105.17873,,0.4,0.37,2026-09-28,1841,N,VIIRS,n,2.0NRT,,1.3,N,VIIRS_SNPP_NRT,308.18,292.23,NO,7.789,MONITORING
-2.80478,105.17564,,0.4,0.37,2026-09-28,1841,N,VIIRS,n,2.0NRT,,1.3,N,VIIRS_SNPP_NRT,307.57,293.42,NO,8.017,MONITORING
-2.79686,105.16946,,0.4,0.37,2026-09-28,1841,N,VIIRS,n,2.0NRT,,2.23,N,VIIRS_SNPP_NRT,309.61,293.67,NO,7.766,MONITORING
-2.79668,105.16891,,0.4,0.37,2026-09-28,1841,N,VIIRS,n,2.0NRT,,1.47,N,VIIRS_SNPP_NRT,309.62,293.86,NO,7.793,MONITORING
-2.79352,105.10343,,0.4,0.37,2026-09-28,1841,N,VIIRS,n,2.0NRT,,1.23,N,VIIRS_SNPP_NRT,309.18,292.02,NO,13.277,MONITORING
-2.79329,105.16945,,0.4,0.37,2026-09-28,1841,N,VIIRS,n,2.0NRT,,1.47,N,VIIRS_SNPP_NRT,310.8,294.02,NO,7.48,MONITORING
-2.79294,105.12199,,0.4,0.37,2026-09-28,1841,N,VIIRS,n,2.0NRT,,1.19,N,VIIRS_SNPP_NRT,314.66,291.6,NO,11.518,MONITORING
-2.79271,105.16584,,0.4,0.37,2026-09-28,1841,N,VIIRS,n,2.0NRT,,2.32,N,VIIRS_SNPP_NRT,312.91,293.92,NO,7.726,MONITORING
-2.79237,105.11838,,0.4,0.37,2026-09-28,1841,N,VIIRS,n,2.0NRT,,1.19,N,VIIRS_SNPP_NRT,303.55,291.92,NO,11.809,MONITORING
-2.79181,105.11478,,0.4,0.37,2026-09-28,1841,N,VIIRS,n,2.0NRT,,3.07,N,VIIRS_SNPP_NRT,318.38,293.48,NO,12.106,MONITORING
-2.78954,105.12251,,0.4,0.37,2026-09-28,1841,N,VIIRS,n,2.0NRT,,1.19,N,VIIRS_SNPP_NRT,311.56,293.51,NO,11.251,MONITORING
-2.78923,105.12202,,0.4,0.37,2026-09-28,1841,N,VIIRS,n,2.0NRT,,1.37,N,VIIRS_SNPP_NRT,312.47,293.53,NO,11.277,MONITORING
-2.78898,105.1189,,0.4,0.37,2026-09-28,1841,N,VIIRS,n,2.0NRT,,1.19,N,VIIRS_SNPP_NRT,310.46,293.56,NO,11.55,MONITORING
-2.78866,105.11842,,0.4,0.37,2026-09-28,1841,N,VIIRS,n,2.0NRT,,1.37,N,VIIRS_SNPP_NRT,308.67,293.54,NO,11.575,MONITORING
-2.7847,105.11534,,0.4,0.37,2026-09-28,1841,N,VIIRS,n,2.0NRT,,2.3,N,VIIRS_SNPP_NRT,311.43,293.19,NO,11.635,MONITORING
-2.75727,106.00871,,0.43,0.38,2026-09-28,1841,N,VIIRS,n,2.0NRT,,1.2,N,VIIRS_SNPP_NRT,305.11,292.84,NO,21.481,MONITORING
-2.75138,105.9939,,0.43,0.38,2026-09-28,1841,N,VIIRS,n,2.0NRT,,1.06,N,VIIRS_SNPP_NRT,306.38,293.38,NO,21.76,MONITORING
-2.75078,105.99007,,0.43,0.38,2026-09-28,1841,N,VIIRS,n,2.0NRT,,1.06,N,VIIRS_SNPP_NRT,305.36,293.63,NO,21.753,MONITORING
-2.69829,106.00117,,0.43,0.38,2026-09-28,1841,N,VIIRS,n,2.0NRT,,1.06,N,VIIRS_SNPP_NRT,302.66,291.31,NO,23.998,MONITORING
-2.69399,105.58175,,0.41,0.37,2026-09-28,1841,N,VIIRS,n,2.0NRT,,0.93,N,VIIRS_SNPP_NRT,310.11,290.91,YES,,LOW
-2.69055,105.58228,,0.41,0.37,2026-09-28,1841,N,VIIRS,n,2.0NRT,,0.42,N,VIIRS_SNPP_NRT,304.91,291.2,YES,,LOW
-2.67571,106.13105,,0.43,0.38,2026-09-28,1841,N,VIIRS,n,2.0NRT,,0.4,N,VIIRS_SNPP_NRT,303.23,291.61,NO,35.168,MONITORING
-2.67074,106.19147,,0.43,0.38,2026-09-28,1841,N,VIIRS,n,2.0NRT,,1.47,N,VIIRS_SNPP_NRT,313.38,292.88,NO,38.607,MONITORING
-2.44692,105.43039,,0.41,0.37,2026-09-28,1841,N,VIIRS,n,2.0NRT,,3.54,N,VIIRS_SNPP_NRT,323.44,293.31,NO,0.257,MONITORING
-2.4458,105.44556,,0.41,0.37,2026-09-28,1841,N,VIIRS,n,2.0NRT,,2.81,N,VIIRS_SNPP_NRT,309.89,294.24,NO,0.668,MONITORING
-2.44523,105.44189,,0.41,0.37,2026-09-28,1841,N,VIIRS,n,2.0NRT,,4.13,N,VIIRS_SNPP_NRT,320.7,295.67,NO,0.609,MONITORING
-2.44465,105.43824,,0.41,0.37,2026-09-28,1841,N,VIIRS,n,2.0NRT,,4.13,N,VIIRS_SNPP_NRT,315.16,294.78,NO,0.621,MONITORING
-2.44408,105.43458,,0.41,0.37,2026-09-28,1841,N,VIIRS,n,2.0NRT,,4.59,N,VIIRS_SNPP_NRT,321.85,296.05,NO,0.724,MONITORING
-2.44351,105.43093,,0.41,0.37,2026-09-28,1841,N,VIIRS,n,2.0NRT,,4.59,N,VIIRS_SNPP_NRT,346.01,298.88,NO,0.625,MONITORING
-2.44293,105.42728,,0.41,0.37,2026-09-28,1841,N,VIIRS,n,2.0NRT,,25.08,N,VIIRS_SNPP_NRT,355.51,301.06,NO,0.608,MONITORING
-2.44238,105.44609,,0.41,0.37,2026-09-28,1841,N,VIIRS,n,2.0NRT,,2.81,N,VIIRS_SNPP_NRT,334.28,296.62,NO,1.04,MONITORING
-2.44236,105.42361,,0.41,0.37,2026-09-28,1841,N,VIIRS,n,2.0NRT,,25.08,N,VIIRS_SNPP_NRT,331.42,293.51,NO,0.729,MONITORING
-2.44181,105.44243,,0.41,0.37,2026-09-28,1841,N,VIIRS,n,2.0NRT,,4.13,N,VIIRS_SNPP_NRT,345.61,301.3,NO,0.995,MONITORING
-2.44124,105.43877,,0.41,0.37,2026-09-28,1841,N,VIIRS,n,2.0NRT,,4.13,N,VIIRS_SNPP_NRT,339.82,300.16,NO,1.005,MONITORING
-2.44066,105.43512,,0.41,0.37,2026-09-28,1841,N,VIIRS,n,2.0NRT,,4.59,N,VIIRS_SNPP_NRT,331.5,297.9,NO,1.078,MONITORING
-2.44009,105.43147,,0.41,0.37,2026-09-28,1841,N,VIIRS,n,2.0NRT,,4.59,N,VIIRS_SNPP_NRT,333.21,296.82,NO,1.005,MONITORING
-2.43952,105.4278,,0.41,0.37,2026-09-28,1841,N,VIIRS,n,2.0NRT,,25.08,N,VIIRS_SNPP_NRT,335.46,298.79,NO,0.99,MONITORING
-2.43897,105.44662,,0.41,0.37,2026-09-28,1841,N,VIIRS,n,2.0NRT,,11.77,N,VIIRS_SNPP_NRT,345.42,300.7,NO,1.417,MONITORING
-2.43895,105.42416,,0.41,0.37,2026-09-28,1841,N,VIIRS,n,2.0NRT,,25.08,N,VIIRS_SNPP_NRT,349.89,305.65,NO,1.079,MONITORING
-2.4384,105.44296,,0.41,0.37,2026-09-28,1841,N,VIIRS,n,2.0NRT,,4.58,N,VIIRS_SNPP_NRT,330.64,298.45,NO,1.379,MONITORING
-2.43838,105.42055,,0.41,0.37,2026-09-28,1841,N,VIIRS,n,2.0NRT,,52.13,N,VIIRS_SNPP_NRT,346.67,305.23,NO,1.219,MONITORING
-2.43782,105.4393,,0.41,0.37,2026-09-28,1841,N,VIIRS,n,2.0NRT,,4.58,N,VIIRS_SNPP_NRT,344.37,301.4,NO,1.391,MONITORING
-2.43725,105.43565,,0.41,0.37,2026-09-28,1841,N,VIIRS,n,2.0NRT,,11.04,N,VIIRS_SNPP_NRT,342.44,301.82,NO,1.446,MONITORING
-2.43668,105.43199,,0.41,0.37,2026-09-28,1841,N,VIIRS,n,2.0NRT,,11.04,N,VIIRS_SNPP_NRT,353.98,305.21,NO,1.387,MONITORING
-2.4361,105.42834,,0.41,0.37,2026-09-28,1841,N,VIIRS,n,2.0NRT,,15.98,N,VIIRS_SNPP_NRT,355.8,304.15,NO,1.375,MONITORING
-2.43553,105.42468,,0.41,0.37,2026-09-28,1841,N,VIIRS,n,2.0NRT,,15.98,N,VIIRS_SNPP_NRT,355.45,314.8,NO,1.446,MONITORING
-2.43497,105.42107,,0.41,0.37,2026-09-28,1841,N,VIIRS,h,2.0NRT,,9.14,N,VIIRS_SNPP_NRT,367.0,309.4,NO,1.599,MONITORING
-2.43441,105.43983,,0.41,0.37,2026-09-28,1841,N,VIIRS,n,2.0NRT,,4.58,N,VIIRS_SNPP_NRT,330.91,295.54,NO,1.775,MONITORING
-2.43439,105.41743,,0.41,0.37,2026-09-28,1841,N,VIIRS,n,2.0NRT,,9.14,N,VIIRS_SNPP_NRT,331.29,294.99,NO,1.588,MONITORING
-2.43383,105.43618,,0.41,0.37,2026-09-28,1841,N,VIIRS,n,2.0NRT,,11.04,N,VIIRS_SNPP_NRT,355.47,304.91,NO,1.821,MONITORING
-2.43382,105.41377,,0.41,0.37,2026-09-28,1841,N,VIIRS,n,2.0NRT,,3.08,N,VIIRS_SNPP_NRT,321.26,294.28,NO,1.664,MONITORING
-2.43326,105.43252,,0.41,0.37,2026-09-28,1841,N,VIIRS,n,2.0NRT,,11.04,N,VIIRS_SNPP_NRT,355.79,305.56,NO,1.771,MONITORING
-2.43269,105.42886,,0.41,0.37,2026-09-28,1841,N,VIIRS,n,2.0NRT,,15.98,N,VIIRS_SNPP_NRT,346.54,300.35,NO,1.758,MONITORING
-2.43212,105.42522,,0.41,0.37,2026-09-28,1841,N,VIIRS,n,2.0NRT,,15.98,N,VIIRS_SNPP_NRT,350.02,303.89,NO,1.817,MONITORING
-2.43155,105.42161,,0.41,0.37,2026-09-28,1841,N,VIIRS,n,2.0NRT,,9.14,N,VIIRS_SNPP_NRT,323.07,297.0,NO,1.947,MONITORING
-2.43098,105.41796,,0.41,0.37,2026-09-28,1841,N,VIIRS,n,2.0NRT,,9.14,N,VIIRS_SNPP_NRT,325.61,295.74,NO,1.972,MONITORING
-2.42985,105.43305,,0.41,0.37,2026-09-28,1841,N,VIIRS,n,2.0NRT,,5.82,N,VIIRS_SNPP_NRT,345.54,295.97,NO,2.154,MONITORING
-2.42928,105.4294,,0.41,0.37,2026-09-28,1841,N,VIIRS,n,2.0NRT,,4.36,N,VIIRS_SNPP_NRT,330.18,295.46,NO,2.143,MONITORING
-4.18988,104.74891,,0.4,0.37,2026-09-28,1843,N,VIIRS,n,2.0NRT,,0.95,N,VIIRS_SNPP_NRT,329.58,291.75,NO,1.789,MONITORING
-4.1865,104.74944,,0.4,0.37,2026-09-28,1843,N,VIIRS,n,2.0NRT,,0.95,N,VIIRS_SNPP_NRT,306.11,291.64,NO,1.984,MONITORING
-4.18098,105.63804,,0.43,0.38,2026-09-28,1843,N,VIIRS,n,2.0NRT,,1.36,N,VIIRS_SNPP_NRT,307.63,292.0,NO,8.595,MONITORING
-4.1617,105.58228,,0.42,0.38,2026-09-28,1843,N,VIIRS,n,2.0NRT,,1.18,N,VIIRS_SNPP_NRT,310.49,293.41,NO,11.35,MONITORING
-4.08467,105.39199,,0.42,0.37,2026-09-28,1843,N,VIIRS,n,2.0NRT,,0.53,N,VIIRS_SNPP_NRT,307.61,290.22,NO,23.896,MONITORING
-4.08121,105.39252,,0.42,0.37,2026-09-28,1843,N,VIIRS,n,2.0NRT,,0.63,N,VIIRS_SNPP_NRT,306.84,290.96,NO,23.78,MONITORING
-4.00903,104.865,,0.4,0.37,2026-09-28,1843,N,VIIRS,n,2.0NRT,,0.62,N,VIIRS_SNPP_NRT,307.36,291.32,NO,1.587,MONITORING
-3.88559,105.84737,,0.43,0.38,2026-09-28,1843,N,VIIRS,n,2.0NRT,,0.77,N,VIIRS_SNPP_NRT,303.64,292.06,YES,,LOW
-3.86507,105.85755,,0.43,0.38,2026-09-28,1843,N,VIIRS,n,2.0NRT,,1.8,N,VIIRS_SNPP_NRT,306.19,292.9,YES,,LOW
-3.85907,104.66732,,0.4,0.37,2026-09-28,1843,N,VIIRS,n,2.0NRT,,1.16,N,VIIRS_SNPP_NRT,313.5,291.38,NO,18.947,MONITORING
-3.81163,105.20913,,0.41,0.37,2026-09-28,1843,N,VIIRS,n,2.0NRT,,0.82,N,VIIRS_SNPP_NRT,303.49,291.27,YES,,LOW
-3.80877,105.21335,,0.41,0.37,2026-09-28,1843,N,VIIRS,n,2.0NRT,,1.62,N,VIIRS_SNPP_NRT,308.71,291.94,YES,,LOW
-3.79906,105.196,,0.41,0.37,2026-09-28,1843,N,VIIRS,n,2.0NRT,,1.28,N,VIIRS_SNPP_NRT,307.44,291.54,YES,,LOW
-3.79336,105.20443,,0.41,0.37,2026-09-28,1843,N,VIIRS,n,2.0NRT,,0.9,N,VIIRS_SNPP_NRT,308.51,291.88,YES,,LOW
-3.79324,105.58218,,0.42,0.38,2026-09-28,1843,N,VIIRS,n,2.0NRT,,1.09,N,VIIRS_SNPP_NRT,304.9,292.59,YES,,LOW
-3.78994,105.20496,,0.41,0.37,2026-09-28,1843,N,VIIRS,n,2.0NRT,,0.9,N,VIIRS_SNPP_NRT,306.42,292.22,YES,,LOW
-3.78977,105.58272,,0.42,0.38,2026-09-28,1843,N,VIIRS,n,2.0NRT,,1.09,N,VIIRS_SNPP_NRT,310.35,293.48,YES,,LOW
-3.78936,105.20128,,0.41,0.37,2026-09-28,1843,N,VIIRS,n,2.0NRT,,1.61,N,VIIRS_SNPP_NRT,309.08,292.51,YES,,LOW
-3.78918,105.57893,,0.42,0.38,2026-09-28,1843,N,VIIRS,n,2.0NRT,,1.09,N,VIIRS_SNPP_NRT,306.39,292.93,YES,,LOW
-3.78453,105.5719,,0.42,0.38,2026-09-28,1843,N,VIIRS,n,2.0NRT,,1.85,N,VIIRS_SNPP_NRT,308.97,293.75,YES,,LOW
-3.78394,105.56812,,0.42,0.38,2026-09-28,1843,N,VIIRS,n,2.0NRT,,1.91,N,VIIRS_SNPP_NRT,329.88,296.84,YES,,LOW
-3.78334,105.56433,,0.42,0.38,2026-09-28,1843,N,VIIRS,n,2.0NRT,,1.91,N,VIIRS_SNPP_NRT,309.64,293.11,YES,,LOW
-3.78047,105.56865,,0.42,0.38,2026-09-28,1843,N,VIIRS,n,2.0NRT,,1.91,N,VIIRS_SNPP_NRT,309.79,293.17,YES,,LOW
-3.77988,105.56487,,0.42,0.38,2026-09-28,1843,N,VIIRS,n,2.0NRT,,1.91,N,VIIRS_SNPP_NRT,315.24,294.24,YES,,LOW
-3.77929,105.56109,,0.42,0.38,2026-09-28,1843,N,VIIRS,n,2.0NRT,,3.57,N,VIIRS_SNPP_NRT,322.58,294.65,YES,,LOW
-3.7787,105.55731,,0.42,0.38,2026-09-28,1843,N,VIIRS,n,2.0NRT,,3.57,N,VIIRS_SNPP_NRT,326.2,295.4,YES,,LOW
-3.77679,104.6768,,0.4,0.37,2026-09-28,1843,N,VIIRS,n,2.0NRT,,0.38,N,VIIRS_SNPP_NRT,303.96,291.0,NO,11.99,MONITORING
-3.77582,105.56162,,0.42,0.38,2026-09-28,1843,N,VIIRS,n,2.0NRT,,5.48,N,VIIRS_SNPP_NRT,345.03,299.94,YES,,LOW
-3.77523,105.55785,,0.42,0.38,2026-09-28,1843,N,VIIRS,n,2.0NRT,,5.48,N,VIIRS_SNPP_NRT,352.77,300.47,YES,,LOW
-3.77464,105.55407,,0.42,0.38,2026-09-28,1843,N,VIIRS,n,2.0NRT,,3.36,N,VIIRS_SNPP_NRT,320.77,292.93,YES,,LOW
-3.77294,105.56594,,0.42,0.38,2026-09-28,1843,N,VIIRS,n,2.0NRT,,2.32,N,VIIRS_SNPP_NRT,311.52,293.14,YES,,LOW
-3.77236,105.56216,,0.42,0.38,2026-09-28,1843,N,VIIRS,n,2.0NRT,,5.48,N,VIIRS_SNPP_NRT,326.51,297.02,YES,,LOW
-3.77177,105.55839,,0.42,0.38,2026-09-28,1843,N,VIIRS,n,2.0NRT,,5.48,N,VIIRS_SNPP_NRT,332.61,297.77,YES,,LOW
-3.77118,105.55461,,0.42,0.38,2026-09-28,1843,N,VIIRS,n,2.0NRT,,3.36,N,VIIRS_SNPP_NRT,335.7,297.82,YES,,LOW
-3.77059,105.55083,,0.42,0.38,2026-09-28,1843,N,VIIRS,n,2.0NRT,,3.36,N,VIIRS_SNPP_NRT,315.71,294.53,YES,,LOW
-3.77007,105.57026,,0.42,0.38,2026-09-28,1843,N,VIIRS,n,2.0NRT,,9.58,N,VIIRS_SNPP_NRT,315.49,291.96,YES,,LOW
-3.77,105.54707,,0.42,0.38,2026-09-28,1843,N,VIIRS,n,2.0NRT,,1.61,N,VIIRS_SNPP_NRT,310.09,293.67,YES,,LOW
-3.76948,105.56647,,0.42,0.38,2026-09-28,1843,N,VIIRS,h,2.0NRT,,9.58,N,VIIRS_SNPP_NRT,367.0,307.19,YES,,LOW
-3.76889,105.5627,,0.42,0.38,2026-09-28,1843,N,VIIRS,h,2.0NRT,,10.02,N,VIIRS_SNPP_NRT,367.0,305.32,YES,,HIGH
-3.7683,105.55892,,0.42,0.38,2026-09-28,1843,N,VIIRS,n,2.0NRT,,10.02,N,VIIRS_SNPP_NRT,326.32,295.61,YES,,HIGH
-3.76824,105.53575,,0.42,0.38,2026-09-28,1843,N,VIIRS,n,2.0NRT,,1.29,N,VIIRS_SNPP_NRT,307.45,292.31,YES,,LOW
-3.76771,105.55515,,0.42,0.38,2026-09-28,1843,N,VIIRS,n,2.0NRT,,4.47,N,VIIRS_SNPP_NRT,338.46,298.33,YES,,LOW
-3.76712,105.55138,,0.42,0.38,2026-09-28,1843,N,VIIRS,n,2.0NRT,,4.47,N,VIIRS_SNPP_NRT,330.36,296.59,YES,,LOW
-3.7666,105.5708,,0.42,0.38,2026-09-28,1843,N,VIIRS,n,2.0NRT,,9.58,N,VIIRS_SNPP_NRT,318.37,292.66,YES,,LOW
-3.76654,105.5476,,0.42,0.38,2026-09-28,1843,N,VIIRS,n,2.0NRT,,2.17,N,VIIRS_SNPP_NRT,317.83,294.99,YES,,LOW
-3.76601,105.56702,,0.42,0.38,2026-09-28,1843,N,VIIRS,n,2.0NRT,,9.58,N,VIIRS_SNPP_NRT,356.13,303.06,YES,,LOW
-3.76542,105.56324,,0.42,0.38,2026-09-28,1843,N,VIIRS,n,2.0NRT,,10.02,N,VIIRS_SNPP_NRT,351.54,302.08,YES,,HIGH
-3.76536,105.54005,,0.42,0.38,2026-09-28,1843,N,VIIRS,n,2.0NRT,,3.29,N,VIIRS_SNPP_NRT,320.34,293.9,YES,,LOW
-3.76484,105.55946,,0.42,0.38,2026-09-28,1843,N,VIIRS,n,2.0NRT,,10.02,N,VIIRS_SNPP_NRT,333.08,297.05,YES,,HIGH
-3.76425,105.55569,,0.42,0.38,2026-09-28,1843,N,VIIRS,n,2.0NRT,,4.47,N,VIIRS_SNPP_NRT,334.6,298.32,YES,,LOW
-3.76366,105.55191,,0.42,0.38,2026-09-28,1843,N,VIIRS,n,2.0NRT,,4.47,N,VIIRS_SNPP_NRT,331.72,297.96,YES,,LOW
-3.76307,105.54813,,0.42,0.38,2026-09-28,1843,N,VIIRS,n,2.0NRT,,2.17,N,VIIRS_SNPP_NRT,318.84,295.78,YES,,LOW
-3.76249,105.54436,,0.42,0.38,2026-09-28,1843,N,VIIRS,n,2.0NRT,,2.17,N,VIIRS_SNPP_NRT,306.3,293.12,YES,,LOW
-3.7619,105.54059,,0.42,0.38,2026-09-28,1843,N,VIIRS,n,2.0NRT,,3.29,N,VIIRS_SNPP_NRT,329.23,295.62,YES,,LOW
-3.76137,105.56,,0.42,0.38,2026-09-28,1843,N,VIIRS,n,2.0NRT,,4.6,N,VIIRS_SNPP_NRT,327.97,295.69,YES,,LOW
-3.76078,105.55622,,0.42,0.38,2026-09-28,1843,N,VIIRS,n,2.0NRT,,2.45,N,VIIRS_SNPP_NRT,318.87,294.82,YES,,LOW
-3.7602,105.55244,,0.42,0.38,2026-09-28,1843,N,VIIRS,n,2.0NRT,,2.45,N,VIIRS_SNPP_NRT,332.96,297.84,YES,,LOW
-3.75961,105.54868,,0.42,0.38,2026-09-28,1843,N,VIIRS,n,2.0NRT,,1.55,N,VIIRS_SNPP_NRT,313.03,294.28,YES,,LOW
-3.75902,105.5449,,0.42,0.38,2026-09-28,1843,N,VIIRS,n,2.0NRT,,1.55,N,VIIRS_SNPP_NRT,306.16,293.36,YES,,LOW
-3.75844,105.54113,,0.42,0.38,2026-09-28,1843,N,VIIRS,n,2.0NRT,,1.59,N,VIIRS_SNPP_NRT,310.23,293.01,YES,,LOW
-3.75732,105.55676,,0.42,0.38,2026-09-28,1843,N,VIIRS,n,2.0NRT,,2.45,N,VIIRS_SNPP_NRT,306.86,292.78,YES,,LOW
-3.75673,105.55299,,0.42,0.38,2026-09-28,1843,N,VIIRS,n,2.0NRT,,2.45,N,VIIRS_SNPP_NRT,325.63,296.28,YES,,LOW
-3.75614,105.54921,,0.42,0.38,2026-09-28,1843,N,VIIRS,n,2.0NRT,,1.55,N,VIIRS_SNPP_NRT,306.43,292.52,YES,,LOW
-3.75439,105.53789,,0.42,0.38,2026-09-28,1843,N,VIIRS,n,2.0NRT,,1.59,N,VIIRS_SNPP_NRT,312.52,292.42,YES,,LOW
-3.75428,105.49165,,0.42,0.37,2026-09-28,1843,N,VIIRS,n,2.0NRT,,4.79,N,VIIRS_SNPP_NRT,337.06,294.69,YES,,LOW
-3.75385,105.5573,,0.42,0.38,2026-09-28,1843,N,VIIRS,n,2.0NRT,,1.4,N,VIIRS_SNPP_NRT,313.01,293.33,YES,,LOW
-3.75369,105.4879,,0.42,0.37,2026-09-28,1843,N,VIIRS,n,2.0NRT,,2.7,N,VIIRS_SNPP_NRT,317.43,292.93,YES,,LOW
-3.75327,105.55352,,0.42,0.38,2026-09-28,1843,N,VIIRS,n,2.0NRT,,1.4,N,VIIRS_SNPP_NRT,319.89,294.88,YES,,LOW
-3.75194,105.47665,,0.42,0.37,2026-09-28,1843,N,VIIRS,n,2.0NRT,,2.46,N,VIIRS_SNPP_NRT,317.43,293.23,YES,,LOW
-3.75092,105.53843,,0.42,0.38,2026-09-28,1843,N,VIIRS,n,2.0NRT,,5.05,N,VIIRS_SNPP_NRT,334.19,297.92,YES,,LOW
-3.75039,105.55784,,0.42,0.38,2026-09-28,1843,N,VIIRS,n,2.0NRT,,1.4,N,VIIRS_SNPP_NRT,305.97,293.01,YES,,LOW
-3.7498,105.55405,,0.42,0.38,2026-09-28,1843,N,VIIRS,n,2.0NRT,,1.4,N,VIIRS_SNPP_NRT,309.27,293.62,YES,,LOW
-3.74849,105.47718,,0.42,0.37,2026-09-28,1843,N,VIIRS,n,2.0NRT,,2.61,N,VIIRS_SNPP_NRT,323.69,295.02,YES,,LOW
-3.74732,105.46967,,0.42,0.37,2026-09-28,1843,N,VIIRS,n,2.0NRT,,5.76,N,VIIRS_SNPP_NRT,303.41,291.19,YES,,LOW
-3.74673,105.46592,,0.42,0.37,2026-09-28,1843,N,VIIRS,n,2.0NRT,,4.13,N,VIIRS_SNPP_NRT,311.12,291.73,YES,,LOW
-3.74615,105.46218,,0.42,0.37,2026-09-28,1843,N,VIIRS,n,2.0NRT,,4.13,N,VIIRS_SNPP_NRT,308.3,291.59,YES,,LOW
-3.74524,105.29833,,0.41,0.37,2026-09-28,1843,N,VIIRS,n,2.0NRT,,1.79,N,VIIRS_SNPP_NRT,316.03,292.02,YES,,LOW
-3.74503,105.47771,,0.42,0.37,2026-09-28,1843,N,VIIRS,n,2.0NRT,,2.61,N,VIIRS_SNPP_NRT,319.6,292.53,YES,,LOW
-3.74458,105.54327,,0.42,0.38,2026-09-28,1843,N,VIIRS,n,2.0NRT,,3.56,N,VIIRS_SNPP_NRT,310.17,291.88,YES,,LOW
-3.74445,105.47396,,0.42,0.37,2026-09-28,1843,N,VIIRS,n,2.0NRT,,5.76,N,VIIRS_SNPP_NRT,353.75,300.21,YES,,LOW
-3.744,105.53951,,0.42,0.38,2026-09-28,1843,N,VIIRS,n,2.0NRT,,3.56,N,VIIRS_SNPP_NRT,330.11,294.03,YES,,LOW
-3.74386,105.47021,,0.42,0.37,2026-09-28,1843,N,VIIRS,n,2.0NRT,,5.76,N,VIIRS_SNPP_NRT,342.76,299.83,YES,,LOW
-3.74328,105.46646,,0.42,0.37,2026-09-28,1843,N,VIIRS,n,2.0NRT,,4.13,N,VIIRS_SNPP_NRT,345.75,301.73,YES,,LOW
-3.7427,105.46271,,0.42,0.37,2026-09-28,1843,N,VIIRS,n,2.0NRT,,4.13,N,VIIRS_SNPP_NRT,345.19,301.06,YES,,LOW
-3.74212,105.45896,,0.42,0.37,2026-09-28,1843,N,VIIRS,n,2.0NRT,,5.8,N,VIIRS_SNPP_NRT,344.21,300.17,YES,,LOW
-3.74174,105.57076,,0.42,0.38,2026-09-28,1843,N,VIIRS,n,2.0NRT,,1.08,N,VIIRS_SNPP_NRT,305.43,292.17,YES,,LOW
-3.74158,105.47825,,0.42,0.37,2026-09-28,1843,N,VIIRS,n,2.0NRT,,3.72,N,VIIRS_SNPP_NRT,323.77,293.64,YES,,LOW
-3.74153,105.45521,,0.42,0.37,2026-09-28,1843,N,VIIRS,n,2.0NRT,,5.8,N,VIIRS_SNPP_NRT,330.06,296.94,YES,,LOW
-3.74112,105.54382,,0.42,0.38,2026-09-28,1843,N,VIIRS,n,2.0NRT,,3.56,N,VIIRS_SNPP_NRT,311.52,292.5,YES,,LOW
-3.74099,105.47449,,0.42,0.37,2026-09-28,1843,N,VIIRS,h,2.0NRT,,11.3,N,VIIRS_SNPP_NRT,367.0,307.94,YES,,HIGH
-3.74095,105.45147,,0.42,0.37,2026-09-28,1843,N,VIIRS,n,2.0NRT,,2.03,N,VIIRS_SNPP_NRT,314.26,292.68,YES,,LOW
-3.74087,105.40556,,0.41,0.37,2026-09-28,1843,N,VIIRS,n,2.0NRT,,1.27,N,VIIRS_SNPP_NRT,305.99,292.14,YES,,LOW
-3.74054,105.54003,,0.42,0.38,2026-09-28,1843,N,VIIRS,n,2.0NRT,,3.56,N,VIIRS_SNPP_NRT,351.46,298.62,YES,,LOW
-3.74041,105.47074,,0.42,0.37,2026-09-28,1843,N,VIIRS,n,2.0NRT,,11.3,N,VIIRS_SNPP_NRT,353.8,303.36,YES,,HIGH
-3.73995,105.53626,,0.42,0.38,2026-09-28,1843,N,VIIRS,n,2.0NRT,,2.11,N,VIIRS_SNPP_NRT,314.82,291.64,YES,,LOW
-3.73983,105.467,,0.42,0.37,2026-09-28,1843,N,VIIRS,n,2.0NRT,,9.69,N,VIIRS_SNPP_NRT,332.82,297.14,YES,,LOW
-3.73924,105.46324,,0.42,0.37,2026-09-28,1843,N,VIIRS,n,2.0NRT,,9.69,N,VIIRS_SNPP_NRT,314.98,294.64,YES,,LOW
-3.73866,105.4595,,0.42,0.37,2026-09-28,1843,N,VIIRS,n,2.0NRT,,3.2,N,VIIRS_SNPP_NRT,317.6,295.28,YES,,LOW
-3.73808,105.45575,,0.42,0.37,2026-09-28,1843,N,VIIRS,n,2.0NRT,,3.2,N,VIIRS_SNPP_NRT,317.62,295.58,YES,,LOW
-3.7375,105.452,,0.42,0.37,2026-09-28,1843,N,VIIRS,n,2.0NRT,,4.62,N,VIIRS_SNPP_NRT,321.92,294.98,YES,,LOW
-3.73707,105.54057,,0.42,0.38,2026-09-28,1843,N,VIIRS,n,2.0NRT,,1.34,N,VIIRS_SNPP_NRT,309.79,292.77,YES,,LOW
-3.73696,105.47128,,0.42,0.37,2026-09-28,1843,N,VIIRS,n,2.0NRT,,11.3,N,VIIRS_SNPP_NRT,307.0,292.79,YES,,HIGH
-3.73637,105.46753,,0.42,0.37,2026-09-28,1843,N,VIIRS,n,2.0NRT,,9.69,N,VIIRS_SNPP_NRT,348.27,301.16,YES,,LOW
-3.73579,105.46378,,0.42,0.37,2026-09-28,1843,N,VIIRS,n,2.0NRT,,9.69,N,VIIRS_SNPP_NRT,348.12,301.16,YES,,LOW
-3.73521,105.46003,,0.42,0.37,2026-09-28,1843,N,VIIRS,n,2.0NRT,,3.2,N,VIIRS_SNPP_NRT,331.98,298.03,YES,,LOW
-3.73463,105.45628,,0.42,0.37,2026-09-28,1843,N,VIIRS,n,2.0NRT,,3.2,N,VIIRS_SNPP_NRT,331.44,297.63,YES,,LOW
-3.73405,105.45254,,0.42,0.37,2026-09-28,1843,N,VIIRS,n,2.0NRT,,4.62,N,VIIRS_SNPP_NRT,342.73,298.58,YES,,LOW
-3.73346,105.44879,,0.42,0.37,2026-09-28,1843,N,VIIRS,n,2.0NRT,,4.62,N,VIIRS_SNPP_NRT,334.33,295.34,YES,,LOW
-3.73292,105.46806,,0.42,0.37,2026-09-28,1843,N,VIIRS,n,2.0NRT,,13.19,N,VIIRS_SNPP_NRT,334.61,295.38,YES,,HIGH
-3.73288,105.44505,,0.42,0.37,2026-09-28,1843,N,VIIRS,n,2.0NRT,,2.4,N,VIIRS_SNPP_NRT,324.75,293.27,YES,,LOW
-3.73234,105.46432,,0.42,0.37,2026-09-28,1843,N,VIIRS,h,2.0NRT,,13.19,N,VIIRS_SNPP_NRT,367.0,303.34,YES,,HIGH
-3.7323,105.44131,,0.42,0.37,2026-09-28,1843,N,VIIRS,n,2.0NRT,,2.4,N,VIIRS_SNPP_NRT,310.16,292.95,YES,,LOW
-3.73176,105.46056,,0.42,0.37,2026-09-28,1843,N,VIIRS,n,2.0NRT,,15.97,N,VIIRS_SNPP_NRT,353.92,299.02,YES,,HIGH
-3.73118,105.45682,,0.42,0.37,2026-09-28,1843,N,VIIRS,n,2.0NRT,,15.97,N,VIIRS_SNPP_NRT,341.28,298.58,YES,,HIGH
-3.7306,105.45306,,0.42,0.37,2026-09-28,1843,N,VIIRS,n,2.0NRT,,7.99,N,VIIRS_SNPP_NRT,352.27,301.3,YES,,LOW
-3.73001,105.44932,,0.42,0.37,2026-09-28,1843,N,VIIRS,n,2.0NRT,,7.99,N,VIIRS_SNPP_NRT,345.03,300.53,YES,,LOW
-3.72943,105.44558,,0.42,0.37,2026-09-28,1843,N,VIIRS,n,2.0NRT,,11.24,N,VIIRS_SNPP_NRT,356.26,303.59,YES,,HIGH
-3.72889,105.46484,,0.42,0.37,2026-09-28,1843,N,VIIRS,n,2.0NRT,,13.19,N,VIIRS_SNPP_NRT,340.64,296.3,YES,,HIGH
-3.72885,105.44184,,0.42,0.37,2026-09-28,1843,N,VIIRS,n,2.0NRT,,11.24,N,VIIRS_SNPP_NRT,338.93,298.15,YES,,HIGH
-3.72831,105.4611,,0.42,0.37,2026-09-28,1843,N,VIIRS,n,2.0NRT,,15.97,N,VIIRS_SNPP_NRT,355.87,302.77,YES,,HIGH
-3.72772,105.45735,,0.42,0.37,2026-09-28,1843,N,VIIRS,n,2.0NRT,,15.97,N,VIIRS_SNPP_NRT,332.44,293.35,YES,,HIGH
-3.72714,105.4536,,0.42,0.37,2026-09-28,1843,N,VIIRS,n,2.0NRT,,7.99,N,VIIRS_SNPP_NRT,344.04,297.84,YES,,LOW
-3.72656,105.44986,,0.42,0.37,2026-09-28,1843,N,VIIRS,n,2.0NRT,,7.99,N,VIIRS_SNPP_NRT,353.52,301.7,YES,,LOW
-3.72598,105.44611,,0.42,0.37,2026-09-28,1843,N,VIIRS,h,2.0NRT,,11.24,N,VIIRS_SNPP_NRT,367.0,304.15,YES,,HIGH
-3.7254,105.44238,,0.42,0.37,2026-09-28,1843,N,VIIRS,n,2.0NRT,,11.24,N,VIIRS_SNPP_NRT,335.18,298.06,YES,,HIGH
-3.72485,105.46163,,0.42,0.37,2026-09-28,1843,N,VIIRS,n,2.0NRT,,1.48,N,VIIRS_SNPP_NRT,304.9,291.39,YES,,LOW
-3.72427,105.45788,,0.42,0.37,2026-09-28,1843,N,VIIRS,n,2.0NRT,,1.48,N,VIIRS_SNPP_NRT,312.63,291.67,YES,,LOW
-3.72369,105.45414,,0.42,0.37,2026-09-28,1843,N,VIIRS,n,2.0NRT,,3.16,N,VIIRS_SNPP_NRT,324.32,293.0,YES,,LOW
-3.72311,105.45039,,0.42,0.37,2026-09-28,1843,N,VIIRS,n,2.0NRT,,3.16,N,VIIRS_SNPP_NRT,328.62,295.4,YES,,LOW
-3.72253,105.44665,,0.42,0.37,2026-09-28,1843,N,VIIRS,n,2.0NRT,,6.02,N,VIIRS_SNPP_NRT,338.27,296.45,YES,,LOW
-3.72077,105.4125,,0.41,0.37,2026-09-28,1843,N,VIIRS,n,2.0NRT,,1.78,N,VIIRS_SNPP_NRT,306.03,293.14,YES,,LOW
-3.70278,105.73949,,0.43,0.38,2026-09-28,1843,N,VIIRS,n,2.0NRT,,1.83,N,VIIRS_SNPP_NRT,310.14,291.27,YES,,LOW
-3.70049,105.7477,,0.43,0.38,2026-09-28,1843,N,VIIRS,n,2.0NRT,,0.72,N,VIIRS_SNPP_NRT,312.77,291.03,YES,,LOW
-3.69614,105.53834,,0.42,0.38,2026-09-28,1843,N,VIIRS,n,2.0NRT,,3.05,N,VIIRS_SNPP_NRT,327.95,292.52,YES,,LOW
-3.68942,105.74548,,0.43,0.38,2026-09-28,1843,N,VIIRS,n,2.0NRT,,1.33,N,VIIRS_SNPP_NRT,304.61,291.18,YES,,LOW
-3.68745,105.33385,,0.41,0.37,2026-09-28,1843,N,VIIRS,n,2.0NRT,,1.2,N,VIIRS_SNPP_NRT,304.31,291.79,YES,,LOW
-3.68688,105.33015,,0.41,0.37,2026-09-28,1843,N,VIIRS,n,2.0NRT,,1.49,N,VIIRS_SNPP_NRT,312.17,291.91,YES,,LOW
-3.68593,105.74601,,0.43,0.38,2026-09-28,1843,N,VIIRS,n,2.0NRT,,1.33,N,VIIRS_SNPP_NRT,317.7,292.8,YES,,LOW
-3.685,105.33353,,0.41,0.37,2026-09-28,1843,N,VIIRS,n,2.0NRT,,2.82,N,VIIRS_SNPP_NRT,327.74,293.42,YES,,LOW
-3.68441,105.32982,,0.41,0.37,2026-09-28,1843,N,VIIRS,n,2.0NRT,,2.19,N,VIIRS_SNPP_NRT,308.14,292.64,YES,,LOW
-3.66658,105.69032,,0.42,0.38,2026-09-28,1843,N,VIIRS,n,2.0NRT,,1.2,N,VIIRS_SNPP_NRT,310.25,291.47,YES,,LOW
-3.66599,105.6865,,0.42,0.38,2026-09-28,1843,N,VIIRS,n,2.0NRT,,1.63,N,VIIRS_SNPP_NRT,313.54,291.43,YES,,LOW
-3.63343,105.31876,,0.41,0.37,2026-09-28,1843,N,VIIRS,n,2.0NRT,,1.03,N,VIIRS_SNPP_NRT,305.52,291.63,YES,,LOW
-3.61624,105.29872,,0.41,0.37,2026-09-28,1843,N,VIIRS,n,2.0NRT,,1.73,N,VIIRS_SNPP_NRT,315.36,292.48,YES,,LOW
-3.5922,105.61182,,0.42,0.38,2026-09-28,1843,N,VIIRS,n,2.0NRT,,0.62,N,VIIRS_SNPP_NRT,305.26,291.49,YES,,LOW
-3.58933,105.61613,,0.42,0.38,2026-09-28,1843,N,VIIRS,n,2.0NRT,,1.2,N,VIIRS_SNPP_NRT,306.1,292.17,YES,,LOW
-3.58586,105.61667,,0.42,0.38,2026-09-28,1843,N,VIIRS,n,2.0NRT,,1.2,N,VIIRS_SNPP_NRT,311.82,293.4,YES,,LOW
-3.57112,105.70444,,0.42,0.38,2026-09-28,1843,N,VIIRS,n,2.0NRT,,1.51,N,VIIRS_SNPP_NRT,307.8,292.75,YES,,LOW
-3.56764,105.70499,,0.42,0.38,2026-09-28,1843,N,VIIRS,n,2.0NRT,,1.25,N,VIIRS_SNPP_NRT,303.59,292.39,YES,,LOW
-3.53098,104.86467,,0.4,0.37,2026-09-28,1843,N,VIIRS,n,2.0NRT,,1.9,N,VIIRS_SNPP_NRT,322.63,291.64,YES,,LOW
-3.53042,104.86108,,0.4,0.37,2026-09-28,1843,N,VIIRS,n,2.0NRT,,2.0,N,VIIRS_SNPP_NRT,323.32,291.71,YES,,LOW
-3.5229,105.64581,,0.42,0.38,2026-09-28,1843,N,VIIRS,n,2.0NRT,,0.88,N,VIIRS_SNPP_NRT,303.69,291.97,YES,,LOW
-3.52151,105.64506,,0.42,0.38,2026-09-28,1843,N,VIIRS,n,2.0NRT,,1.4,N,VIIRS_SNPP_NRT,304.67,292.38,YES,,LOW
-3.51943,105.64635,,0.42,0.38,2026-09-28,1843,N,VIIRS,n,2.0NRT,,0.88,N,VIIRS_SNPP_NRT,304.56,292.32,YES,,LOW
-3.51422,105.22744,,0.41,0.37,2026-09-28,1843,N,VIIRS,n,2.0NRT,,2.06,N,VIIRS_SNPP_NRT,317.24,292.47,YES,,LOW
-3.49634,105.71111,,0.42,0.38,2026-09-28,1843,N,VIIRS,n,2.0NRT,,0.99,N,VIIRS_SNPP_NRT,304.13,291.98,YES,,LOW
-3.49522,105.59109,,0.42,0.38,2026-09-28,1843,N,VIIRS,n,2.0NRT,,2.52,N,VIIRS_SNPP_NRT,330.26,292.47,YES,,LOW
-3.48032,104.79166,,0.4,0.37,2026-09-28,1843,N,VIIRS,n,2.0NRT,,0.64,N,VIIRS_SNPP_NRT,312.59,291.63,YES,,LOW
-3.47533,104.9136,,0.4,0.37,2026-09-28,1843,N,VIIRS,n,2.0NRT,,12.25,N,VIIRS_SNPP_NRT,353.73,296.02,YES,,HIGH
-3.47476,104.91,,0.4,0.37,2026-09-28,1843,N,VIIRS,n,2.0NRT,,12.25,N,VIIRS_SNPP_NRT,353.8,292.44,YES,,HIGH
-3.4726,105.16267,,0.41,0.37,2026-09-28,1843,N,VIIRS,n,2.0NRT,,0.93,N,VIIRS_SNPP_NRT,304.5,291.27,YES,,LOW
-3.4725,104.91772,,0.4,0.37,2026-09-28,1843,N,VIIRS,n,2.0NRT,,5.07,N,VIIRS_SNPP_NRT,304.87,292.12,YES,,LOW
-3.47194,104.91413,,0.4,0.37,2026-09-28,1843,N,VIIRS,n,2.0NRT,,37.64,N,VIIRS_SNPP_NRT,347.57,309.58,YES,,HIGH
-3.47137,104.91054,,0.4,0.37,2026-09-28,1843,N,VIIRS,n,2.0NRT,,37.64,N,VIIRS_SNPP_NRT,338.42,313.33,YES,,HIGH
-3.47081,104.90694,,0.4,0.37,2026-09-28,1843,N,VIIRS,n,2.0NRT,,4.73,N,VIIRS_SNPP_NRT,303.45,291.26,YES,,LOW
-3.46968,104.92185,,0.4,0.37,2026-09-28,1843,N,VIIRS,n,2.0NRT,,5.07,N,VIIRS_SNPP_NRT,330.28,293.38,YES,,LOW
-3.46919,105.1632,,0.41,0.37,2026-09-28,1843,N,VIIRS,n,2.0NRT,,1.36,N,VIIRS_SNPP_NRT,311.54,291.79,YES,,LOW
-3.46912,104.91825,,0.4,0.37,2026-09-28,1843,N,VIIRS,n,2.0NRT,,5.07,N,VIIRS_SNPP_NRT,347.02,295.63,YES,,LOW
-3.46855,104.91466,,0.4,0.37,2026-09-28,1843,N,VIIRS,n,2.0NRT,,37.64,N,VIIRS_SNPP_NRT,350.72,308.31,YES,,HIGH
-3.46799,104.91106,,0.4,0.37,2026-09-28,1843,N,VIIRS,n,2.0NRT,,37.64,N,VIIRS_SNPP_NRT,333.35,293.41,YES,,HIGH
-3.46629,104.92237,,0.4,0.37,2026-09-28,1843,N,VIIRS,n,2.0NRT,,14.59,N,VIIRS_SNPP_NRT,320.47,292.68,YES,,HIGH
-3.46573,104.91879,,0.4,0.37,2026-09-28,1843,N,VIIRS,n,2.0NRT,,14.59,N,VIIRS_SNPP_NRT,358.02,306.45,YES,,HIGH
-3.46521,105.16008,,0.41,0.37,2026-09-28,1843,N,VIIRS,n,2.0NRT,,1.09,N,VIIRS_SNPP_NRT,306.73,291.92,YES,,LOW
-3.46516,104.91518,,0.4,0.37,2026-09-28,1843,N,VIIRS,n,2.0NRT,,12.36,N,VIIRS_SNPP_NRT,356.7,299.87,YES,,HIGH
-3.46464,105.15643,,0.41,0.37,2026-09-28,1843,N,VIIRS,n,2.0NRT,,1.09,N,VIIRS_SNPP_NRT,309.53,291.74,YES,,LOW
-3.4646,104.91159,,0.4,0.37,2026-09-28,1843,N,VIIRS,n,2.0NRT,,12.36,N,VIIRS_SNPP_NRT,332.79,294.54,YES,,HIGH
-3.45632,105.70563,,0.42,0.38,2026-09-28,1843,N,VIIRS,n,2.0NRT,,2.87,N,VIIRS_SNPP_NRT,322.07,293.71,YES,,LOW
-3.45573,105.70181,,0.42,0.38,2026-09-28,1843,N,VIIRS,n,2.0NRT,,0.69,N,VIIRS_SNPP_NRT,304.16,291.83,YES,,LOW
-3.43715,105.20121,,0.41,0.37,2026-09-28,1843,N,VIIRS,n,2.0NRT,,2.76,N,VIIRS_SNPP_NRT,306.43,292.11,YES,,LOW
-3.43373,105.20174,,0.41,0.37,2026-09-28,1843,N,VIIRS,n,2.0NRT,,2.76,N,VIIRS_SNPP_NRT,343.36,295.71,YES,,LOW
-3.43315,105.19808,,0.41,0.37,2026-09-28,1843,N,VIIRS,n,2.0NRT,,2.76,N,VIIRS_SNPP_NRT,310.53,292.82,YES,,LOW
-3.43032,105.20227,,0.41,0.37,2026-09-28,1843,N,VIIRS,n,2.0NRT,,2.2,N,VIIRS_SNPP_NRT,330.97,293.97,YES,,LOW
-3.4269,105.2028,,0.41,0.37,2026-09-28,1843,N,VIIRS,n,2.0NRT,,2.2,N,VIIRS_SNPP_NRT,306.47,291.63,YES,,LOW
-3.42512,105.1694,,0.41,0.37,2026-09-28,1843,N,VIIRS,n,2.0NRT,,3.7,N,VIIRS_SNPP_NRT,327.16,292.63,YES,,LOW
-3.42229,105.17357,,0.41,0.37,2026-09-28,1843,N,VIIRS,n,2.0NRT,,3.7,N,VIIRS_SNPP_NRT,309.33,293.05,YES,,LOW
-3.42171,105.16992,,0.41,0.37,2026-09-28,1843,N,VIIRS,n,2.0NRT,,3.7,N,VIIRS_SNPP_NRT,345.78,296.04,YES,,LOW
-3.42114,105.16628,,0.41,0.37,2026-09-28,1843,N,VIIRS,n,2.0NRT,,3.71,N,VIIRS_SNPP_NRT,341.78,294.27,YES,,LOW
-3.42056,105.16263,,0.41,0.37,2026-09-28,1843,N,VIIRS,n,2.0NRT,,3.71,N,VIIRS_SNPP_NRT,304.39,291.7,YES,,LOW
-3.41888,105.1741,,0.41,0.37,2026-09-28,1843,N,VIIRS,n,2.0NRT,,2.84,N,VIIRS_SNPP_NRT,313.07,293.42,YES,,LOW
-3.4183,105.17046,,0.41,0.37,2026-09-28,1843,N,VIIRS,n,2.0NRT,,2.84,N,VIIRS_SNPP_NRT,352.06,299.58,YES,,LOW
-3.41773,105.16681,,0.41,0.37,2026-09-28,1843,N,VIIRS,n,2.0NRT,,3.03,N,VIIRS_SNPP_NRT,313.07,293.8,YES,,LOW
-3.41547,105.17463,,0.41,0.37,2026-09-28,1843,N,VIIRS,n,2.0NRT,,2.84,N,VIIRS_SNPP_NRT,309.96,292.91,YES,,LOW
-3.41489,105.17098,,0.41,0.37,2026-09-28,1843,N,VIIRS,n,2.0NRT,,2.84,N,VIIRS_SNPP_NRT,311.06,293.76,YES,,LOW
-3.41263,105.17881,,0.41,0.37,2026-09-28,1843,N,VIIRS,n,2.0NRT,,2.97,N,VIIRS_SNPP_NRT,318.15,292.97,YES,,LOW
-3.41206,105.17516,,0.41,0.37,2026-09-28,1843,N,VIIRS,n,2.0NRT,,2.17,N,VIIRS_SNPP_NRT,315.87,293.48,YES,,LOW
-3.40922,105.17934,,0.41,0.37,2026-09-28,1843,N,VIIRS,n,2.0NRT,,2.97,N,VIIRS_SNPP_NRT,336.25,295.51,YES,,LOW
-3.40865,105.17568,,0.41,0.37,2026-09-28,1843,N,VIIRS,n,2.0NRT,,2.17,N,VIIRS_SNPP_NRT,312.72,293.42,YES,,LOW
-3.37686,105.26312,,0.41,0.37,2026-09-28,1843,N,VIIRS,n,2.0NRT,,1.66,N,VIIRS_SNPP_NRT,313.48,292.25,YES,,LOW
-3.37344,105.26364,,0.41,0.37,2026-09-28,1843,N,VIIRS,n,2.0NRT,,1.66,N,VIIRS_SNPP_NRT,304.77,292.43,YES,,LOW
-3.37287,105.25998,,0.41,0.37,2026-09-28,1843,N,VIIRS,n,2.0NRT,,1.66,N,VIIRS_SNPP_NRT,321.59,293.68,YES,,LOW
-3.36945,105.26051,,0.41,0.37,2026-09-28,1843,N,VIIRS,n,2.0NRT,,0.98,N,VIIRS_SNPP_NRT,304.18,292.24,YES,,LOW
-3.35565,105.34947,,0.41,0.37,2026-09-28,1843,N,VIIRS,n,2.0NRT,,1.01,N,VIIRS_SNPP_NRT,305.36,291.84,YES,,LOW
-3.35407,105.25163,,0.41,0.37,2026-09-28,1843,N,VIIRS,n,2.0NRT,,1.73,N,VIIRS_SNPP_NRT,315.21,292.53,YES,,LOW
-3.3535,105.24796,,0.41,0.37,2026-09-28,1843,N,VIIRS,n,2.0NRT,,1.73,N,VIIRS_SNPP_NRT,310.55,290.97,YES,,LOW
-3.3528,105.35369,,0.41,0.37,2026-09-28,1843,N,VIIRS,n,2.0NRT,,0.68,N,VIIRS_SNPP_NRT,304.03,291.98,YES,,LOW
-3.35222,105.35001,,0.41,0.37,2026-09-28,1843,N,VIIRS,n,2.0NRT,,0.89,N,VIIRS_SNPP_NRT,305.29,292.31,YES,,LOW
-3.31838,105.29116,,0.41,0.37,2026-09-28,1843,N,VIIRS,n,2.0NRT,,0.58,N,VIIRS_SNPP_NRT,304.28,291.04,YES,,LOW
-3.31495,105.29169,,0.41,0.37,2026-09-28,1843,N,VIIRS,n,2.0NRT,,1.95,N,VIIRS_SNPP_NRT,312.02,292.71,YES,,LOW
-3.31473,105.17928,,0.4,0.37,2026-09-28,1843,N,VIIRS,n,2.0NRT,,0.85,N,VIIRS_SNPP_NRT,304.01,290.63,YES,,LOW
-3.31416,105.17564,,0.4,0.37,2026-09-28,1843,N,VIIRS,n,2.0NRT,,5.44,N,VIIRS_SNPP_NRT,342.01,293.38,YES,,LOW
-3.3124,104.82835,,0.4,0.37,2026-09-28,1843,N,VIIRS,n,2.0NRT,,0.36,N,VIIRS_SNPP_NRT,303.34,290.64,YES,,LOW
-3.31211,105.29589,,0.41,0.37,2026-09-28,1843,N,VIIRS,n,2.0NRT,,1.95,N,VIIRS_SNPP_NRT,333.07,294.09,YES,,LOW
-3.31153,105.29222,,0.41,0.37,2026-09-28,1843,N,VIIRS,n,2.0NRT,,1.95,N,VIIRS_SNPP_NRT,306.28,292.35,YES,,LOW
-3.31133,105.17981,,0.4,0.37,2026-09-28,1843,N,VIIRS,n,2.0NRT,,4.64,N,VIIRS_SNPP_NRT,346.63,294.87,YES,,LOW
-3.31075,105.17617,,0.4,0.37,2026-09-28,1843,N,VIIRS,n,2.0NRT,,1.56,N,VIIRS_SNPP_NRT,317.23,293.39,YES,,LOW
-3.31018,105.17253,,0.4,0.37,2026-09-28,1843,N,VIIRS,n,2.0NRT,,1.56,N,VIIRS_SNPP_NRT,302.98,291.62,YES,,LOW
-3.30869,105.29642,,0.41,0.37,2026-09-28,1843,N,VIIRS,n,2.0NRT,,2.71,N,VIIRS_SNPP_NRT,321.92,294.44,YES,,LOW
-3.30849,105.18398,,0.41,0.37,2026-09-28,1843,N,VIIRS,n,2.0NRT,,4.64,N,VIIRS_SNPP_NRT,329.89,293.03,YES,,LOW
-3.30792,105.18034,,0.4,0.37,2026-09-28,1843,N,VIIRS,n,2.0NRT,,4.64,N,VIIRS_SNPP_NRT,335.29,294.45,YES,,LOW
-3.30355,104.66202,,0.39,0.36,2026-09-28,1843,N,VIIRS,n,2.0NRT,,2.52,N,VIIRS_SNPP_NRT,304.94,291.38,NO,14.912,MONITORING
-3.3015,105.45266,,0.41,0.37,2026-09-28,1843,N,VIIRS,n,2.0NRT,,2.18,N,VIIRS_SNPP_NRT,303.57,292.62,YES,,LOW
-3.30019,104.66254,,0.39,0.36,2026-09-28,1843,N,VIIRS,n,2.0NRT,,2.52,N,VIIRS_SNPP_NRT,333.79,293.13,NO,14.734,MONITORING
-3.29931,105.12578,,0.4,0.37,2026-09-28,1843,N,VIIRS,n,2.0NRT,,0.56,N,VIIRS_SNPP_NRT,303.69,290.73,YES,,LOW
-3.29874,105.12215,,0.4,0.37,2026-09-28,1843,N,VIIRS,n,2.0NRT,,0.56,N,VIIRS_SNPP_NRT,301.77,290.48,YES,,LOW
-3.29871,105.09985,,0.4,0.37,2026-09-28,1843,N,VIIRS,n,2.0NRT,,3.29,N,VIIRS_SNPP_NRT,345.54,296.35,YES,,LOW
-3.29836,105.25293,,0.41,0.37,2026-09-28,1843,N,VIIRS,n,2.0NRT,,1.37,N,VIIRS_SNPP_NRT,318.3,292.91,YES,,LOW
-3.29779,105.24928,,0.41,0.37,2026-09-28,1843,N,VIIRS,n,2.0NRT,,1.37,N,VIIRS_SNPP_NRT,303.86,291.47,YES,,LOW
-3.29683,104.6631,,0.39,0.36,2026-09-28,1843,N,VIIRS,n,2.0NRT,,0.74,N,VIIRS_SNPP_NRT,307.88,291.53,NO,14.56,MONITORING
-3.29645,105.10764,,0.4,0.37,2026-09-28,1843,N,VIIRS,n,2.0NRT,,0.85,N,VIIRS_SNPP_NRT,303.76,291.87,YES,,LOW
-3.29588,105.10401,,0.4,0.37,2026-09-28,1843,N,VIIRS,n,2.0NRT,,3.29,N,VIIRS_SNPP_NRT,312.95,293.93,YES,,LOW
-3.29534,105.12268,,0.4,0.37,2026-09-28,1843,N,VIIRS,n,2.0NRT,,0.66,N,VIIRS_SNPP_NRT,304.8,291.56,YES,,LOW
-3.29531,105.10038,,0.4,0.37,2026-09-28,1843,N,VIIRS,n,2.0NRT,,3.29,N,VIIRS_SNPP_NRT,307.11,293.24,YES,,LOW
-3.28814,105.27706,,0.41,0.37,2026-09-28,1843,N,VIIRS,n,2.0NRT,,5.92,N,VIIRS_SNPP_NRT,354.23,298.57,YES,,LOW
-3.28756,105.27339,,0.41,0.37,2026-09-28,1843,N,VIIRS,n,2.0NRT,,5.92,N,VIIRS_SNPP_NRT,319.12,294.39,YES,,LOW
-3.28643,105.54971,,0.42,0.37,2026-09-28,1843,N,VIIRS,n,2.0NRT,,1.19,N,VIIRS_SNPP_NRT,308.8,292.64,YES,,LOW
-3.28472,105.2776,,0.41,0.37,2026-09-28,1843,N,VIIRS,n,2.0NRT,,8.64,N,VIIRS_SNPP_NRT,340.15,297.41,YES,,LOW
-3.28414,105.27393,,0.41,0.37,2026-09-28,1843,N,VIIRS,n,2.0NRT,,8.64,N,VIIRS_SNPP_NRT,355.89,302.73,YES,,LOW
-3.28298,105.55025,,0.42,0.37,2026-09-28,1843,N,VIIRS,n,2.0NRT,,1.19,N,VIIRS_SNPP_NRT,309.06,293.25,YES,,LOW
-3.28249,105.56948,,0.42,0.37,2026-09-28,1843,N,VIIRS,n,2.0NRT,,1.0,N,VIIRS_SNPP_NRT,307.84,292.01,YES,,LOW
-3.28175,105.14713,,0.4,0.37,2026-09-28,1843,N,VIIRS,n,2.0NRT,,1.27,N,VIIRS_SNPP_NRT,308.33,290.88,YES,,LOW
-3.28118,105.1435,,0.4,0.37,2026-09-28,1843,N,VIIRS,n,2.0NRT,,6.13,N,VIIRS_SNPP_NRT,342.37,294.56,YES,,LOW
-3.28073,105.27444,,0.41,0.37,2026-09-28,1843,N,VIIRS,n,2.0NRT,,8.64,N,VIIRS_SNPP_NRT,318.66,293.19,YES,,LOW
-3.27777,105.14403,,0.4,0.37,2026-09-28,1843,N,VIIRS,n,2.0NRT,,1.17,N,VIIRS_SNPP_NRT,307.94,291.98,YES,,LOW
-3.2772,105.1404,,0.4,0.37,2026-09-28,1843,N,VIIRS,n,2.0NRT,,1.17,N,VIIRS_SNPP_NRT,308.94,291.83,YES,,LOW
-3.27437,105.14456,,0.4,0.37,2026-09-28,1843,N,VIIRS,n,2.0NRT,,1.17,N,VIIRS_SNPP_NRT,310.74,292.3,YES,,LOW
-3.26927,105.15652,,0.4,0.37,2026-09-28,1843,N,VIIRS,n,2.0NRT,,0.39,N,VIIRS_SNPP_NRT,302.92,290.54,YES,,LOW
-3.26858,104.97501,,0.4,0.37,2026-09-28,1843,N,VIIRS,n,2.0NRT,,2.53,N,VIIRS_SNPP_NRT,321.38,292.42,YES,,LOW
-3.2652,104.97554,,0.4,0.37,2026-09-28,1843,N,VIIRS,n,2.0NRT,,0.75,N,VIIRS_SNPP_NRT,309.93,290.94,YES,,LOW
-3.26078,105.25878,,0.41,0.37,2026-09-28,1843,N,VIIRS,n,2.0NRT,,4.5,N,VIIRS_SNPP_NRT,322.72,292.35,YES,,LOW
-3.2595,104.85156,,0.4,0.37,2026-09-28,1843,N,VIIRS,n,2.0NRT,,0.5,N,VIIRS_SNPP_NRT,306.73,290.83,YES,,LOW
-3.25794,105.26299,,0.41,0.37,2026-09-28,1843,N,VIIRS,n,2.0NRT,,6.68,N,VIIRS_SNPP_NRT,329.13,294.22,YES,,LOW
-3.25737,105.25932,,0.41,0.37,2026-09-28,1843,N,VIIRS,n,2.0NRT,,4.5,N,VIIRS_SNPP_NRT,339.4,297.03,YES,,LOW
-3.2568,105.25565,,0.41,0.37,2026-09-28,1843,N,VIIRS,n,2.0NRT,,4.5,N,VIIRS_SNPP_NRT,304.54,291.8,YES,,LOW
-3.25452,105.26352,,0.41,0.37,2026-09-28,1843,N,VIIRS,n,2.0NRT,,3.53,N,VIIRS_SNPP_NRT,330.14,293.3,YES,,LOW
-3.25395,105.25986,,0.41,0.37,2026-09-28,1843,N,VIIRS,n,2.0NRT,,3.66,N,VIIRS_SNPP_NRT,342.56,297.09,YES,,LOW
-3.25338,105.2562,,0.41,0.37,2026-09-28,1843,N,VIIRS,n,2.0NRT,,3.66,N,VIIRS_SNPP_NRT,304.28,291.83,YES,,LOW
-3.24087,105.22067,,0.41,0.37,2026-09-28,1843,N,VIIRS,n,2.0NRT,,1.18,N,VIIRS_SNPP_NRT,309.14,292.26,YES,,LOW
-3.2403,105.21702,,0.41,0.37,2026-09-28,1843,N,VIIRS,n,2.0NRT,,1.29,N,VIIRS_SNPP_NRT,304.02,291.43,YES,,LOW
-3.23947,105.23151,,0.41,0.37,2026-09-28,1843,N,VIIRS,n,2.0NRT,,1.96,N,VIIRS_SNPP_NRT,307.08,291.83,YES,,LOW
-3.23916,105.23216,,0.41,0.37,2026-09-28,1843,N,VIIRS,n,2.0NRT,,1.42,N,VIIRS_SNPP_NRT,304.67,291.59,YES,,LOW
-3.23889,105.22787,,0.41,0.37,2026-09-28,1843,N,VIIRS,n,2.0NRT,,1.96,N,VIIRS_SNPP_NRT,315.17,291.96,YES,,LOW
-3.23859,105.22852,,0.41,0.37,2026-09-28,1843,N,VIIRS,n,2.0NRT,,1.42,N,VIIRS_SNPP_NRT,319.94,291.98,YES,,LOW
-3.23831,105.22421,,0.41,0.37,2026-09-28,1843,N,VIIRS,n,2.0NRT,,1.38,N,VIIRS_SNPP_NRT,308.05,291.6,YES,,LOW
-3.23803,105.22487,,0.41,0.37,2026-09-28,1843,N,VIIRS,n,2.0NRT,,1.18,N,VIIRS_SNPP_NRT,310.85,291.65,YES,,LOW
-3.23606,105.23203,,0.41,0.37,2026-09-28,1843,N,VIIRS,n,2.0NRT,,1.96,N,VIIRS_SNPP_NRT,320.14,292.44,YES,,LOW
-3.23548,105.22839,,0.41,0.37,2026-09-28,1843,N,VIIRS,n,2.0NRT,,1.96,N,VIIRS_SNPP_NRT,329.02,294.44,YES,,LOW
-3.23265,105.23255,,0.41,0.37,2026-09-28,1843,N,VIIRS,n,2.0NRT,,1.95,N,VIIRS_SNPP_NRT,315.25,292.62,YES,,LOW
-3.23019,104.97363,,0.4,0.37,2026-09-28,1843,N,VIIRS,n,2.0NRT,,1.68,N,VIIRS_SNPP_NRT,309.78,292.93,YES,,LOW
-3.22792,104.98135,,0.4,0.37,2026-09-28,1843,N,VIIRS,n,2.0NRT,,0.75,N,VIIRS_SNPP_NRT,304.98,291.79,YES,,LOW
-3.22736,104.97775,,0.4,0.37,2026-09-28,1843,N,VIIRS,n,2.0NRT,,0.75,N,VIIRS_SNPP_NRT,304.93,292.16,YES,,LOW
-3.19647,104.84674,,0.4,0.37,2026-09-28,1843,N,VIIRS,n,2.0NRT,,0.71,N,VIIRS_SNPP_NRT,307.1,290.44,YES,,LOW
-3.1888,104.66584,,0.39,0.36,2026-09-28,1843,N,VIIRS,n,2.0NRT,,1.57,N,VIIRS_SNPP_NRT,307.03,291.59,NO,14.782,MONITORING
-2.87462,106.21192,,0.76,0.77,2026-09-29,540,N,VIIRS,n,2.0NRT,,17.48,D,VIIRS_SNPP_NRT,355.29,286.57,NO,22.621,MONITORING
-2.87357,106.21903,,0.76,0.77,2026-09-29,540,N,VIIRS,n,2.0NRT,,19.51,D,VIIRS_SNPP_NRT,334.87,286.34,NO,23.342,MONITORING
-4.25138,104.96956,,0.42,0.61,2026-09-29,720,N,VIIRS,n,2.0NRT,,4.89,D,VIIRS_SNPP_NRT,343.68,294.18,NO,7.112,MONITORING
-4.24572,105.45612,,0.46,0.63,2026-09-29,720,N,VIIRS,n,2.0NRT,,3.42,D,VIIRS_SNPP_NRT,334.21,293.57,NO,27.041,MONITORING
-4.24366,105.45679,,0.46,0.63,2026-09-29,720,N,VIIRS,n,2.0NRT,,8.3,D,VIIRS_SNPP_NRT,351.11,294.12,NO,26.815,MONITORING
-4.23985,105.45515,,0.46,0.63,2026-09-29,720,N,VIIRS,n,2.0NRT,,5.79,D,VIIRS_SNPP_NRT,340.91,293.42,NO,26.601,MONITORING
-4.22446,104.90756,,0.42,0.61,2026-09-29,720,N,VIIRS,n,2.0NRT,,3.24,D,VIIRS_SNPP_NRT,339.28,294.14,NO,1.686,MONITORING
-4.18613,105.6293,,0.47,0.64,2026-09-29,720,N,VIIRS,n,2.0NRT,,9.04,D,VIIRS_SNPP_NRT,344.64,293.62,NO,9.719,MONITORING
-4.1854,105.6336,,0.47,0.64,2026-09-29,720,N,VIIRS,n,2.0NRT,,9.04,D,VIIRS_SNPP_NRT,338.85,293.55,NO,9.287,MONITORING
-4.18447,105.3224,,0.45,0.63,2026-09-29,720,N,VIIRS,n,2.0NRT,,3.45,D,VIIRS_SNPP_NRT,335.67,293.74,NO,27.261,MONITORING
-4.18234,105.33466,,0.45,0.63,2026-09-29,720,N,VIIRS,n,2.0NRT,,5.43,D,VIIRS_SNPP_NRT,341.92,295.0,NO,28.275,MONITORING
-4.18163,105.33876,,0.45,0.63,2026-09-29,720,N,VIIRS,n,2.0NRT,,5.43,D,VIIRS_SNPP_NRT,354.2,296.43,NO,28.622,MONITORING
-4.18091,105.34292,,0.45,0.63,2026-09-29,720,N,VIIRS,n,2.0NRT,,7.82,D,VIIRS_SNPP_NRT,338.16,295.92,NO,28.976,MONITORING
-4.1802,105.62828,,0.47,0.64,2026-09-29,720,N,VIIRS,h,2.0NRT,,9.04,D,VIIRS_SNPP_NRT,367.0,291.63,NO,9.435,MONITORING
-4.17948,105.35117,,0.45,0.63,2026-09-29,720,N,VIIRS,n,2.0NRT,,3.33,D,VIIRS_SNPP_NRT,336.1,296.25,NO,29.689,MONITORING
-4.17876,105.35529,,0.45,0.63,2026-09-29,720,N,VIIRS,n,2.0NRT,,3.33,D,VIIRS_SNPP_NRT,342.65,296.43,NO,30.049,MONITORING
-4.16735,105.35572,,0.45,0.63,2026-09-29,720,N,VIIRS,n,2.0NRT,,5.57,D,VIIRS_SNPP_NRT,340.65,295.97,NO,29.492,MONITORING
-4.16637,105.35759,,0.45,0.63,2026-09-29,720,N,VIIRS,n,2.0NRT,,5.57,D,VIIRS_SNPP_NRT,330.5,296.35,NO,29.629,MONITORING
-4.15262,105.3363,,0.45,0.63,2026-09-29,720,N,VIIRS,n,2.0NRT,,3.97,D,VIIRS_SNPP_NRT,340.86,295.83,NO,26.824,MONITORING
-4.15247,105.33418,,0.45,0.63,2026-09-29,720,N,VIIRS,n,2.0NRT,,3.02,D,VIIRS_SNPP_NRT,336.66,296.01,NO,26.605,MONITORING
-4.14679,105.3354,,0.45,0.63,2026-09-29,720,N,VIIRS,n,2.0NRT,,3.97,D,VIIRS_SNPP_NRT,333.53,296.28,NO,26.455,MONITORING
-4.14664,105.3333,,0.45,0.63,2026-09-29,720,N,VIIRS,n,2.0NRT,,3.02,D,VIIRS_SNPP_NRT,332.72,296.21,NO,26.236,MONITORING
-4.14165,105.33036,,0.45,0.63,2026-09-29,720,N,VIIRS,n,2.0NRT,,7.4,D,VIIRS_SNPP_NRT,348.71,296.26,NO,25.707,MONITORING
-4.12765,105.30696,,0.45,0.63,2026-09-29,720,N,VIIRS,n,2.0NRT,,4.39,D,VIIRS_SNPP_NRT,346.88,295.7,NO,22.694,MONITORING
-4.12254,105.3019,,0.45,0.63,2026-09-29,720,N,VIIRS,n,2.0NRT,,5.97,D,VIIRS_SNPP_NRT,339.37,294.19,NO,21.953,MONITORING
-4.12183,105.30602,,0.45,0.63,2026-09-29,720,N,VIIRS,h,2.0NRT,,5.97,D,VIIRS_SNPP_NRT,367.0,294.82,NO,22.348,MONITORING
-4.09746,105.37855,,0.45,0.63,2026-09-29,720,N,VIIRS,n,2.0NRT,,8.19,D,VIIRS_SNPP_NRT,334.98,296.53,NO,25.624,MONITORING
-4.09375,105.36511,,0.45,0.63,2026-09-29,720,N,VIIRS,n,2.0NRT,,4.61,D,VIIRS_SNPP_NRT,331.47,296.33,NO,24.716,MONITORING
-4.09162,105.37758,,0.45,0.63,2026-09-29,720,N,VIIRS,h,2.0NRT,,8.19,D,VIIRS_SNPP_NRT,367.0,296.15,NO,25.247,MONITORING
-4.08604,105.44524,,0.46,0.63,2026-09-29,720,N,VIIRS,n,2.0NRT,,11.25,D,VIIRS_SNPP_NRT,343.49,294.01,NO,18.096,MONITORING
-4.08363,105.38904,,0.45,0.63,2026-09-29,720,N,VIIRS,n,2.0NRT,,6.07,D,VIIRS_SNPP_NRT,344.45,297.28,NO,24.203,MONITORING
-4.06842,105.44235,,0.46,0.63,2026-09-29,720,N,VIIRS,n,2.0NRT,,5.3,D,VIIRS_SNPP_NRT,332.33,293.79,NO,18.098,MONITORING
-3.93843,105.12558,,0.44,0.62,2026-09-29,720,N,VIIRS,n,2.0NRT,,3.05,D,VIIRS_SNPP_NRT,342.22,292.88,YES,,LOW
-3.8962,105.26873,,0.45,0.63,2026-09-29,720,N,VIIRS,n,2.0NRT,,3.43,D,VIIRS_SNPP_NRT,339.51,293.22,NO,1.052,MONITORING
-3.88211,105.86751,,0.49,0.65,2026-09-29,720,N,VIIRS,n,2.0NRT,,3.05,D,VIIRS_SNPP_NRT,330.92,291.08,YES,,LOW
-3.84362,105.5406,,0.47,0.64,2026-09-29,720,N,VIIRS,n,2.0NRT,,5.82,D,VIIRS_SNPP_NRT,343.05,293.07,YES,,LOW
-3.82284,105.55492,,0.47,0.64,2026-09-29,720,N,VIIRS,n,2.0NRT,,11.24,D,VIIRS_SNPP_NRT,330.82,289.68,YES,,HIGH
-3.81112,105.49928,,0.47,0.64,2026-09-29,720,N,VIIRS,n,2.0NRT,,4.61,D,VIIRS_SNPP_NRT,334.59,293.93,YES,,LOW
-3.80876,105.47697,,0.47,0.64,2026-09-29,720,N,VIIRS,n,2.0NRT,,5.2,D,VIIRS_SNPP_NRT,334.01,292.71,YES,,LOW
-3.80805,105.48123,,0.47,0.64,2026-09-29,720,N,VIIRS,n,2.0NRT,,8.0,D,VIIRS_SNPP_NRT,335.09,293.48,YES,,LOW
-3.80805,105.49967,,0.47,0.64,2026-09-29,720,N,VIIRS,n,2.0NRT,,6.3,D,VIIRS_SNPP_NRT,331.28,294.58,YES,,LOW
-3.80585,105.47742,,0.47,0.64,2026-09-29,720,N,VIIRS,h,2.0NRT,,13.54,D,VIIRS_SNPP_NRT,367.0,294.87,YES,,HIGH
-3.8051,105.48167,,0.47,0.64,2026-09-29,720,N,VIIRS,n,2.0NRT,,15.7,D,VIIRS_SNPP_NRT,343.71,294.59,YES,,HIGH
-3.80285,105.47601,,0.47,0.64,2026-09-29,720,N,VIIRS,n,2.0NRT,,5.2,D,VIIRS_SNPP_NRT,335.76,294.29,YES,,LOW
-3.80214,105.48026,,0.47,0.64,2026-09-29,720,N,VIIRS,n,2.0NRT,,8.0,D,VIIRS_SNPP_NRT,337.8,294.23,YES,,LOW
-3.79713,105.51017,,0.47,0.64,2026-09-29,720,N,VIIRS,n,2.0NRT,,6.15,D,VIIRS_SNPP_NRT,338.67,292.5,YES,,LOW
-3.79622,105.4793,,0.47,0.64,2026-09-29,720,N,VIIRS,n,2.0NRT,,9.79,D,VIIRS_SNPP_NRT,335.19,293.73,YES,,LOW
-3.79396,105.51057,,0.47,0.64,2026-09-29,720,N,VIIRS,n,2.0NRT,,6.97,D,VIIRS_SNPP_NRT,338.85,293.67,YES,,LOW
-3.78311,105.52108,,0.47,0.64,2026-09-29,720,N,VIIRS,n,2.0NRT,,7.97,D,VIIRS_SNPP_NRT,344.16,292.74,YES,,LOW
-3.77658,105.55986,,0.47,0.64,2026-09-29,720,N,VIIRS,n,2.0NRT,,11.41,D,VIIRS_SNPP_NRT,344.4,298.73,YES,,HIGH
-3.77137,105.55455,,0.47,0.64,2026-09-29,720,N,VIIRS,n,2.0NRT,,5.63,D,VIIRS_SNPP_NRT,337.91,297.9,YES,,LOW
-3.77063,105.55888,,0.47,0.64,2026-09-29,720,N,VIIRS,n,2.0NRT,,5.63,D,VIIRS_SNPP_NRT,335.63,297.78,YES,,LOW
-3.7699,105.56322,,0.47,0.64,2026-09-29,720,N,VIIRS,n,2.0NRT,,10.79,D,VIIRS_SNPP_NRT,354.5,301.78,YES,,HIGH
-3.76917,105.56755,,0.47,0.64,2026-09-29,720,N,VIIRS,h,2.0NRT,,10.79,D,VIIRS_SNPP_NRT,367.0,301.42,YES,,HIGH
-3.76615,105.54926,,0.47,0.64,2026-09-29,720,N,VIIRS,n,2.0NRT,,8.2,D,VIIRS_SNPP_NRT,331.16,297.01,YES,,LOW
-3.76542,105.55358,,0.47,0.64,2026-09-29,720,N,VIIRS,n,2.0NRT,,5.63,D,VIIRS_SNPP_NRT,334.42,298.02,YES,,LOW
-3.76469,105.5579,,0.47,0.64,2026-09-29,720,N,VIIRS,n,2.0NRT,,5.63,D,VIIRS_SNPP_NRT,336.51,297.99,YES,,LOW
-3.76424,105.41739,,0.46,0.64,2026-09-29,720,N,VIIRS,n,2.0NRT,,3.47,D,VIIRS_SNPP_NRT,334.62,292.25,YES,,LOW
-3.76395,105.56225,,0.47,0.64,2026-09-29,720,N,VIIRS,n,2.0NRT,,10.79,D,VIIRS_SNPP_NRT,339.18,296.23,YES,,HIGH
-3.76167,105.53967,,0.47,0.64,2026-09-29,720,N,VIIRS,n,2.0NRT,,5.09,D,VIIRS_SNPP_NRT,338.17,294.73,YES,,LOW
-3.76134,105.43433,,0.46,0.64,2026-09-29,720,N,VIIRS,n,2.0NRT,,6.22,D,VIIRS_SNPP_NRT,338.39,293.27,YES,,LOW
-3.76062,105.43854,,0.46,0.64,2026-09-29,720,N,VIIRS,n,2.0NRT,,7.21,D,VIIRS_SNPP_NRT,334.44,293.09,YES,,LOW
-3.75947,105.55262,,0.47,0.64,2026-09-29,720,N,VIIRS,n,2.0NRT,,11.8,D,VIIRS_SNPP_NRT,336.03,298.27,YES,,HIGH
-3.75545,105.43336,,0.46,0.64,2026-09-29,720,N,VIIRS,n,2.0NRT,,2.82,D,VIIRS_SNPP_NRT,332.84,292.49,YES,,LOW
-3.74979,105.53773,,0.47,0.64,2026-09-29,720,N,VIIRS,n,2.0NRT,,4.84,D,VIIRS_SNPP_NRT,333.49,294.76,YES,,LOW
-3.74905,105.54205,,0.47,0.64,2026-09-29,720,N,VIIRS,n,2.0NRT,,11.36,D,VIIRS_SNPP_NRT,335.85,296.75,YES,,HIGH
-3.74481,105.71175,,0.48,0.65,2026-09-29,720,N,VIIRS,n,2.0NRT,,4.14,D,VIIRS_SNPP_NRT,333.22,291.93,YES,,LOW
-3.74385,105.53674,,0.47,0.64,2026-09-29,720,N,VIIRS,n,2.0NRT,,4.84,D,VIIRS_SNPP_NRT,332.97,292.71,YES,,LOW
-3.74372,105.46635,,0.47,0.64,2026-09-29,720,N,VIIRS,n,2.0NRT,,6.84,D,VIIRS_SNPP_NRT,330.6,295.42,YES,,LOW
-3.74311,105.54108,,0.47,0.64,2026-09-29,720,N,VIIRS,n,2.0NRT,,11.36,D,VIIRS_SNPP_NRT,357.0,297.34,YES,,HIGH
-3.74299,105.4706,,0.47,0.64,2026-09-29,720,N,VIIRS,n,2.0NRT,,6.25,D,VIIRS_SNPP_NRT,331.27,295.74,YES,,LOW
-3.74226,105.47485,,0.47,0.64,2026-09-29,720,N,VIIRS,n,2.0NRT,,6.25,D,VIIRS_SNPP_NRT,347.22,296.58,YES,,LOW
-3.73781,105.46537,,0.47,0.64,2026-09-29,720,N,VIIRS,n,2.0NRT,,7.76,D,VIIRS_SNPP_NRT,330.44,294.5,YES,,LOW
-3.73717,105.5401,,0.47,0.64,2026-09-29,720,N,VIIRS,n,2.0NRT,,6.53,D,VIIRS_SNPP_NRT,332.35,293.35,YES,,LOW
-3.73708,105.46963,,0.47,0.64,2026-09-29,720,N,VIIRS,n,2.0NRT,,8.09,D,VIIRS_SNPP_NRT,334.05,293.78,YES,,LOW
-3.73263,105.46015,,0.47,0.64,2026-09-29,720,N,VIIRS,n,2.0NRT,,7.76,D,VIIRS_SNPP_NRT,333.64,294.82,YES,,LOW
-3.73189,105.4644,,0.47,0.64,2026-09-29,720,N,VIIRS,n,2.0NRT,,7.76,D,VIIRS_SNPP_NRT,355.24,296.22,YES,,LOW
-3.73116,105.46866,,0.47,0.64,2026-09-29,720,N,VIIRS,n,2.0NRT,,8.09,D,VIIRS_SNPP_NRT,335.24,292.52,YES,,LOW
-3.73,105.45338,,0.47,0.64,2026-09-29,720,N,VIIRS,n,2.0NRT,,12.61,D,VIIRS_SNPP_NRT,336.2,294.32,YES,,HIGH
-3.7293,105.45765,,0.47,0.64,2026-09-29,720,N,VIIRS,h,2.0NRT,,12.61,D,VIIRS_SNPP_NRT,367.0,300.68,YES,,HIGH
-3.72892,105.44644,,0.46,0.64,2026-09-29,720,N,VIIRS,n,2.0NRT,,11.55,D,VIIRS_SNPP_NRT,332.9,294.61,YES,,HIGH
-3.72859,105.46191,,0.47,0.64,2026-09-29,720,N,VIIRS,l,2.0NRT,,24.38,D,VIIRS_SNPP_NRT,357.05,300.24,YES,,HIGH
-3.72818,105.4507,,0.46,0.64,2026-09-29,720,N,VIIRS,n,2.0NRT,,11.65,D,VIIRS_SNPP_NRT,334.11,293.97,YES,,HIGH
-3.72789,105.46617,,0.47,0.64,2026-09-29,720,N,VIIRS,n,2.0NRT,,24.38,D,VIIRS_SNPP_NRT,336.22,292.87,YES,,HIGH
-3.72745,105.45495,,0.47,0.64,2026-09-29,720,N,VIIRS,l,2.0NRT,,11.65,D,VIIRS_SNPP_NRT,357.27,296.6,YES,,HIGH
-3.72671,105.4592,,0.47,0.64,2026-09-29,720,N,VIIRS,l,2.0NRT,,26.16,D,VIIRS_SNPP_NRT,357.19,301.46,YES,,HIGH
-3.72598,105.46345,,0.47,0.64,2026-09-29,720,N,VIIRS,l,2.0NRT,,26.16,D,VIIRS_SNPP_NRT,357.27,295.48,YES,,HIGH
-3.7255,105.44392,,0.46,0.64,2026-09-29,720,N,VIIRS,n,2.0NRT,,7.81,D,VIIRS_SNPP_NRT,330.19,293.62,YES,,LOW
-3.72479,105.44817,,0.47,0.64,2026-09-29,720,N,VIIRS,n,2.0NRT,,7.81,D,VIIRS_SNPP_NRT,336.87,294.38,YES,,LOW
-3.72464,104.62865,,0.41,0.61,2026-09-29,720,N,VIIRS,n,2.0NRT,,3.44,D,VIIRS_SNPP_NRT,339.76,292.89,NO,7.722,MONITORING
-3.72409,105.45242,,0.47,0.64,2026-09-29,720,N,VIIRS,n,2.0NRT,,12.61,D,VIIRS_SNPP_NRT,335.34,293.83,YES,,HIGH
-3.72339,105.45667,,0.47,0.64,2026-09-29,720,N,VIIRS,l,2.0NRT,,12.61,D,VIIRS_SNPP_NRT,356.36,293.98,YES,,HIGH
-3.72227,105.44974,,0.46,0.64,2026-09-29,720,N,VIIRS,n,2.0NRT,,11.65,D,VIIRS_SNPP_NRT,331.06,293.47,YES,,HIGH
-3.70185,105.74614,,0.49,0.65,2026-09-29,720,N,VIIRS,n,2.0NRT,,7.48,D,VIIRS_SNPP_NRT,333.81,292.01,YES,,LOW
-3.69784,105.52028,,0.47,0.64,2026-09-29,720,N,VIIRS,n,2.0NRT,,3.82,D,VIIRS_SNPP_NRT,334.6,292.78,YES,,LOW
-3.68905,105.74857,,0.49,0.65,2026-09-29,720,N,VIIRS,h,2.0NRT,,13.01,D,VIIRS_SNPP_NRT,367.0,292.37,YES,,HIGH
-3.68456,105.15126,,0.44,0.63,2026-09-29,720,N,VIIRS,n,2.0NRT,,6.45,D,VIIRS_SNPP_NRT,348.8,293.86,YES,,LOW
-3.68386,105.15533,,0.44,0.63,2026-09-29,720,N,VIIRS,n,2.0NRT,,8.63,D,VIIRS_SNPP_NRT,334.35,293.46,YES,,LOW
-3.66552,105.77704,,0.49,0.65,2026-09-29,720,N,VIIRS,n,2.0NRT,,5.17,D,VIIRS_SNPP_NRT,336.64,291.81,YES,,LOW
-3.64217,105.46951,,0.47,0.64,2026-09-29,720,N,VIIRS,n,2.0NRT,,6.71,D,VIIRS_SNPP_NRT,330.32,292.23,YES,,LOW
-3.64144,105.47379,,0.47,0.64,2026-09-29,720,N,VIIRS,n,2.0NRT,,12.66,D,VIIRS_SNPP_NRT,347.65,293.53,YES,,HIGH
-3.59302,105.61308,,0.48,0.65,2026-09-29,720,N,VIIRS,n,2.0NRT,,3.19,D,VIIRS_SNPP_NRT,336.79,292.46,YES,,LOW
-3.59118,105.6127,,0.48,0.65,2026-09-29,720,N,VIIRS,n,2.0NRT,,3.55,D,VIIRS_SNPP_NRT,338.38,291.54,YES,,LOW
-3.59023,105.80949,,0.49,0.65,2026-09-29,720,N,VIIRS,n,2.0NRT,,3.71,D,VIIRS_SNPP_NRT,333.11,291.47,YES,,LOW
-3.50562,105.79124,,0.49,0.65,2026-09-29,720,N,VIIRS,n,2.0NRT,,6.19,D,VIIRS_SNPP_NRT,341.04,291.57,YES,,LOW
-3.50526,105.23077,,0.45,0.63,2026-09-29,720,N,VIIRS,n,2.0NRT,,5.61,D,VIIRS_SNPP_NRT,337.82,292.98,YES,,LOW
-3.48467,105.2104,,0.45,0.63,2026-09-29,720,N,VIIRS,n,2.0NRT,,7.85,D,VIIRS_SNPP_NRT,338.11,294.66,YES,,LOW
-3.48023,105.30807,,0.46,0.63,2026-09-29,720,N,VIIRS,h,2.0NRT,,19.77,D,VIIRS_SNPP_NRT,367.0,295.19,YES,,HIGH
-3.47953,105.31227,,0.46,0.63,2026-09-29,720,N,VIIRS,n,2.0NRT,,19.77,D,VIIRS_SNPP_NRT,335.91,291.94,YES,,HIGH
-3.47574,104.91482,,0.43,0.62,2026-09-29,720,N,VIIRS,n,2.0NRT,,13.44,D,VIIRS_SNPP_NRT,349.21,295.1,YES,,HIGH
-3.47521,104.91357,,0.43,0.62,2026-09-29,720,N,VIIRS,n,2.0NRT,,11.54,D,VIIRS_SNPP_NRT,353.5,295.31,YES,,HIGH
-3.47456,104.91748,,0.43,0.62,2026-09-29,720,N,VIIRS,n,2.0NRT,,11.54,D,VIIRS_SNPP_NRT,349.07,294.01,YES,,HIGH
-3.47435,105.30713,,0.46,0.63,2026-09-29,720,N,VIIRS,l,2.0NRT,,19.77,D,VIIRS_SNPP_NRT,356.75,288.74,YES,,HIGH
-3.47113,105.14904,,0.45,0.63,2026-09-29,720,N,VIIRS,n,2.0NRT,,6.48,D,VIIRS_SNPP_NRT,330.78,291.12,YES,,LOW
-3.47068,104.91,,0.43,0.62,2026-09-29,720,N,VIIRS,l,2.0NRT,,15.93,D,VIIRS_SNPP_NRT,356.97,293.27,YES,,HIGH
-3.47013,104.90872,,0.43,0.62,2026-09-29,720,N,VIIRS,n,2.0NRT,,9.84,D,VIIRS_SNPP_NRT,335.94,291.33,YES,,LOW
-3.47,104.91393,,0.43,0.62,2026-09-29,720,N,VIIRS,l,2.0NRT,,13.44,D,VIIRS_SNPP_NRT,357.08,294.94,YES,,HIGH
-3.46948,104.91266,,0.43,0.62,2026-09-29,720,N,VIIRS,l,2.0NRT,,11.54,D,VIIRS_SNPP_NRT,357.38,293.41,YES,,HIGH
-3.46932,104.91785,,0.43,0.62,2026-09-29,720,N,VIIRS,n,2.0NRT,,13.44,D,VIIRS_SNPP_NRT,353.17,295.37,YES,,HIGH
-3.46883,104.91657,,0.43,0.62,2026-09-29,720,N,VIIRS,l,2.0NRT,,11.54,D,VIIRS_SNPP_NRT,357.25,296.44,YES,,HIGH
-3.46864,104.92178,,0.43,0.62,2026-09-29,720,N,VIIRS,n,2.0NRT,,10.56,D,VIIRS_SNPP_NRT,342.1,294.15,YES,,HIGH
-3.46818,104.92052,,0.43,0.62,2026-09-29,720,N,VIIRS,n,2.0NRT,,18.54,D,VIIRS_SNPP_NRT,356.42,295.76,YES,,HIGH
-3.45301,105.69954,,0.49,0.65,2026-09-29,720,N,VIIRS,n,2.0NRT,,6.11,D,VIIRS_SNPP_NRT,336.11,291.74,YES,,LOW
-3.44014,105.19818,,0.45,0.63,2026-09-29,720,N,VIIRS,n,2.0NRT,,6.38,D,VIIRS_SNPP_NRT,332.86,292.1,YES,,LOW
-3.43318,105.58717,,0.48,0.65,2026-09-29,720,N,VIIRS,n,2.0NRT,,3.94,D,VIIRS_SNPP_NRT,347.91,293.6,YES,,LOW
-3.43137,105.20609,,0.45,0.63,2026-09-29,720,N,VIIRS,n,2.0NRT,,4.25,D,VIIRS_SNPP_NRT,334.33,293.02,YES,,LOW
-3.4272,105.58616,,0.48,0.65,2026-09-29,720,N,VIIRS,n,2.0NRT,,3.94,D,VIIRS_SNPP_NRT,331.74,292.3,YES,,LOW
-3.42709,105.20457,,0.45,0.63,2026-09-29,720,N,VIIRS,n,2.0NRT,,6.82,D,VIIRS_SNPP_NRT,337.8,293.25,YES,,LOW
-3.42552,105.20516,,0.45,0.63,2026-09-29,720,N,VIIRS,n,2.0NRT,,3.9,D,VIIRS_SNPP_NRT,330.32,292.81,YES,,LOW
-3.42262,105.19533,,0.45,0.63,2026-09-29,720,N,VIIRS,n,2.0NRT,,4.11,D,VIIRS_SNPP_NRT,331.62,292.96,YES,,LOW
-3.42193,105.19948,,0.45,0.63,2026-09-29,720,N,VIIRS,n,2.0NRT,,4.11,D,VIIRS_SNPP_NRT,335.46,293.1,YES,,LOW
-3.42111,105.19596,,0.45,0.63,2026-09-29,720,N,VIIRS,n,2.0NRT,,8.61,D,VIIRS_SNPP_NRT,339.9,293.08,YES,,LOW
-3.40923,105.16771,,0.45,0.63,2026-09-29,720,N,VIIRS,n,2.0NRT,,6.26,D,VIIRS_SNPP_NRT,330.1,292.72,YES,,LOW
-3.40316,105.40451,,0.47,0.64,2026-09-29,720,N,VIIRS,n,2.0NRT,,4.94,D,VIIRS_SNPP_NRT,330.38,291.78,YES,,LOW
-3.40242,105.40879,,0.47,0.64,2026-09-29,720,N,VIIRS,n,2.0NRT,,4.9,D,VIIRS_SNPP_NRT,332.85,292.1,YES,,LOW
-3.40168,105.41306,,0.47,0.64,2026-09-29,720,N,VIIRS,n,2.0NRT,,4.9,D,VIIRS_SNPP_NRT,337.84,292.99,YES,,LOW
-3.40094,105.41734,,0.47,0.64,2026-09-29,720,N,VIIRS,n,2.0NRT,,6.22,D,VIIRS_SNPP_NRT,330.02,293.15,YES,,LOW
-3.40024,105.40335,,0.47,0.64,2026-09-29,720,N,VIIRS,n,2.0NRT,,5.35,D,VIIRS_SNPP_NRT,330.32,291.75,YES,,LOW
-3.39811,105.41621,,0.47,0.64,2026-09-29,720,N,VIIRS,n,2.0NRT,,5.05,D,VIIRS_SNPP_NRT,336.33,293.04,YES,,LOW
-3.39201,105.54016,,0.48,0.64,2026-09-29,720,N,VIIRS,n,2.0NRT,,7.79,D,VIIRS_SNPP_NRT,344.98,293.0,YES,,LOW
-3.39126,105.54453,,0.48,0.64,2026-09-29,720,N,VIIRS,n,2.0NRT,,7.79,D,VIIRS_SNPP_NRT,338.45,293.02,YES,,LOW
-3.39001,105.53941,,0.48,0.65,2026-09-29,720,N,VIIRS,n,2.0NRT,,14.81,D,VIIRS_SNPP_NRT,352.92,292.44,YES,,HIGH
-3.38929,105.54379,,0.48,0.65,2026-09-29,720,N,VIIRS,h,2.0NRT,,14.81,D,VIIRS_SNPP_NRT,367.0,294.26,YES,,HIGH
-3.38856,105.54816,,0.48,0.65,2026-09-29,720,N,VIIRS,n,2.0NRT,,9.2,D,VIIRS_SNPP_NRT,336.39,293.37,YES,,LOW
-3.38839,105.40143,,0.47,0.64,2026-09-29,720,N,VIIRS,n,2.0NRT,,3.26,D,VIIRS_SNPP_NRT,333.94,292.02,YES,,LOW
-3.38784,105.55254,,0.48,0.65,2026-09-29,720,N,VIIRS,n,2.0NRT,,9.2,D,VIIRS_SNPP_NRT,338.34,294.31,YES,,LOW
-3.38604,105.53922,,0.48,0.64,2026-09-29,720,N,VIIRS,n,2.0NRT,,7.79,D,VIIRS_SNPP_NRT,346.2,291.23,YES,,LOW
-3.38538,105.40167,,0.47,0.64,2026-09-29,720,N,VIIRS,n,2.0NRT,,4.97,D,VIIRS_SNPP_NRT,335.09,292.82,YES,,LOW
-3.38529,105.54356,,0.48,0.64,2026-09-29,720,N,VIIRS,h,2.0NRT,,7.79,D,VIIRS_SNPP_NRT,367.0,292.43,YES,,LOW
-3.38269,105.43573,,0.47,0.64,2026-09-29,720,N,VIIRS,n,2.0NRT,,2.89,D,VIIRS_SNPP_NRT,331.35,292.49,YES,,LOW
-3.37943,105.43592,,0.47,0.64,2026-09-29,720,N,VIIRS,n,2.0NRT,,4.69,D,VIIRS_SNPP_NRT,336.65,292.53,YES,,LOW
-3.37484,105.53294,,0.48,0.64,2026-09-29,720,N,VIIRS,n,2.0NRT,,6.81,D,VIIRS_SNPP_NRT,345.75,290.04,YES,,LOW
-3.37408,105.53731,,0.48,0.64,2026-09-29,720,N,VIIRS,n,2.0NRT,,5.9,D,VIIRS_SNPP_NRT,334.91,290.65,YES,,LOW
-3.37353,105.52775,,0.48,0.64,2026-09-29,720,N,VIIRS,n,2.0NRT,,17.91,D,VIIRS_SNPP_NRT,340.52,290.99,YES,,HIGH
-3.3728,105.53213,,0.48,0.64,2026-09-29,720,N,VIIRS,l,2.0NRT,,17.91,D,VIIRS_SNPP_NRT,357.06,292.85,YES,,HIGH
-3.37207,105.53651,,0.48,0.65,2026-09-29,720,N,VIIRS,n,2.0NRT,,25.89,D,VIIRS_SNPP_NRT,341.78,292.67,YES,,HIGH
-3.36962,105.52762,,0.48,0.64,2026-09-29,720,N,VIIRS,h,2.0NRT,,21.59,D,VIIRS_SNPP_NRT,367.0,291.93,YES,,HIGH
-3.36886,105.53198,,0.48,0.64,2026-09-29,720,N,VIIRS,l,2.0NRT,,21.59,D,VIIRS_SNPP_NRT,357.73,289.78,YES,,HIGH
-3.36756,105.52678,,0.48,0.64,2026-09-29,720,N,VIIRS,l,2.0NRT,,17.91,D,VIIRS_SNPP_NRT,357.38,288.91,YES,,HIGH
-3.33557,105.7595,,0.49,0.65,2026-09-29,720,N,VIIRS,n,2.0NRT,,7.65,D,VIIRS_SNPP_NRT,340.27,292.05,YES,,LOW
-3.3351,105.75918,,0.5,0.65,2026-09-29,720,N,VIIRS,n,2.0NRT,,8.64,D,VIIRS_SNPP_NRT,335.21,291.87,YES,,LOW
-3.31964,105.44772,,0.47,0.64,2026-09-29,720,N,VIIRS,n,2.0NRT,,5.65,D,VIIRS_SNPP_NRT,341.79,292.75,YES,,LOW
-3.31891,105.45203,,0.47,0.64,2026-09-29,720,N,VIIRS,n,2.0NRT,,5.65,D,VIIRS_SNPP_NRT,342.87,293.31,YES,,LOW
-3.31527,105.50941,,0.48,0.64,2026-09-29,720,N,VIIRS,n,2.0NRT,,4.56,D,VIIRS_SNPP_NRT,340.36,292.72,YES,,LOW
-3.31333,105.17322,,0.45,0.63,2026-09-29,720,N,VIIRS,n,2.0NRT,,6.89,D,VIIRS_SNPP_NRT,336.88,291.73,YES,,LOW
-3.31264,105.17735,,0.45,0.63,2026-09-29,720,N,VIIRS,n,2.0NRT,,9.0,D,VIIRS_SNPP_NRT,350.71,293.37,YES,,LOW
-3.31196,105.1815,,0.45,0.63,2026-09-29,720,N,VIIRS,h,2.0NRT,,9.0,D,VIIRS_SNPP_NRT,367.0,294.01,YES,,LOW
-3.30611,105.18056,,0.45,0.63,2026-09-29,720,N,VIIRS,n,2.0NRT,,9.0,D,VIIRS_SNPP_NRT,332.86,293.64,YES,,LOW
-3.30483,105.53466,,0.48,0.65,2026-09-29,720,N,VIIRS,n,2.0NRT,,7.29,D,VIIRS_SNPP_NRT,345.63,293.69,YES,,LOW
-3.30089,105.24813,,0.46,0.63,2026-09-29,720,N,VIIRS,n,2.0NRT,,8.57,D,VIIRS_SNPP_NRT,336.51,293.43,YES,,LOW
-3.29943,104.66183,,0.42,0.61,2026-09-29,720,N,VIIRS,n,2.0NRT,,7.87,D,VIIRS_SNPP_NRT,346.21,294.43,NO,14.782,MONITORING
-3.29715,104.66199,,0.42,0.61,2026-09-29,720,N,VIIRS,h,2.0NRT,,14.12,D,VIIRS_SNPP_NRT,367.0,294.47,NO,14.688,MONITORING
-3.29571,105.243,,0.46,0.63,2026-09-29,720,N,VIIRS,h,2.0NRT,,8.57,D,VIIRS_SNPP_NRT,367.0,293.22,YES,,LOW
-3.2951,105.55562,,0.48,0.65,2026-09-29,720,N,VIIRS,n,2.0NRT,,4.06,D,VIIRS_SNPP_NRT,333.36,291.09,YES,,LOW
-3.29501,105.2472,,0.46,0.63,2026-09-29,720,N,VIIRS,n,2.0NRT,,8.57,D,VIIRS_SNPP_NRT,351.28,292.59,YES,,LOW
-3.29478,105.50629,,0.48,0.64,2026-09-29,720,N,VIIRS,n,2.0NRT,,17.75,D,VIIRS_SNPP_NRT,356.78,291.36,YES,,HIGH
-3.29435,105.56001,,0.48,0.65,2026-09-29,720,N,VIIRS,n,2.0NRT,,8.43,D,VIIRS_SNPP_NRT,334.35,292.27,YES,,LOW
-3.29406,105.51067,,0.48,0.64,2026-09-29,720,N,VIIRS,h,2.0NRT,,17.75,D,VIIRS_SNPP_NRT,367.0,292.61,YES,,HIGH
-3.29138,105.50561,,0.48,0.64,2026-09-29,720,N,VIIRS,n,2.0NRT,,12.43,D,VIIRS_SNPP_NRT,332.04,290.49,YES,,HIGH
-3.29063,105.50995,,0.48,0.64,2026-09-29,720,N,VIIRS,l,2.0NRT,,12.43,D,VIIRS_SNPP_NRT,357.21,292.79,YES,,HIGH
-3.28423,105.27569,,0.46,0.64,2026-09-29,720,N,VIIRS,h,2.0NRT,,10.71,D,VIIRS_SNPP_NRT,367.0,294.83,YES,,HIGH
-3.28352,105.27991,,0.46,0.64,2026-09-29,720,N,VIIRS,n,2.0NRT,,10.71,D,VIIRS_SNPP_NRT,338.97,292.86,YES,,HIGH
-3.28242,105.14289,,0.45,0.63,2026-09-29,720,N,VIIRS,n,2.0NRT,,10.59,D,VIIRS_SNPP_NRT,357.02,295.4,YES,,HIGH
-3.28086,105.56686,,0.48,0.65,2026-09-29,720,N,VIIRS,n,2.0NRT,,8.72,D,VIIRS_SNPP_NRT,331.19,292.43,YES,,LOW
-3.27942,105.5624,,0.48,0.65,2026-09-29,720,N,VIIRS,n,2.0NRT,,8.95,D,VIIRS_SNPP_NRT,334.55,291.86,YES,,LOW
-3.2787,105.5668,,0.48,0.65,2026-09-29,720,N,VIIRS,n,2.0NRT,,9.26,D,VIIRS_SNPP_NRT,330.67,291.67,YES,,LOW
-3.27764,104.95988,,0.44,0.62,2026-09-29,720,N,VIIRS,n,2.0NRT,,8.51,D,VIIRS_SNPP_NRT,345.4,293.17,YES,,LOW
-3.27717,104.96288,,0.44,0.62,2026-09-29,720,N,VIIRS,h,2.0NRT,,11.46,D,VIIRS_SNPP_NRT,367.0,293.79,YES,,HIGH
-3.27698,104.96389,,0.44,0.62,2026-09-29,720,N,VIIRS,h,2.0NRT,,12.79,D,VIIRS_SNPP_NRT,367.0,292.95,YES,,HIGH
-3.27345,104.95,,0.44,0.62,2026-09-29,720,N,VIIRS,n,2.0NRT,,8.04,D,VIIRS_SNPP_NRT,348.51,292.97,YES,,LOW
-3.27318,104.95094,,0.44,0.62,2026-09-29,720,N,VIIRS,n,2.0NRT,,12.28,D,VIIRS_SNPP_NRT,353.42,293.4,YES,,HIGH
-3.27277,104.95399,,0.44,0.62,2026-09-29,720,N,VIIRS,n,2.0NRT,,11.41,D,VIIRS_SNPP_NRT,353.93,293.15,YES,,HIGH
-3.27252,104.95496,,0.44,0.62,2026-09-29,720,N,VIIRS,n,2.0NRT,,8.51,D,VIIRS_SNPP_NRT,346.37,292.53,YES,,LOW
-3.27208,104.95798,,0.44,0.62,2026-09-29,720,N,VIIRS,n,2.0NRT,,11.41,D,VIIRS_SNPP_NRT,335.83,293.21,YES,,HIGH
-3.27187,104.95895,,0.44,0.62,2026-09-29,720,N,VIIRS,n,2.0NRT,,8.51,D,VIIRS_SNPP_NRT,335.86,293.25,YES,,LOW
-3.2714,104.96198,,0.44,0.62,2026-09-29,720,N,VIIRS,n,2.0NRT,,11.46,D,VIIRS_SNPP_NRT,331.53,292.72,YES,,HIGH
-3.27121,104.96297,,0.44,0.62,2026-09-29,720,N,VIIRS,n,2.0NRT,,12.79,D,VIIRS_SNPP_NRT,332.69,292.84,YES,,HIGH
-3.27072,104.96597,,0.44,0.62,2026-09-29,720,N,VIIRS,n,2.0NRT,,11.46,D,VIIRS_SNPP_NRT,355.05,293.07,YES,,HIGH
-3.27056,104.96696,,0.44,0.62,2026-09-29,720,N,VIIRS,h,2.0NRT,,12.79,D,VIIRS_SNPP_NRT,367.0,293.76,YES,,HIGH
-3.27003,104.96997,,0.44,0.62,2026-09-29,720,N,VIIRS,h,2.0NRT,,28.2,D,VIIRS_SNPP_NRT,367.0,295.4,YES,,HIGH
-3.2699,104.97097,,0.44,0.62,2026-09-29,720,N,VIIRS,h,2.0NRT,,26.14,D,VIIRS_SNPP_NRT,367.0,294.48,YES,,HIGH
-3.26631,104.95706,,0.44,0.62,2026-09-29,720,N,VIIRS,n,2.0NRT,,7.48,D,VIIRS_SNPP_NRT,340.56,291.92,YES,,LOW
-3.2661,104.95803,,0.44,0.62,2026-09-29,720,N,VIIRS,n,2.0NRT,,9.88,D,VIIRS_SNPP_NRT,351.07,293.0,YES,,LOW
-3.26563,104.96106,,0.44,0.62,2026-09-29,720,N,VIIRS,n,2.0NRT,,16.87,D,VIIRS_SNPP_NRT,353.38,294.38,YES,,HIGH
-3.26544,104.96203,,0.44,0.62,2026-09-29,720,N,VIIRS,n,2.0NRT,,16.43,D,VIIRS_SNPP_NRT,349.92,293.88,YES,,HIGH
-3.26426,104.96906,,0.44,0.62,2026-09-29,720,N,VIIRS,n,2.0NRT,,8.52,D,VIIRS_SNPP_NRT,341.97,293.64,YES,,LOW
-3.26413,104.97003,,0.44,0.62,2026-09-29,720,N,VIIRS,n,2.0NRT,,9.55,D,VIIRS_SNPP_NRT,347.45,294.31,YES,,LOW
-3.26357,104.97305,,0.44,0.62,2026-09-29,720,N,VIIRS,n,2.0NRT,,8.52,D,VIIRS_SNPP_NRT,340.19,294.42,YES,,LOW
-3.26347,104.97405,,0.44,0.62,2026-09-29,720,N,VIIRS,n,2.0NRT,,9.55,D,VIIRS_SNPP_NRT,345.72,294.04,YES,,LOW
-3.26289,104.97707,,0.44,0.62,2026-09-29,720,N,VIIRS,h,2.0NRT,,19.27,D,VIIRS_SNPP_NRT,367.0,294.18,YES,,HIGH
-3.26281,104.97809,,0.44,0.62,2026-09-29,720,N,VIIRS,h,2.0NRT,,16.12,D,VIIRS_SNPP_NRT,367.0,293.06,YES,,HIGH
-3.25621,105.2626,,0.46,0.64,2026-09-29,720,N,VIIRS,n,2.0NRT,,13.83,D,VIIRS_SNPP_NRT,350.08,294.98,YES,,HIGH
-3.25503,104.84618,,0.43,0.62,2026-09-29,720,N,VIIRS,n,2.0NRT,,4.08,D,VIIRS_SNPP_NRT,336.98,292.41,YES,,LOW
-3.25032,105.26168,,0.46,0.64,2026-09-29,720,N,VIIRS,h,2.0NRT,,16.05,D,VIIRS_SNPP_NRT,367.0,294.23,YES,,HIGH
-3.2493,104.84525,,0.43,0.62,2026-09-29,720,N,VIIRS,n,2.0NRT,,4.48,D,VIIRS_SNPP_NRT,336.23,292.09,YES,,LOW
-3.23558,105.21762,,0.46,0.63,2026-09-29,720,N,VIIRS,n,2.0NRT,,5.2,D,VIIRS_SNPP_NRT,333.13,289.79,YES,,LOW
-3.10563,105.0652,,0.45,0.63,2026-09-29,720,N,VIIRS,h,2.0NRT,,30.55,D,VIIRS_SNPP_NRT,367.0,295.8,YES,,HIGH
-3.10154,105.08987,,0.45,0.63,2026-09-29,720,N,VIIRS,n,2.0NRT,,6.48,D,VIIRS_SNPP_NRT,336.87,293.37,YES,,LOW
-3.09912,105.06841,,0.45,0.63,2026-09-29,720,N,VIIRS,n,2.0NRT,,15.1,D,VIIRS_SNPP_NRT,350.15,294.79,NO,0.503,MONITORING
-3.09844,105.07248,,0.45,0.63,2026-09-29,720,N,VIIRS,n,2.0NRT,,15.1,D,VIIRS_SNPP_NRT,339.9,293.81,NO,0.54,MONITORING
-3.09812,105.11044,,0.45,0.63,2026-09-29,720,N,VIIRS,n,2.0NRT,,8.41,D,VIIRS_SNPP_NRT,353.15,295.11,YES,,LOW
-3.09639,105.08479,,0.45,0.63,2026-09-29,720,N,VIIRS,n,2.0NRT,,6.48,D,VIIRS_SNPP_NRT,356.34,294.59,YES,,LOW
-3.0957,105.08893,,0.45,0.63,2026-09-29,720,N,VIIRS,n,2.0NRT,,6.48,D,VIIRS_SNPP_NRT,330.3,293.5,YES,,LOW
-3.09228,105.1095,,0.45,0.63,2026-09-29,720,N,VIIRS,n,2.0NRT,,8.41,D,VIIRS_SNPP_NRT,340.63,294.7,YES,,LOW
-3.08151,105.21037,,0.46,0.63,2026-09-29,720,N,VIIRS,n,2.0NRT,,9.55,D,VIIRS_SNPP_NRT,330.22,294.65,NO,0.727,MONITORING
-3.08027,105.07384,,0.45,0.63,2026-09-29,720,N,VIIRS,n,2.0NRT,,7.76,D,VIIRS_SNPP_NRT,338.78,294.92,NO,1.219,MONITORING
-3.07633,105.20522,,0.46,0.63,2026-09-29,720,N,VIIRS,n,2.0NRT,,8.0,D,VIIRS_SNPP_NRT,330.06,292.24,NO,1.417,MONITORING
-3.07563,105.2094,,0.46,0.63,2026-09-29,720,N,VIIRS,h,2.0NRT,,9.55,D,VIIRS_SNPP_NRT,367.0,293.94,NO,0.973,MONITORING
-3.06822,105.10991,,0.45,0.63,2026-09-29,720,N,VIIRS,h,2.0NRT,,19.89,D,VIIRS_SNPP_NRT,367.0,294.69,YES,,HIGH
-3.06792,105.07607,,0.45,0.63,2026-09-29,720,N,VIIRS,n,2.0NRT,,6.41,D,VIIRS_SNPP_NRT,335.95,294.13,NO,0.941,MONITORING
-3.06752,105.11404,,0.45,0.63,2026-09-29,720,N,VIIRS,n,2.0NRT,,18.63,D,VIIRS_SNPP_NRT,349.49,294.41,YES,,HIGH
-3.06139,105.07925,,0.45,0.63,2026-09-29,720,N,VIIRS,n,2.0NRT,,5.4,D,VIIRS_SNPP_NRT,333.69,294.14,NO,0.546,MONITORING
-3.05001,105.00939,,0.45,0.63,2026-09-29,720,N,VIIRS,n,2.0NRT,,3.69,D,VIIRS_SNPP_NRT,330.29,295.86,NO,8.124,MONITORING
-3.04468,105.04207,,0.45,0.63,2026-09-29,720,N,VIIRS,n,2.0NRT,,11.41,D,VIIRS_SNPP_NRT,335.13,296.47,NO,4.562,MONITORING
-3.04365,105.04279,,0.45,0.63,2026-09-29,720,N,VIIRS,n,2.0NRT,,10.13,D,VIIRS_SNPP_NRT,334.59,296.02,NO,4.473,MONITORING
-3.04335,105.05026,,0.45,0.63,2026-09-29,720,N,VIIRS,n,2.0NRT,,9.21,D,VIIRS_SNPP_NRT,350.24,296.07,NO,3.642,MONITORING
-3.04225,105.05096,,0.45,0.63,2026-09-29,720,N,VIIRS,n,2.0NRT,,8.73,D,VIIRS_SNPP_NRT,352.91,295.6,NO,3.554,MONITORING
-3.04131,105.02147,,0.45,0.63,2026-09-29,720,N,VIIRS,n,2.0NRT,,9.85,D,VIIRS_SNPP_NRT,336.4,294.37,NO,6.827,MONITORING
-3.03706,105.01568,,0.45,0.63,2026-09-29,720,N,VIIRS,n,2.0NRT,,13.9,D,VIIRS_SNPP_NRT,350.06,292.84,NO,7.461,MONITORING
-3.03639,105.01977,,0.45,0.63,2026-09-29,720,N,VIIRS,h,2.0NRT,,13.9,D,VIIRS_SNPP_NRT,367.0,295.64,NO,7.004,MONITORING
-3.0362,105.01647,,0.45,0.63,2026-09-29,720,N,VIIRS,n,2.0NRT,,9.85,D,VIIRS_SNPP_NRT,355.97,293.27,NO,7.371,MONITORING
-3.0355,105.02055,,0.45,0.63,2026-09-29,720,N,VIIRS,h,2.0NRT,,9.85,D,VIIRS_SNPP_NRT,367.0,294.34,NO,6.915,MONITORING
-3.03438,105.03201,,0.45,0.63,2026-09-29,720,N,VIIRS,n,2.0NRT,,9.16,D,VIIRS_SNPP_NRT,347.71,294.28,NO,5.637,MONITORING
-3.0341,105.0287,,0.45,0.63,2026-09-29,720,N,VIIRS,n,2.0NRT,,13.77,D,VIIRS_SNPP_NRT,335.68,293.08,NO,6.005,MONITORING
-3.0334,105.03278,,0.45,0.63,2026-09-29,720,N,VIIRS,n,2.0NRT,,8.46,D,VIIRS_SNPP_NRT,342.28,293.84,NO,5.549,MONITORING
-3.03178,105.00745,,0.45,0.63,2026-09-29,720,N,VIIRS,n,2.0NRT,,5.49,D,VIIRS_SNPP_NRT,332.51,292.75,NO,8.364,MONITORING
-3.02677,105.00568,,0.45,0.63,2026-09-29,720,N,VIIRS,n,2.0NRT,,7.88,D,VIIRS_SNPP_NRT,341.02,292.73,NO,8.55,MONITORING
-3.02499,105.08192,,0.45,0.63,2026-09-29,720,N,VIIRS,n,2.0NRT,,9.23,D,VIIRS_SNPP_NRT,343.89,294.49,NO,0.061,MONITORING
-3.02487,105.58788,,0.49,0.65,2026-09-29,720,N,VIIRS,n,2.0NRT,,10.4,D,VIIRS_SNPP_NRT,334.66,294.02,YES,,HIGH
-3.02413,105.59236,,0.49,0.65,2026-09-29,720,N,VIIRS,n,2.0NRT,,10.69,D,VIIRS_SNPP_NRT,330.82,293.38,YES,,HIGH
-3.02116,105.07619,,0.45,0.63,2026-09-29,720,N,VIIRS,h,2.0NRT,,14.6,D,VIIRS_SNPP_NRT,367.0,294.59,NO,0.695,MONITORING
-3.02055,105.07281,,0.45,0.63,2026-09-29,720,N,VIIRS,n,2.0NRT,,9.15,D,VIIRS_SNPP_NRT,338.97,293.48,NO,1.071,MONITORING
-3.02049,105.08031,,0.45,0.63,2026-09-29,720,N,VIIRS,n,2.0NRT,,10.72,D,VIIRS_SNPP_NRT,354.44,294.62,NO,0.236,MONITORING
-3.01985,105.07692,,0.45,0.63,2026-09-29,720,N,VIIRS,h,2.0NRT,,9.15,D,VIIRS_SNPP_NRT,367.0,295.33,NO,0.612,MONITORING
-3.01981,105.0844,,0.45,0.63,2026-09-29,720,N,VIIRS,n,2.0NRT,,10.72,D,VIIRS_SNPP_NRT,353.06,293.96,YES,,HIGH
-3.01915,105.08102,,0.45,0.63,2026-09-29,720,N,VIIRS,n,2.0NRT,,12.51,D,VIIRS_SNPP_NRT,350.03,294.21,NO,0.155,MONITORING
-3.01844,105.08511,,0.45,0.63,2026-09-29,720,N,VIIRS,n,2.0NRT,,12.51,D,VIIRS_SNPP_NRT,346.39,293.77,YES,,HIGH
-3.01532,105.07527,,0.45,0.63,2026-09-29,720,N,VIIRS,l,2.0NRT,,14.6,D,VIIRS_SNPP_NRT,357.31,288.59,NO,0.795,MONITORING
-3.01464,105.0794,,0.45,0.63,2026-09-29,720,N,VIIRS,n,2.0NRT,,10.72,D,VIIRS_SNPP_NRT,336.24,291.95,NO,0.335,MONITORING
-3.01401,105.07603,,0.45,0.63,2026-09-29,720,N,VIIRS,n,2.0NRT,,9.15,D,VIIRS_SNPP_NRT,333.65,287.19,NO,0.71,MONITORING
-3.01108,105.23369,,0.46,0.64,2026-09-29,720,N,VIIRS,n,2.0NRT,,7.34,D,VIIRS_SNPP_NRT,334.05,291.37,NO,1.096,MONITORING
-2.99997,105.20526,,0.46,0.64,2026-09-29,720,N,VIIRS,h,2.0NRT,,13.85,D,VIIRS_SNPP_NRT,367.0,292.98,NO,4.044,MONITORING
-2.99773,105.20562,,0.46,0.64,2026-09-29,720,N,VIIRS,h,2.0NRT,,12.45,D,VIIRS_SNPP_NRT,367.0,292.65,NO,4.168,MONITORING
-2.9765,105.12851,,0.46,0.63,2026-09-29,720,N,VIIRS,n,2.0NRT,,11.47,D,VIIRS_SNPP_NRT,348.18,291.59,YES,,HIGH
-2.97519,104.70319,,0.43,0.62,2026-09-29,720,N,VIIRS,n,2.0NRT,,2.3,D,VIIRS_SNPP_NRT,330.64,292.56,NO,15.059,MONITORING
-2.97303,105.14934,,0.46,0.63,2026-09-29,720,N,VIIRS,n,2.0NRT,,5.56,D,VIIRS_SNPP_NRT,333.15,291.66,NO,0.026,MONITORING
-2.97233,105.15351,,0.46,0.63,2026-09-29,720,N,VIIRS,n,2.0NRT,,5.56,D,VIIRS_SNPP_NRT,336.51,292.88,NO,0.487,MONITORING
-2.97202,105.1193,,0.45,0.63,2026-09-29,720,N,VIIRS,n,2.0NRT,,6.82,D,VIIRS_SNPP_NRT,335.1,288.06,YES,,LOW
-2.97133,105.12346,,0.45,0.63,2026-09-29,720,N,VIIRS,l,2.0NRT,,11.47,D,VIIRS_SNPP_NRT,356.91,287.45,YES,,HIGH
-2.95498,104.68389,,0.42,0.61,2026-09-29,720,N,VIIRS,n,2.0NRT,,5.78,D,VIIRS_SNPP_NRT,348.84,293.38,NO,18.172,MONITORING
-2.95434,104.68777,,0.43,0.62,2026-09-29,720,N,VIIRS,n,2.0NRT,,5.78,D,VIIRS_SNPP_NRT,334.75,293.63,NO,17.928,MONITORING
-2.94228,105.15302,,0.46,0.63,2026-09-29,720,N,VIIRS,n,2.0NRT,,3.99,D,VIIRS_SNPP_NRT,332.26,290.43,NO,1.713,MONITORING
-2.90446,105.23343,,0.46,0.64,2026-09-29,720,N,VIIRS,n,2.0NRT,,3.17,D,VIIRS_SNPP_NRT,332.15,292.31,NO,3.699,MONITORING
-2.90374,105.23766,,0.46,0.64,2026-09-29,720,N,VIIRS,n,2.0NRT,,3.17,D,VIIRS_SNPP_NRT,330.27,292.61,NO,3.262,MONITORING
-2.90315,105.27682,,0.47,0.64,2026-09-29,720,N,VIIRS,n,2.0NRT,,6.65,D,VIIRS_SNPP_NRT,332.69,292.6,NO,0.859,MONITORING
-2.90057,105.23293,,0.46,0.64,2026-09-29,720,N,VIIRS,h,2.0NRT,,9.35,D,VIIRS_SNPP_NRT,367.0,292.66,NO,3.517,MONITORING
-2.89988,105.23717,,0.46,0.64,2026-09-29,720,N,VIIRS,n,2.0NRT,,9.35,D,VIIRS_SNPP_NRT,346.48,293.91,NO,3.073,MONITORING
-2.89955,105.27647,,0.47,0.64,2026-09-29,720,N,VIIRS,n,2.0NRT,,6.19,D,VIIRS_SNPP_NRT,334.47,294.52,NO,0.577,MONITORING
-2.89855,105.23252,,0.46,0.64,2026-09-29,720,N,VIIRS,n,2.0NRT,,6.19,D,VIIRS_SNPP_NRT,356.22,290.75,NO,3.441,MONITORING
-2.89783,105.23674,,0.46,0.64,2026-09-29,720,N,VIIRS,n,2.0NRT,,6.19,D,VIIRS_SNPP_NRT,332.05,293.08,NO,2.996,MONITORING
-2.86246,105.17049,,0.46,0.64,2026-09-29,720,N,VIIRS,n,2.0NRT,,8.54,D,VIIRS_SNPP_NRT,351.72,291.31,NO,9.606,MONITORING
-2.85755,105.19997,,0.46,0.64,2026-09-29,720,N,VIIRS,n,2.0NRT,,4.71,D,VIIRS_SNPP_NRT,330.57,294.72,NO,6.317,MONITORING
-2.85657,105.16957,,0.46,0.64,2026-09-29,720,N,VIIRS,h,2.0NRT,,8.54,D,VIIRS_SNPP_NRT,367.0,294.39,NO,9.703,MONITORING
-2.85138,105.16444,,0.46,0.64,2026-09-29,720,N,VIIRS,n,2.0NRT,,4.66,D,VIIRS_SNPP_NRT,331.38,296.03,NO,10.303,MONITORING
-2.85068,105.16864,,0.46,0.64,2026-09-29,720,N,VIIRS,n,2.0NRT,,4.66,D,VIIRS_SNPP_NRT,343.6,296.94,NO,9.843,MONITORING
-2.84761,104.65196,,0.42,0.61,2026-09-29,720,N,VIIRS,n,2.0NRT,,8.99,D,VIIRS_SNPP_NRT,342.07,291.46,NO,29.821,MONITORING
-2.8408,105.22773,,0.46,0.64,2026-09-29,720,N,VIIRS,n,2.0NRT,,5.77,D,VIIRS_SNPP_NRT,332.71,294.54,NO,3.679,MONITORING
-2.83561,105.22253,,0.46,0.64,2026-09-29,720,N,VIIRS,n,2.0NRT,,5.77,D,VIIRS_SNPP_NRT,348.54,294.73,NO,4.261,MONITORING
-2.81308,105.1902,,0.46,0.64,2026-09-29,720,N,VIIRS,n,2.0NRT,,6.35,D,VIIRS_SNPP_NRT,338.27,295.37,NO,6.545,MONITORING
-2.81109,105.18826,,0.46,0.64,2026-09-29,720,N,VIIRS,n,2.0NRT,,5.39,D,VIIRS_SNPP_NRT,338.95,294.95,NO,6.741,MONITORING
-2.79363,105.16109,,0.46,0.64,2026-09-29,720,N,VIIRS,n,2.0NRT,,5.22,D,VIIRS_SNPP_NRT,331.12,295.95,NO,8.189,MONITORING
-2.7931,105.11656,,0.46,0.63,2026-09-29,720,N,VIIRS,n,2.0NRT,,4.15,D,VIIRS_SNPP_NRT,330.34,293.45,NO,12.022,MONITORING
-2.78966,105.17191,,0.46,0.64,2026-09-29,720,N,VIIRS,n,2.0NRT,,7.28,D,VIIRS_SNPP_NRT,344.33,294.89,NO,7.001,MONITORING
-2.78875,105.11727,,0.46,0.63,2026-09-29,720,N,VIIRS,n,2.0NRT,,7.41,D,VIIRS_SNPP_NRT,346.98,293.53,NO,11.688,MONITORING
-2.78567,105.17281,,0.46,0.64,2026-09-29,720,N,VIIRS,n,2.0NRT,,9.4,D,VIIRS_SNPP_NRT,345.81,293.24,NO,6.624,MONITORING
-2.75508,105.21137,,0.46,0.64,2026-09-29,720,N,VIIRS,n,2.0NRT,,3.2,D,VIIRS_SNPP_NRT,333.46,294.61,NO,1.198,MONITORING
-2.7496,105.17144,,0.46,0.64,2026-09-29,720,N,VIIRS,n,2.0NRT,,5.06,D,VIIRS_SNPP_NRT,337.47,293.1,NO,4.276,MONITORING
-2.74889,105.17567,,0.46,0.64,2026-09-29,720,N,VIIRS,h,2.0NRT,,15.76,D,VIIRS_SNPP_NRT,367.0,295.4,NO,3.823,MONITORING
-2.73896,105.12656,,0.46,0.63,2026-09-29,720,N,VIIRS,n,2.0NRT,,3.72,D,VIIRS_SNPP_NRT,331.7,289.55,NO,8.823,MONITORING
-2.7378,105.16957,,0.46,0.64,2026-09-29,720,N,VIIRS,n,2.0NRT,,5.31,D,VIIRS_SNPP_NRT,335.77,293.33,NO,4.055,MONITORING
-2.73614,105.14336,,0.46,0.64,2026-09-29,720,N,VIIRS,n,2.0NRT,,10.22,D,VIIRS_SNPP_NRT,346.94,291.42,NO,6.933,MONITORING
-2.73544,105.14757,,0.46,0.64,2026-09-29,720,N,VIIRS,n,2.0NRT,,14.23,D,VIIRS_SNPP_NRT,338.75,291.92,NO,6.46,MONITORING
-2.72061,105.12797,,0.46,0.63,2026-09-29,720,N,VIIRS,h,2.0NRT,,9.47,D,VIIRS_SNPP_NRT,367.0,293.64,NO,8.715,MONITORING
-2.7199,105.13217,,0.46,0.63,2026-09-29,720,N,VIIRS,n,2.0NRT,,9.47,D,VIIRS_SNPP_NRT,345.91,295.12,NO,8.264,MONITORING
-2.71628,105.12778,,0.46,0.64,2026-09-29,720,N,VIIRS,n,2.0NRT,,4.1,D,VIIRS_SNPP_NRT,331.55,293.96,NO,8.816,MONITORING
-2.70451,105.12591,,0.46,0.64,2026-09-29,720,N,VIIRS,n,2.0NRT,,6.36,D,VIIRS_SNPP_NRT,334.04,295.14,NO,8.109,MONITORING
-2.70224,105.12941,,0.46,0.63,2026-09-29,720,N,VIIRS,n,2.0NRT,,6.65,D,VIIRS_SNPP_NRT,331.59,294.82,NO,7.657,MONITORING
-2.50061,104.70334,,0.43,0.62,2026-09-29,720,N,VIIRS,n,2.0NRT,,5.0,D,VIIRS_SNPP_NRT,345.28,287.58,NO,54.722,MONITORING
-2.49996,104.70727,,0.43,0.62,2026-09-29,720,N,VIIRS,n,2.0NRT,,7.29,D,VIIRS_SNPP_NRT,331.22,290.35,NO,54.325,MONITORING
-2.43977,105.44341,,0.49,0.65,2026-09-29,720,N,VIIRS,n,2.0NRT,,9.91,D,VIIRS_SNPP_NRT,330.83,290.78,NO,1.237,MONITORING
-2.43905,105.44788,,0.49,0.65,2026-09-29,720,N,VIIRS,n,2.0NRT,,14.82,D,VIIRS_SNPP_NRT,330.34,290.25,NO,1.459,MONITORING
-2.43557,105.44197,,0.49,0.65,2026-09-29,720,N,VIIRS,n,2.0NRT,,17.43,D,VIIRS_SNPP_NRT,339.69,290.35,NO,1.674,MONITORING
-2.43481,105.44645,,0.49,0.65,2026-09-29,720,N,VIIRS,h,2.0NRT,,18.12,D,VIIRS_SNPP_NRT,367.0,292.18,NO,1.852,MONITORING
-2.43447,105.43799,,0.49,0.65,2026-09-29,720,N,VIIRS,n,2.0NRT,,9.91,D,VIIRS_SNPP_NRT,330.67,289.54,NO,1.748,MONITORING
-2.43406,105.45089,,0.49,0.65,2026-09-29,720,N,VIIRS,n,2.0NRT,,18.12,D,VIIRS_SNPP_NRT,331.21,286.68,NO,2.104,MONITORING
-2.43302,105.44691,,0.49,0.65,2026-09-29,720,N,VIIRS,l,2.0NRT,,14.82,D,VIIRS_SNPP_NRT,357.83,289.86,NO,2.058,MONITORING
-2.42179,105.32707,,0.48,0.65,2026-09-29,720,N,VIIRS,n,2.0NRT,,9.97,D,VIIRS_SNPP_NRT,343.59,291.85,NO,3.049,MONITORING
-3.99586,105.62981,,0.5,0.65,2026-09-25,714,N20,VIIRS,n,2.0NRT,,7.34,D,VIIRS_NOAA20_NRT,348.9,291.22,YES,,LOW
-3.00526,105.24224,,0.48,0.65,2026-09-25,714,N20,VIIRS,n,2.0NRT,,5.71,D,VIIRS_NOAA20_NRT,343.62,286.54,NO,0.963,MONITORING
-3.00263,105.23878,,0.48,0.65,2026-09-25,714,N20,VIIRS,n,2.0NRT,,12.11,D,VIIRS_NOAA20_NRT,349.76,286.08,NO,1.433,MONITORING
-3.0019,105.24318,,0.49,0.65,2026-09-25,714,N20,VIIRS,l,2.0NRT,,12.11,D,VIIRS_NOAA20_NRT,356.22,287.11,NO,1.199,MONITORING
-2.98255,105.2491,,0.49,0.65,2026-09-25,714,N20,VIIRS,n,2.0NRT,,8.23,D,VIIRS_NOAA20_NRT,332.68,288.0,NO,1.104,MONITORING
-2.98182,105.25347,,0.49,0.65,2026-09-25,714,N20,VIIRS,n,2.0NRT,,14.46,D,VIIRS_NOAA20_NRT,354.79,287.88,NO,0.718,MONITORING
-2.96638,105.09112,,0.47,0.64,2026-09-25,714,N20,VIIRS,n,2.0NRT,,7.37,D,VIIRS_NOAA20_NRT,337.31,289.73,NO,1.235,MONITORING
-2.96566,105.09539,,0.47,0.64,2026-09-25,714,N20,VIIRS,l,2.0NRT,,7.37,D,VIIRS_NOAA20_NRT,356.35,289.76,NO,0.919,MONITORING
-4.2663,104.9342,,0.45,0.39,2026-09-25,1815,N20,VIIRS,n,2.0NRT,,4.39,N,VIIRS_NOAA20_NRT,331.13,284.55,NO,7.192,MONITORING
-4.26565,104.93013,,0.45,0.39,2026-09-25,1815,N20,VIIRS,n,2.0NRT,,2.09,N,VIIRS_NOAA20_NRT,302.73,281.19,NO,6.914,MONITORING
-4.21241,104.91788,,0.45,0.39,2026-09-25,1815,N20,VIIRS,n,2.0NRT,,1.59,N,VIIRS_NOAA20_NRT,309.22,287.79,NO,1.423,MONITORING
-4.19475,104.78654,,0.46,0.39,2026-09-25,1815,N20,VIIRS,n,2.0NRT,,3.33,N,VIIRS_NOAA20_NRT,328.7,283.48,YES,,LOW
-4.16309,105.58207,,0.43,0.38,2026-09-25,1815,N20,VIIRS,n,2.0NRT,,2.33,N,VIIRS_NOAA20_NRT,318.95,290.6,NO,11.478,MONITORING
-4.15962,105.58262,,0.43,0.38,2026-09-25,1815,N20,VIIRS,n,2.0NRT,,0.74,N,VIIRS_NOAA20_NRT,303.2,288.45,NO,11.158,MONITORING
-4.08312,104.7905,,0.46,0.39,2026-09-25,1815,N20,VIIRS,n,2.0NRT,,1.15,N,VIIRS_NOAA20_NRT,307.96,284.57,NO,3.376,MONITORING
-4.08245,104.78638,,0.46,0.39,2026-09-25,1815,N20,VIIRS,n,2.0NRT,,1.15,N,VIIRS_NOAA20_NRT,303.42,284.5,NO,3.669,MONITORING
-4.06423,104.81046,,0.46,0.39,2026-09-25,1815,N20,VIIRS,n,2.0NRT,,0.64,N,VIIRS_NOAA20_NRT,301.15,283.96,NO,1.812,MONITORING
-4.04594,105.43121,,0.43,0.38,2026-09-25,1815,N20,VIIRS,n,2.0NRT,,0.54,N,VIIRS_NOAA20_NRT,302.59,283.99,NO,19.239,MONITORING
-3.86669,105.8564,,0.42,0.38,2026-09-25,1815,N20,VIIRS,n,2.0NRT,,1.19,N,VIIRS_NOAA20_NRT,305.09,293.12,YES,,LOW
-3.86385,105.86071,,0.42,0.38,2026-09-25,1815,N20,VIIRS,n,2.0NRT,,1.47,N,VIIRS_NOAA20_NRT,306.33,293.73,YES,,LOW
-3.86325,105.85696,,0.42,0.38,2026-09-25,1815,N20,VIIRS,n,2.0NRT,,1.47,N,VIIRS_NOAA20_NRT,314.05,294.22,YES,,LOW
-3.85757,105.86557,,0.42,0.38,2026-09-25,1815,N20,VIIRS,n,2.0NRT,,1.76,N,VIIRS_NOAA20_NRT,311.23,292.61,YES,,LOW
-3.85314,105.22676,,0.44,0.39,2026-09-25,1815,N20,VIIRS,n,2.0NRT,,0.79,N,VIIRS_NOAA20_NRT,302.67,288.34,YES,,LOW
-3.81538,105.55671,,0.43,0.38,2026-09-25,1815,N20,VIIRS,n,2.0NRT,,0.97,N,VIIRS_NOAA20_NRT,304.44,290.26,YES,,LOW
-3.81242,105.39888,,0.44,0.38,2026-09-25,1815,N20,VIIRS,n,2.0NRT,,0.26,N,VIIRS_NOAA20_NRT,296.83,277.91,NO,3.602,MONITORING
-3.81166,105.39809,,0.44,0.38,2026-09-25,1815,N20,VIIRS,n,2.0NRT,,0.28,N,VIIRS_NOAA20_NRT,296.99,278.65,NO,3.708,MONITORING
-3.81105,105.21317,,0.44,0.39,2026-09-25,1815,N20,VIIRS,n,2.0NRT,,0.86,N,VIIRS_NOAA20_NRT,300.32,286.65,YES,,LOW
-3.80751,105.21373,,0.44,0.39,2026-09-25,1815,N20,VIIRS,n,2.0NRT,,0.86,N,VIIRS_NOAA20_NRT,302.72,287.84,YES,,LOW
-3.80533,105.53854,,0.43,0.38,2026-09-25,1815,N20,VIIRS,n,2.0NRT,,1.98,N,VIIRS_NOAA20_NRT,322.24,291.54,YES,,LOW
-3.79818,105.58315,,0.43,0.38,2026-09-25,1815,N20,VIIRS,n,2.0NRT,,2.26,N,VIIRS_NOAA20_NRT,309.53,292.46,YES,,LOW
-3.79531,105.58755,,0.43,0.38,2026-09-25,1815,N20,VIIRS,n,2.0NRT,,1.56,N,VIIRS_NOAA20_NRT,305.17,292.63,YES,,LOW
-3.7947,105.58372,,0.43,0.38,2026-09-25,1815,N20,VIIRS,n,2.0NRT,,2.26,N,VIIRS_NOAA20_NRT,317.0,294.66,YES,,LOW
-3.79408,105.57986,,0.43,0.38,2026-09-25,1815,N20,VIIRS,n,2.0NRT,,2.26,N,VIIRS_NOAA20_NRT,328.69,296.33,YES,,LOW
-3.79142,105.20407,,0.44,0.39,2026-09-25,1815,N20,VIIRS,n,2.0NRT,,1.66,N,VIIRS_NOAA20_NRT,304.48,289.64,YES,,LOW
-3.79121,105.58427,,0.43,0.38,2026-09-25,1815,N20,VIIRS,n,2.0NRT,,1.88,N,VIIRS_NOAA20_NRT,308.84,293.45,YES,,LOW
-3.7906,105.58043,,0.43,0.38,2026-09-25,1815,N20,VIIRS,n,2.0NRT,,1.88,N,VIIRS_NOAA20_NRT,319.33,294.93,YES,,LOW
-3.78998,105.57658,,0.43,0.38,2026-09-25,1815,N20,VIIRS,n,2.0NRT,,2.09,N,VIIRS_NOAA20_NRT,320.04,295.16,YES,,LOW
-3.78712,105.58099,,0.43,0.38,2026-09-25,1815,N20,VIIRS,n,2.0NRT,,1.88,N,VIIRS_NOAA20_NRT,315.43,294.92,YES,,LOW
-3.7865,105.57714,,0.43,0.38,2026-09-25,1815,N20,VIIRS,n,2.0NRT,,2.09,N,VIIRS_NOAA20_NRT,311.64,294.32,YES,,LOW
-3.78588,105.5733,,0.43,0.38,2026-09-25,1815,N20,VIIRS,n,2.0NRT,,2.09,N,VIIRS_NOAA20_NRT,315.94,295.25,YES,,LOW
-3.78526,105.56944,,0.43,0.38,2026-09-25,1815,N20,VIIRS,n,2.0NRT,,4.42,N,VIIRS_NOAA20_NRT,332.38,298.36,YES,,LOW
-3.78464,105.5656,,0.43,0.38,2026-09-25,1815,N20,VIIRS,n,2.0NRT,,4.42,N,VIIRS_NOAA20_NRT,323.4,296.04,YES,,LOW
-3.78178,105.57001,,0.43,0.38,2026-09-25,1815,N20,VIIRS,n,2.0NRT,,3.55,N,VIIRS_NOAA20_NRT,320.19,296.33,YES,,LOW
-3.78116,105.56616,,0.43,0.38,2026-09-25,1815,N20,VIIRS,n,2.0NRT,,3.55,N,VIIRS_NOAA20_NRT,332.36,298.4,YES,,LOW
-3.78054,105.56231,,0.43,0.38,2026-09-25,1815,N20,VIIRS,n,2.0NRT,,12.98,N,VIIRS_NOAA20_NRT,315.77,295.62,YES,,HIGH
-3.77992,105.55846,,0.43,0.38,2026-09-25,1815,N20,VIIRS,n,2.0NRT,,12.98,N,VIIRS_NOAA20_NRT,347.29,297.96,YES,,HIGH
-3.7793,105.5546,,0.43,0.38,2026-09-25,1815,N20,VIIRS,n,2.0NRT,,11.53,N,VIIRS_NOAA20_NRT,331.2,296.15,YES,,HIGH
-3.77744,105.20523,,0.44,0.39,2026-09-25,1815,N20,VIIRS,n,2.0NRT,,1.37,N,VIIRS_NOAA20_NRT,304.62,290.38,YES,,LOW
-3.77726,105.20634,,0.44,0.39,2026-09-25,1815,N20,VIIRS,n,2.0NRT,,1.12,N,VIIRS_NOAA20_NRT,302.71,289.87,YES,,LOW
-3.77681,105.20125,,0.44,0.39,2026-09-25,1815,N20,VIIRS,n,2.0NRT,,2.46,N,VIIRS_NOAA20_NRT,316.24,292.25,YES,,LOW
-3.77661,105.20238,,0.44,0.39,2026-09-25,1815,N20,VIIRS,n,2.0NRT,,3.07,N,VIIRS_NOAA20_NRT,316.52,292.17,YES,,LOW
-3.77643,105.55901,,0.43,0.38,2026-09-25,1815,N20,VIIRS,n,2.0NRT,,12.98,N,VIIRS_NOAA20_NRT,353.65,307.7,YES,,HIGH
-3.77581,105.55516,,0.43,0.38,2026-09-25,1815,N20,VIIRS,n,2.0NRT,,11.53,N,VIIRS_NOAA20_NRT,338.99,299.89,YES,,HIGH
-3.77357,105.56343,,0.43,0.38,2026-09-25,1815,N20,VIIRS,n,2.0NRT,,5.56,N,VIIRS_NOAA20_NRT,325.02,298.11,YES,,LOW
-3.77295,105.55958,,0.43,0.38,2026-09-25,1815,N20,VIIRS,n,2.0NRT,,5.56,N,VIIRS_NOAA20_NRT,355.53,305.18,YES,,LOW
-3.77233,105.55573,,0.43,0.38,2026-09-25,1815,N20,VIIRS,n,2.0NRT,,6.24,N,VIIRS_NOAA20_NRT,350.88,301.71,YES,,LOW
-3.7717,105.55186,,0.43,0.38,2026-09-25,1815,N20,VIIRS,n,2.0NRT,,6.24,N,VIIRS_NOAA20_NRT,325.89,296.97,YES,,LOW
-3.77108,105.54801,,0.43,0.38,2026-09-25,1815,N20,VIIRS,n,2.0NRT,,3.4,N,VIIRS_NOAA20_NRT,315.21,295.17,YES,,LOW
-3.77008,105.56399,,0.43,0.38,2026-09-25,1815,N20,VIIRS,n,2.0NRT,,5.56,N,VIIRS_NOAA20_NRT,327.42,297.7,YES,,LOW
-3.76946,105.56013,,0.43,0.38,2026-09-25,1815,N20,VIIRS,n,2.0NRT,,5.56,N,VIIRS_NOAA20_NRT,334.88,297.7,YES,,LOW
-3.76884,105.55628,,0.43,0.38,2026-09-25,1815,N20,VIIRS,n,2.0NRT,,6.24,N,VIIRS_NOAA20_NRT,344.84,302.41,YES,,LOW
-3.76822,105.55242,,0.43,0.38,2026-09-25,1815,N20,VIIRS,n,2.0NRT,,6.24,N,VIIRS_NOAA20_NRT,335.99,300.62,YES,,LOW
-3.76759,105.54858,,0.43,0.38,2026-09-25,1815,N20,VIIRS,n,2.0NRT,,3.4,N,VIIRS_NOAA20_NRT,330.72,299.12,YES,,LOW
-3.76598,105.5607,,0.43,0.38,2026-09-25,1815,N20,VIIRS,n,2.0NRT,,2.64,N,VIIRS_NOAA20_NRT,321.55,296.4,YES,,LOW
-3.76535,105.55685,,0.43,0.38,2026-09-25,1815,N20,VIIRS,n,2.0NRT,,5.93,N,VIIRS_NOAA20_NRT,347.68,303.71,YES,,LOW
-3.76473,105.55299,,0.43,0.38,2026-09-25,1815,N20,VIIRS,n,2.0NRT,,5.93,N,VIIRS_NOAA20_NRT,337.23,301.56,YES,,LOW
-3.76411,105.54913,,0.43,0.38,2026-09-25,1815,N20,VIIRS,n,2.0NRT,,4.94,N,VIIRS_NOAA20_NRT,339.79,301.87,YES,,LOW
-3.76286,105.54141,,0.43,0.38,2026-09-25,1815,N20,VIIRS,n,2.0NRT,,2.13,N,VIIRS_NOAA20_NRT,310.75,294.68,YES,,LOW
-3.76249,105.56125,,0.43,0.38,2026-09-25,1815,N20,VIIRS,n,2.0NRT,,2.64,N,VIIRS_NOAA20_NRT,318.81,294.75,YES,,LOW
-3.76187,105.5574,,0.43,0.38,2026-09-25,1815,N20,VIIRS,n,2.0NRT,,5.93,N,VIIRS_NOAA20_NRT,336.73,299.74,YES,,LOW
-3.76125,105.55354,,0.43,0.38,2026-09-25,1815,N20,VIIRS,n,2.0NRT,,5.93,N,VIIRS_NOAA20_NRT,337.0,301.05,YES,,LOW
-3.76062,105.54969,,0.43,0.38,2026-09-25,1815,N20,VIIRS,n,2.0NRT,,4.94,N,VIIRS_NOAA20_NRT,340.44,300.54,YES,,LOW
-3.76,105.54584,,0.43,0.38,2026-09-25,1815,N20,VIIRS,n,2.0NRT,,4.94,N,VIIRS_NOAA20_NRT,315.53,297.23,YES,,LOW
-3.75937,105.54198,,0.43,0.38,2026-09-25,1815,N20,VIIRS,n,2.0NRT,,2.13,N,VIIRS_NOAA20_NRT,320.23,295.74,YES,,LOW
-3.75838,105.55796,,0.43,0.38,2026-09-25,1815,N20,VIIRS,n,2.0NRT,,3.37,N,VIIRS_NOAA20_NRT,308.53,293.68,YES,,LOW
-3.75776,105.55411,,0.43,0.38,2026-09-25,1815,N20,VIIRS,n,2.0NRT,,3.37,N,VIIRS_NOAA20_NRT,331.11,298.24,YES,,LOW
-3.75713,105.55025,,0.43,0.38,2026-09-25,1815,N20,VIIRS,n,2.0NRT,,5.12,N,VIIRS_NOAA20_NRT,349.86,301.97,YES,,LOW
-3.75651,105.54639,,0.43,0.38,2026-09-25,1815,N20,VIIRS,n,2.0NRT,,5.12,N,VIIRS_NOAA20_NRT,327.52,298.95,YES,,LOW
-3.75588,105.54253,,0.43,0.38,2026-09-25,1815,N20,VIIRS,n,2.0NRT,,3.59,N,VIIRS_NOAA20_NRT,325.18,296.64,YES,,LOW
-3.75427,105.55466,,0.43,0.38,2026-09-25,1815,N20,VIIRS,n,2.0NRT,,3.37,N,VIIRS_NOAA20_NRT,334.84,297.86,YES,,LOW
-3.75365,105.5508,,0.43,0.38,2026-09-25,1815,N20,VIIRS,n,2.0NRT,,5.12,N,VIIRS_NOAA20_NRT,330.28,298.93,YES,,LOW
-3.75302,105.54695,,0.43,0.38,2026-09-25,1815,N20,VIIRS,n,2.0NRT,,5.12,N,VIIRS_NOAA20_NRT,328.62,298.47,YES,,LOW
-3.7524,105.5431,,0.43,0.38,2026-09-25,1815,N20,VIIRS,n,2.0NRT,,3.59,N,VIIRS_NOAA20_NRT,307.28,294.22,YES,,LOW
-3.75177,105.53924,,0.43,0.38,2026-09-25,1815,N20,VIIRS,n,2.0NRT,,3.59,N,VIIRS_NOAA20_NRT,342.15,296.18,YES,,LOW
-3.75141,105.55907,,0.43,0.38,2026-09-25,1815,N20,VIIRS,n,2.0NRT,,2.92,N,VIIRS_NOAA20_NRT,308.79,293.64,YES,,LOW
-3.75096,105.46784,,0.43,0.38,2026-09-25,1815,N20,VIIRS,n,2.0NRT,,3.54,N,VIIRS_NOAA20_NRT,311.05,292.66,YES,,LOW
-3.75079,105.55523,,0.43,0.38,2026-09-25,1815,N20,VIIRS,n,2.0NRT,,2.92,N,VIIRS_NOAA20_NRT,341.33,299.08,YES,,LOW
-3.75016,105.55137,,0.43,0.38,2026-09-25,1815,N20,VIIRS,n,2.0NRT,,2.95,N,VIIRS_NOAA20_NRT,329.61,296.63,YES,,LOW
-3.74954,105.54752,,0.43,0.38,2026-09-25,1815,N20,VIIRS,n,2.0NRT,,2.95,N,VIIRS_NOAA20_NRT,307.46,294.54,YES,,LOW
-3.74918,105.56735,,0.43,0.38,2026-09-25,1815,N20,VIIRS,n,2.0NRT,,1.5,N,VIIRS_NOAA20_NRT,304.92,292.61,YES,,LOW
-3.74891,105.54366,,0.43,0.38,2026-09-25,1815,N20,VIIRS,n,2.0NRT,,9.87,N,VIIRS_NOAA20_NRT,322.94,297.09,YES,,LOW
-3.74828,105.5398,,0.43,0.38,2026-09-25,1815,N20,VIIRS,n,2.0NRT,,9.87,N,VIIRS_NOAA20_NRT,346.59,303.04,YES,,LOW
-3.74746,105.4684,,0.43,0.38,2026-09-25,1815,N20,VIIRS,n,2.0NRT,,3.54,N,VIIRS_NOAA20_NRT,340.28,294.22,YES,,LOW
-3.7473,105.55579,,0.43,0.38,2026-09-25,1815,N20,VIIRS,n,2.0NRT,,2.92,N,VIIRS_NOAA20_NRT,310.91,294.47,YES,,LOW
-3.74683,105.46452,,0.43,0.38,2026-09-25,1815,N20,VIIRS,n,2.0NRT,,2.3,N,VIIRS_NOAA20_NRT,311.4,292.61,YES,,LOW
-3.7457,105.56791,,0.43,0.38,2026-09-25,1815,N20,VIIRS,n,2.0NRT,,1.24,N,VIIRS_NOAA20_NRT,308.07,293.07,YES,,LOW
-3.74507,105.56406,,0.43,0.38,2026-09-25,1815,N20,VIIRS,n,2.0NRT,,1.24,N,VIIRS_NOAA20_NRT,305.75,293.26,YES,,LOW
-3.74484,105.29598,,0.44,0.38,2026-09-25,1815,N20,VIIRS,n,2.0NRT,,2.51,N,VIIRS_NOAA20_NRT,318.85,291.44,YES,,LOW
-3.7448,105.54036,,0.43,0.38,2026-09-25,1815,N20,VIIRS,n,2.0NRT,,9.87,N,VIIRS_NOAA20_NRT,339.77,296.55,YES,,LOW
-3.74221,105.56847,,0.43,0.38,2026-09-25,1815,N20,VIIRS,n,2.0NRT,,1.24,N,VIIRS_NOAA20_NRT,312.38,293.79,YES,,LOW
-3.74207,105.4573,,0.43,0.38,2026-09-25,1815,N20,VIIRS,n,2.0NRT,,22.38,N,VIIRS_NOAA20_NRT,346.45,305.68,YES,,HIGH
-3.74179,105.43336,,0.43,0.38,2026-09-25,1815,N20,VIIRS,n,2.0NRT,,3.8,N,VIIRS_NOAA20_NRT,329.59,291.46,YES,,LOW
-3.74144,105.45341,,0.43,0.38,2026-09-25,1815,N20,VIIRS,n,2.0NRT,,22.38,N,VIIRS_NOAA20_NRT,346.15,302.22,YES,,HIGH
-3.74131,105.54092,,0.43,0.38,2026-09-25,1815,N20,VIIRS,n,2.0NRT,,4.52,N,VIIRS_NOAA20_NRT,343.01,297.23,YES,,LOW
-3.73857,105.45788,,0.43,0.38,2026-09-25,1815,N20,VIIRS,n,2.0NRT,,22.38,N,VIIRS_NOAA20_NRT,330.36,293.64,YES,,HIGH
-3.73794,105.45398,,0.43,0.38,2026-09-25,1815,N20,VIIRS,n,2.0NRT,,22.38,N,VIIRS_NOAA20_NRT,344.03,295.17,YES,,HIGH
-3.73782,105.54147,,0.43,0.38,2026-09-25,1815,N20,VIIRS,n,2.0NRT,,4.52,N,VIIRS_NOAA20_NRT,307.56,293.75,YES,,LOW
-3.73161,105.41499,,0.44,0.38,2026-09-25,1815,N20,VIIRS,n,2.0NRT,,1.12,N,VIIRS_NOAA20_NRT,301.24,278.43,YES,,LOW
-3.72141,105.39656,,0.44,0.38,2026-09-25,1815,N20,VIIRS,n,2.0NRT,,1.76,N,VIIRS_NOAA20_NRT,329.12,279.97,YES,,LOW
-3.72078,105.39265,,0.44,0.38,2026-09-25,1815,N20,VIIRS,n,2.0NRT,,1.76,N,VIIRS_NOAA20_NRT,299.39,276.57,YES,,LOW
-3.72014,105.38874,,0.44,0.38,2026-09-25,1815,N20,VIIRS,n,2.0NRT,,1.39,N,VIIRS_NOAA20_NRT,312.93,276.21,YES,,LOW
-3.7179,105.39713,,0.44,0.38,2026-09-25,1815,N20,VIIRS,n,2.0NRT,,0.73,N,VIIRS_NOAA20_NRT,298.9,277.35,YES,,LOW
-3.70785,105.67587,,0.43,0.38,2026-09-25,1815,N20,VIIRS,n,2.0NRT,,1.06,N,VIIRS_NOAA20_NRT,302.82,290.05,YES,,LOW
-3.69886,105.64202,,0.43,0.38,2026-09-25,1815,N20,VIIRS,n,2.0NRT,,1.5,N,VIIRS_NOAA20_NRT,315.45,292.89,YES,,LOW
-3.69863,105.55128,,0.43,0.38,2026-09-25,1815,N20,VIIRS,n,2.0NRT,,1.23,N,VIIRS_NOAA20_NRT,303.17,292.29,YES,,LOW
-3.69739,105.54356,,0.43,0.38,2026-09-25,1815,N20,VIIRS,n,2.0NRT,,1.47,N,VIIRS_NOAA20_NRT,309.91,293.02,YES,,LOW
-3.69538,105.64257,,0.43,0.38,2026-09-25,1815,N20,VIIRS,n,2.0NRT,,1.5,N,VIIRS_NOAA20_NRT,310.82,291.91,YES,,LOW
-3.69477,105.63876,,0.43,0.38,2026-09-25,1815,N20,VIIRS,n,2.0NRT,,1.74,N,VIIRS_NOAA20_NRT,309.5,292.05,YES,,LOW
-3.68868,105.73362,,0.42,0.38,2026-09-25,1815,N20,VIIRS,n,2.0NRT,,2.64,N,VIIRS_NOAA20_NRT,328.84,289.46,YES,,LOW
-3.68807,105.72982,,0.42,0.38,2026-09-25,1815,N20,VIIRS,n,2.0NRT,,2.64,N,VIIRS_NOAA20_NRT,320.66,289.94,YES,,LOW
-3.6846,105.73038,,0.42,0.38,2026-09-25,1815,N20,VIIRS,n,2.0NRT,,0.93,N,VIIRS_NOAA20_NRT,306.35,288.91,YES,,LOW
-3.67904,105.33834,,0.44,0.38,2026-09-25,1815,N20,VIIRS,n,2.0NRT,,0.5,N,VIIRS_NOAA20_NRT,295.45,279.4,YES,,LOW
-3.66084,105.78088,,0.42,0.38,2026-09-25,1815,N20,VIIRS,n,2.0NRT,,0.87,N,VIIRS_NOAA20_NRT,307.91,286.78,YES,,LOW
-3.62605,105.52328,,0.43,0.38,2026-09-25,1815,N20,VIIRS,n,2.0NRT,,1.24,N,VIIRS_NOAA20_NRT,314.24,291.69,YES,,LOW
-3.57728,105.60557,,0.43,0.38,2026-09-25,1815,N20,VIIRS,n,2.0NRT,,1.28,N,VIIRS_NOAA20_NRT,303.54,291.09,YES,,LOW
-3.57666,105.60173,,0.43,0.38,2026-09-25,1815,N20,VIIRS,n,2.0NRT,,0.96,N,VIIRS_NOAA20_NRT,304.45,290.76,YES,,LOW
-3.57184,105.70474,,0.43,0.38,2026-09-25,1815,N20,VIIRS,n,2.0NRT,,0.69,N,VIIRS_NOAA20_NRT,304.04,279.07,YES,,LOW
-3.56837,105.70531,,0.43,0.38,2026-09-25,1815,N20,VIIRS,n,2.0NRT,,0.69,N,VIIRS_NOAA20_NRT,305.2,281.66,YES,,LOW
-3.5649,105.70585,,0.43,0.38,2026-09-25,1815,N20,VIIRS,n,2.0NRT,,0.73,N,VIIRS_NOAA20_NRT,296.97,282.57,YES,,LOW
-3.55575,105.60505,,0.43,0.38,2026-09-25,1815,N20,VIIRS,n,2.0NRT,,0.56,N,VIIRS_NOAA20_NRT,303.17,290.96,YES,,LOW
-3.54668,105.79072,,0.42,0.38,2026-09-25,1815,N20,VIIRS,n,2.0NRT,,0.67,N,VIIRS_NOAA20_NRT,301.93,276.79,YES,,LOW
-3.54453,105.81409,,0.42,0.38,2026-09-25,1815,N20,VIIRS,n,2.0NRT,,3.22,N,VIIRS_NOAA20_NRT,333.22,286.42,YES,,LOW
-3.54438,105.7908,,0.42,0.38,2026-09-25,1815,N20,VIIRS,n,2.0NRT,,0.54,N,VIIRS_NOAA20_NRT,300.73,274.43,YES,,LOW
-3.54393,105.8103,,0.42,0.38,2026-09-25,1815,N20,VIIRS,n,2.0NRT,,2.0,N,VIIRS_NOAA20_NRT,300.93,280.74,YES,,LOW
-3.54107,105.81465,,0.42,0.38,2026-09-25,1815,N20,VIIRS,n,2.0NRT,,3.22,N,VIIRS_NOAA20_NRT,330.6,287.89,YES,,LOW
-3.52077,105.64186,,0.43,0.38,2026-09-25,1815,N20,VIIRS,n,2.0NRT,,1.09,N,VIIRS_NOAA20_NRT,305.31,292.87,YES,,LOW
-3.5179,105.64626,,0.43,0.38,2026-09-25,1815,N20,VIIRS,n,2.0NRT,,1.46,N,VIIRS_NOAA20_NRT,306.27,292.75,YES,,LOW
-3.51729,105.64241,,0.43,0.38,2026-09-25,1815,N20,VIIRS,n,2.0NRT,,2.27,N,VIIRS_NOAA20_NRT,320.24,293.62,YES,,LOW
-3.51256,105.22562,,0.45,0.39,2026-09-25,1815,N20,VIIRS,n,2.0NRT,,0.57,N,VIIRS_NOAA20_NRT,303.32,286.88,YES,,LOW
-3.47311,105.162,,0.45,0.39,2026-09-25,1815,N20,VIIRS,n,2.0NRT,,1.06,N,VIIRS_NOAA20_NRT,302.0,284.79,YES,,LOW
-3.47282,105.61008,,0.43,0.38,2026-09-25,1815,N20,VIIRS,n,2.0NRT,,0.91,N,VIIRS_NOAA20_NRT,313.35,292.34,YES,,LOW
-3.47135,105.57858,,0.43,0.38,2026-09-25,1815,N20,VIIRS,n,2.0NRT,,1.11,N,VIIRS_NOAA20_NRT,303.75,291.78,YES,,LOW
-3.46754,105.66617,,0.43,0.38,2026-09-25,1815,N20,VIIRS,n,2.0NRT,,1.47,N,VIIRS_NOAA20_NRT,316.75,289.62,YES,,LOW
-3.46025,105.57639,,0.43,0.38,2026-09-25,1815,N20,VIIRS,n,2.0NRT,,1.64,N,VIIRS_NOAA20_NRT,306.88,292.28,YES,,LOW
-3.45963,105.57252,,0.43,0.38,2026-09-25,1815,N20,VIIRS,n,2.0NRT,,1.97,N,VIIRS_NOAA20_NRT,320.63,292.33,YES,,LOW
-3.43846,105.19158,,0.45,0.39,2026-09-25,1815,N20,VIIRS,n,2.0NRT,,3.81,N,VIIRS_NOAA20_NRT,311.21,290.91,YES,,LOW
-3.43555,105.19617,,0.45,0.39,2026-09-25,1815,N20,VIIRS,n,2.0NRT,,3.81,N,VIIRS_NOAA20_NRT,303.5,289.56,YES,,LOW
-3.43491,105.19215,,0.45,0.39,2026-09-25,1815,N20,VIIRS,n,2.0NRT,,3.81,N,VIIRS_NOAA20_NRT,349.49,296.17,YES,,LOW
-3.43427,105.18813,,0.45,0.39,2026-09-25,1815,N20,VIIRS,n,2.0NRT,,2.33,N,VIIRS_NOAA20_NRT,321.51,291.43,YES,,LOW
-3.43362,105.1841,,0.45,0.39,2026-09-25,1815,N20,VIIRS,n,2.0NRT,,2.33,N,VIIRS_NOAA20_NRT,305.97,290.31,YES,,LOW
-3.43135,105.19272,,0.45,0.39,2026-09-25,1815,N20,VIIRS,n,2.0NRT,,20.99,N,VIIRS_NOAA20_NRT,342.92,299.74,YES,,HIGH
-3.43071,105.18871,,0.45,0.39,2026-09-25,1815,N20,VIIRS,n,2.0NRT,,4.9,N,VIIRS_NOAA20_NRT,350.33,297.74,YES,,LOW
-3.43007,105.18468,,0.45,0.39,2026-09-25,1815,N20,VIIRS,n,2.0NRT,,4.9,N,VIIRS_NOAA20_NRT,329.71,293.61,YES,,LOW
-3.42943,105.18066,,0.45,0.39,2026-09-25,1815,N20,VIIRS,n,2.0NRT,,1.44,N,VIIRS_NOAA20_NRT,316.98,291.14,YES,,LOW
-3.42879,105.17664,,0.45,0.39,2026-09-25,1815,N20,VIIRS,n,2.0NRT,,1.44,N,VIIRS_NOAA20_NRT,307.21,288.4,YES,,LOW
-3.42715,105.18928,,0.45,0.39,2026-09-25,1815,N20,VIIRS,n,2.0NRT,,4.9,N,VIIRS_NOAA20_NRT,306.61,290.5,YES,,LOW
-3.42651,105.18526,,0.45,0.39,2026-09-25,1815,N20,VIIRS,n,2.0NRT,,4.9,N,VIIRS_NOAA20_NRT,307.02,290.81,YES,,LOW
-3.42523,105.17721,,0.45,0.39,2026-09-25,1815,N20,VIIRS,n,2.0NRT,,1.44,N,VIIRS_NOAA20_NRT,304.31,288.31,YES,,LOW
-3.3901,104.83459,,0.47,0.39,2026-09-25,1815,N20,VIIRS,n,2.0NRT,,2.31,N,VIIRS_NOAA20_NRT,313.95,284.81,YES,,LOW
-3.38896,104.83373,,0.47,0.39,2026-09-25,1815,N20,VIIRS,n,2.0NRT,,1.78,N,VIIRS_NOAA20_NRT,323.96,282.73,YES,,LOW
-3.38524,105.33527,,0.44,0.39,2026-09-25,1815,N20,VIIRS,n,2.0NRT,,4.2,N,VIIRS_NOAA20_NRT,314.21,287.37,YES,,LOW
-3.38459,105.33131,,0.44,0.39,2026-09-25,1815,N20,VIIRS,n,2.0NRT,,4.2,N,VIIRS_NOAA20_NRT,348.49,288.51,YES,,LOW
-3.38395,105.32735,,0.44,0.39,2026-09-25,1815,N20,VIIRS,n,2.0NRT,,5.14,N,VIIRS_NOAA20_NRT,351.07,287.58,YES,,LOW
-3.3833,105.32337,,0.44,0.39,2026-09-25,1815,N20,VIIRS,n,2.0NRT,,5.14,N,VIIRS_NOAA20_NRT,328.72,285.83,YES,,LOW
-3.38171,105.33583,,0.44,0.39,2026-09-25,1815,N20,VIIRS,n,2.0NRT,,4.96,N,VIIRS_NOAA20_NRT,330.19,288.83,YES,,LOW
-3.38106,105.33186,,0.44,0.39,2026-09-25,1815,N20,VIIRS,n,2.0NRT,,4.96,N,VIIRS_NOAA20_NRT,312.61,288.95,YES,,LOW
-3.37778,105.26708,,0.45,0.39,2026-09-25,1815,N20,VIIRS,n,2.0NRT,,1.34,N,VIIRS_NOAA20_NRT,307.41,289.76,YES,,LOW
-3.37713,105.2631,,0.45,0.39,2026-09-25,1815,N20,VIIRS,n,2.0NRT,,2.51,N,VIIRS_NOAA20_NRT,321.42,290.54,YES,,LOW
-3.3542,105.25266,,0.45,0.39,2026-09-25,1815,N20,VIIRS,n,2.0NRT,,0.28,N,VIIRS_NOAA20_NRT,298.52,283.89,YES,,LOW
-3.35357,105.24864,,0.45,0.39,2026-09-25,1815,N20,VIIRS,n,2.0NRT,,0.4,N,VIIRS_NOAA20_NRT,296.67,280.19,YES,,LOW
-3.35325,105.25052,,0.45,0.39,2026-09-25,1815,N20,VIIRS,n,2.0NRT,,0.41,N,VIIRS_NOAA20_NRT,302.59,280.93,YES,,LOW
-3.35155,105.28179,,0.45,0.39,2026-09-25,1815,N20,VIIRS,n,2.0NRT,,5.01,N,VIIRS_NOAA20_NRT,329.36,292.75,YES,,LOW
-3.30942,105.17739,,0.45,0.39,2026-09-25,1815,N20,VIIRS,n,2.0NRT,,2.27,N,VIIRS_NOAA20_NRT,318.11,272.26,YES,,LOW
-3.30877,105.17336,,0.45,0.39,2026-09-25,1815,N20,VIIRS,n,2.0NRT,,1.05,N,VIIRS_NOAA20_NRT,302.97,266.71,YES,,LOW
-3.3065,105.182,,0.45,0.39,2026-09-25,1815,N20,VIIRS,n,2.0NRT,,2.61,N,VIIRS_NOAA20_NRT,308.47,259.47,YES,,LOW
-3.30586,105.17796,,0.45,0.39,2026-09-25,1815,N20,VIIRS,n,2.0NRT,,2.61,N,VIIRS_NOAA20_NRT,329.83,274.98,YES,,LOW
-3.29163,105.27094,,0.45,0.39,2026-09-25,1815,N20,VIIRS,n,2.0NRT,,1.51,N,VIIRS_NOAA20_NRT,310.56,287.71,YES,,LOW
-3.25946,105.13974,,0.45,0.39,2026-09-25,1815,N20,VIIRS,n,2.0NRT,,1.17,N,VIIRS_NOAA20_NRT,298.03,268.36,YES,,LOW
-3.23218,105.32889,,0.44,0.39,2026-09-25,1815,N20,VIIRS,n,2.0NRT,,0.74,N,VIIRS_NOAA20_NRT,301.17,275.21,YES,,LOW
-3.21802,105.33118,,0.44,0.39,2026-09-25,1815,N20,VIIRS,n,2.0NRT,,0.96,N,VIIRS_NOAA20_NRT,301.25,281.6,YES,,LOW
-3.21739,105.3272,,0.44,0.39,2026-09-25,1815,N20,VIIRS,n,2.0NRT,,1.22,N,VIIRS_NOAA20_NRT,304.49,284.41,YES,,LOW
-3.1592,105.39355,,0.44,0.39,2026-09-25,1815,N20,VIIRS,n,2.0NRT,,2.56,N,VIIRS_NOAA20_NRT,314.21,285.32,YES,,LOW
-3.15914,105.39252,,0.44,0.39,2026-09-25,1815,N20,VIIRS,n,2.0NRT,,2.6,N,VIIRS_NOAA20_NRT,332.1,286.95,YES,,LOW
-3.15855,105.38961,,0.44,0.39,2026-09-25,1815,N20,VIIRS,n,2.0NRT,,2.56,N,VIIRS_NOAA20_NRT,332.32,286.6,YES,,LOW
-3.15852,105.38857,,0.44,0.39,2026-09-25,1815,N20,VIIRS,n,2.0NRT,,2.6,N,VIIRS_NOAA20_NRT,329.61,286.75,YES,,LOW
-3.15502,105.39016,,0.44,0.39,2026-09-25,1815,N20,VIIRS,n,2.0NRT,,2.56,N,VIIRS_NOAA20_NRT,307.18,286.9,YES,,LOW
-3.15498,105.38912,,0.44,0.39,2026-09-25,1815,N20,VIIRS,n,2.0NRT,,2.6,N,VIIRS_NOAA20_NRT,307.96,287.37,YES,,LOW
-3.15436,105.38516,,0.44,0.39,2026-09-25,1815,N20,VIIRS,n,2.0NRT,,3.05,N,VIIRS_NOAA20_NRT,305.76,288.42,YES,,LOW
-3.15372,105.38225,,0.44,0.39,2026-09-25,1815,N20,VIIRS,n,2.0NRT,,2.48,N,VIIRS_NOAA20_NRT,306.86,288.25,YES,,LOW
-3.15145,105.38969,,0.44,0.39,2026-09-25,1815,N20,VIIRS,n,2.0NRT,,14.17,N,VIIRS_NOAA20_NRT,353.6,294.07,YES,,HIGH
-3.15082,105.38572,,0.44,0.39,2026-09-25,1815,N20,VIIRS,n,2.0NRT,,3.6,N,VIIRS_NOAA20_NRT,310.61,288.6,YES,,LOW
-3.15019,105.38176,,0.44,0.39,2026-09-25,1815,N20,VIIRS,n,2.0NRT,,3.6,N,VIIRS_NOAA20_NRT,333.07,290.23,YES,,LOW
-3.10151,105.21291,,0.45,0.39,2026-09-25,1815,N20,VIIRS,n,2.0NRT,,0.85,N,VIIRS_NOAA20_NRT,295.08,268.32,NO,0.371,MONITORING
-3.0986,105.21752,,0.45,0.39,2026-09-25,1815,N20,VIIRS,n,2.0NRT,,0.97,N,VIIRS_NOAA20_NRT,297.87,267.74,NO,0.035,MONITORING
-3.09795,105.21348,,0.45,0.39,2026-09-25,1815,N20,VIIRS,n,2.0NRT,,0.85,N,VIIRS_NOAA20_NRT,308.4,268.34,NO,0.456,MONITORING
-3.08467,105.28996,,0.45,0.39,2026-09-25,1815,N20,VIIRS,n,2.0NRT,,0.86,N,VIIRS_NOAA20_NRT,297.9,278.0,YES,,LOW
-3.08402,105.28594,,0.45,0.39,2026-09-25,1815,N20,VIIRS,n,2.0NRT,,0.86,N,VIIRS_NOAA20_NRT,305.49,276.85,YES,,LOW
-3.08047,105.28652,,0.45,0.39,2026-09-25,1815,N20,VIIRS,n,2.0NRT,,0.86,N,VIIRS_NOAA20_NRT,301.49,277.15,YES,,LOW
-3.05607,105.60983,,0.43,0.38,2026-09-25,1815,N20,VIIRS,n,2.0NRT,,1.52,N,VIIRS_NOAA20_NRT,308.84,289.68,YES,,LOW
-3.05545,105.60596,,0.43,0.38,2026-09-25,1815,N20,VIIRS,n,2.0NRT,,1.52,N,VIIRS_NOAA20_NRT,306.29,289.16,YES,,LOW
-3.05257,105.61039,,0.43,0.38,2026-09-25,1815,N20,VIIRS,n,2.0NRT,,1.52,N,VIIRS_NOAA20_NRT,317.69,290.49,YES,,LOW
-3.05195,105.60651,,0.43,0.38,2026-09-25,1815,N20,VIIRS,n,2.0NRT,,1.52,N,VIIRS_NOAA20_NRT,313.29,290.49,YES,,LOW
-3.05133,105.60262,,0.43,0.38,2026-09-25,1815,N20,VIIRS,n,2.0NRT,,2.18,N,VIIRS_NOAA20_NRT,305.56,289.65,YES,,LOW
-3.04946,105.59093,,0.44,0.38,2026-09-25,1815,N20,VIIRS,n,2.0NRT,,1.99,N,VIIRS_NOAA20_NRT,307.81,287.5,YES,,LOW
-3.04907,105.61096,,0.43,0.38,2026-09-25,1815,N20,VIIRS,n,2.0NRT,,3.77,N,VIIRS_NOAA20_NRT,316.98,289.9,YES,,LOW
-3.04884,105.58703,,0.44,0.38,2026-09-25,1815,N20,VIIRS,n,2.0NRT,,1.79,N,VIIRS_NOAA20_NRT,314.09,287.02,YES,,LOW
-3.04844,105.60707,,0.43,0.38,2026-09-25,1815,N20,VIIRS,n,2.0NRT,,3.77,N,VIIRS_NOAA20_NRT,334.15,293.6,YES,,LOW
-3.04822,105.58313,,0.44,0.38,2026-09-25,1815,N20,VIIRS,n,2.0NRT,,1.79,N,VIIRS_NOAA20_NRT,310.97,285.26,YES,,LOW
-3.04782,105.60318,,0.43,0.38,2026-09-25,1815,N20,VIIRS,n,2.0NRT,,7.1,N,VIIRS_NOAA20_NRT,333.63,294.21,YES,,LOW
-3.0472,105.59928,,0.43,0.38,2026-09-25,1815,N20,VIIRS,n,2.0NRT,,7.1,N,VIIRS_NOAA20_NRT,315.97,291.13,YES,,LOW
-3.04697,105.57532,,0.44,0.38,2026-09-25,1815,N20,VIIRS,n,2.0NRT,,1.15,N,VIIRS_NOAA20_NRT,299.15,282.13,YES,,LOW
-3.04658,105.59539,,0.43,0.38,2026-09-25,1815,N20,VIIRS,n,2.0NRT,,9.95,N,VIIRS_NOAA20_NRT,316.75,290.38,YES,,LOW
-3.04596,105.59148,,0.44,0.38,2026-09-25,1815,N20,VIIRS,n,2.0NRT,,9.95,N,VIIRS_NOAA20_NRT,325.41,290.39,YES,,LOW
-3.04533,105.58759,,0.44,0.38,2026-09-25,1815,N20,VIIRS,n,2.0NRT,,9.33,N,VIIRS_NOAA20_NRT,344.58,293.56,YES,,LOW
-3.04494,105.60764,,0.43,0.38,2026-09-25,1815,N20,VIIRS,n,2.0NRT,,3.77,N,VIIRS_NOAA20_NRT,327.95,292.21,YES,,LOW
-3.04471,105.58369,,0.44,0.38,2026-09-25,1815,N20,VIIRS,n,2.0NRT,,9.33,N,VIIRS_NOAA20_NRT,331.35,288.79,YES,,LOW
-3.04432,105.60374,,0.43,0.38,2026-09-25,1815,N20,VIIRS,n,2.0NRT,,7.1,N,VIIRS_NOAA20_NRT,355.02,300.32,YES,,LOW
-3.0437,105.59985,,0.43,0.38,2026-09-25,1815,N20,VIIRS,n,2.0NRT,,7.1,N,VIIRS_NOAA20_NRT,351.31,298.85,YES,,LOW
-3.04347,105.57589,,0.44,0.38,2026-09-25,1815,N20,VIIRS,n,2.0NRT,,0.73,N,VIIRS_NOAA20_NRT,299.48,281.79,YES,,LOW
-3.04307,105.59595,,0.43,0.38,2026-09-25,1815,N20,VIIRS,h,2.0NRT,,9.95,N,VIIRS_NOAA20_NRT,367.0,303.64,YES,,LOW
-3.04245,105.59205,,0.44,0.38,2026-09-25,1815,N20,VIIRS,h,2.0NRT,,9.95,N,VIIRS_NOAA20_NRT,367.0,302.85,YES,,LOW
-3.04183,105.58816,,0.44,0.38,2026-09-25,1815,N20,VIIRS,h,2.0NRT,,9.33,N,VIIRS_NOAA20_NRT,367.0,298.89,YES,,LOW
-3.04121,105.58425,,0.44,0.38,2026-09-25,1815,N20,VIIRS,n,2.0NRT,,9.33,N,VIIRS_NOAA20_NRT,337.07,289.56,YES,,LOW
-3.04082,105.6043,,0.43,0.38,2026-09-25,1815,N20,VIIRS,n,2.0NRT,,9.9,N,VIIRS_NOAA20_NRT,343.37,296.44,YES,,LOW
-3.04058,105.58035,,0.44,0.38,2026-09-25,1815,N20,VIIRS,n,2.0NRT,,0.73,N,VIIRS_NOAA20_NRT,305.2,283.23,YES,,LOW
-3.04019,105.60041,,0.43,0.38,2026-09-25,1815,N20,VIIRS,h,2.0NRT,,9.9,N,VIIRS_NOAA20_NRT,367.0,304.51,YES,,LOW
-3.03996,105.57645,,0.44,0.38,2026-09-25,1815,N20,VIIRS,n,2.0NRT,,0.73,N,VIIRS_NOAA20_NRT,299.39,280.54,YES,,LOW
-3.03957,105.5965,,0.43,0.38,2026-09-25,1815,N20,VIIRS,n,2.0NRT,,30.24,N,VIIRS_NOAA20_NRT,355.94,306.57,YES,,HIGH
-3.03933,105.57254,,0.44,0.38,2026-09-25,1815,N20,VIIRS,n,2.0NRT,,0.9,N,VIIRS_NOAA20_NRT,299.65,278.92,YES,,LOW
-3.03895,105.59261,,0.44,0.38,2026-09-25,1815,N20,VIIRS,n,2.0NRT,,30.24,N,VIIRS_NOAA20_NRT,353.34,308.59,YES,,HIGH
-3.03832,105.58871,,0.44,0.38,2026-09-25,1815,N20,VIIRS,n,2.0NRT,,22.92,N,VIIRS_NOAA20_NRT,355.08,295.57,YES,,HIGH
-3.0377,105.58482,,0.44,0.38,2026-09-25,1815,N20,VIIRS,n,2.0NRT,,22.92,N,VIIRS_NOAA20_NRT,344.63,289.71,YES,,HIGH
-3.03731,105.60486,,0.43,0.38,2026-09-25,1815,N20,VIIRS,n,2.0NRT,,9.9,N,VIIRS_NOAA20_NRT,309.02,287.37,YES,,LOW
-3.03708,105.58091,,0.44,0.38,2026-09-25,1815,N20,VIIRS,n,2.0NRT,,1.3,N,VIIRS_NOAA20_NRT,311.96,282.15,YES,,LOW
-3.03669,105.60097,,0.43,0.38,2026-09-25,1815,N20,VIIRS,n,2.0NRT,,9.9,N,VIIRS_NOAA20_NRT,347.93,295.94,YES,,LOW
-3.03645,105.577,,0.44,0.38,2026-09-25,1815,N20,VIIRS,n,2.0NRT,,1.3,N,VIIRS_NOAA20_NRT,299.93,281.89,YES,,LOW
-3.03607,105.59707,,0.43,0.38,2026-09-25,1815,N20,VIIRS,n,2.0NRT,,30.24,N,VIIRS_NOAA20_NRT,356.12,306.44,YES,,HIGH
-3.03583,105.5731,,0.44,0.38,2026-09-25,1815,N20,VIIRS,n,2.0NRT,,0.7,N,VIIRS_NOAA20_NRT,298.99,280.39,YES,,LOW
-3.03544,105.59318,,0.44,0.38,2026-09-25,1815,N20,VIIRS,n,2.0NRT,,30.24,N,VIIRS_NOAA20_NRT,354.48,309.44,YES,,HIGH
-3.03482,105.58927,,0.44,0.38,2026-09-25,1815,N20,VIIRS,n,2.0NRT,,22.92,N,VIIRS_NOAA20_NRT,351.89,310.1,YES,,HIGH
-3.03419,105.58537,,0.44,0.38,2026-09-25,1815,N20,VIIRS,n,2.0NRT,,22.92,N,VIIRS_NOAA20_NRT,347.16,289.26,YES,,HIGH
-3.03357,105.58147,,0.44,0.38,2026-09-25,1815,N20,VIIRS,n,2.0NRT,,1.3,N,VIIRS_NOAA20_NRT,316.5,283.29,YES,,LOW
-3.03319,105.60152,,0.43,0.38,2026-09-25,1815,N20,VIIRS,n,2.0NRT,,3.67,N,VIIRS_NOAA20_NRT,334.32,291.65,YES,,LOW
-3.03294,105.57757,,0.44,0.38,2026-09-25,1815,N20,VIIRS,n,2.0NRT,,1.3,N,VIIRS_NOAA20_NRT,302.48,282.96,YES,,LOW
-3.03256,105.59763,,0.43,0.38,2026-09-25,1815,N20,VIIRS,h,2.0NRT,,19.59,N,VIIRS_NOAA20_NRT,367.0,300.07,YES,,HIGH
-3.03194,105.59373,,0.44,0.38,2026-09-25,1815,N20,VIIRS,n,2.0NRT,,19.59,N,VIIRS_NOAA20_NRT,355.83,304.23,YES,,HIGH
-3.03169,105.56976,,0.44,0.38,2026-09-25,1815,N20,VIIRS,n,2.0NRT,,0.7,N,VIIRS_NOAA20_NRT,299.45,281.01,YES,,LOW
-3.03131,105.58984,,0.44,0.38,2026-09-25,1815,N20,VIIRS,n,2.0NRT,,26.61,N,VIIRS_NOAA20_NRT,352.4,305.61,YES,,HIGH
-3.03069,105.58594,,0.44,0.38,2026-09-25,1815,N20,VIIRS,n,2.0NRT,,26.61,N,VIIRS_NOAA20_NRT,354.09,298.69,YES,,HIGH
-3.03031,105.60598,,0.43,0.38,2026-09-25,1815,N20,VIIRS,n,2.0NRT,,3.67,N,VIIRS_NOAA20_NRT,325.79,284.62,YES,,LOW
-3.03006,105.58203,,0.44,0.38,2026-09-25,1815,N20,VIIRS,n,2.0NRT,,5.63,N,VIIRS_NOAA20_NRT,335.69,284.29,YES,,LOW
-3.02968,105.60209,,0.43,0.38,2026-09-25,1815,N20,VIIRS,n,2.0NRT,,3.67,N,VIIRS_NOAA20_NRT,319.46,285.92,YES,,LOW
-3.02944,105.57812,,0.44,0.38,2026-09-25,1815,N20,VIIRS,n,2.0NRT,,5.63,N,VIIRS_NOAA20_NRT,302.78,282.35,YES,,LOW
-3.02906,105.59819,,0.43,0.38,2026-09-25,1815,N20,VIIRS,n,2.0NRT,,19.59,N,VIIRS_NOAA20_NRT,352.65,295.59,YES,,HIGH
-3.02843,105.59429,,0.44,0.38,2026-09-25,1815,N20,VIIRS,n,2.0NRT,,19.59,N,VIIRS_NOAA20_NRT,356.36,300.57,YES,,HIGH
-3.02781,105.59039,,0.44,0.38,2026-09-25,1815,N20,VIIRS,h,2.0NRT,,26.61,N,VIIRS_NOAA20_NRT,367.0,294.63,YES,,HIGH
-3.02718,105.58649,,0.44,0.38,2026-09-25,1815,N20,VIIRS,n,2.0NRT,,26.61,N,VIIRS_NOAA20_NRT,354.86,293.47,YES,,HIGH
-3.0268,105.60654,,0.43,0.38,2026-09-25,1815,N20,VIIRS,n,2.0NRT,,0.76,N,VIIRS_NOAA20_NRT,301.29,283.73,YES,,LOW
-3.02656,105.5826,,0.44,0.38,2026-09-25,1815,N20,VIIRS,n,2.0NRT,,5.63,N,VIIRS_NOAA20_NRT,333.16,284.12,YES,,LOW
-3.02618,105.60265,,0.43,0.38,2026-09-25,1815,N20,VIIRS,n,2.0NRT,,0.76,N,VIIRS_NOAA20_NRT,303.39,285.03,YES,,LOW
-3.02593,105.57869,,0.44,0.38,2026-09-25,1815,N20,VIIRS,n,2.0NRT,,5.63,N,VIIRS_NOAA20_NRT,301.44,282.58,YES,,LOW
-3.02555,105.59875,,0.43,0.38,2026-09-25,1815,N20,VIIRS,n,2.0NRT,,5.96,N,VIIRS_NOAA20_NRT,329.99,289.0,YES,,LOW
-3.02493,105.59486,,0.44,0.38,2026-09-25,1815,N20,VIIRS,n,2.0NRT,,5.96,N,VIIRS_NOAA20_NRT,353.77,295.26,YES,,LOW
-3.0243,105.59096,,0.44,0.38,2026-09-25,1815,N20,VIIRS,h,2.0NRT,,9.66,N,VIIRS_NOAA20_NRT,367.0,295.17,YES,,LOW
-3.02367,105.58705,,0.44,0.38,2026-09-25,1815,N20,VIIRS,n,2.0NRT,,9.66,N,VIIRS_NOAA20_NRT,331.96,287.11,YES,,LOW
-3.02142,105.59541,,0.44,0.38,2026-09-25,1815,N20,VIIRS,n,2.0NRT,,5.96,N,VIIRS_NOAA20_NRT,308.11,285.22,YES,,LOW
-2.80951,106.10831,,0.42,0.38,2026-09-25,1815,N20,VIIRS,n,2.0NRT,,3.66,N,VIIRS_NOAA20_NRT,330.17,270.08,NO,20.594,MONITORING
-2.80334,105.16624,,0.46,0.39,2026-09-25,1815,N20,VIIRS,n,2.0NRT,,2.61,N,VIIRS_NOAA20_NRT,313.79,286.73,NO,8.542,MONITORING
-2.79818,105.17963,,0.46,0.39,2026-09-25,1815,N20,VIIRS,n,2.0NRT,,2.0,N,VIIRS_NOAA20_NRT,314.91,285.35,NO,7.161,MONITORING
-2.79592,105.17912,,0.46,0.39,2026-09-25,1815,N20,VIIRS,n,2.0NRT,,1.84,N,VIIRS_NOAA20_NRT,312.68,286.38,NO,6.993,MONITORING
-2.75519,105.98961,,0.42,0.38,2026-09-25,1815,N20,VIIRS,n,2.0NRT,,0.93,N,VIIRS_NOAA20_NRT,301.2,284.79,NO,21.26,MONITORING
-2.75477,106.00905,,0.42,0.38,2026-09-25,1815,N20,VIIRS,n,2.0NRT,,1.45,N,VIIRS_NOAA20_NRT,300.33,281.85,NO,21.76,MONITORING
-2.69477,106.0261,,0.42,0.38,2026-09-25,1815,N20,VIIRS,n,2.0NRT,,1.11,N,VIIRS_NOAA20_NRT,306.65,288.1,NO,26.796,MONITORING
-2.67824,105.96665,,0.42,0.38,2026-09-25,1815,N20,VIIRS,n,2.0NRT,,2.21,N,VIIRS_NOAA20_NRT,303.4,288.05,NO,20.505,MONITORING
-2.67538,105.97099,,0.42,0.38,2026-09-25,1815,N20,VIIRS,n,2.0NRT,,1.68,N,VIIRS_NOAA20_NRT,305.04,288.11,NO,21.043,MONITORING
-2.67477,105.96719,,0.42,0.38,2026-09-25,1815,N20,VIIRS,n,2.0NRT,,2.21,N,VIIRS_NOAA20_NRT,336.48,290.05,NO,20.644,MONITORING
-2.65747,106.12464,,0.42,0.38,2026-09-25,1815,N20,VIIRS,n,2.0NRT,,0.89,N,VIIRS_NOAA20_NRT,307.91,291.79,NO,36.813,MONITORING
-2.53991,105.41721,,0.45,0.39,2026-09-25,1815,N20,VIIRS,n,2.0NRT,,0.98,N,VIIRS_NOAA20_NRT,297.27,278.19,YES,,LOW
-2.53506,105.40976,,0.45,0.39,2026-09-25,1815,N20,VIIRS,n,2.0NRT,,0.87,N,VIIRS_NOAA20_NRT,302.15,281.27,YES,,LOW
-4.2482,105.72965,,0.47,0.48,2026-09-26,657,N20,VIIRS,n,2.0NRT,,9.17,D,VIIRS_NOAA20_NRT,350.2,297.49,NO,11.701,MONITORING
-4.24787,105.72997,,0.47,0.48,2026-09-26,657,N20,VIIRS,n,2.0NRT,,11.14,D,VIIRS_NOAA20_NRT,343.19,297.22,NO,11.66,MONITORING
-4.2045,105.6927,,0.47,0.48,2026-09-26,657,N20,VIIRS,n,2.0NRT,,6.1,D,VIIRS_NOAA20_NRT,340.49,298.8,NO,7.553,MONITORING
-4.09822,105.40919,,0.45,0.47,2026-09-26,657,N20,VIIRS,n,2.0NRT,,17.66,D,VIIRS_NOAA20_NRT,341.51,300.2,NO,22.311,MONITORING
-4.09755,105.41325,,0.45,0.47,2026-09-26,657,N20,VIIRS,n,2.0NRT,,15.62,D,VIIRS_NOAA20_NRT,356.42,301.22,NO,21.854,MONITORING
-4.09687,105.4173,,0.45,0.47,2026-09-26,657,N20,VIIRS,n,2.0NRT,,15.62,D,VIIRS_NOAA20_NRT,342.54,297.12,NO,21.398,MONITORING
-4.09586,105.40894,,0.45,0.47,2026-09-26,657,N20,VIIRS,n,2.0NRT,,36.66,D,VIIRS_NOAA20_NRT,349.13,301.59,NO,22.279,MONITORING
-4.09522,105.41301,,0.45,0.47,2026-09-26,657,N20,VIIRS,n,2.0NRT,,14.41,D,VIIRS_NOAA20_NRT,344.31,299.01,NO,21.821,MONITORING
-4.09392,105.40851,,0.45,0.47,2026-09-26,657,N20,VIIRS,n,2.0NRT,,17.66,D,VIIRS_NOAA20_NRT,340.0,298.13,NO,22.279,MONITORING
-4.09325,105.41256,,0.45,0.47,2026-09-26,657,N20,VIIRS,n,2.0NRT,,15.62,D,VIIRS_NOAA20_NRT,343.32,298.25,NO,21.822,MONITORING
-4.06474,105.61119,,0.47,0.47,2026-09-26,657,N20,VIIRS,n,2.0NRT,,3.13,D,VIIRS_NOAA20_NRT,334.55,296.21,NO,0.754,MONITORING
-4.05259,105.43135,,0.45,0.47,2026-09-26,657,N20,VIIRS,n,2.0NRT,,8.32,D,VIIRS_NOAA20_NRT,340.99,299.96,NO,19.218,MONITORING
-3.97,105.58379,,0.47,0.47,2026-09-26,657,N20,VIIRS,n,2.0NRT,,6.19,D,VIIRS_NOAA20_NRT,331.5,300.26,NO,1.769,MONITORING
-3.89215,105.84038,,0.49,0.48,2026-09-26,657,N20,VIIRS,n,2.0NRT,,7.07,D,VIIRS_NOAA20_NRT,334.57,295.95,YES,,LOW
-3.85784,105.91168,,0.49,0.49,2026-09-26,657,N20,VIIRS,n,2.0NRT,,13.75,D,VIIRS_NOAA20_NRT,337.67,296.89,YES,,HIGH
-3.85712,105.91611,,0.49,0.49,2026-09-26,657,N20,VIIRS,n,2.0NRT,,28.84,D,VIIRS_NOAA20_NRT,353.42,298.54,YES,,HIGH
-3.84673,105.22901,,0.44,0.46,2026-09-26,657,N20,VIIRS,n,2.0NRT,,2.37,D,VIIRS_NOAA20_NRT,330.46,296.73,YES,,LOW
-3.83401,105.58414,,0.47,0.48,2026-09-26,657,N20,VIIRS,n,2.0NRT,,12.54,D,VIIRS_NOAA20_NRT,345.63,298.83,YES,,HIGH
-3.83032,105.57925,,0.47,0.48,2026-09-26,657,N20,VIIRS,n,2.0NRT,,14.51,D,VIIRS_NOAA20_NRT,347.06,297.86,YES,,HIGH
-3.81727,105.46592,,0.46,0.47,2026-09-26,657,N20,VIIRS,n,2.0NRT,,5.6,D,VIIRS_NOAA20_NRT,334.5,298.89,YES,,LOW
-3.81456,105.53804,,0.47,0.47,2026-09-26,657,N20,VIIRS,n,2.0NRT,,6.54,D,VIIRS_NOAA20_NRT,336.21,296.12,YES,,LOW
-3.81429,105.40215,,0.46,0.47,2026-09-26,657,N20,VIIRS,n,2.0NRT,,5.96,D,VIIRS_NOAA20_NRT,341.36,298.63,NO,3.2,MONITORING
-3.81388,105.54223,,0.47,0.47,2026-09-26,657,N20,VIIRS,n,2.0NRT,,6.54,D,VIIRS_NOAA20_NRT,338.42,296.07,YES,,LOW
-3.8123,105.25233,,0.45,0.47,2026-09-26,657,N20,VIIRS,n,2.0NRT,,3.95,D,VIIRS_NOAA20_NRT,333.41,295.4,YES,,LOW
-3.81131,105.39327,,0.46,0.47,2026-09-26,657,N20,VIIRS,n,2.0NRT,,40.19,D,VIIRS_NOAA20_NRT,339.7,305.67,NO,3.233,MONITORING
-3.81064,105.39737,,0.46,0.47,2026-09-26,657,N20,VIIRS,n,2.0NRT,,40.19,D,VIIRS_NOAA20_NRT,353.72,300.81,NO,3.579,MONITORING
-3.80997,105.40147,,0.46,0.47,2026-09-26,657,N20,VIIRS,n,2.0NRT,,7.74,D,VIIRS_NOAA20_NRT,334.58,298.48,NO,3.399,MONITORING
-3.80891,105.49012,,0.46,0.47,2026-09-26,657,N20,VIIRS,n,2.0NRT,,8.69,D,VIIRS_NOAA20_NRT,341.81,298.28,YES,,LOW
-3.80824,105.49428,,0.46,0.47,2026-09-26,657,N20,VIIRS,n,2.0NRT,,8.64,D,VIIRS_NOAA20_NRT,343.46,297.61,YES,,LOW
-3.80726,105.47285,,0.46,0.47,2026-09-26,657,N20,VIIRS,n,2.0NRT,,5.44,D,VIIRS_NOAA20_NRT,331.53,297.89,YES,,LOW
-3.80659,105.47699,,0.46,0.47,2026-09-26,657,N20,VIIRS,n,2.0NRT,,7.54,D,VIIRS_NOAA20_NRT,335.14,295.82,YES,,LOW
-3.80566,105.40079,,0.46,0.47,2026-09-26,657,N20,VIIRS,h,2.0NRT,,7.74,D,VIIRS_NOAA20_NRT,367.0,301.31,NO,3.088,MONITORING
-3.80457,105.48944,,0.46,0.47,2026-09-26,657,N20,VIIRS,h,2.0NRT,,16.8,D,VIIRS_NOAA20_NRT,367.0,299.34,YES,,HIGH
-3.8039,105.4936,,0.46,0.47,2026-09-26,657,N20,VIIRS,n,2.0NRT,,7.82,D,VIIRS_NOAA20_NRT,336.36,295.41,YES,,LOW
-3.80158,105.48046,,0.46,0.47,2026-09-26,657,N20,VIIRS,n,2.0NRT,,7.54,D,VIIRS_NOAA20_NRT,355.18,299.42,YES,,LOW
-3.8009,105.48461,,0.46,0.47,2026-09-26,657,N20,VIIRS,n,2.0NRT,,16.8,D,VIIRS_NOAA20_NRT,353.82,298.52,YES,,HIGH
-3.79724,105.47978,,0.46,0.47,2026-09-26,657,N20,VIIRS,n,2.0NRT,,5.31,D,VIIRS_NOAA20_NRT,336.84,295.68,YES,,LOW
-3.79463,105.20504,,0.44,0.46,2026-09-26,657,N20,VIIRS,n,2.0NRT,,10.01,D,VIIRS_NOAA20_NRT,345.74,299.84,YES,,HIGH
-3.79402,105.58217,,0.47,0.48,2026-09-26,657,N20,VIIRS,n,2.0NRT,,8.14,D,VIIRS_NOAA20_NRT,338.8,301.59,YES,,LOW
-3.79395,105.20443,,0.44,0.46,2026-09-26,657,N20,VIIRS,n,2.0NRT,,21.75,D,VIIRS_NOAA20_NRT,351.34,301.0,YES,,HIGH
-3.791,105.20037,,0.44,0.46,2026-09-26,657,N20,VIIRS,n,2.0NRT,,10.01,D,VIIRS_NOAA20_NRT,341.88,297.33,YES,,HIGH
-3.79037,105.20438,,0.44,0.46,2026-09-26,657,N20,VIIRS,n,2.0NRT,,10.01,D,VIIRS_NOAA20_NRT,339.09,296.88,YES,,HIGH
-3.78965,105.58149,,0.47,0.48,2026-09-26,657,N20,VIIRS,n,2.0NRT,,5.94,D,VIIRS_NOAA20_NRT,331.98,299.98,YES,,LOW
-3.78897,105.5857,,0.47,0.48,2026-09-26,657,N20,VIIRS,n,2.0NRT,,5.87,D,VIIRS_NOAA20_NRT,333.46,297.94,YES,,LOW
-3.78751,105.73419,,0.48,0.48,2026-09-26,657,N20,VIIRS,n,2.0NRT,,6.39,D,VIIRS_NOAA20_NRT,336.54,293.5,YES,,LOW
-3.78626,105.46531,,0.46,0.47,2026-09-26,657,N20,VIIRS,n,2.0NRT,,2.06,D,VIIRS_NOAA20_NRT,334.88,295.27,YES,,LOW
-3.78297,105.56748,,0.47,0.48,2026-09-26,657,N20,VIIRS,n,2.0NRT,,6.37,D,VIIRS_NOAA20_NRT,332.02,296.3,YES,,LOW
-3.77997,105.5584,,0.47,0.48,2026-09-26,657,N20,VIIRS,n,2.0NRT,,9.82,D,VIIRS_NOAA20_NRT,344.63,299.9,YES,,LOW
-3.77937,105.72849,,0.48,0.48,2026-09-26,657,N20,VIIRS,n,2.0NRT,,7.53,D,VIIRS_NOAA20_NRT,333.29,292.26,YES,,LOW
-3.77929,105.56259,,0.47,0.48,2026-09-26,657,N20,VIIRS,n,2.0NRT,,9.82,D,VIIRS_NOAA20_NRT,352.69,300.06,YES,,LOW
-3.77492,105.56191,,0.47,0.48,2026-09-26,657,N20,VIIRS,h,2.0NRT,,10.41,D,VIIRS_NOAA20_NRT,367.0,307.14,YES,,HIGH
-3.77423,105.56612,,0.47,0.48,2026-09-26,657,N20,VIIRS,n,2.0NRT,,10.0,D,VIIRS_NOAA20_NRT,336.98,301.67,YES,,HIGH
-3.77125,105.55701,,0.47,0.48,2026-09-26,657,N20,VIIRS,n,2.0NRT,,10.41,D,VIIRS_NOAA20_NRT,338.24,298.45,YES,,HIGH
-3.77056,105.56123,,0.47,0.48,2026-09-26,657,N20,VIIRS,n,2.0NRT,,10.41,D,VIIRS_NOAA20_NRT,342.88,302.67,YES,,HIGH
-3.76867,105.43715,,0.46,0.47,2026-09-26,657,N20,VIIRS,n,2.0NRT,,16.87,D,VIIRS_NOAA20_NRT,347.76,298.15,YES,,HIGH
-3.76742,105.43356,,0.46,0.47,2026-09-26,657,N20,VIIRS,n,2.0NRT,,10.91,D,VIIRS_NOAA20_NRT,335.39,296.01,YES,,HIGH
-3.76677,105.43768,,0.46,0.47,2026-09-26,657,N20,VIIRS,n,2.0NRT,,11.91,D,VIIRS_NOAA20_NRT,341.46,296.7,YES,,HIGH
-3.76619,105.56055,,0.47,0.48,2026-09-26,657,N20,VIIRS,n,2.0NRT,,9.88,D,VIIRS_NOAA20_NRT,340.08,301.24,YES,,LOW
-3.76047,105.48679,,0.46,0.47,2026-09-26,657,N20,VIIRS,n,2.0NRT,,3.46,D,VIIRS_NOAA20_NRT,335.53,296.09,YES,,LOW
-3.75893,105.48746,,0.46,0.47,2026-09-26,657,N20,VIIRS,n,2.0NRT,,1.74,D,VIIRS_NOAA20_NRT,330.01,295.37,YES,,LOW
-3.75663,105.38968,,0.46,0.47,2026-09-26,657,N20,VIIRS,n,2.0NRT,,8.76,D,VIIRS_NOAA20_NRT,336.96,298.11,YES,,LOW
-3.75598,105.39378,,0.46,0.47,2026-09-26,657,N20,VIIRS,n,2.0NRT,,4.48,D,VIIRS_NOAA20_NRT,339.59,296.77,YES,,LOW
-3.75379,105.55429,,0.47,0.48,2026-09-26,657,N20,VIIRS,n,2.0NRT,,6.97,D,VIIRS_NOAA20_NRT,348.04,303.37,YES,,LOW
-3.75316,105.47713,,0.46,0.47,2026-09-26,657,N20,VIIRS,n,2.0NRT,,5.95,D,VIIRS_NOAA20_NRT,343.5,294.57,YES,,LOW
-3.7531,105.55849,,0.47,0.48,2026-09-26,657,N20,VIIRS,n,2.0NRT,,6.97,D,VIIRS_NOAA20_NRT,339.18,299.58,YES,,LOW
-3.75167,105.3931,,0.46,0.47,2026-09-26,657,N20,VIIRS,n,2.0NRT,,4.48,D,VIIRS_NOAA20_NRT,336.19,298.54,YES,,LOW
-3.75156,105.47777,,0.46,0.47,2026-09-26,657,N20,VIIRS,n,2.0NRT,,5.19,D,VIIRS_NOAA20_NRT,339.84,294.32,YES,,LOW
-3.74601,105.54114,,0.47,0.48,2026-09-26,657,N20,VIIRS,n,2.0NRT,,5.14,D,VIIRS_NOAA20_NRT,338.04,295.74,YES,,LOW
-3.74486,105.46393,,0.46,0.47,2026-09-26,657,N20,VIIRS,n,2.0NRT,,24.11,D,VIIRS_NOAA20_NRT,332.65,293.1,YES,,HIGH
-3.74447,105.4384,,0.46,0.47,2026-09-26,657,N20,VIIRS,n,2.0NRT,,12.05,D,VIIRS_NOAA20_NRT,341.26,296.04,YES,,HIGH
-3.74279,105.53965,,0.47,0.48,2026-09-26,657,N20,VIIRS,n,2.0NRT,,5.78,D,VIIRS_NOAA20_NRT,333.79,297.44,YES,,LOW
-3.74228,105.5697,,0.47,0.48,2026-09-26,657,N20,VIIRS,n,2.0NRT,,3.94,D,VIIRS_NOAA20_NRT,334.86,299.58,YES,,LOW
-3.74211,105.42534,,0.46,0.47,2026-09-26,657,N20,VIIRS,n,2.0NRT,,4.54,D,VIIRS_NOAA20_NRT,334.94,295.83,YES,,LOW
-3.74209,105.54386,,0.47,0.48,2026-09-26,657,N20,VIIRS,n,2.0NRT,,18.09,D,VIIRS_NOAA20_NRT,347.33,302.53,YES,,HIGH
-3.74165,105.54044,,0.47,0.48,2026-09-26,657,N20,VIIRS,n,2.0NRT,,8.26,D,VIIRS_NOAA20_NRT,340.47,299.82,YES,,LOW
-3.74159,105.5739,,0.47,0.48,2026-09-26,657,N20,VIIRS,n,2.0NRT,,3.94,D,VIIRS_NOAA20_NRT,330.68,298.25,YES,,LOW
-3.74145,105.42946,,0.46,0.47,2026-09-26,657,N20,VIIRS,n,2.0NRT,,4.54,D,VIIRS_NOAA20_NRT,334.9,295.69,YES,,LOW
-3.74136,105.57056,,0.47,0.48,2026-09-26,657,N20,VIIRS,n,2.0NRT,,9.83,D,VIIRS_NOAA20_NRT,340.1,299.03,YES,,LOW
-3.74118,105.4591,,0.46,0.47,2026-09-26,657,N20,VIIRS,n,2.0NRT,,24.11,D,VIIRS_NOAA20_NRT,353.42,304.46,YES,,HIGH
-3.74098,105.54465,,0.47,0.48,2026-09-26,657,N20,VIIRS,n,2.0NRT,,14.31,D,VIIRS_NOAA20_NRT,337.33,301.71,YES,,HIGH
-3.73792,105.56899,,0.47,0.48,2026-09-26,657,N20,VIIRS,n,2.0NRT,,3.66,D,VIIRS_NOAA20_NRT,332.21,297.09,YES,,LOW
-3.73684,105.4584,,0.46,0.47,2026-09-26,657,N20,VIIRS,n,2.0NRT,,3.13,D,VIIRS_NOAA20_NRT,332.29,292.49,YES,,LOW
-3.72511,105.39314,,0.46,0.47,2026-09-26,657,N20,VIIRS,n,2.0NRT,,4.8,D,VIIRS_NOAA20_NRT,338.04,294.93,YES,,LOW
-3.69359,105.72959,,0.48,0.48,2026-09-26,657,N20,VIIRS,n,2.0NRT,,17.04,D,VIIRS_NOAA20_NRT,333.88,296.77,YES,,HIGH
-3.6929,105.73391,,0.48,0.48,2026-09-26,657,N20,VIIRS,n,2.0NRT,,17.04,D,VIIRS_NOAA20_NRT,353.82,299.31,YES,,HIGH
-3.69221,105.73824,,0.48,0.48,2026-09-26,657,N20,VIIRS,n,2.0NRT,,8.38,D,VIIRS_NOAA20_NRT,332.15,294.68,YES,,LOW
-3.68848,105.73322,,0.48,0.48,2026-09-26,657,N20,VIIRS,n,2.0NRT,,17.04,D,VIIRS_NOAA20_NRT,341.53,298.39,YES,,HIGH
-3.68779,105.73754,,0.48,0.48,2026-09-26,657,N20,VIIRS,n,2.0NRT,,8.38,D,VIIRS_NOAA20_NRT,341.37,297.21,YES,,LOW
-3.66383,105.68941,,0.48,0.48,2026-09-26,657,N20,VIIRS,n,2.0NRT,,14.79,D,VIIRS_NOAA20_NRT,356.5,299.01,YES,,HIGH
-3.66313,105.69374,,0.48,0.48,2026-09-26,657,N20,VIIRS,n,2.0NRT,,14.79,D,VIIRS_NOAA20_NRT,340.61,296.68,YES,,HIGH
-3.65942,105.68873,,0.48,0.48,2026-09-26,657,N20,VIIRS,n,2.0NRT,,14.79,D,VIIRS_NOAA20_NRT,354.52,299.29,YES,,HIGH
-3.62355,105.71419,,0.48,0.48,2026-09-26,657,N20,VIIRS,n,2.0NRT,,10.55,D,VIIRS_NOAA20_NRT,344.71,302.0,YES,,HIGH
-3.62115,105.28491,,0.45,0.47,2026-09-26,657,N20,VIIRS,n,2.0NRT,,4.95,D,VIIRS_NOAA20_NRT,339.51,297.4,YES,,LOW
-3.60993,105.29981,,0.45,0.47,2026-09-26,657,N20,VIIRS,n,2.0NRT,,79.29,D,VIIRS_NOAA20_NRT,342.5,298.42,YES,,HIGH
-3.60628,105.2951,,0.45,0.47,2026-09-26,657,N20,VIIRS,n,2.0NRT,,79.29,D,VIIRS_NOAA20_NRT,338.81,299.45,YES,,HIGH
-3.58562,105.61619,,0.48,0.48,2026-09-26,657,N20,VIIRS,n,2.0NRT,,6.1,D,VIIRS_NOAA20_NRT,343.47,299.91,YES,,LOW
-3.58494,105.62043,,0.48,0.48,2026-09-26,657,N20,VIIRS,n,2.0NRT,,6.1,D,VIIRS_NOAA20_NRT,336.4,297.83,YES,,LOW
-3.58191,105.61124,,0.48,0.48,2026-09-26,657,N20,VIIRS,n,2.0NRT,,3.61,D,VIIRS_NOAA20_NRT,333.75,297.75,YES,,LOW
-3.5782,105.60626,,0.47,0.48,2026-09-26,657,N20,VIIRS,l,2.0NRT,,5.53,D,VIIRS_NOAA20_NRT,330.3,300.45,YES,,LOW
-3.54927,105.64566,,0.48,0.48,2026-09-26,657,N20,VIIRS,l,2.0NRT,,6.13,D,VIIRS_NOAA20_NRT,330.3,301.1,YES,,LOW
-3.54556,105.64067,,0.48,0.48,2026-09-26,657,N20,VIIRS,n,2.0NRT,,3.9,D,VIIRS_NOAA20_NRT,338.23,296.73,YES,,LOW
-3.53975,105.64856,,0.48,0.48,2026-09-26,657,N20,VIIRS,n,2.0NRT,,5.53,D,VIIRS_NOAA20_NRT,335.61,298.73,YES,,LOW
-3.53394,105.65646,,0.48,0.48,2026-09-26,657,N20,VIIRS,n,2.0NRT,,10.39,D,VIIRS_NOAA20_NRT,335.93,297.3,YES,,HIGH
-3.53323,105.66077,,0.48,0.48,2026-09-26,657,N20,VIIRS,n,2.0NRT,,11.82,D,VIIRS_NOAA20_NRT,347.66,302.0,YES,,HIGH
-3.51774,105.64629,,0.48,0.48,2026-09-26,657,N20,VIIRS,n,2.0NRT,,20.05,D,VIIRS_NOAA20_NRT,352.7,302.49,YES,,HIGH
-3.51772,105.64509,,0.48,0.48,2026-09-26,657,N20,VIIRS,n,2.0NRT,,13.62,D,VIIRS_NOAA20_NRT,339.35,301.97,YES,,HIGH
-3.51701,105.64938,,0.48,0.48,2026-09-26,657,N20,VIIRS,n,2.0NRT,,11.23,D,VIIRS_NOAA20_NRT,341.76,298.21,YES,,HIGH
-3.4979,105.77242,,0.49,0.48,2026-09-26,657,N20,VIIRS,n,2.0NRT,,8.11,D,VIIRS_NOAA20_NRT,340.52,293.8,YES,,LOW
-3.49582,105.78564,,0.49,0.49,2026-09-26,657,N20,VIIRS,n,2.0NRT,,8.64,D,VIIRS_NOAA20_NRT,331.27,300.08,YES,,LOW
-3.49513,105.79003,,0.49,0.49,2026-09-26,657,N20,VIIRS,n,2.0NRT,,9.73,D,VIIRS_NOAA20_NRT,339.96,298.2,YES,,LOW
-3.49475,105.78404,,0.49,0.49,2026-09-26,657,N20,VIIRS,n,2.0NRT,,18.21,D,VIIRS_NOAA20_NRT,346.25,299.47,YES,,HIGH
-3.49402,105.78844,,0.49,0.49,2026-09-26,657,N20,VIIRS,n,2.0NRT,,8.09,D,VIIRS_NOAA20_NRT,351.38,301.9,YES,,LOW
-3.49329,105.79284,,0.49,0.49,2026-09-26,657,N20,VIIRS,n,2.0NRT,,8.09,D,VIIRS_NOAA20_NRT,330.0,294.66,YES,,LOW
-3.49206,105.78052,,0.49,0.49,2026-09-26,657,N20,VIIRS,n,2.0NRT,,8.64,D,VIIRS_NOAA20_NRT,341.77,297.41,YES,,LOW
-3.49137,105.78493,,0.49,0.49,2026-09-26,657,N20,VIIRS,n,2.0NRT,,8.64,D,VIIRS_NOAA20_NRT,341.72,297.46,YES,,LOW
-3.49067,105.78934,,0.49,0.49,2026-09-26,657,N20,VIIRS,n,2.0NRT,,9.73,D,VIIRS_NOAA20_NRT,344.41,297.27,YES,,LOW
-3.48957,105.78775,,0.49,0.49,2026-09-26,657,N20,VIIRS,n,2.0NRT,,8.09,D,VIIRS_NOAA20_NRT,348.87,296.12,YES,,LOW
-3.4865,105.42036,,0.46,0.47,2026-09-26,657,N20,VIIRS,n,2.0NRT,,3.59,D,VIIRS_NOAA20_NRT,335.78,300.18,YES,,LOW
-3.47464,105.2047,,0.45,0.47,2026-09-26,657,N20,VIIRS,n,2.0NRT,,8.34,D,VIIRS_NOAA20_NRT,340.92,299.61,YES,,LOW
-3.474,105.20874,,0.45,0.47,2026-09-26,657,N20,VIIRS,n,2.0NRT,,7.74,D,VIIRS_NOAA20_NRT,336.48,299.98,YES,,LOW
-3.47312,105.20456,,0.45,0.47,2026-09-26,657,N20,VIIRS,n,2.0NRT,,4.22,D,VIIRS_NOAA20_NRT,338.94,299.45,YES,,LOW
-3.47246,105.20858,,0.45,0.47,2026-09-26,657,N20,VIIRS,n,2.0NRT,,4.47,D,VIIRS_NOAA20_NRT,340.02,299.85,YES,,LOW
-3.47083,105.19184,,0.45,0.47,2026-09-26,657,N20,VIIRS,n,2.0NRT,,3.29,D,VIIRS_NOAA20_NRT,331.02,296.32,YES,,LOW
-3.46909,105.2121,,0.45,0.47,2026-09-26,657,N20,VIIRS,n,2.0NRT,,5.94,D,VIIRS_NOAA20_NRT,333.59,297.05,YES,,LOW
-3.46861,105.18726,,0.45,0.47,2026-09-26,657,N20,VIIRS,n,2.0NRT,,7.92,D,VIIRS_NOAA20_NRT,340.9,297.39,YES,,LOW
-3.46798,105.19128,,0.45,0.47,2026-09-26,657,N20,VIIRS,n,2.0NRT,,8.39,D,VIIRS_NOAA20_NRT,334.89,296.75,YES,,LOW
-3.46751,105.21194,,0.45,0.47,2026-09-26,657,N20,VIIRS,n,2.0NRT,,4.47,D,VIIRS_NOAA20_NRT,331.84,296.54,YES,,LOW
-3.4613,105.576,,0.47,0.48,2026-09-26,657,N20,VIIRS,n,2.0NRT,,4.39,D,VIIRS_NOAA20_NRT,330.5,298.03,YES,,LOW
-3.45268,105.43646,,0.46,0.47,2026-09-26,657,N20,VIIRS,l,2.0NRT,,6.66,D,VIIRS_NOAA20_NRT,331.8,302.67,YES,,LOW
-3.45106,105.41915,,0.46,0.47,2026-09-26,657,N20,VIIRS,n,2.0NRT,,115.54,D,VIIRS_NOAA20_NRT,343.18,305.27,YES,,HIGH
-3.44103,105.19532,,0.45,0.47,2026-09-26,657,N20,VIIRS,n,2.0NRT,,7.98,D,VIIRS_NOAA20_NRT,350.48,298.72,YES,,LOW
-3.43675,105.19466,,0.45,0.47,2026-09-26,657,N20,VIIRS,n,2.0NRT,,17.2,D,VIIRS_NOAA20_NRT,353.37,302.87,YES,,HIGH
-3.43611,105.19868,,0.45,0.47,2026-09-26,657,N20,VIIRS,n,2.0NRT,,17.2,D,VIIRS_NOAA20_NRT,341.14,298.68,YES,,HIGH
-3.43311,105.18996,,0.45,0.47,2026-09-26,657,N20,VIIRS,n,2.0NRT,,10.75,D,VIIRS_NOAA20_NRT,330.72,300.05,YES,,HIGH
-3.43247,105.19398,,0.45,0.47,2026-09-26,657,N20,VIIRS,n,2.0NRT,,17.2,D,VIIRS_NOAA20_NRT,353.27,306.93,YES,,HIGH
-3.43182,105.19801,,0.45,0.47,2026-09-26,657,N20,VIIRS,n,2.0NRT,,17.2,D,VIIRS_NOAA20_NRT,334.96,297.85,YES,,HIGH
-3.42819,105.19331,,0.45,0.47,2026-09-26,657,N20,VIIRS,n,2.0NRT,,6.3,D,VIIRS_NOAA20_NRT,348.29,294.45,YES,,LOW
-3.42585,105.18056,,0.45,0.47,2026-09-26,657,N20,VIIRS,n,2.0NRT,,9.49,D,VIIRS_NOAA20_NRT,336.15,296.73,YES,,LOW
-3.4252,105.18459,,0.45,0.47,2026-09-26,657,N20,VIIRS,n,2.0NRT,,8.4,D,VIIRS_NOAA20_NRT,332.47,294.08,YES,,LOW
-3.39336,105.4103,,0.46,0.47,2026-09-26,657,N20,VIIRS,n,2.0NRT,,7.4,D,VIIRS_NOAA20_NRT,336.28,297.48,YES,,LOW
-3.39269,105.41447,,0.46,0.47,2026-09-26,657,N20,VIIRS,n,2.0NRT,,7.56,D,VIIRS_NOAA20_NRT,348.7,299.35,YES,,LOW
-3.38901,105.40962,,0.46,0.47,2026-09-26,657,N20,VIIRS,n,2.0NRT,,7.4,D,VIIRS_NOAA20_NRT,350.21,300.44,YES,,LOW
-3.3887,105.32897,,0.46,0.47,2026-09-26,657,N20,VIIRS,n,2.0NRT,,7.76,D,VIIRS_NOAA20_NRT,340.29,298.24,YES,,LOW
-3.38834,105.41379,,0.46,0.47,2026-09-26,657,N20,VIIRS,n,2.0NRT,,7.56,D,VIIRS_NOAA20_NRT,341.28,301.0,YES,,LOW
-3.38803,105.33308,,0.46,0.47,2026-09-26,657,N20,VIIRS,n,2.0NRT,,7.76,D,VIIRS_NOAA20_NRT,341.44,298.66,YES,,LOW
-3.38304,105.33652,,0.46,0.47,2026-09-26,657,N20,VIIRS,n,2.0NRT,,9.1,D,VIIRS_NOAA20_NRT,352.7,299.11,YES,,LOW
-3.37711,105.26423,,0.45,0.47,2026-09-26,657,N20,VIIRS,h,2.0NRT,,12.21,D,VIIRS_NOAA20_NRT,367.0,304.79,YES,,HIGH
-3.37578,105.27238,,0.45,0.47,2026-09-26,657,N20,VIIRS,n,2.0NRT,,6.44,D,VIIRS_NOAA20_NRT,333.55,298.31,YES,,LOW
-3.37297,105.3986,,0.46,0.47,2026-09-26,657,N20,VIIRS,n,2.0NRT,,6.22,D,VIIRS_NOAA20_NRT,333.55,298.5,YES,,LOW
-3.3728,105.26356,,0.45,0.47,2026-09-26,657,N20,VIIRS,n,2.0NRT,,11.82,D,VIIRS_NOAA20_NRT,345.87,300.32,YES,,HIGH
-3.36931,105.39376,,0.46,0.47,2026-09-26,657,N20,VIIRS,n,2.0NRT,,6.93,D,VIIRS_NOAA20_NRT,342.63,300.04,YES,,LOW
-3.36863,105.39792,,0.46,0.47,2026-09-26,657,N20,VIIRS,n,2.0NRT,,6.93,D,VIIRS_NOAA20_NRT,351.4,299.21,YES,,LOW
-3.36564,105.38894,,0.46,0.47,2026-09-26,657,N20,VIIRS,n,2.0NRT,,7.45,D,VIIRS_NOAA20_NRT,337.36,299.2,YES,,LOW
-3.35992,105.53442,,0.47,0.48,2026-09-26,657,N20,VIIRS,n,2.0NRT,,7.13,D,VIIRS_NOAA20_NRT,334.22,299.77,YES,,LOW
-3.35858,105.40489,,0.46,0.47,2026-09-26,657,N20,VIIRS,n,2.0NRT,,4.82,D,VIIRS_NOAA20_NRT,335.06,300.84,YES,,LOW
-3.35654,105.28194,,0.46,0.47,2026-09-26,657,N20,VIIRS,n,2.0NRT,,2.96,D,VIIRS_NOAA20_NRT,333.63,298.11,YES,,LOW
-3.35438,105.28127,,0.46,0.47,2026-09-26,657,N20,VIIRS,n,2.0NRT,,5.78,D,VIIRS_NOAA20_NRT,332.71,298.55,YES,,LOW
-3.35223,105.28126,,0.46,0.47,2026-09-26,657,N20,VIIRS,n,2.0NRT,,6.2,D,VIIRS_NOAA20_NRT,333.61,299.0,YES,,LOW
-3.34229,105.24593,,0.45,0.47,2026-09-26,657,N20,VIIRS,n,2.0NRT,,5.77,D,VIIRS_NOAA20_NRT,333.03,298.37,YES,,LOW
-3.33868,105.52676,,0.47,0.48,2026-09-26,657,N20,VIIRS,n,2.0NRT,,4.22,D,VIIRS_NOAA20_NRT,331.09,296.53,YES,,LOW
-3.33499,105.52184,,0.47,0.48,2026-09-26,657,N20,VIIRS,n,2.0NRT,,10.69,D,VIIRS_NOAA20_NRT,343.91,298.74,YES,,HIGH
-3.33269,105.50845,,0.47,0.48,2026-09-26,657,N20,VIIRS,n,2.0NRT,,60.35,D,VIIRS_NOAA20_NRT,340.22,297.31,YES,,HIGH
-3.332,105.51269,,0.47,0.48,2026-09-26,657,N20,VIIRS,n,2.0NRT,,60.35,D,VIIRS_NOAA20_NRT,345.01,297.18,YES,,HIGH
-3.33061,105.52116,,0.47,0.48,2026-09-26,657,N20,VIIRS,n,2.0NRT,,54.89,D,VIIRS_NOAA20_NRT,347.88,296.46,YES,,HIGH
-3.32762,105.512,,0.47,0.48,2026-09-26,657,N20,VIIRS,n,2.0NRT,,60.35,D,VIIRS_NOAA20_NRT,338.54,308.35,YES,,HIGH
-3.32692,105.51624,,0.47,0.48,2026-09-26,657,N20,VIIRS,n,2.0NRT,,54.89,D,VIIRS_NOAA20_NRT,344.6,300.87,YES,,HIGH
-3.31361,105.28751,,0.46,0.47,2026-09-26,657,N20,VIIRS,n,2.0NRT,,7.04,D,VIIRS_NOAA20_NRT,333.17,297.97,YES,,LOW
-3.30971,105.17444,,0.45,0.47,2026-09-26,657,N20,VIIRS,n,2.0NRT,,28.84,D,VIIRS_NOAA20_NRT,339.56,298.42,YES,,HIGH
-3.30929,105.28683,,0.46,0.47,2026-09-26,657,N20,VIIRS,n,2.0NRT,,7.04,D,VIIRS_NOAA20_NRT,351.46,298.46,YES,,LOW
-3.30906,105.17847,,0.45,0.47,2026-09-26,657,N20,VIIRS,n,2.0NRT,,28.84,D,VIIRS_NOAA20_NRT,352.29,305.04,YES,,HIGH
-3.30841,105.1825,,0.45,0.47,2026-09-26,657,N20,VIIRS,h,2.0NRT,,28.75,D,VIIRS_NOAA20_NRT,367.0,300.04,YES,,HIGH
-3.29612,105.12302,,0.45,0.47,2026-09-26,657,N20,VIIRS,n,2.0NRT,,8.69,D,VIIRS_NOAA20_NRT,333.87,301.38,YES,,LOW
-3.29509,105.10242,,0.44,0.46,2026-09-26,657,N20,VIIRS,n,2.0NRT,,11.12,D,VIIRS_NOAA20_NRT,338.91,300.23,YES,,HIGH
-3.29445,105.10639,,0.44,0.46,2026-09-26,657,N20,VIIRS,n,2.0NRT,,12.71,D,VIIRS_NOAA20_NRT,344.3,301.17,YES,,HIGH
-3.29401,105.27184,,0.46,0.47,2026-09-26,657,N20,VIIRS,n,2.0NRT,,13.28,D,VIIRS_NOAA20_NRT,343.26,301.68,YES,,HIGH
-3.29335,105.27595,,0.46,0.47,2026-09-26,657,N20,VIIRS,n,2.0NRT,,13.28,D,VIIRS_NOAA20_NRT,345.92,298.72,YES,,HIGH
-3.29244,105.53258,,0.47,0.48,2026-09-26,657,N20,VIIRS,n,2.0NRT,,7.93,D,VIIRS_NOAA20_NRT,340.91,293.71,YES,,LOW
-3.2897,105.27117,,0.46,0.47,2026-09-26,657,N20,VIIRS,n,2.0NRT,,39.06,D,VIIRS_NOAA20_NRT,347.62,303.41,YES,,HIGH
-3.28903,105.27528,,0.46,0.47,2026-09-26,657,N20,VIIRS,n,2.0NRT,,39.06,D,VIIRS_NOAA20_NRT,333.45,295.5,YES,,HIGH
-3.28669,105.54042,,0.48,0.48,2026-09-26,657,N20,VIIRS,n,2.0NRT,,9.76,D,VIIRS_NOAA20_NRT,332.07,294.68,YES,,LOW
-3.2823,105.53973,,0.48,0.48,2026-09-26,657,N20,VIIRS,n,2.0NRT,,10.47,D,VIIRS_NOAA20_NRT,341.22,295.01,YES,,HIGH
-3.27223,105.14395,,0.45,0.47,2026-09-26,657,N20,VIIRS,n,2.0NRT,,5.3,D,VIIRS_NOAA20_NRT,333.34,298.48,YES,,LOW
-3.2716,105.14796,,0.45,0.47,2026-09-26,657,N20,VIIRS,n,2.0NRT,,5.3,D,VIIRS_NOAA20_NRT,344.12,297.56,YES,,LOW
-3.27017,105.14774,,0.45,0.47,2026-09-26,657,N20,VIIRS,n,2.0NRT,,9.39,D,VIIRS_NOAA20_NRT,345.05,298.56,YES,,LOW
-3.26972,105.16001,,0.45,0.47,2026-09-26,657,N20,VIIRS,n,2.0NRT,,5.41,D,VIIRS_NOAA20_NRT,330.97,297.27,YES,,LOW
-3.26719,105.17616,,0.45,0.47,2026-09-26,657,N20,VIIRS,n,2.0NRT,,7.45,D,VIIRS_NOAA20_NRT,343.17,301.11,YES,,LOW
-3.26656,105.1802,,0.45,0.47,2026-09-26,657,N20,VIIRS,n,2.0NRT,,7.45,D,VIIRS_NOAA20_NRT,340.81,299.92,YES,,LOW
-3.26555,105.17587,,0.45,0.47,2026-09-26,657,N20,VIIRS,n,2.0NRT,,7.4,D,VIIRS_NOAA20_NRT,339.64,300.86,YES,,LOW
-3.26489,105.17991,,0.45,0.47,2026-09-26,657,N20,VIIRS,n,2.0NRT,,7.4,D,VIIRS_NOAA20_NRT,343.51,299.84,YES,,LOW
-3.26066,105.13391,,0.45,0.47,2026-09-26,657,N20,VIIRS,n,2.0NRT,,5.57,D,VIIRS_NOAA20_NRT,337.96,300.51,YES,,LOW
-3.26003,105.13792,,0.45,0.47,2026-09-26,657,N20,VIIRS,n,2.0NRT,,5.57,D,VIIRS_NOAA20_NRT,344.89,301.62,YES,,LOW
-3.25787,105.24949,,0.45,0.47,2026-09-26,657,N20,VIIRS,n,2.0NRT,,14.48,D,VIIRS_NOAA20_NRT,351.94,297.45,YES,,HIGH
-3.25576,105.24931,,0.46,0.47,2026-09-26,657,N20,VIIRS,n,2.0NRT,,5.09,D,VIIRS_NOAA20_NRT,339.45,295.56,YES,,LOW
-3.25535,104.97465,,0.44,0.46,2026-09-26,657,N20,VIIRS,n,2.0NRT,,5.69,D,VIIRS_NOAA20_NRT,339.75,295.39,YES,,LOW
-3.25291,105.21124,,0.45,0.47,2026-09-26,657,N20,VIIRS,n,2.0NRT,,26.34,D,VIIRS_NOAA20_NRT,352.48,296.93,YES,,HIGH
-3.25226,105.21532,,0.45,0.47,2026-09-26,657,N20,VIIRS,n,2.0NRT,,11.52,D,VIIRS_NOAA20_NRT,353.2,294.48,YES,,HIGH
-3.25099,105.21087,,0.45,0.47,2026-09-26,657,N20,VIIRS,n,2.0NRT,,22.72,D,VIIRS_NOAA20_NRT,352.52,297.49,YES,,HIGH
-3.25032,105.21494,,0.45,0.47,2026-09-26,657,N20,VIIRS,n,2.0NRT,,15.28,D,VIIRS_NOAA20_NRT,353.74,294.6,YES,,HIGH
-3.248,105.10321,,0.45,0.47,2026-09-26,657,N20,VIIRS,n,2.0NRT,,2.03,D,VIIRS_NOAA20_NRT,334.92,297.48,YES,,LOW
-3.23573,105.33025,,0.46,0.47,2026-09-26,657,N20,VIIRS,n,2.0NRT,,4.93,D,VIIRS_NOAA20_NRT,347.94,299.4,YES,,LOW
-3.23505,105.33438,,0.46,0.47,2026-09-26,657,N20,VIIRS,n,2.0NRT,,4.93,D,VIIRS_NOAA20_NRT,342.9,299.36,YES,,LOW
-3.23422,105.33024,,0.46,0.47,2026-09-26,657,N20,VIIRS,n,2.0NRT,,8.33,D,VIIRS_NOAA20_NRT,352.96,300.19,YES,,LOW
-3.23357,105.33438,,0.46,0.47,2026-09-26,657,N20,VIIRS,n,2.0NRT,,8.33,D,VIIRS_NOAA20_NRT,352.61,299.96,YES,,LOW
-3.23232,104.98311,,0.44,0.46,2026-09-26,657,N20,VIIRS,h,2.0NRT,,10.24,D,VIIRS_NOAA20_NRT,367.0,299.94,YES,,HIGH
-3.23072,105.3337,,0.46,0.47,2026-09-26,657,N20,VIIRS,n,2.0NRT,,4.93,D,VIIRS_NOAA20_NRT,333.73,298.79,YES,,LOW
-3.23003,105.33785,,0.46,0.47,2026-09-26,657,N20,VIIRS,n,2.0NRT,,4.74,D,VIIRS_NOAA20_NRT,331.84,295.85,YES,,LOW
-3.22794,105.34197,,0.46,0.47,2026-09-26,657,N20,VIIRS,n,2.0NRT,,6.52,D,VIIRS_NOAA20_NRT,334.17,296.36,YES,,LOW
-3.22295,105.34541,,0.46,0.47,2026-09-26,657,N20,VIIRS,n,2.0NRT,,3.2,D,VIIRS_NOAA20_NRT,340.9,294.4,YES,,LOW
-3.16512,105.40054,,0.47,0.48,2026-09-26,657,N20,VIIRS,n,2.0NRT,,16.11,D,VIIRS_NOAA20_NRT,344.4,298.32,YES,,HIGH
-3.16076,105.39988,,0.47,0.48,2026-09-26,657,N20,VIIRS,n,2.0NRT,,12.86,D,VIIRS_NOAA20_NRT,348.15,297.68,YES,,HIGH
-3.15708,105.39502,,0.47,0.47,2026-09-26,657,N20,VIIRS,n,2.0NRT,,12.86,D,VIIRS_NOAA20_NRT,343.49,299.97,YES,,HIGH
-3.1534,105.39015,,0.47,0.47,2026-09-26,657,N20,VIIRS,n,2.0NRT,,15.07,D,VIIRS_NOAA20_NRT,344.92,303.33,YES,,HIGH
-3.15272,105.39435,,0.47,0.47,2026-09-26,657,N20,VIIRS,n,2.0NRT,,14.08,D,VIIRS_NOAA20_NRT,343.33,300.57,YES,,HIGH
-3.14618,105.32496,,0.46,0.47,2026-09-26,657,N20,VIIRS,n,2.0NRT,,8.88,D,VIIRS_NOAA20_NRT,342.83,296.92,YES,,LOW
-3.14534,105.24879,,0.46,0.47,2026-09-26,657,N20,VIIRS,n,2.0NRT,,2.71,D,VIIRS_NOAA20_NRT,333.25,292.63,YES,,LOW
-3.14415,105.33739,,0.46,0.47,2026-09-26,657,N20,VIIRS,n,2.0NRT,,5.4,D,VIIRS_NOAA20_NRT,332.33,295.98,YES,,LOW
-3.14347,105.34155,,0.46,0.47,2026-09-26,657,N20,VIIRS,n,2.0NRT,,8.14,D,VIIRS_NOAA20_NRT,341.74,296.48,YES,,LOW
-3.14312,105.24924,,0.46,0.47,2026-09-26,657,N20,VIIRS,n,2.0NRT,,2.82,D,VIIRS_NOAA20_NRT,333.85,292.06,YES,,LOW
-3.14048,105.33257,,0.46,0.47,2026-09-26,657,N20,VIIRS,n,2.0NRT,,5.4,D,VIIRS_NOAA20_NRT,335.22,297.37,YES,,LOW
-3.12714,105.23845,,0.46,0.47,2026-09-26,657,N20,VIIRS,n,2.0NRT,,3.95,D,VIIRS_NOAA20_NRT,330.5,298.31,YES,,LOW
-3.12649,105.24254,,0.46,0.47,2026-09-26,657,N20,VIIRS,n,2.0NRT,,3.95,D,VIIRS_NOAA20_NRT,335.11,297.71,YES,,LOW
-3.10947,105.21057,,0.45,0.47,2026-09-26,657,N20,VIIRS,n,2.0NRT,,21.34,D,VIIRS_NOAA20_NRT,350.34,295.06,YES,,HIGH
-3.10882,105.21465,,0.45,0.47,2026-09-26,657,N20,VIIRS,n,2.0NRT,,21.34,D,VIIRS_NOAA20_NRT,333.92,296.77,YES,,HIGH
-3.10817,105.21873,,0.46,0.47,2026-09-26,657,N20,VIIRS,n,2.0NRT,,8.2,D,VIIRS_NOAA20_NRT,338.61,297.23,YES,,LOW
-3.10695,105.14357,,0.45,0.47,2026-09-26,657,N20,VIIRS,n,2.0NRT,,3.81,D,VIIRS_NOAA20_NRT,338.06,295.93,YES,,LOW
-3.10612,105.09403,,0.45,0.47,2026-09-26,657,N20,VIIRS,n,2.0NRT,,6.38,D,VIIRS_NOAA20_NRT,331.1,292.24,YES,,LOW
-3.10581,105.20582,,0.45,0.47,2026-09-26,657,N20,VIIRS,n,2.0NRT,,16.73,D,VIIRS_NOAA20_NRT,342.54,295.69,NO,0.471,MONITORING
-3.10556,105.23509,,0.46,0.47,2026-09-26,657,N20,VIIRS,n,2.0NRT,,22.19,D,VIIRS_NOAA20_NRT,344.64,291.97,YES,,HIGH
-3.10516,105.20991,,0.45,0.47,2026-09-26,657,N20,VIIRS,n,2.0NRT,,21.34,D,VIIRS_NOAA20_NRT,349.95,301.87,NO,0.203,MONITORING
-3.10436,105.15979,,0.45,0.47,2026-09-26,657,N20,VIIRS,n,2.0NRT,,2.6,D,VIIRS_NOAA20_NRT,330.17,298.13,YES,,LOW
-3.10255,105.22624,,0.46,0.47,2026-09-26,657,N20,VIIRS,n,2.0NRT,,7.48,D,VIIRS_NOAA20_NRT,352.38,296.05,YES,,LOW
-3.1019,105.23033,,0.46,0.47,2026-09-26,657,N20,VIIRS,n,2.0NRT,,7.48,D,VIIRS_NOAA20_NRT,344.63,294.6,YES,,LOW
-3.09824,105.22558,,0.46,0.47,2026-09-26,657,N20,VIIRS,n,2.0NRT,,9.58,D,VIIRS_NOAA20_NRT,355.03,295.32,YES,,LOW
-3.09223,105.2079,,0.45,0.47,2026-09-26,657,N20,VIIRS,n,2.0NRT,,6.43,D,VIIRS_NOAA20_NRT,330.66,292.7,NO,0.957,MONITORING
-3.08924,105.19908,,0.45,0.47,2026-09-26,657,N20,VIIRS,n,2.0NRT,,11.62,D,VIIRS_NOAA20_NRT,353.76,295.27,NO,1.438,MONITORING
-3.03052,105.0823,,0.45,0.47,2026-09-26,657,N20,VIIRS,n,2.0NRT,,7.24,D,VIIRS_NOAA20_NRT,345.47,293.87,NO,0.031,MONITORING
-3.00607,105.23665,,0.46,0.47,2026-09-26,657,N20,VIIRS,n,2.0NRT,,9.01,D,VIIRS_NOAA20_NRT,340.17,288.23,NO,1.332,MONITORING
-3.00542,105.24077,,0.46,0.47,2026-09-26,657,N20,VIIRS,n,2.0NRT,,9.01,D,VIIRS_NOAA20_NRT,334.75,288.81,NO,1.054,MONITORING
-3.00175,105.23598,,0.46,0.47,2026-09-26,657,N20,VIIRS,n,2.0NRT,,9.01,D,VIIRS_NOAA20_NRT,345.81,290.03,NO,1.72,MONITORING
-2.99995,105.08169,,0.45,0.47,2026-09-26,657,N20,VIIRS,n,2.0NRT,,6.86,D,VIIRS_NOAA20_NRT,347.15,297.77,NO,0.177,MONITORING
-2.98116,105.2539,,0.46,0.47,2026-09-26,657,N20,VIIRS,n,2.0NRT,,5.99,D,VIIRS_NOAA20_NRT,340.59,292.73,NO,0.71,MONITORING
-2.97749,105.2491,,0.46,0.47,2026-09-26,657,N20,VIIRS,n,2.0NRT,,7.1,D,VIIRS_NOAA20_NRT,348.49,291.89,NO,1.379,MONITORING
-2.97683,105.25322,,0.46,0.47,2026-09-26,657,N20,VIIRS,n,2.0NRT,,7.1,D,VIIRS_NOAA20_NRT,339.35,290.3,NO,1.031,MONITORING
-2.97167,105.0938,,0.45,0.47,2026-09-26,657,N20,VIIRS,n,2.0NRT,,4.32,D,VIIRS_NOAA20_NRT,333.75,296.08,NO,0.636,MONITORING
-2.96935,105.08106,,0.45,0.47,2026-09-26,657,N20,VIIRS,n,2.0NRT,,5.87,D,VIIRS_NOAA20_NRT,342.4,298.69,NO,1.948,MONITORING
-2.9687,105.08508,,0.45,0.47,2026-09-26,657,N20,VIIRS,n,2.0NRT,,5.87,D,VIIRS_NOAA20_NRT,341.27,298.65,NO,1.608,MONITORING
-2.96673,105.09717,,0.45,0.47,2026-09-26,657,N20,VIIRS,n,2.0NRT,,4.38,D,VIIRS_NOAA20_NRT,342.04,297.41,NO,0.691,MONITORING
-2.96608,105.10119,,0.45,0.47,2026-09-26,657,N20,VIIRS,n,2.0NRT,,4.38,D,VIIRS_NOAA20_NRT,338.85,296.16,NO,0.393,MONITORING
-2.9638,105.14227,,0.45,0.47,2026-09-26,657,N20,VIIRS,n,2.0NRT,,17.67,D,VIIRS_NOAA20_NRT,350.53,299.88,YES,,HIGH
-2.96314,105.14632,,0.45,0.47,2026-09-26,657,N20,VIIRS,n,2.0NRT,,24.63,D,VIIRS_NOAA20_NRT,352.84,303.33,NO,0.116,MONITORING
-2.9628,105.12136,,0.45,0.47,2026-09-26,657,N20,VIIRS,n,2.0NRT,,34.28,D,VIIRS_NOAA20_NRT,344.28,297.28,YES,,HIGH
-2.96248,105.15038,,0.45,0.47,2026-09-26,657,N20,VIIRS,n,2.0NRT,,24.63,D,VIIRS_NOAA20_NRT,330.15,295.83,NO,0.563,MONITORING
-2.96218,105.23408,,0.46,0.47,2026-09-26,657,N20,VIIRS,n,2.0NRT,,10.72,D,VIIRS_NOAA20_NRT,346.44,290.14,NO,3.715,MONITORING
-2.96214,105.1254,,0.45,0.47,2026-09-26,657,N20,VIIRS,n,2.0NRT,,34.28,D,VIIRS_NOAA20_NRT,348.79,298.96,YES,,HIGH
-2.96179,105.10052,,0.45,0.47,2026-09-26,657,N20,VIIRS,n,2.0NRT,,4.38,D,VIIRS_NOAA20_NRT,334.6,295.49,NO,0.754,MONITORING
-2.96151,105.2382,,0.46,0.47,2026-09-26,657,N20,VIIRS,n,2.0NRT,,5.09,D,VIIRS_NOAA20_NRT,330.64,289.43,NO,3.405,MONITORING
-2.96148,105.12945,,0.45,0.47,2026-09-26,657,N20,VIIRS,n,2.0NRT,,28.52,D,VIIRS_NOAA20_NRT,347.98,302.5,YES,,HIGH
-2.96082,105.1335,,0.45,0.47,2026-09-26,657,N20,VIIRS,n,2.0NRT,,28.52,D,VIIRS_NOAA20_NRT,353.17,307.33,YES,,HIGH
-2.96016,105.13755,,0.45,0.47,2026-09-26,657,N20,VIIRS,n,2.0NRT,,46.62,D,VIIRS_NOAA20_NRT,350.66,304.71,YES,,HIGH
-2.9595,105.1416,,0.45,0.47,2026-09-26,657,N20,VIIRS,n,2.0NRT,,46.62,D,VIIRS_NOAA20_NRT,354.46,300.14,YES,,HIGH
-2.95851,105.1207,,0.45,0.47,2026-09-26,657,N20,VIIRS,n,2.0NRT,,34.28,D,VIIRS_NOAA20_NRT,345.27,299.19,YES,,HIGH
-2.95785,105.12474,,0.45,0.47,2026-09-26,657,N20,VIIRS,n,2.0NRT,,34.28,D,VIIRS_NOAA20_NRT,344.5,306.41,YES,,HIGH
-2.95719,105.12878,,0.45,0.47,2026-09-26,657,N20,VIIRS,n,2.0NRT,,28.52,D,VIIRS_NOAA20_NRT,356.0,298.82,YES,,HIGH
-2.95653,105.13284,,0.45,0.47,2026-09-26,657,N20,VIIRS,n,2.0NRT,,28.52,D,VIIRS_NOAA20_NRT,330.14,293.28,YES,,HIGH
-2.94324,105.21431,,0.46,0.47,2026-09-26,657,N20,VIIRS,n,2.0NRT,,18.08,D,VIIRS_NOAA20_NRT,348.98,293.97,NO,6.75,MONITORING
-2.94257,105.21841,,0.46,0.47,2026-09-26,657,N20,VIIRS,n,2.0NRT,,6.41,D,VIIRS_NOAA20_NRT,338.21,290.02,NO,6.456,MONITORING
-2.94226,105.19317,,0.46,0.47,2026-09-26,657,N20,VIIRS,n,2.0NRT,,8.2,D,VIIRS_NOAA20_NRT,331.36,293.79,NO,5.821,MONITORING
-2.94092,105.20135,,0.46,0.47,2026-09-26,657,N20,VIIRS,n,2.0NRT,,4.44,D,VIIRS_NOAA20_NRT,341.04,296.46,NO,6.723,MONITORING
-2.93888,105.17245,,0.45,0.47,2026-09-26,657,N20,VIIRS,n,2.0NRT,,4.09,D,VIIRS_NOAA20_NRT,341.71,293.38,NO,3.798,MONITORING
-2.93698,105.17144,,0.45,0.47,2026-09-26,657,N20,VIIRS,n,2.0NRT,,4.68,D,VIIRS_NOAA20_NRT,340.91,294.74,NO,3.782,MONITORING
-2.93661,105.20068,,0.46,0.47,2026-09-26,657,N20,VIIRS,n,2.0NRT,,4.44,D,VIIRS_NOAA20_NRT,337.22,298.22,NO,6.829,MONITORING
-2.93505,105.19701,,0.46,0.47,2026-09-26,657,N20,VIIRS,n,2.0NRT,,11.07,D,VIIRS_NOAA20_NRT,342.59,297.33,NO,6.504,MONITORING
-2.93441,105.2011,,0.46,0.47,2026-09-26,657,N20,VIIRS,n,2.0NRT,,9.22,D,VIIRS_NOAA20_NRT,337.16,297.19,NO,6.957,MONITORING
-2.93296,105.19593,,0.46,0.47,2026-09-26,657,N20,VIIRS,n,2.0NRT,,6.44,D,VIIRS_NOAA20_NRT,333.43,295.6,NO,6.471,MONITORING
-2.93229,105.20002,,0.46,0.47,2026-09-26,657,N20,VIIRS,n,2.0NRT,,6.94,D,VIIRS_NOAA20_NRT,337.92,297.25,NO,6.924,MONITORING
-2.93095,105.20821,,0.46,0.47,2026-09-26,657,N20,VIIRS,n,2.0NRT,,4.99,D,VIIRS_NOAA20_NRT,340.82,294.47,NO,7.71,MONITORING
-2.92991,105.2299,,0.46,0.47,2026-09-26,657,N20,VIIRS,n,2.0NRT,,4.9,D,VIIRS_NOAA20_NRT,337.83,296.91,NO,5.723,MONITORING
-2.92758,105.22874,,0.46,0.47,2026-09-26,657,N20,VIIRS,n,2.0NRT,,8.92,D,VIIRS_NOAA20_NRT,334.58,297.17,NO,5.665,MONITORING
-2.88873,105.12714,,0.45,0.47,2026-09-26,657,N20,VIIRS,n,2.0NRT,,5.45,D,VIIRS_NOAA20_NRT,337.22,288.02,NO,5.886,MONITORING
-2.88808,105.1312,,0.45,0.47,2026-09-26,657,N20,VIIRS,n,2.0NRT,,5.45,D,VIIRS_NOAA20_NRT,336.81,286.17,NO,5.979,MONITORING
-2.88508,105.12241,,0.45,0.47,2026-09-26,657,N20,VIIRS,n,2.0NRT,,12.69,D,VIIRS_NOAA20_NRT,346.2,289.96,NO,6.312,MONITORING
-2.88352,105.15968,,0.45,0.47,2026-09-26,657,N20,VIIRS,n,2.0NRT,,6.11,D,VIIRS_NOAA20_NRT,336.43,290.52,NO,7.292,MONITORING
-2.88079,105.12173,,0.45,0.47,2026-09-26,657,N20,VIIRS,n,2.0NRT,,6.59,D,VIIRS_NOAA20_NRT,338.65,287.26,NO,6.795,MONITORING
-2.87921,105.15901,,0.45,0.47,2026-09-26,657,N20,VIIRS,n,2.0NRT,,6.11,D,VIIRS_NOAA20_NRT,336.77,292.81,NO,7.697,MONITORING
-2.87752,105.14205,,0.45,0.47,2026-09-26,657,N20,VIIRS,n,2.0NRT,,5.17,D,VIIRS_NOAA20_NRT,334.84,293.38,NO,7.33,MONITORING
-2.8749,105.15834,,0.45,0.47,2026-09-26,657,N20,VIIRS,n,2.0NRT,,9.95,D,VIIRS_NOAA20_NRT,343.75,293.95,NO,8.111,MONITORING
-2.87359,105.1665,,0.46,0.47,2026-09-26,657,N20,VIIRS,n,2.0NRT,,12.09,D,VIIRS_NOAA20_NRT,344.26,289.62,NO,8.621,MONITORING
-2.87293,105.1706,,0.46,0.47,2026-09-26,657,N20,VIIRS,n,2.0NRT,,12.09,D,VIIRS_NOAA20_NRT,345.02,290.46,NO,8.903,MONITORING
-2.87125,105.15359,,0.45,0.47,2026-09-26,657,N20,VIIRS,n,2.0NRT,,31.77,D,VIIRS_NOAA20_NRT,354.67,298.39,NO,8.316,MONITORING
-2.8706,105.15768,,0.45,0.47,2026-09-26,657,N20,VIIRS,n,2.0NRT,,9.95,D,VIIRS_NOAA20_NRT,352.64,293.91,NO,8.532,MONITORING
-2.86892,105.14072,,0.45,0.47,2026-09-26,657,N20,VIIRS,n,2.0NRT,,6.26,D,VIIRS_NOAA20_NRT,348.66,294.55,NO,8.241,MONITORING
-2.86826,105.14479,,0.45,0.47,2026-09-26,657,N20,VIIRS,n,2.0NRT,,6.26,D,VIIRS_NOAA20_NRT,341.67,294.87,NO,8.402,MONITORING
-2.8676,105.14886,,0.45,0.47,2026-09-26,657,N20,VIIRS,n,2.0NRT,,12.19,D,VIIRS_NOAA20_NRT,342.08,292.33,NO,8.568,MONITORING
-2.86395,105.14413,,0.45,0.47,2026-09-26,657,N20,VIIRS,n,2.0NRT,,6.26,D,VIIRS_NOAA20_NRT,331.06,292.2,NO,8.858,MONITORING
-2.86334,105.20271,,0.46,0.47,2026-09-26,657,N20,VIIRS,n,2.0NRT,,4.89,D,VIIRS_NOAA20_NRT,330.56,287.97,NO,6.025,MONITORING
-2.85965,105.14346,,0.45,0.47,2026-09-26,657,N20,VIIRS,n,2.0NRT,,4.17,D,VIIRS_NOAA20_NRT,335.98,290.4,NO,9.314,MONITORING
-2.85902,105.20203,,0.46,0.47,2026-09-26,657,N20,VIIRS,n,2.0NRT,,19.79,D,VIIRS_NOAA20_NRT,356.08,291.78,NO,6.087,MONITORING
-2.85402,105.15095,,0.45,0.47,2026-09-26,657,N20,VIIRS,n,2.0NRT,,1.79,D,VIIRS_NOAA20_NRT,336.29,288.5,NO,10.096,MONITORING
-2.82615,104.92374,,0.44,0.46,2026-09-26,657,N20,VIIRS,n,2.0NRT,,5.27,D,VIIRS_NOAA20_NRT,334.13,295.54,NO,25.447,MONITORING
-2.81308,105.173,,0.46,0.47,2026-09-26,657,N20,VIIRS,n,2.0NRT,,3.77,D,VIIRS_NOAA20_NRT,331.49,295.17,NO,8.452,MONITORING
-2.80876,105.17233,,0.46,0.47,2026-09-26,657,N20,VIIRS,n,2.0NRT,,13.82,D,VIIRS_NOAA20_NRT,345.85,296.69,NO,8.501,MONITORING
-2.79883,105.1792,,0.46,0.47,2026-09-26,657,N20,VIIRS,n,2.0NRT,,8.45,D,VIIRS_NOAA20_NRT,344.7,297.12,NO,7.248,MONITORING
-2.77094,105.18753,,0.46,0.47,2026-09-26,657,N20,VIIRS,n,2.0NRT,,7.56,D,VIIRS_NOAA20_NRT,346.06,298.18,NO,4.309,MONITORING
-2.76661,105.18686,,0.46,0.47,2026-09-26,657,N20,VIIRS,n,2.0NRT,,7.56,D,VIIRS_NOAA20_NRT,343.47,296.05,NO,4.068,MONITORING
-2.7643,104.73902,,0.43,0.46,2026-09-26,657,N20,VIIRS,n,2.0NRT,,3.03,D,VIIRS_NOAA20_NRT,339.96,294.22,NO,34.959,MONITORING
-2.76097,105.19442,,0.46,0.47,2026-09-26,657,N20,VIIRS,h,2.0NRT,,14.69,D,VIIRS_NOAA20_NRT,367.0,298.68,NO,3.018,MONITORING
-2.75664,105.19376,,0.46,0.47,2026-09-26,657,N20,VIIRS,n,2.0NRT,,14.69,D,VIIRS_NOAA20_NRT,356.01,298.24,NO,2.833,MONITORING
-2.742,105.17465,,0.46,0.47,2026-09-26,657,N20,VIIRS,n,2.0NRT,,2.45,D,VIIRS_NOAA20_NRT,334.04,295.65,NO,3.617,MONITORING
-2.59885,105.01993,,0.45,0.47,2026-09-26,657,N20,VIIRS,n,2.0NRT,,2.1,D,VIIRS_NOAA20_NRT,331.08,296.32,NO,17.822,MONITORING
-2.57806,105.0126,,0.45,0.47,2026-09-26,657,N20,VIIRS,n,2.0NRT,,9.44,D,VIIRS_NOAA20_NRT,341.4,294.39,NO,19.344,MONITORING
-2.42128,105.37232,,0.48,0.48,2026-09-26,657,N20,VIIRS,n,2.0NRT,,4.38,D,VIIRS_NOAA20_NRT,331.86,299.28,NO,2.627,MONITORING
-2.42097,105.346,,0.48,0.48,2026-09-26,657,N20,VIIRS,n,2.0NRT,,5.46,D,VIIRS_NOAA20_NRT,338.4,292.09,NO,2.738,MONITORING
-4.25818,104.8317,,0.6,0.53,2026-09-26,1758,N20,VIIRS,n,2.0NRT,,4.15,N,VIIRS_NOAA20_NRT,338.54,291.39,NO,1.842,MONITORING
-4.25603,104.83066,,0.6,0.53,2026-09-26,1758,N20,VIIRS,n,2.0NRT,,10.27,N,VIIRS_NOAA20_NRT,346.13,291.43,NO,1.576,MONITORING
-4.25333,104.83253,,0.6,0.53,2026-09-26,1758,N20,VIIRS,n,2.0NRT,,4.15,N,VIIRS_NOAA20_NRT,316.2,291.08,NO,1.404,MONITORING
-4.22265,105.40706,,0.54,0.51,2026-09-26,1758,N20,VIIRS,n,2.0NRT,,1.58,N,VIIRS_NOAA20_NRT,304.91,291.18,NO,29.015,MONITORING
-4.19122,104.75994,,0.6,0.53,2026-09-26,1758,N20,VIIRS,n,2.0NRT,,0.96,N,VIIRS_NOAA20_NRT,308.88,290.46,NO,0.89,MONITORING
-4.15981,105.58189,,0.53,0.5,2026-09-26,1758,N20,VIIRS,n,2.0NRT,,1.16,N,VIIRS_NOAA20_NRT,304.94,292.34,NO,11.23,MONITORING
-4.14956,105.33094,,0.55,0.51,2026-09-26,1758,N20,VIIRS,n,2.0NRT,,0.93,N,VIIRS_NOAA20_NRT,304.03,291.21,NO,26.138,MONITORING
-4.02316,104.8365,,0.6,0.53,2026-09-26,1758,N20,VIIRS,n,2.0NRT,,0.93,N,VIIRS_NOAA20_NRT,304.77,290.78,NO,2.357,MONITORING
-3.92538,105.84338,,0.51,0.5,2026-09-26,1758,N20,VIIRS,n,2.0NRT,,0.74,N,VIIRS_NOAA20_NRT,307.74,291.59,YES,,LOW
-3.88363,105.84568,,0.52,0.5,2026-09-26,1758,N20,VIIRS,n,2.0NRT,,2.53,N,VIIRS_NOAA20_NRT,318.52,292.22,YES,,LOW
-3.88354,105.84857,,0.52,0.5,2026-09-26,1758,N20,VIIRS,n,2.0NRT,,1.48,N,VIIRS_NOAA20_NRT,307.48,291.66,YES,,LOW
-3.88278,105.84392,,0.52,0.5,2026-09-26,1758,N20,VIIRS,n,2.0NRT,,1.48,N,VIIRS_NOAA20_NRT,310.55,291.61,YES,,LOW
-3.83764,104.64365,,0.62,0.54,2026-09-26,1758,N20,VIIRS,n,2.0NRT,,1.27,N,VIIRS_NOAA20_NRT,308.6,290.35,NO,19.139,MONITORING
-3.79403,105.20349,,0.57,0.52,2026-09-26,1758,N20,VIIRS,n,2.0NRT,,4.5,N,VIIRS_NOAA20_NRT,318.28,292.62,YES,,LOW
-3.79254,105.58115,,0.54,0.51,2026-09-26,1758,N20,VIIRS,n,2.0NRT,,1.66,N,VIIRS_NOAA20_NRT,311.03,292.77,YES,,LOW
-3.79174,105.5763,,0.54,0.51,2026-09-26,1758,N20,VIIRS,n,2.0NRT,,1.66,N,VIIRS_NOAA20_NRT,304.26,291.55,YES,,LOW
-3.78927,105.20431,,0.57,0.52,2026-09-26,1758,N20,VIIRS,n,2.0NRT,,3.51,N,VIIRS_NOAA20_NRT,309.73,292.36,YES,,LOW
-3.7884,105.19919,,0.57,0.52,2026-09-26,1758,N20,VIIRS,n,2.0NRT,,3.51,N,VIIRS_NOAA20_NRT,325.33,293.26,YES,,LOW
-3.78789,105.58195,,0.54,0.51,2026-09-26,1758,N20,VIIRS,n,2.0NRT,,1.66,N,VIIRS_NOAA20_NRT,310.09,292.93,YES,,LOW
-3.78709,105.57709,,0.54,0.51,2026-09-26,1758,N20,VIIRS,n,2.0NRT,,1.66,N,VIIRS_NOAA20_NRT,308.92,292.59,YES,,LOW
-3.78548,105.56737,,0.54,0.51,2026-09-26,1758,N20,VIIRS,n,2.0NRT,,4.74,N,VIIRS_NOAA20_NRT,314.06,293.41,YES,,LOW
-3.78083,105.56815,,0.54,0.51,2026-09-26,1758,N20,VIIRS,n,2.0NRT,,3.77,N,VIIRS_NOAA20_NRT,315.93,294.05,YES,,LOW
-3.78002,105.56329,,0.54,0.51,2026-09-26,1758,N20,VIIRS,n,2.0NRT,,5.95,N,VIIRS_NOAA20_NRT,314.56,293.4,YES,,LOW
-3.77921,105.55843,,0.54,0.51,2026-09-26,1758,N20,VIIRS,n,2.0NRT,,5.95,N,VIIRS_NOAA20_NRT,323.59,293.84,YES,,LOW
-3.7784,105.55356,,0.54,0.51,2026-09-26,1758,N20,VIIRS,n,2.0NRT,,5.76,N,VIIRS_NOAA20_NRT,307.59,291.96,YES,,LOW
-3.77537,105.56408,,0.54,0.51,2026-09-26,1758,N20,VIIRS,n,2.0NRT,,5.95,N,VIIRS_NOAA20_NRT,304.44,292.21,YES,,LOW
-3.77456,105.55921,,0.54,0.51,2026-09-26,1758,N20,VIIRS,n,2.0NRT,,5.95,N,VIIRS_NOAA20_NRT,354.67,299.57,YES,,LOW
-3.77375,105.55435,,0.54,0.51,2026-09-26,1758,N20,VIIRS,n,2.0NRT,,5.76,N,VIIRS_NOAA20_NRT,338.4,294.26,YES,,LOW
-3.77072,105.56487,,0.54,0.51,2026-09-26,1758,N20,VIIRS,n,2.0NRT,,3.14,N,VIIRS_NOAA20_NRT,309.3,293.36,YES,,LOW
-3.7699,105.56,,0.54,0.51,2026-09-26,1758,N20,VIIRS,n,2.0NRT,,3.14,N,VIIRS_NOAA20_NRT,326.31,295.55,YES,,LOW
-3.76909,105.55514,,0.54,0.51,2026-09-26,1758,N20,VIIRS,n,2.0NRT,,5.55,N,VIIRS_NOAA20_NRT,330.61,296.32,YES,,LOW
-3.76828,105.55026,,0.54,0.51,2026-09-26,1758,N20,VIIRS,n,2.0NRT,,5.55,N,VIIRS_NOAA20_NRT,320.76,294.91,YES,,LOW
-3.76747,105.54538,,0.54,0.51,2026-09-26,1758,N20,VIIRS,n,2.0NRT,,2.44,N,VIIRS_NOAA20_NRT,309.3,292.8,YES,,LOW
-3.76584,105.53561,,0.54,0.51,2026-09-26,1758,N20,VIIRS,n,2.0NRT,,1.41,N,VIIRS_NOAA20_NRT,303.65,291.41,YES,,LOW
-3.76525,105.56078,,0.54,0.51,2026-09-26,1758,N20,VIIRS,n,2.0NRT,,3.14,N,VIIRS_NOAA20_NRT,308.99,293.02,YES,,LOW
-3.76444,105.55592,,0.54,0.51,2026-09-26,1758,N20,VIIRS,n,2.0NRT,,5.55,N,VIIRS_NOAA20_NRT,332.99,297.52,YES,,LOW
-3.76362,105.55106,,0.54,0.51,2026-09-26,1758,N20,VIIRS,n,2.0NRT,,5.55,N,VIIRS_NOAA20_NRT,328.17,296.64,YES,,LOW
-3.76281,105.54617,,0.54,0.51,2026-09-26,1758,N20,VIIRS,n,2.0NRT,,2.44,N,VIIRS_NOAA20_NRT,313.28,293.59,YES,,LOW
-3.76199,105.54129,,0.54,0.51,2026-09-26,1758,N20,VIIRS,n,2.0NRT,,2.44,N,VIIRS_NOAA20_NRT,309.42,292.83,YES,,LOW
-3.7606,105.56158,,0.54,0.51,2026-09-26,1758,N20,VIIRS,n,2.0NRT,,1.67,N,VIIRS_NOAA20_NRT,306.82,292.07,YES,,LOW
-3.75978,105.55671,,0.54,0.51,2026-09-26,1758,N20,VIIRS,n,2.0NRT,,4.5,N,VIIRS_NOAA20_NRT,316.8,293.97,YES,,LOW
-3.75897,105.55183,,0.54,0.51,2026-09-26,1758,N20,VIIRS,n,2.0NRT,,4.5,N,VIIRS_NOAA20_NRT,328.18,295.84,YES,,LOW
-3.75815,105.54696,,0.54,0.51,2026-09-26,1758,N20,VIIRS,n,2.0NRT,,2.82,N,VIIRS_NOAA20_NRT,315.38,293.51,YES,,LOW
-3.75733,105.54208,,0.54,0.51,2026-09-26,1758,N20,VIIRS,n,2.0NRT,,2.82,N,VIIRS_NOAA20_NRT,309.35,292.86,YES,,LOW
-3.75431,105.55262,,0.54,0.51,2026-09-26,1758,N20,VIIRS,n,2.0NRT,,4.5,N,VIIRS_NOAA20_NRT,323.09,294.94,YES,,LOW
-3.75349,105.54774,,0.54,0.51,2026-09-26,1758,N20,VIIRS,n,2.0NRT,,2.82,N,VIIRS_NOAA20_NRT,320.8,294.75,YES,,LOW
-3.75267,105.54286,,0.54,0.51,2026-09-26,1758,N20,VIIRS,n,2.0NRT,,2.82,N,VIIRS_NOAA20_NRT,303.92,291.84,YES,,LOW
-3.75185,105.53798,,0.54,0.51,2026-09-26,1758,N20,VIIRS,n,2.0NRT,,7.03,N,VIIRS_NOAA20_NRT,331.91,293.55,YES,,LOW
-3.74965,105.55342,,0.54,0.51,2026-09-26,1758,N20,VIIRS,n,2.0NRT,,5.58,N,VIIRS_NOAA20_NRT,321.43,294.8,YES,,LOW
-3.74883,105.54853,,0.54,0.51,2026-09-26,1758,N20,VIIRS,n,2.0NRT,,3.32,N,VIIRS_NOAA20_NRT,305.2,292.76,YES,,LOW
-3.74801,105.54367,,0.54,0.51,2026-09-26,1758,N20,VIIRS,n,2.0NRT,,3.32,N,VIIRS_NOAA20_NRT,305.46,292.85,YES,,LOW
-3.74719,105.5388,,0.54,0.51,2026-09-26,1758,N20,VIIRS,n,2.0NRT,,7.28,N,VIIRS_NOAA20_NRT,337.27,294.71,YES,,LOW
-3.745,105.46841,,0.55,0.51,2026-09-26,1758,N20,VIIRS,n,2.0NRT,,26.62,N,VIIRS_NOAA20_NRT,347.54,295.48,YES,,HIGH
-3.74489,105.29316,,0.57,0.52,2026-09-26,1758,N20,VIIRS,n,2.0NRT,,1.62,N,VIIRS_NOAA20_NRT,314.31,291.47,YES,,LOW
-3.74417,105.46347,,0.55,0.51,2026-09-26,1758,N20,VIIRS,h,2.0NRT,,26.62,N,VIIRS_NOAA20_NRT,367.0,295.94,YES,,HIGH
-3.74334,105.45852,,0.55,0.51,2026-09-26,1758,N20,VIIRS,n,2.0NRT,,29.88,N,VIIRS_NOAA20_NRT,342.87,293.56,YES,,HIGH
-3.74253,105.53958,,0.54,0.51,2026-09-26,1758,N20,VIIRS,n,2.0NRT,,7.28,N,VIIRS_NOAA20_NRT,336.67,294.28,YES,,LOW
-3.74251,105.45356,,0.55,0.51,2026-09-26,1758,N20,VIIRS,n,2.0NRT,,29.88,N,VIIRS_NOAA20_NRT,329.42,292.77,YES,,HIGH
-3.74031,105.46922,,0.55,0.51,2026-09-26,1758,N20,VIIRS,n,2.0NRT,,26.62,N,VIIRS_NOAA20_NRT,346.76,295.09,YES,,HIGH
-3.73948,105.46427,,0.55,0.51,2026-09-26,1758,N20,VIIRS,n,2.0NRT,,26.62,N,VIIRS_NOAA20_NRT,351.05,304.66,YES,,HIGH
-3.73865,105.45932,,0.55,0.51,2026-09-26,1758,N20,VIIRS,n,2.0NRT,,29.88,N,VIIRS_NOAA20_NRT,354.75,306.16,YES,,HIGH
-3.73787,105.54036,,0.54,0.51,2026-09-26,1758,N20,VIIRS,n,2.0NRT,,5.01,N,VIIRS_NOAA20_NRT,323.61,292.94,YES,,LOW
-3.73782,105.45436,,0.55,0.51,2026-09-26,1758,N20,VIIRS,n,2.0NRT,,29.88,N,VIIRS_NOAA20_NRT,356.28,305.9,YES,,HIGH
-3.73698,105.4494,,0.55,0.51,2026-09-26,1758,N20,VIIRS,n,2.0NRT,,15.16,N,VIIRS_NOAA20_NRT,340.93,293.31,YES,,HIGH
-3.73396,105.46011,,0.55,0.51,2026-09-26,1758,N20,VIIRS,n,2.0NRT,,51.51,N,VIIRS_NOAA20_NRT,350.36,299.79,YES,,HIGH
-3.73313,105.45516,,0.55,0.51,2026-09-26,1758,N20,VIIRS,n,2.0NRT,,51.51,N,VIIRS_NOAA20_NRT,354.19,303.92,YES,,HIGH
-3.73229,105.4502,,0.55,0.51,2026-09-26,1758,N20,VIIRS,n,2.0NRT,,17.39,N,VIIRS_NOAA20_NRT,356.0,300.61,YES,,HIGH
-3.73146,105.44523,,0.55,0.51,2026-09-26,1758,N20,VIIRS,n,2.0NRT,,17.39,N,VIIRS_NOAA20_NRT,338.53,292.72,YES,,HIGH
-3.7276,105.451,,0.55,0.51,2026-09-26,1758,N20,VIIRS,n,2.0NRT,,17.39,N,VIIRS_NOAA20_NRT,304.11,291.93,YES,,HIGH
-3.72307,105.39539,,0.56,0.51,2026-09-26,1758,N20,VIIRS,n,2.0NRT,,2.39,N,VIIRS_NOAA20_NRT,317.34,292.03,YES,,LOW
-3.71836,105.39619,,0.56,0.51,2026-09-26,1758,N20,VIIRS,n,2.0NRT,,2.39,N,VIIRS_NOAA20_NRT,305.0,291.62,YES,,LOW
-3.687,105.33073,,0.56,0.52,2026-09-26,1758,N20,VIIRS,n,2.0NRT,,1.05,N,VIIRS_NOAA20_NRT,302.05,291.26,YES,,LOW
-3.68619,105.73442,,0.53,0.5,2026-09-26,1758,N20,VIIRS,n,2.0NRT,,2.45,N,VIIRS_NOAA20_NRT,305.41,291.62,YES,,LOW
-3.66439,105.68916,,0.53,0.5,2026-09-26,1758,N20,VIIRS,n,2.0NRT,,1.57,N,VIIRS_NOAA20_NRT,301.93,291.14,YES,,LOW
-3.6083,105.29703,,0.57,0.52,2026-09-26,1758,N20,VIIRS,n,2.0NRT,,1.93,N,VIIRS_NOAA20_NRT,310.63,291.61,YES,,LOW
-3.58221,105.61649,,0.54,0.51,2026-09-26,1758,N20,VIIRS,n,2.0NRT,,1.91,N,VIIRS_NOAA20_NRT,309.42,292.23,YES,,LOW
-3.57515,105.6027,,0.54,0.51,2026-09-26,1758,N20,VIIRS,n,2.0NRT,,1.28,N,VIIRS_NOAA20_NRT,304.96,292.04,YES,,LOW
-3.56799,105.70318,,0.53,0.5,2026-09-26,1758,N20,VIIRS,n,2.0NRT,,1.16,N,VIIRS_NOAA20_NRT,304.19,291.54,YES,,LOW
-3.51705,105.64442,,0.54,0.51,2026-09-26,1758,N20,VIIRS,n,2.0NRT,,4.91,N,VIIRS_NOAA20_NRT,325.56,292.49,YES,,LOW
-3.51657,104.68942,,0.63,0.54,2026-09-26,1758,N20,VIIRS,n,2.0NRT,,2.42,N,VIIRS_NOAA20_NRT,310.2,291.01,YES,,LOW
-3.51575,105.64767,,0.54,0.51,2026-09-26,1758,N20,VIIRS,n,2.0NRT,,3.75,N,VIIRS_NOAA20_NRT,323.33,292.38,YES,,LOW
-3.4719,105.15778,,0.58,0.52,2026-09-26,1758,N20,VIIRS,n,2.0NRT,,2.03,N,VIIRS_NOAA20_NRT,304.49,291.01,YES,,LOW
-3.44258,105.54119,,0.55,0.51,2026-09-26,1758,N20,VIIRS,n,2.0NRT,,3.75,N,VIIRS_NOAA20_NRT,310.53,291.32,YES,,LOW
-3.44176,105.53625,,0.55,0.51,2026-09-26,1758,N20,VIIRS,n,2.0NRT,,3.75,N,VIIRS_NOAA20_NRT,340.58,292.16,YES,,LOW
-3.43877,105.19555,,0.58,0.52,2026-09-26,1758,N20,VIIRS,n,2.0NRT,,0.94,N,VIIRS_NOAA20_NRT,303.11,291.13,YES,,LOW
-3.43399,105.19263,,0.58,0.52,2026-09-26,1758,N20,VIIRS,n,2.0NRT,,9.3,N,VIIRS_NOAA20_NRT,337.13,294.16,YES,,LOW
-3.43397,105.19635,,0.58,0.52,2026-09-26,1758,N20,VIIRS,n,2.0NRT,,5.08,N,VIIRS_NOAA20_NRT,327.7,293.24,YES,,LOW
-3.43308,105.19115,,0.58,0.52,2026-09-26,1758,N20,VIIRS,n,2.0NRT,,5.9,N,VIIRS_NOAA20_NRT,329.16,293.24,YES,,LOW
-3.42918,105.19343,,0.58,0.52,2026-09-26,1758,N20,VIIRS,n,2.0NRT,,9.3,N,VIIRS_NOAA20_NRT,341.84,294.8,YES,,LOW
-3.42917,105.19716,,0.58,0.52,2026-09-26,1758,N20,VIIRS,n,2.0NRT,,5.08,N,VIIRS_NOAA20_NRT,320.69,292.23,YES,,LOW
-3.42828,105.19196,,0.58,0.52,2026-09-26,1758,N20,VIIRS,n,2.0NRT,,5.9,N,VIIRS_NOAA20_NRT,321.75,292.99,YES,,LOW
-3.37893,105.33478,,0.57,0.52,2026-09-26,1758,N20,VIIRS,n,2.0NRT,,1.29,N,VIIRS_NOAA20_NRT,302.28,290.93,YES,,LOW
-3.37637,105.26121,,0.58,0.52,2026-09-26,1758,N20,VIIRS,n,2.0NRT,,4.83,N,VIIRS_NOAA20_NRT,326.18,292.3,YES,,LOW
-3.37418,105.33559,,0.57,0.52,2026-09-26,1758,N20,VIIRS,n,2.0NRT,,1.29,N,VIIRS_NOAA20_NRT,310.81,291.09,YES,,LOW
-3.37159,105.26201,,0.58,0.52,2026-09-26,1758,N20,VIIRS,n,2.0NRT,,4.83,N,VIIRS_NOAA20_NRT,328.08,294.03,YES,,LOW
-3.37072,105.25683,,0.58,0.52,2026-09-26,1758,N20,VIIRS,n,2.0NRT,,4.83,N,VIIRS_NOAA20_NRT,318.05,291.46,YES,,LOW
-3.37029,105.34149,,0.57,0.52,2026-09-26,1758,N20,VIIRS,n,2.0NRT,,1.23,N,VIIRS_NOAA20_NRT,313.93,291.05,YES,,LOW
-3.36909,105.33746,,0.57,0.52,2026-09-26,1758,N20,VIIRS,n,2.0NRT,,1.61,N,VIIRS_NOAA20_NRT,304.24,290.84,YES,,LOW
-3.35495,105.24976,,0.58,0.52,2026-09-26,1758,N20,VIIRS,n,2.0NRT,,2.69,N,VIIRS_NOAA20_NRT,320.49,291.44,YES,,LOW
-3.35461,105.24884,,0.58,0.52,2026-09-26,1758,N20,VIIRS,n,2.0NRT,,2.61,N,VIIRS_NOAA20_NRT,320.49,291.5,YES,,LOW
-3.35041,105.28252,,0.57,0.52,2026-09-26,1758,N20,VIIRS,n,2.0NRT,,1.13,N,VIIRS_NOAA20_NRT,304.47,291.76,YES,,LOW
-3.35032,105.28155,,0.57,0.52,2026-09-26,1758,N20,VIIRS,n,2.0NRT,,1.81,N,VIIRS_NOAA20_NRT,308.71,292.39,YES,,LOW
-3.35016,105.25056,,0.58,0.52,2026-09-26,1758,N20,VIIRS,n,2.0NRT,,2.69,N,VIIRS_NOAA20_NRT,310.47,291.96,YES,,LOW
-3.34983,105.24965,,0.58,0.52,2026-09-26,1758,N20,VIIRS,n,2.0NRT,,2.61,N,VIIRS_NOAA20_NRT,304.87,291.53,YES,,LOW
-3.34957,105.27734,,0.58,0.52,2026-09-26,1758,N20,VIIRS,n,2.0NRT,,1.13,N,VIIRS_NOAA20_NRT,302.85,291.45,YES,,LOW
-3.3389,105.2418,,0.58,0.52,2026-09-26,1758,N20,VIIRS,n,2.0NRT,,1.26,N,VIIRS_NOAA20_NRT,305.37,291.65,YES,,LOW
-3.33848,105.24088,,0.58,0.52,2026-09-26,1758,N20,VIIRS,n,2.0NRT,,2.09,N,VIIRS_NOAA20_NRT,302.6,291.21,YES,,LOW
-3.32765,105.50047,,0.56,0.51,2026-09-26,1758,N20,VIIRS,n,2.0NRT,,1.75,N,VIIRS_NOAA20_NRT,304.6,290.53,YES,,LOW
-3.32661,105.75223,,0.53,0.5,2026-09-26,1758,N20,VIIRS,n,2.0NRT,,0.89,N,VIIRS_NOAA20_NRT,302.93,290.89,YES,,LOW
-3.30945,105.18227,,0.58,0.52,2026-09-26,1758,N20,VIIRS,n,2.0NRT,,6.62,N,VIIRS_NOAA20_NRT,307.84,290.67,YES,,LOW
-3.30859,105.17702,,0.59,0.52,2026-09-26,1758,N20,VIIRS,n,2.0NRT,,6.62,N,VIIRS_NOAA20_NRT,348.3,294.55,YES,,LOW
-3.30773,105.17175,,0.59,0.53,2026-09-26,1758,N20,VIIRS,n,2.0NRT,,3.11,N,VIIRS_NOAA20_NRT,308.94,291.62,YES,,LOW
-3.30464,105.18308,,0.58,0.52,2026-09-26,1758,N20,VIIRS,n,2.0NRT,,2.58,N,VIIRS_NOAA20_NRT,315.55,290.97,YES,,LOW
-3.30378,105.17783,,0.59,0.52,2026-09-26,1758,N20,VIIRS,n,2.0NRT,,2.58,N,VIIRS_NOAA20_NRT,316.24,291.77,YES,,LOW
-3.29644,105.10279,,0.59,0.53,2026-09-26,1758,N20,VIIRS,n,2.0NRT,,16.81,N,VIIRS_NOAA20_NRT,344.22,296.65,YES,,HIGH
-3.29556,105.09744,,0.59,0.53,2026-09-26,1758,N20,VIIRS,n,2.0NRT,,7.29,N,VIIRS_NOAA20_NRT,314.85,291.2,YES,,LOW
-3.29509,105.12489,,0.59,0.53,2026-09-26,1758,N20,VIIRS,n,2.0NRT,,0.84,N,VIIRS_NOAA20_NRT,302.11,290.84,YES,,LOW
-3.2905,105.27669,,0.58,0.52,2026-09-26,1758,N20,VIIRS,n,2.0NRT,,4.69,N,VIIRS_NOAA20_NRT,327.87,292.6,YES,,LOW
-3.28964,105.27151,,0.58,0.52,2026-09-26,1758,N20,VIIRS,n,2.0NRT,,8.15,N,VIIRS_NOAA20_NRT,329.97,293.66,YES,,LOW
-3.27839,105.1441,,0.59,0.53,2026-09-26,1758,N20,VIIRS,n,2.0NRT,,1.97,N,VIIRS_NOAA20_NRT,307.49,291.08,YES,,LOW
-3.27751,105.13879,,0.59,0.53,2026-09-26,1758,N20,VIIRS,n,2.0NRT,,1.97,N,VIIRS_NOAA20_NRT,306.79,291.21,YES,,LOW
-3.26874,105.14573,,0.59,0.53,2026-09-26,1758,N20,VIIRS,n,2.0NRT,,1.74,N,VIIRS_NOAA20_NRT,308.19,291.3,YES,,LOW
-3.26568,105.15717,,0.59,0.53,2026-09-26,1758,N20,VIIRS,n,2.0NRT,,1.97,N,VIIRS_NOAA20_NRT,308.34,291.39,YES,,LOW
-3.25731,105.13675,,0.59,0.53,2026-09-26,1758,N20,VIIRS,n,2.0NRT,,2.38,N,VIIRS_NOAA20_NRT,310.77,291.26,YES,,LOW
-3.23128,104.98093,,0.6,0.53,2026-09-26,1758,N20,VIIRS,n,2.0NRT,,2.12,N,VIIRS_NOAA20_NRT,303.19,290.22,YES,,LOW
-3.2264,104.98176,,0.6,0.53,2026-09-26,1758,N20,VIIRS,n,2.0NRT,,2.12,N,VIIRS_NOAA20_NRT,317.03,291.25,YES,,LOW
-3.22548,104.97631,,0.61,0.53,2026-09-26,1758,N20,VIIRS,n,2.0NRT,,3.26,N,VIIRS_NOAA20_NRT,303.11,290.71,YES,,LOW
-3.17824,104.90546,,0.61,0.54,2026-09-26,1758,N20,VIIRS,n,2.0NRT,,1.76,N,VIIRS_NOAA20_NRT,316.15,290.74,YES,,LOW
-3.17681,104.90698,,0.61,0.54,2026-09-26,1758,N20,VIIRS,n,2.0NRT,,1.83,N,VIIRS_NOAA20_NRT,311.75,290.68,YES,,LOW
-3.15837,105.39576,,0.57,0.52,2026-09-26,1758,N20,VIIRS,n,2.0NRT,,1.93,N,VIIRS_NOAA20_NRT,316.52,292.2,YES,,LOW
-3.15816,105.39822,,0.57,0.52,2026-09-26,1758,N20,VIIRS,n,2.0NRT,,1.83,N,VIIRS_NOAA20_NRT,305.14,291.29,YES,,LOW
-3.15751,105.39068,,0.57,0.52,2026-09-26,1758,N20,VIIRS,n,2.0NRT,,1.93,N,VIIRS_NOAA20_NRT,305.09,290.58,YES,,LOW
-3.15733,105.39311,,0.57,0.52,2026-09-26,1758,N20,VIIRS,n,2.0NRT,,4.26,N,VIIRS_NOAA20_NRT,319.89,291.85,YES,,LOW
-3.15275,105.39145,,0.57,0.52,2026-09-26,1758,N20,VIIRS,n,2.0NRT,,8.37,N,VIIRS_NOAA20_NRT,337.91,294.08,YES,,LOW
-3.15258,105.39391,,0.57,0.52,2026-09-26,1758,N20,VIIRS,n,2.0NRT,,3.89,N,VIIRS_NOAA20_NRT,310.23,291.66,YES,,LOW
-3.15189,105.38635,,0.57,0.52,2026-09-26,1758,N20,VIIRS,n,2.0NRT,,3.28,N,VIIRS_NOAA20_NRT,315.72,291.84,YES,,LOW
-3.15175,105.38879,,0.57,0.52,2026-09-26,1758,N20,VIIRS,n,2.0NRT,,3.89,N,VIIRS_NOAA20_NRT,334.55,293.49,YES,,LOW
-3.15103,105.38126,,0.57,0.52,2026-09-26,1758,N20,VIIRS,n,2.0NRT,,3.28,N,VIIRS_NOAA20_NRT,302.82,291.07,YES,,LOW
-3.15093,105.38368,,0.57,0.52,2026-09-26,1758,N20,VIIRS,n,2.0NRT,,2.78,N,VIIRS_NOAA20_NRT,315.7,292.14,YES,,LOW
-3.14713,105.38716,,0.57,0.52,2026-09-26,1758,N20,VIIRS,n,2.0NRT,,3.28,N,VIIRS_NOAA20_NRT,325.34,291.73,YES,,LOW
-3.147,105.38962,,0.57,0.52,2026-09-26,1758,N20,VIIRS,n,2.0NRT,,3.89,N,VIIRS_NOAA20_NRT,311.02,291.25,YES,,LOW
-3.14617,105.3845,,0.57,0.52,2026-09-26,1758,N20,VIIRS,n,2.0NRT,,2.78,N,VIIRS_NOAA20_NRT,310.73,291.25,YES,,LOW
-3.10886,105.10298,,0.6,0.53,2026-09-26,1758,N20,VIIRS,n,2.0NRT,,1.14,N,VIIRS_NOAA20_NRT,305.51,291.26,YES,,LOW
-3.09913,105.21611,,0.59,0.53,2026-09-26,1758,N20,VIIRS,n,2.0NRT,,3.77,N,VIIRS_NOAA20_NRT,314.91,292.94,NO,0.17,MONITORING
-3.09827,105.21083,,0.59,0.53,2026-09-26,1758,N20,VIIRS,n,2.0NRT,,3.24,N,VIIRS_NOAA20_NRT,306.19,291.21,NO,0.734,MONITORING
-3.09431,105.21693,,0.59,0.53,2026-09-26,1758,N20,VIIRS,n,2.0NRT,,4.92,N,VIIRS_NOAA20_NRT,313.88,291.8,YES,,LOW
-3.08149,105.28919,,0.58,0.52,2026-09-26,1758,N20,VIIRS,n,2.0NRT,,2.88,N,VIIRS_NOAA20_NRT,303.51,291.26,YES,,LOW
-3.061,105.07452,,0.6,0.53,2026-09-26,1758,N20,VIIRS,n,2.0NRT,,2.81,N,VIIRS_NOAA20_NRT,306.35,290.93,NO,1.065,MONITORING
-3.05057,105.60956,,0.55,0.51,2026-09-26,1758,N20,VIIRS,n,2.0NRT,,1.53,N,VIIRS_NOAA20_NRT,305.0,291.92,YES,,LOW
-3.04652,105.5847,,0.55,0.51,2026-09-26,1758,N20,VIIRS,n,2.0NRT,,4.41,N,VIIRS_NOAA20_NRT,314.07,292.8,YES,,LOW
-3.04507,105.60538,,0.55,0.51,2026-09-26,1758,N20,VIIRS,n,2.0NRT,,3.99,N,VIIRS_NOAA20_NRT,319.03,294.24,YES,,LOW
-3.04426,105.60043,,0.55,0.51,2026-09-26,1758,N20,VIIRS,n,2.0NRT,,3.99,N,VIIRS_NOAA20_NRT,311.36,293.22,YES,,LOW
-3.04344,105.59546,,0.55,0.51,2026-09-26,1758,N20,VIIRS,n,2.0NRT,,7.9,N,VIIRS_NOAA20_NRT,322.56,294.42,YES,,LOW
-3.04263,105.59048,,0.55,0.51,2026-09-26,1758,N20,VIIRS,n,2.0NRT,,7.9,N,VIIRS_NOAA20_NRT,340.65,297.78,YES,,LOW
-3.04182,105.58549,,0.55,0.51,2026-09-26,1758,N20,VIIRS,n,2.0NRT,,4.41,N,VIIRS_NOAA20_NRT,338.67,296.48,YES,,LOW
-3.041,105.58051,,0.55,0.51,2026-09-26,1758,N20,VIIRS,n,2.0NRT,,4.41,N,VIIRS_NOAA20_NRT,302.9,291.78,YES,,LOW
-3.03956,105.60121,,0.55,0.51,2026-09-26,1758,N20,VIIRS,n,2.0NRT,,8.25,N,VIIRS_NOAA20_NRT,341.57,299.37,YES,,LOW
-3.03875,105.59624,,0.55,0.51,2026-09-26,1758,N20,VIIRS,n,2.0NRT,,18.53,N,VIIRS_NOAA20_NRT,348.19,301.05,YES,,HIGH
-3.03793,105.59127,,0.55,0.51,2026-09-26,1758,N20,VIIRS,h,2.0NRT,,18.53,N,VIIRS_NOAA20_NRT,367.0,304.08,YES,,HIGH
-3.03711,105.58629,,0.55,0.51,2026-09-26,1758,N20,VIIRS,n,2.0NRT,,13.23,N,VIIRS_NOAA20_NRT,348.32,298.87,YES,,HIGH
-3.0363,105.58131,,0.55,0.51,2026-09-26,1758,N20,VIIRS,n,2.0NRT,,13.23,N,VIIRS_NOAA20_NRT,315.58,292.71,YES,,HIGH
-3.03486,105.60201,,0.55,0.51,2026-09-26,1758,N20,VIIRS,n,2.0NRT,,8.25,N,VIIRS_NOAA20_NRT,319.04,294.52,YES,,LOW
-3.03405,105.59703,,0.55,0.51,2026-09-26,1758,N20,VIIRS,n,2.0NRT,,18.53,N,VIIRS_NOAA20_NRT,345.59,300.14,YES,,HIGH
-3.03323,105.59206,,0.55,0.51,2026-09-26,1758,N20,VIIRS,n,2.0NRT,,18.53,N,VIIRS_NOAA20_NRT,354.87,302.27,YES,,HIGH
-3.03241,105.58708,,0.55,0.51,2026-09-26,1758,N20,VIIRS,h,2.0NRT,,13.23,N,VIIRS_NOAA20_NRT,367.0,302.5,YES,,HIGH
-3.0316,105.58211,,0.55,0.51,2026-09-26,1758,N20,VIIRS,n,2.0NRT,,13.23,N,VIIRS_NOAA20_NRT,342.1,296.23,YES,,HIGH
-3.02935,105.59782,,0.55,0.51,2026-09-26,1758,N20,VIIRS,n,2.0NRT,,10.72,N,VIIRS_NOAA20_NRT,341.13,299.35,YES,,HIGH
-3.02853,105.59285,,0.55,0.51,2026-09-26,1758,N20,VIIRS,n,2.0NRT,,10.72,N,VIIRS_NOAA20_NRT,354.84,302.46,YES,,HIGH
-3.02771,105.58788,,0.55,0.51,2026-09-26,1758,N20,VIIRS,h,2.0NRT,,14.27,N,VIIRS_NOAA20_NRT,367.0,301.4,YES,,HIGH
-3.02692,105.08028,,0.6,0.53,2026-09-26,1758,N20,VIIRS,n,2.0NRT,,1.75,N,VIIRS_NOAA20_NRT,301.84,290.71,NO,0.247,MONITORING
-3.02689,105.58289,,0.55,0.51,2026-09-26,1758,N20,VIIRS,n,2.0NRT,,14.27,N,VIIRS_NOAA20_NRT,351.25,297.34,YES,,HIGH
-3.02465,105.59861,,0.55,0.51,2026-09-26,1758,N20,VIIRS,n,2.0NRT,,10.72,N,VIIRS_NOAA20_NRT,315.84,293.85,YES,,HIGH
-3.02383,105.59363,,0.55,0.51,2026-09-26,1758,N20,VIIRS,n,2.0NRT,,10.72,N,VIIRS_NOAA20_NRT,344.68,299.6,YES,,HIGH
-3.02301,105.58867,,0.55,0.51,2026-09-26,1758,N20,VIIRS,n,2.0NRT,,14.27,N,VIIRS_NOAA20_NRT,348.74,299.65,YES,,HIGH
-3.02219,105.58369,,0.55,0.51,2026-09-26,1758,N20,VIIRS,n,2.0NRT,,14.27,N,VIIRS_NOAA20_NRT,334.69,294.94,YES,,HIGH
-2.86569,104.7296,,0.32,0.54,2026-09-26,1758,N20,VIIRS,n,2.0NRT,,2.67,N,VIIRS_NOAA20_NRT,314.78,290.53,NO,24.247,MONITORING
-2.86522,104.72673,,0.32,0.55,2026-09-26,1758,N20,VIIRS,n,2.0NRT,,1.49,N,VIIRS_NOAA20_NRT,326.91,290.51,NO,24.398,MONITORING
-2.86474,104.72387,,0.32,0.55,2026-09-26,1758,N20,VIIRS,n,2.0NRT,,1.49,N,VIIRS_NOAA20_NRT,306.14,290.25,NO,24.552,MONITORING
-2.86021,104.72757,,0.32,0.55,2026-09-26,1758,N20,VIIRS,n,2.0NRT,,1.49,N,VIIRS_NOAA20_NRT,319.6,290.32,NO,24.898,MONITORING
-2.85509,105.13486,,0.6,0.53,2026-09-26,1758,N20,VIIRS,n,2.0NRT,,0.59,N,VIIRS_NOAA20_NRT,300.53,289.99,NO,9.677,MONITORING
-2.81363,105.18597,,0.59,0.53,2026-09-26,1758,N20,VIIRS,n,2.0NRT,,0.79,N,VIIRS_NOAA20_NRT,301.26,290.33,NO,7.02,MONITORING
-2.80609,105.17074,,0.6,0.53,2026-09-26,1758,N20,VIIRS,n,2.0NRT,,1.93,N,VIIRS_NOAA20_NRT,305.33,292.14,NO,8.46,MONITORING
-2.75986,106.15978,,0.51,0.49,2026-09-26,1758,N20,VIIRS,n,2.0NRT,,0.92,N,VIIRS_NOAA20_NRT,309.1,291.4,NO,28.23,MONITORING
-2.71416,106.14137,,0.51,0.5,2026-09-26,1758,N20,VIIRS,n,2.0NRT,,1.02,N,VIIRS_NOAA20_NRT,305.06,291.61,NO,31.716,MONITORING
-2.69216,106.1497,,0.51,0.5,2026-09-26,1758,N20,VIIRS,n,2.0NRT,,0.56,N,VIIRS_NOAA20_NRT,303.72,291.43,NO,34.326,MONITORING
-2.66494,106.21108,,0.51,0.49,2026-09-26,1758,N20,VIIRS,n,2.0NRT,,1.34,N,VIIRS_NOAA20_NRT,311.9,292.13,NO,40.248,MONITORING
-2.66419,106.20658,,0.51,0.49,2026-09-26,1758,N20,VIIRS,n,2.0NRT,,1.47,N,VIIRS_NOAA20_NRT,306.03,292.08,NO,40.071,MONITORING
-4.22468,105.41285,,0.4,0.37,2026-09-27,635,N20,VIIRS,n,2.0NRT,,6.95,D,VIIRS_NOAA20_NRT,344.95,286.82,NO,28.675,MONITORING
-4.21573,105.40422,,0.4,0.37,2026-09-27,635,N20,VIIRS,n,2.0NRT,,2.68,D,VIIRS_NOAA20_NRT,330.0,286.14,NO,28.767,MONITORING
-4.17871,105.64317,,0.4,0.37,2026-09-27,635,N20,VIIRS,n,2.0NRT,,3.63,D,VIIRS_NOAA20_NRT,330.28,286.0,NO,7.988,MONITORING
-4.17815,105.64677,,0.4,0.37,2026-09-27,635,N20,VIIRS,n,2.0NRT,,3.63,D,VIIRS_NOAA20_NRT,347.54,287.02,NO,7.636,MONITORING
-4.17478,105.64625,,0.4,0.37,2026-09-27,635,N20,VIIRS,n,2.0NRT,,90.19,D,VIIRS_NOAA20_NRT,350.18,294.97,NO,7.449,MONITORING
-4.14695,105.32421,,0.39,0.36,2026-09-27,635,N20,VIIRS,n,2.0NRT,,4.33,D,VIIRS_NOAA20_NRT,341.81,287.12,NO,25.337,MONITORING
-4.1105,105.67271,,0.4,0.37,2026-09-27,635,N20,VIIRS,n,2.0NRT,,2.97,D,VIIRS_NOAA20_NRT,335.44,281.19,NO,1.965,MONITORING
-4.10978,105.38741,,0.4,0.37,2026-09-27,635,N20,VIIRS,n,2.0NRT,,5.98,D,VIIRS_NOAA20_NRT,332.43,291.85,NO,24.978,MONITORING
-4.10923,105.39096,,0.4,0.37,2026-09-27,635,N20,VIIRS,n,2.0NRT,,9.24,D,VIIRS_NOAA20_NRT,348.55,291.88,NO,24.58,MONITORING
-4.06529,105.43853,,0.4,0.37,2026-09-27,635,N20,VIIRS,n,2.0NRT,,3.37,D,VIIRS_NOAA20_NRT,330.06,288.1,NO,18.487,MONITORING
-4.05477,105.46242,,0.4,0.37,2026-09-27,635,N20,VIIRS,n,2.0NRT,,12.24,D,VIIRS_NOAA20_NRT,345.46,286.66,NO,15.764,MONITORING
-4.05422,105.46597,,0.4,0.37,2026-09-27,635,N20,VIIRS,n,2.0NRT,,12.24,D,VIIRS_NOAA20_NRT,334.6,283.09,NO,15.368,MONITORING
-4.01309,105.1989,,0.39,0.36,2026-09-27,635,N20,VIIRS,n,2.0NRT,,5.76,D,VIIRS_NOAA20_NRT,341.74,289.23,NO,7.62,MONITORING
-3.9268,105.20971,,0.39,0.36,2026-09-27,635,N20,VIIRS,n,2.0NRT,,4.39,D,VIIRS_NOAA20_NRT,330.43,294.82,NO,3.611,MONITORING
-3.86049,105.90846,,0.41,0.37,2026-09-27,635,N20,VIIRS,n,2.0NRT,,23.48,D,VIIRS_NOAA20_NRT,343.14,290.9,YES,,HIGH
-3.85992,105.91213,,0.41,0.37,2026-09-27,635,N20,VIIRS,n,2.0NRT,,5.86,D,VIIRS_NOAA20_NRT,331.96,286.47,YES,,LOW
-3.83551,105.88963,,0.41,0.37,2026-09-27,635,N20,VIIRS,n,2.0NRT,,3.7,D,VIIRS_NOAA20_NRT,333.39,288.26,YES,,LOW
-3.77025,105.564,,0.4,0.37,2026-09-27,635,N20,VIIRS,n,2.0NRT,,21.68,D,VIIRS_NOAA20_NRT,355.64,268.34,YES,,HIGH
-3.69542,105.73372,,0.41,0.37,2026-09-27,635,N20,VIIRS,n,2.0NRT,,5.08,D,VIIRS_NOAA20_NRT,331.59,286.4,YES,,LOW
-3.69428,105.74098,,0.41,0.37,2026-09-27,635,N20,VIIRS,n,2.0NRT,,4.49,D,VIIRS_NOAA20_NRT,332.26,286.54,YES,,LOW
-3.69345,105.74037,,0.41,0.37,2026-09-27,635,N20,VIIRS,n,2.0NRT,,5.79,D,VIIRS_NOAA20_NRT,332.43,286.74,YES,,LOW
-3.64943,105.80074,,0.41,0.37,2026-09-27,635,N20,VIIRS,n,2.0NRT,,2.75,D,VIIRS_NOAA20_NRT,332.63,290.2,YES,,LOW
-3.64887,105.8044,,0.41,0.37,2026-09-27,635,N20,VIIRS,n,2.0NRT,,3.27,D,VIIRS_NOAA20_NRT,331.79,290.7,YES,,LOW
-3.61795,105.2989,,0.4,0.37,2026-09-27,635,N20,VIIRS,n,2.0NRT,,17.15,D,VIIRS_NOAA20_NRT,349.1,270.96,YES,,HIGH
-3.55291,105.81217,,0.41,0.37,2026-09-27,635,N20,VIIRS,n,2.0NRT,,6.52,D,VIIRS_NOAA20_NRT,345.56,291.84,YES,,LOW
-3.53931,105.8101,,0.41,0.37,2026-09-27,635,N20,VIIRS,n,2.0NRT,,5.51,D,VIIRS_NOAA20_NRT,346.93,293.21,YES,,LOW
-3.5194,105.64686,,0.4,0.37,2026-09-27,635,N20,VIIRS,n,2.0NRT,,4.44,D,VIIRS_NOAA20_NRT,333.97,292.46,YES,,LOW
-3.51207,105.6717,,0.4,0.37,2026-09-27,635,N20,VIIRS,n,2.0NRT,,6.74,D,VIIRS_NOAA20_NRT,329.94,294.75,YES,,LOW
-3.50018,105.79289,,0.41,0.37,2026-09-27,635,N20,VIIRS,n,2.0NRT,,5.67,D,VIIRS_NOAA20_NRT,338.83,289.32,YES,,LOW
-3.49962,105.77411,,0.41,0.37,2026-09-27,635,N20,VIIRS,n,2.0NRT,,3.56,D,VIIRS_NOAA20_NRT,329.37,292.59,YES,,LOW
-3.49851,105.71426,,0.41,0.37,2026-09-27,635,N20,VIIRS,n,2.0NRT,,5.79,D,VIIRS_NOAA20_NRT,346.15,291.94,YES,,LOW
-3.49735,105.78873,,0.41,0.37,2026-09-27,635,N20,VIIRS,n,2.0NRT,,5.67,D,VIIRS_NOAA20_NRT,346.4,294.82,YES,,LOW
-3.49678,105.79237,,0.41,0.37,2026-09-27,635,N20,VIIRS,n,2.0NRT,,5.67,D,VIIRS_NOAA20_NRT,337.41,295.13,YES,,LOW
-3.49169,105.78037,,0.41,0.37,2026-09-27,635,N20,VIIRS,n,2.0NRT,,4.98,D,VIIRS_NOAA20_NRT,331.57,292.67,YES,,LOW
-3.39357,105.41269,,0.4,0.37,2026-09-27,637,N20,VIIRS,n,2.0NRT,,6.65,D,VIIRS_NOAA20_NRT,337.36,282.58,YES,,LOW
-3.37572,105.26048,,0.4,0.37,2026-09-27,637,N20,VIIRS,n,2.0NRT,,3.91,D,VIIRS_NOAA20_NRT,330.21,281.35,YES,,LOW
-3.37517,105.26403,,0.4,0.37,2026-09-27,637,N20,VIIRS,n,2.0NRT,,3.91,D,VIIRS_NOAA20_NRT,331.54,282.03,YES,,LOW
-3.32863,105.49826,,0.4,0.37,2026-09-27,637,N20,VIIRS,n,2.0NRT,,3.69,D,VIIRS_NOAA20_NRT,331.49,281.19,YES,,LOW
-3.32302,105.51215,,0.4,0.37,2026-09-27,637,N20,VIIRS,n,2.0NRT,,6.24,D,VIIRS_NOAA20_NRT,338.68,275.7,YES,,LOW
-3.32188,105.49724,,0.4,0.37,2026-09-27,637,N20,VIIRS,n,2.0NRT,,4.72,D,VIIRS_NOAA20_NRT,337.07,278.15,YES,,LOW
-3.32076,105.50443,,0.4,0.37,2026-09-27,637,N20,VIIRS,n,2.0NRT,,7.51,D,VIIRS_NOAA20_NRT,340.22,274.81,YES,,LOW
-3.31906,105.49313,,0.4,0.37,2026-09-27,637,N20,VIIRS,n,2.0NRT,,4.72,D,VIIRS_NOAA20_NRT,340.15,277.46,YES,,LOW
-3.31851,105.49673,,0.4,0.37,2026-09-27,637,N20,VIIRS,n,2.0NRT,,4.72,D,VIIRS_NOAA20_NRT,351.5,276.92,YES,,LOW
-3.31569,105.49261,,0.4,0.37,2026-09-27,637,N20,VIIRS,n,2.0NRT,,26.6,D,VIIRS_NOAA20_NRT,336.13,279.14,YES,,HIGH
-3.31513,105.49622,,0.4,0.37,2026-09-27,637,N20,VIIRS,n,2.0NRT,,26.6,D,VIIRS_NOAA20_NRT,350.01,277.41,YES,,HIGH
-3.3141,105.29047,,0.4,0.37,2026-09-27,637,N20,VIIRS,n,2.0NRT,,8.43,D,VIIRS_NOAA20_NRT,349.15,279.56,YES,,LOW
-3.31287,105.4885,,0.4,0.37,2026-09-27,637,N20,VIIRS,n,2.0NRT,,6.88,D,VIIRS_NOAA20_NRT,339.54,279.1,YES,,LOW
-3.31173,105.47361,,0.4,0.37,2026-09-27,637,N20,VIIRS,n,2.0NRT,,11.55,D,VIIRS_NOAA20_NRT,355.22,276.84,YES,,HIGH
-3.31118,105.4772,,0.4,0.37,2026-09-27,637,N20,VIIRS,n,2.0NRT,,13.03,D,VIIRS_NOAA20_NRT,355.26,278.81,YES,,HIGH
-3.3102,105.29351,,0.4,0.37,2026-09-27,637,N20,VIIRS,n,2.0NRT,,4.28,D,VIIRS_NOAA20_NRT,337.1,272.37,YES,,LOW
-3.30836,105.4731,,0.4,0.37,2026-09-27,637,N20,VIIRS,l,2.0NRT,,11.55,D,VIIRS_NOAA20_NRT,356.7,275.54,YES,,HIGH
-3.3078,105.47669,,0.4,0.37,2026-09-27,637,N20,VIIRS,n,2.0NRT,,13.03,D,VIIRS_NOAA20_NRT,355.07,277.25,YES,,HIGH
-3.29224,105.27622,,0.4,0.37,2026-09-27,637,N20,VIIRS,n,2.0NRT,,6.19,D,VIIRS_NOAA20_NRT,338.23,273.17,YES,,LOW
-3.08106,105.6042,,0.41,0.37,2026-09-27,637,N20,VIIRS,n,2.0NRT,,6.01,D,VIIRS_NOAA20_NRT,346.61,294.41,YES,,LOW
-3.0805,105.60783,,0.41,0.37,2026-09-27,637,N20,VIIRS,n,2.0NRT,,6.01,D,VIIRS_NOAA20_NRT,331.84,296.97,YES,,LOW
-3.03218,105.60004,,0.41,0.37,2026-09-27,637,N20,VIIRS,n,2.0NRT,,23.08,D,VIIRS_NOAA20_NRT,348.15,285.67,YES,,HIGH
-3.02763,105.58448,,0.41,0.37,2026-09-27,637,N20,VIIRS,n,2.0NRT,,13.63,D,VIIRS_NOAA20_NRT,346.95,284.83,YES,,HIGH
-3.02708,105.58811,,0.41,0.37,2026-09-27,637,N20,VIIRS,n,2.0NRT,,17.61,D,VIIRS_NOAA20_NRT,355.72,286.91,YES,,HIGH
-3.02652,105.59174,,0.41,0.37,2026-09-27,637,N20,VIIRS,l,2.0NRT,,17.61,D,VIIRS_NOAA20_NRT,356.06,287.12,YES,,HIGH
-3.02596,105.59538,,0.41,0.37,2026-09-27,637,N20,VIIRS,n,2.0NRT,,10.77,D,VIIRS_NOAA20_NRT,352.02,285.43,YES,,HIGH
-3.0254,105.59901,,0.41,0.37,2026-09-27,637,N20,VIIRS,n,2.0NRT,,10.77,D,VIIRS_NOAA20_NRT,331.25,286.83,YES,,HIGH
-3.02368,105.5876,,0.41,0.37,2026-09-27,637,N20,VIIRS,n,2.0NRT,,4.08,D,VIIRS_NOAA20_NRT,341.68,284.5,YES,,LOW
-3.02313,105.59123,,0.41,0.37,2026-09-27,637,N20,VIIRS,n,2.0NRT,,4.08,D,VIIRS_NOAA20_NRT,330.29,283.19,YES,,LOW
-2.96858,105.14967,,0.4,0.37,2026-09-27,637,N20,VIIRS,n,2.0NRT,,13.83,D,VIIRS_NOAA20_NRT,355.35,265.9,NO,0.241,MONITORING
-2.95346,105.1365,,0.4,0.37,2026-09-27,637,N20,VIIRS,n,2.0NRT,,3.48,D,VIIRS_NOAA20_NRT,330.04,266.6,YES,,LOW
-2.94367,105.22219,,0.4,0.37,2026-09-27,637,N20,VIIRS,n,2.0NRT,,1.85,D,VIIRS_NOAA20_NRT,328.46,282.86,NO,6.067,MONITORING
-2.93305,105.22422,,0.4,0.37,2026-09-27,637,N20,VIIRS,n,2.0NRT,,1.79,D,VIIRS_NOAA20_NRT,330.81,280.97,NO,6.435,MONITORING
-2.9314,105.23491,,0.4,0.37,2026-09-27,637,N20,VIIRS,n,2.0NRT,,2.1,D,VIIRS_NOAA20_NRT,329.29,284.49,NO,5.418,MONITORING
-2.92627,105.20137,,0.4,0.37,2026-09-27,637,N20,VIIRS,n,2.0NRT,,4.25,D,VIIRS_NOAA20_NRT,330.76,279.06,NO,7.311,MONITORING
-2.91234,105.22472,,0.4,0.37,2026-09-27,637,N20,VIIRS,n,2.0NRT,,4.14,D,VIIRS_NOAA20_NRT,341.89,288.3,NO,4.992,MONITORING
-2.91179,105.22829,,0.4,0.37,2026-09-27,637,N20,VIIRS,n,2.0NRT,,4.14,D,VIIRS_NOAA20_NRT,329.03,287.95,NO,4.633,MONITORING
-2.90119,105.24003,,0.4,0.37,2026-09-27,637,N20,VIIRS,n,2.0NRT,,4.68,D,VIIRS_NOAA20_NRT,341.35,288.19,NO,2.884,MONITORING
-2.89807,105.1704,,0.4,0.37,2026-09-27,637,N20,VIIRS,n,2.0NRT,,2.14,D,VIIRS_NOAA20_NRT,329.93,277.29,NO,6.534,MONITORING
-2.87312,105.22118,,0.4,0.37,2026-09-27,637,N20,VIIRS,n,2.0NRT,,4.48,D,VIIRS_NOAA20_NRT,330.68,288.52,NO,4.083,MONITORING
-2.87164,104.74183,,0.39,0.36,2026-09-27,637,N20,VIIRS,n,2.0NRT,,3.31,D,VIIRS_NOAA20_NRT,339.38,287.47,NO,23.221,MONITORING
-2.8711,104.74532,,0.39,0.36,2026-09-27,637,N20,VIIRS,n,2.0NRT,,3.31,D,VIIRS_NOAA20_NRT,341.71,288.3,NO,23.18,MONITORING
-2.86859,104.74104,,0.39,0.36,2026-09-27,637,N20,VIIRS,n,2.0NRT,,3.4,D,VIIRS_NOAA20_NRT,337.54,286.92,NO,23.572,MONITORING
-2.86753,104.74801,,0.39,0.36,2026-09-27,637,N20,VIIRS,n,2.0NRT,,2.86,D,VIIRS_NOAA20_NRT,330.51,288.68,NO,23.494,MONITORING
-2.86695,105.2166,,0.4,0.37,2026-09-27,637,N20,VIIRS,n,2.0NRT,,6.32,D,VIIRS_NOAA20_NRT,335.29,289.55,NO,4.496,MONITORING
-2.86648,105.2421,,0.4,0.37,2026-09-27,637,N20,VIIRS,n,2.0NRT,,1.92,D,VIIRS_NOAA20_NRT,330.84,288.44,NO,1.67,MONITORING
-2.86578,105.20184,,0.4,0.37,2026-09-27,637,N20,VIIRS,n,2.0NRT,,3.76,D,VIIRS_NOAA20_NRT,332.5,284.37,NO,6.13,MONITORING
-2.85851,105.20443,,0.4,0.37,2026-09-27,637,N20,VIIRS,n,2.0NRT,,3.1,D,VIIRS_NOAA20_NRT,329.46,284.43,NO,5.819,MONITORING
-2.85488,104.76393,,0.39,0.36,2026-09-27,637,N20,VIIRS,n,2.0NRT,,7.68,D,VIIRS_NOAA20_NRT,347.17,290.96,NO,24.54,MONITORING
-2.85155,104.76343,,0.39,0.36,2026-09-27,637,N20,VIIRS,n,2.0NRT,,5.18,D,VIIRS_NOAA20_NRT,347.63,286.61,NO,24.916,MONITORING
-2.82718,106.1114,,0.42,0.38,2026-09-27,637,N20,VIIRS,n,2.0NRT,,35.88,D,VIIRS_NOAA20_NRT,351.57,286.74,NO,19.043,MONITORING
-2.81791,106.12552,,0.42,0.38,2026-09-27,637,N20,VIIRS,n,2.0NRT,,6.15,D,VIIRS_NOAA20_NRT,344.6,280.69,NO,20.72,MONITORING
-2.81649,105.18713,,0.4,0.37,2026-09-27,637,N20,VIIRS,n,2.0NRT,,3.29,D,VIIRS_NOAA20_NRT,340.33,278.08,NO,6.934,MONITORING
-2.81368,105.18307,,0.4,0.37,2026-09-27,637,N20,VIIRS,n,2.0NRT,,2.19,D,VIIRS_NOAA20_NRT,330.76,275.08,NO,7.342,MONITORING
-2.77036,106.00533,,0.42,0.38,2026-09-27,637,N20,VIIRS,n,2.0NRT,,2.82,D,VIIRS_NOAA20_NRT,330.67,278.93,NO,19.974,MONITORING
-2.76979,106.00909,,0.42,0.38,2026-09-27,637,N20,VIIRS,n,2.0NRT,,2.74,D,VIIRS_NOAA20_NRT,329.97,280.95,NO,20.148,MONITORING
-2.76294,105.18607,,0.4,0.37,2026-09-27,637,N20,VIIRS,n,2.0NRT,,5.35,D,VIIRS_NOAA20_NRT,338.93,279.89,NO,3.921,MONITORING
-2.75865,105.23648,,0.4,0.37,2026-09-27,637,N20,VIIRS,n,2.0NRT,,2.92,D,VIIRS_NOAA20_NRT,327.61,283.13,NO,0.722,MONITORING
-2.75739,105.19981,,0.4,0.37,2026-09-27,637,N20,VIIRS,n,2.0NRT,,3.61,D,VIIRS_NOAA20_NRT,334.01,285.87,NO,2.298,MONITORING
-4.22692,105.69451,,0.47,0.4,2026-09-28,618,N20,VIIRS,l,2.0NRT,,3.94,D,VIIRS_NOAA20_NRT,331.04,296.14,NO,9.989,MONITORING
-4.19942,105.25037,,0.5,0.41,2026-09-28,618,N20,VIIRS,n,2.0NRT,,5.09,D,VIIRS_NOAA20_NRT,332.0,296.15,NO,22.332,MONITORING
-4.19636,105.24538,,0.5,0.41,2026-09-28,618,N20,VIIRS,n,2.0NRT,,13.9,D,VIIRS_NOAA20_NRT,355.4,300.15,NO,21.712,MONITORING
-4.19263,105.24487,,0.5,0.41,2026-09-28,618,N20,VIIRS,n,2.0NRT,,13.9,D,VIIRS_NOAA20_NRT,334.84,296.32,NO,21.359,MONITORING
-4.17139,105.63982,,0.47,0.4,2026-09-28,618,N20,VIIRS,n,2.0NRT,,3.25,D,VIIRS_NOAA20_NRT,335.78,295.09,NO,7.821,MONITORING
-4.12994,105.39416,,0.49,0.4,2026-09-28,618,N20,VIIRS,n,2.0NRT,,2.98,D,VIIRS_NOAA20_NRT,333.95,291.56,NO,24.945,MONITORING
-4.08833,105.44554,,0.48,0.4,2026-09-28,618,N20,VIIRS,l,2.0NRT,,9.02,D,VIIRS_NOAA20_NRT,335.63,293.52,NO,18.119,MONITORING
-4.03879,105.42499,,0.48,0.4,2026-09-28,618,N20,VIIRS,l,2.0NRT,,7.07,D,VIIRS_NOAA20_NRT,334.04,292.13,NO,19.576,MONITORING
-4.03512,105.42444,,0.48,0.4,2026-09-28,618,N20,VIIRS,l,2.0NRT,,7.07,D,VIIRS_NOAA20_NRT,338.99,292.9,NO,19.277,MONITORING
-3.975,105.57845,,0.47,0.4,2026-09-28,618,N20,VIIRS,l,2.0NRT,,5.28,D,VIIRS_NOAA20_NRT,330.21,299.4,NO,2.567,MONITORING
-3.96644,105.58585,,0.47,0.4,2026-09-28,618,N20,VIIRS,l,2.0NRT,,7.97,D,VIIRS_NOAA20_NRT,337.92,300.62,NO,1.311,MONITORING
-3.85923,105.27608,,0.49,0.4,2026-09-28,618,N20,VIIRS,l,2.0NRT,,7.89,D,VIIRS_NOAA20_NRT,336.0,297.42,YES,,LOW
-3.84507,105.26952,,0.49,0.4,2026-09-28,618,N20,VIIRS,n,2.0NRT,,7.24,D,VIIRS_NOAA20_NRT,343.66,296.16,YES,,LOW
-3.83584,105.58442,,0.47,0.4,2026-09-28,618,N20,VIIRS,l,2.0NRT,,6.24,D,VIIRS_NOAA20_NRT,331.37,295.88,YES,,LOW
-3.82907,105.37832,,0.48,0.4,2026-09-28,618,N20,VIIRS,n,2.0NRT,,10.1,D,VIIRS_NOAA20_NRT,345.38,295.16,NO,3.697,MONITORING
-3.80771,105.49792,,0.48,0.4,2026-09-28,618,N20,VIIRS,l,2.0NRT,,33.46,D,VIIRS_NOAA20_NRT,342.91,300.79,YES,,HIGH
-3.80354,105.47552,,0.48,0.4,2026-09-28,618,N20,VIIRS,l,2.0NRT,,8.63,D,VIIRS_NOAA20_NRT,340.59,297.7,YES,,LOW
-3.79626,105.40101,,0.48,0.4,2026-09-28,618,N20,VIIRS,l,2.0NRT,,11.91,D,VIIRS_NOAA20_NRT,339.61,301.1,NO,2.046,MONITORING
-3.79551,105.47969,,0.48,0.4,2026-09-28,618,N20,VIIRS,l,2.0NRT,,10.54,D,VIIRS_NOAA20_NRT,334.07,295.36,YES,,HIGH
-3.79498,105.48297,,0.48,0.4,2026-09-28,618,N20,VIIRS,l,2.0NRT,,16.3,D,VIIRS_NOAA20_NRT,353.42,298.56,YES,,HIGH
-3.76599,105.27694,,0.49,0.4,2026-09-28,618,N20,VIIRS,l,2.0NRT,,9.04,D,VIIRS_NOAA20_NRT,330.91,298.91,YES,,LOW
-3.73292,105.44865,,0.48,0.4,2026-09-28,618,N20,VIIRS,l,2.0NRT,,35.83,D,VIIRS_NOAA20_NRT,356.27,302.26,YES,,HIGH
-3.73229,105.45293,,0.48,0.4,2026-09-28,618,N20,VIIRS,l,2.0NRT,,28.9,D,VIIRS_NOAA20_NRT,356.26,301.72,YES,,HIGH
-3.72926,105.44811,,0.48,0.4,2026-09-28,618,N20,VIIRS,l,2.0NRT,,35.83,D,VIIRS_NOAA20_NRT,356.0,305.49,YES,,HIGH
-3.72863,105.45238,,0.48,0.4,2026-09-28,618,N20,VIIRS,h,2.0NRT,,28.9,D,VIIRS_NOAA20_NRT,367.0,306.63,YES,,HIGH
-3.50823,105.22988,,0.49,0.4,2026-09-28,618,N20,VIIRS,n,2.0NRT,,8.38,D,VIIRS_NOAA20_NRT,339.7,296.98,YES,,LOW
-3.50753,105.22818,,0.49,0.4,2026-09-28,618,N20,VIIRS,l,2.0NRT,,9.31,D,VIIRS_NOAA20_NRT,334.19,296.34,YES,,LOW
-3.46792,104.91538,,0.51,0.41,2026-09-28,618,N20,VIIRS,h,2.0NRT,,457.96,D,VIIRS_NOAA20_NRT,367.0,326.04,YES,,HIGH
-3.43701,105.20154,,0.49,0.4,2026-09-28,618,N20,VIIRS,l,2.0NRT,,35.52,D,VIIRS_NOAA20_NRT,339.57,298.51,YES,,HIGH
-3.4113,105.17093,,0.49,0.4,2026-09-28,618,N20,VIIRS,h,2.0NRT,,56.22,D,VIIRS_NOAA20_NRT,367.0,299.64,YES,,HIGH
-3.41002,105.17969,,0.49,0.4,2026-09-28,618,N20,VIIRS,l,2.0NRT,,46.05,D,VIIRS_NOAA20_NRT,332.67,303.55,YES,,HIGH
-3.39835,105.41159,,0.48,0.4,2026-09-28,618,N20,VIIRS,n,2.0NRT,,28.14,D,VIIRS_NOAA20_NRT,356.05,302.04,YES,,HIGH
-3.39772,105.41584,,0.48,0.4,2026-09-28,618,N20,VIIRS,n,2.0NRT,,19.76,D,VIIRS_NOAA20_NRT,354.44,300.11,YES,,HIGH
-3.38802,105.40572,,0.48,0.4,2026-09-28,618,N20,VIIRS,l,2.0NRT,,4.86,D,VIIRS_NOAA20_NRT,335.87,298.7,YES,,LOW
-3.38739,105.40997,,0.48,0.4,2026-09-28,618,N20,VIIRS,l,2.0NRT,,4.86,D,VIIRS_NOAA20_NRT,334.63,300.96,YES,,LOW
-3.385,105.40091,,0.48,0.4,2026-09-28,618,N20,VIIRS,n,2.0NRT,,18.36,D,VIIRS_NOAA20_NRT,352.86,299.74,YES,,HIGH
-3.37644,105.40834,,0.48,0.4,2026-09-28,618,N20,VIIRS,l,2.0NRT,,42.13,D,VIIRS_NOAA20_NRT,339.99,297.09,YES,,HIGH
-3.37031,105.39898,,0.48,0.4,2026-09-28,618,N20,VIIRS,l,2.0NRT,,9.74,D,VIIRS_NOAA20_NRT,332.24,295.47,YES,,LOW
-3.36799,105.38968,,0.48,0.4,2026-09-28,618,N20,VIIRS,l,2.0NRT,,6.86,D,VIIRS_NOAA20_NRT,332.3,298.26,YES,,LOW
-3.36796,105.38993,,0.48,0.4,2026-09-28,618,N20,VIIRS,l,2.0NRT,,7.69,D,VIIRS_NOAA20_NRT,332.38,297.9,YES,,LOW
-3.36625,105.3766,,0.48,0.4,2026-09-28,618,N20,VIIRS,l,2.0NRT,,7.84,D,VIIRS_NOAA20_NRT,331.04,295.71,YES,,LOW
-3.3656,105.38087,,0.48,0.4,2026-09-28,618,N20,VIIRS,l,2.0NRT,,7.84,D,VIIRS_NOAA20_NRT,335.26,295.53,YES,,LOW
-3.35904,105.52666,,0.47,0.4,2026-09-28,618,N20,VIIRS,n,2.0NRT,,6.33,D,VIIRS_NOAA20_NRT,340.03,285.02,YES,,LOW
-3.35551,105.34882,,0.48,0.4,2026-09-28,618,N20,VIIRS,n,2.0NRT,,6.02,D,VIIRS_NOAA20_NRT,334.19,300.49,YES,,LOW
-3.35512,105.25203,,0.48,0.4,2026-09-28,618,N20,VIIRS,n,2.0NRT,,5.38,D,VIIRS_NOAA20_NRT,345.72,297.99,YES,,LOW
-3.35486,105.3531,,0.48,0.4,2026-09-28,618,N20,VIIRS,n,2.0NRT,,6.02,D,VIIRS_NOAA20_NRT,336.66,299.81,YES,,LOW
-3.31128,105.29404,,0.48,0.4,2026-09-28,618,N20,VIIRS,l,2.0NRT,,13.18,D,VIIRS_NOAA20_NRT,339.56,299.16,YES,,HIGH
-3.31064,105.29835,,0.48,0.4,2026-09-28,618,N20,VIIRS,l,2.0NRT,,8.57,D,VIIRS_NOAA20_NRT,345.34,297.24,YES,,LOW
-3.30013,105.09824,,0.49,0.4,2026-09-28,618,N20,VIIRS,l,2.0NRT,,7.2,D,VIIRS_NOAA20_NRT,342.75,301.54,YES,,LOW
-3.2981,105.12774,,0.49,0.4,2026-09-28,618,N20,VIIRS,l,2.0NRT,,5.23,D,VIIRS_NOAA20_NRT,331.69,301.08,YES,,LOW
-3.29575,105.10209,,0.49,0.4,2026-09-28,618,N20,VIIRS,l,2.0NRT,,10.99,D,VIIRS_NOAA20_NRT,341.21,301.82,YES,,HIGH
-3.29116,105.27785,,0.48,0.4,2026-09-28,618,N20,VIIRS,l,2.0NRT,,18.28,D,VIIRS_NOAA20_NRT,349.26,302.38,YES,,HIGH
-3.27799,105.14429,,0.49,0.4,2026-09-28,618,N20,VIIRS,l,2.0NRT,,11.93,D,VIIRS_NOAA20_NRT,335.17,301.78,YES,,HIGH
-3.27771,105.17106,,0.49,0.4,2026-09-28,618,N20,VIIRS,l,2.0NRT,,6.53,D,VIIRS_NOAA20_NRT,334.02,300.1,YES,,LOW
-3.12368,105.22476,,0.48,0.4,2026-09-28,618,N20,VIIRS,l,2.0NRT,,7.71,D,VIIRS_NOAA20_NRT,333.45,297.58,YES,,LOW
-3.12275,105.10468,,0.49,0.4,2026-09-28,618,N20,VIIRS,l,2.0NRT,,9.12,D,VIIRS_NOAA20_NRT,330.07,300.52,YES,,LOW
-3.1221,105.10905,,0.49,0.4,2026-09-28,618,N20,VIIRS,n,2.0NRT,,9.12,D,VIIRS_NOAA20_NRT,349.44,301.91,YES,,LOW
-3.1184,105.10851,,0.49,0.4,2026-09-28,618,N20,VIIRS,l,2.0NRT,,28.53,D,VIIRS_NOAA20_NRT,352.89,305.93,YES,,HIGH
-3.11775,105.11288,,0.49,0.4,2026-09-28,618,N20,VIIRS,l,2.0NRT,,8.05,D,VIIRS_NOAA20_NRT,341.47,301.73,YES,,LOW
-3.10659,105.21339,,0.48,0.4,2026-09-28,618,N20,VIIRS,l,2.0NRT,,10.55,D,VIIRS_NOAA20_NRT,332.78,297.8,YES,,HIGH
-3.10228,105.21716,,0.48,0.4,2026-09-28,618,N20,VIIRS,l,2.0NRT,,7.94,D,VIIRS_NOAA20_NRT,334.3,299.99,YES,,LOW
-3.09621,105.1052,,0.49,0.4,2026-09-28,618,N20,VIIRS,l,2.0NRT,,8.49,D,VIIRS_NOAA20_NRT,330.64,301.26,YES,,LOW
-3.0934,105.10641,,0.49,0.4,2026-09-28,618,N20,VIIRS,n,2.0NRT,,10.79,D,VIIRS_NOAA20_NRT,348.47,302.57,YES,,HIGH
-3.09251,105.10466,,0.49,0.4,2026-09-28,618,N20,VIIRS,l,2.0NRT,,8.49,D,VIIRS_NOAA20_NRT,341.68,300.71,YES,,LOW
-3.0897,105.10587,,0.49,0.4,2026-09-28,618,N20,VIIRS,l,2.0NRT,,10.79,D,VIIRS_NOAA20_NRT,333.24,297.74,YES,,HIGH
-3.04283,105.5923,,0.46,0.39,2026-09-28,618,N20,VIIRS,n,2.0NRT,,9.43,D,VIIRS_NOAA20_NRT,340.45,292.23,YES,,LOW
-3.04221,105.59644,,0.46,0.39,2026-09-28,618,N20,VIIRS,l,2.0NRT,,5.2,D,VIIRS_NOAA20_NRT,334.09,288.92,YES,,LOW
-3.0416,105.60056,,0.46,0.39,2026-09-28,618,N20,VIIRS,l,2.0NRT,,5.2,D,VIIRS_NOAA20_NRT,331.71,286.51,YES,,LOW
-3.03984,105.58763,,0.46,0.39,2026-09-28,618,N20,VIIRS,l,2.0NRT,,6.75,D,VIIRS_NOAA20_NRT,330.31,289.42,YES,,LOW
-3.03923,105.59177,,0.46,0.39,2026-09-28,618,N20,VIIRS,l,2.0NRT,,6.75,D,VIIRS_NOAA20_NRT,336.82,290.17,YES,,LOW
-3.03861,105.5959,,0.46,0.39,2026-09-28,618,N20,VIIRS,l,2.0NRT,,6.91,D,VIIRS_NOAA20_NRT,339.76,290.39,YES,,LOW
-3.03501,105.59536,,0.46,0.39,2026-09-28,618,N20,VIIRS,l,2.0NRT,,6.91,D,VIIRS_NOAA20_NRT,335.16,289.33,YES,,LOW
-3.0344,105.59949,,0.46,0.39,2026-09-28,618,N20,VIIRS,l,2.0NRT,,6.91,D,VIIRS_NOAA20_NRT,341.53,288.73,YES,,LOW
-3.03379,105.60361,,0.46,0.39,2026-09-28,618,N20,VIIRS,l,2.0NRT,,6.96,D,VIIRS_NOAA20_NRT,330.52,286.9,YES,,LOW
-3.03264,105.58657,,0.46,0.39,2026-09-28,618,N20,VIIRS,l,2.0NRT,,4.48,D,VIIRS_NOAA20_NRT,334.23,288.2,YES,,LOW
-3.03203,105.5907,,0.46,0.39,2026-09-28,618,N20,VIIRS,l,2.0NRT,,4.48,D,VIIRS_NOAA20_NRT,331.26,287.37,YES,,LOW
-3.03141,105.59483,,0.46,0.39,2026-09-28,618,N20,VIIRS,l,2.0NRT,,7.31,D,VIIRS_NOAA20_NRT,339.7,289.44,YES,,LOW
-3.0308,105.59895,,0.46,0.39,2026-09-28,618,N20,VIIRS,l,2.0NRT,,7.31,D,VIIRS_NOAA20_NRT,341.6,289.86,YES,,LOW
-3.02904,105.58603,,0.46,0.39,2026-09-28,618,N20,VIIRS,n,2.0NRT,,4.48,D,VIIRS_NOAA20_NRT,338.53,287.82,YES,,LOW
-3.02843,105.59016,,0.46,0.39,2026-09-28,618,N20,VIIRS,l,2.0NRT,,4.48,D,VIIRS_NOAA20_NRT,339.3,288.76,YES,,LOW
-3.0272,105.59842,,0.46,0.39,2026-09-28,618,N20,VIIRS,l,2.0NRT,,7.31,D,VIIRS_NOAA20_NRT,337.75,288.8,YES,,LOW
-3.02687,105.02023,,0.49,0.41,2026-09-28,618,N20,VIIRS,l,2.0NRT,,5.35,D,VIIRS_NOAA20_NRT,337.63,298.42,NO,6.93,MONITORING
-3.02543,105.58549,,0.46,0.39,2026-09-28,618,N20,VIIRS,n,2.0NRT,,5.21,D,VIIRS_NOAA20_NRT,334.72,288.44,YES,,LOW
-3.02482,105.58963,,0.46,0.39,2026-09-28,618,N20,VIIRS,l,2.0NRT,,5.21,D,VIIRS_NOAA20_NRT,337.47,288.03,YES,,LOW
-3.02338,105.06918,,0.49,0.4,2026-09-28,618,N20,VIIRS,n,2.0NRT,,8.4,D,VIIRS_NOAA20_NRT,338.17,301.07,NO,1.478,MONITORING
-3.01967,105.06863,,0.49,0.4,2026-09-28,618,N20,VIIRS,l,2.0NRT,,8.4,D,VIIRS_NOAA20_NRT,336.82,300.6,NO,1.535,MONITORING
-3.0178,105.23253,,0.48,0.4,2026-09-28,618,N20,VIIRS,l,2.0NRT,,8.32,D,VIIRS_NOAA20_NRT,335.81,300.17,NO,0.467,MONITORING
-3.00982,105.23573,,0.48,0.4,2026-09-28,618,N20,VIIRS,l,2.0NRT,,11.71,D,VIIRS_NOAA20_NRT,335.04,295.98,NO,1.113,MONITORING
-2.97858,105.87772,,0.45,0.39,2026-09-28,618,N20,VIIRS,n,2.0NRT,,12.81,D,VIIRS_NOAA20_NRT,346.68,303.26,YES,,HIGH
-2.97192,105.14297,,0.49,0.4,2026-09-28,618,N20,VIIRS,l,2.0NRT,,67.81,D,VIIRS_NOAA20_NRT,356.26,303.95,YES,,HIGH
-2.97126,105.1473,,0.49,0.4,2026-09-28,618,N20,VIIRS,l,2.0NRT,,10.46,D,VIIRS_NOAA20_NRT,340.34,301.47,YES,,HIGH
-2.97114,105.14169,,0.49,0.4,2026-09-28,618,N20,VIIRS,l,2.0NRT,,67.41,D,VIIRS_NOAA20_NRT,355.96,305.45,YES,,HIGH
-2.97059,105.15163,,0.48,0.4,2026-09-28,618,N20,VIIRS,l,2.0NRT,,10.46,D,VIIRS_NOAA20_NRT,354.8,302.35,NO,0.362,MONITORING
-2.96993,105.15597,,0.48,0.4,2026-09-28,618,N20,VIIRS,n,2.0NRT,,8.08,D,VIIRS_NOAA20_NRT,340.16,299.42,NO,0.839,MONITORING
-2.96987,105.15038,,0.49,0.4,2026-09-28,618,N20,VIIRS,l,2.0NRT,,38.27,D,VIIRS_NOAA20_NRT,343.67,301.73,NO,0.262,MONITORING
-2.96956,105.13375,,0.49,0.4,2026-09-28,618,N20,VIIRS,l,2.0NRT,,125.98,D,VIIRS_NOAA20_NRT,338.34,300.0,YES,,HIGH
-2.96924,105.15471,,0.49,0.4,2026-09-28,618,N20,VIIRS,l,2.0NRT,,10.98,D,VIIRS_NOAA20_NRT,334.32,301.08,NO,0.737,MONITORING
-2.96654,105.12887,,0.49,0.4,2026-09-28,618,N20,VIIRS,l,2.0NRT,,30.29,D,VIIRS_NOAA20_NRT,338.24,301.4,YES,,HIGH
-2.96625,105.15542,,0.48,0.4,2026-09-28,618,N20,VIIRS,n,2.0NRT,,8.08,D,VIIRS_NOAA20_NRT,330.34,301.4,NO,0.932,MONITORING
-2.96559,105.15974,,0.48,0.4,2026-09-28,618,N20,VIIRS,h,2.0NRT,,8.08,D,VIIRS_NOAA20_NRT,367.0,301.79,NO,1.406,MONITORING
-2.95974,105.2195,,0.48,0.4,2026-09-28,618,N20,VIIRS,n,2.0NRT,,3.96,D,VIIRS_NOAA20_NRT,330.62,300.51,NO,5.221,MONITORING
-2.95939,105.22492,,0.48,0.4,2026-09-28,618,N20,VIIRS,l,2.0NRT,,6.81,D,VIIRS_NOAA20_NRT,335.02,299.89,NO,4.731,MONITORING
-2.95911,105.2238,,0.48,0.4,2026-09-28,618,N20,VIIRS,n,2.0NRT,,7.21,D,VIIRS_NOAA20_NRT,334.96,299.9,NO,4.852,MONITORING
-2.95823,105.15866,,0.48,0.4,2026-09-28,618,N20,VIIRS,l,2.0NRT,,10.85,D,VIIRS_NOAA20_NRT,337.24,301.19,NO,1.594,MONITORING
-2.95807,105.23351,,0.48,0.4,2026-09-28,618,N20,VIIRS,l,2.0NRT,,19.33,D,VIIRS_NOAA20_NRT,342.48,300.26,NO,4.051,MONITORING
-2.95784,105.23239,,0.48,0.4,2026-09-28,618,N20,VIIRS,l,2.0NRT,,12.45,D,VIIRS_NOAA20_NRT,335.89,299.9,NO,4.162,MONITORING
-2.95703,105.21579,,0.48,0.4,2026-09-28,618,N20,VIIRS,n,2.0NRT,,10.7,D,VIIRS_NOAA20_NRT,340.51,298.82,NO,5.73,MONITORING
-2.95638,105.22009,,0.48,0.4,2026-09-28,618,N20,VIIRS,l,2.0NRT,,10.7,D,VIIRS_NOAA20_NRT,334.58,297.54,NO,5.364,MONITORING
-2.95587,105.14945,,0.48,0.4,2026-09-28,618,N20,VIIRS,l,2.0NRT,,55.37,D,VIIRS_NOAA20_NRT,350.34,304.89,NO,0.736,MONITORING
-2.95521,105.15379,,0.48,0.4,2026-09-28,618,N20,VIIRS,l,2.0NRT,,17.13,D,VIIRS_NOAA20_NRT,351.8,300.3,NO,1.212,MONITORING
-2.95455,105.15812,,0.48,0.4,2026-09-28,618,N20,VIIRS,l,2.0NRT,,17.13,D,VIIRS_NOAA20_NRT,338.64,301.34,NO,1.688,MONITORING
-2.95153,105.15324,,0.48,0.4,2026-09-28,618,N20,VIIRS,l,2.0NRT,,17.13,D,VIIRS_NOAA20_NRT,348.69,302.45,NO,1.298,MONITORING
-2.93877,105.13806,,0.49,0.4,2026-09-28,618,N20,VIIRS,l,2.0NRT,,20.53,D,VIIRS_NOAA20_NRT,346.62,299.92,NO,0.761,MONITORING
-2.93307,105.22542,,0.48,0.4,2026-09-28,618,N20,VIIRS,l,2.0NRT,,6.67,D,VIIRS_NOAA20_NRT,337.2,299.23,NO,6.332,MONITORING
-2.93135,105.212,,0.48,0.4,2026-09-28,618,N20,VIIRS,l,2.0NRT,,6.9,D,VIIRS_NOAA20_NRT,338.92,297.78,NO,7.411,MONITORING
-2.88096,106.21346,,0.43,0.38,2026-09-28,618,N20,VIIRS,n,2.0NRT,,25.37,D,VIIRS_NOAA20_NRT,347.78,302.87,NO,22.372,MONITORING
-2.88032,105.25259,,0.48,0.4,2026-09-28,618,N20,VIIRS,l,2.0NRT,,8.95,D,VIIRS_NOAA20_NRT,338.28,300.89,NO,0.693,MONITORING
-2.87536,105.15962,,0.48,0.4,2026-09-28,618,N20,VIIRS,l,2.0NRT,,7.21,D,VIIRS_NOAA20_NRT,334.92,298.49,NO,8.118,MONITORING
-2.86774,105.16369,,0.48,0.4,2026-09-28,618,N20,VIIRS,l,2.0NRT,,13.29,D,VIIRS_NOAA20_NRT,342.42,300.18,NO,9.077,MONITORING
-2.86737,105.16284,,0.48,0.4,2026-09-28,618,N20,VIIRS,l,2.0NRT,,8.11,D,VIIRS_NOAA20_NRT,334.02,299.65,NO,9.078,MONITORING
-2.86539,105.15452,,0.48,0.4,2026-09-28,618,N20,VIIRS,l,2.0NRT,,8.85,D,VIIRS_NOAA20_NRT,331.29,299.69,NO,8.97,MONITORING
-2.86306,105.16661,,0.48,0.4,2026-09-28,618,N20,VIIRS,l,2.0NRT,,25.06,D,VIIRS_NOAA20_NRT,347.57,300.81,NO,9.685,MONITORING
-2.86171,105.15397,,0.48,0.4,2026-09-28,618,N20,VIIRS,l,2.0NRT,,5.34,D,VIIRS_NOAA20_NRT,333.48,299.02,NO,9.347,MONITORING
-2.86153,105.22793,,0.48,0.4,2026-09-28,618,N20,VIIRS,l,2.0NRT,,7.4,D,VIIRS_NOAA20_NRT,335.73,300.38,NO,3.212,MONITORING
-2.86129,105.1531,,0.48,0.4,2026-09-28,618,N20,VIIRS,l,2.0NRT,,9.66,D,VIIRS_NOAA20_NRT,333.58,299.12,NO,9.366,MONITORING
-2.86039,105.1626,,0.48,0.4,2026-09-28,618,N20,VIIRS,l,2.0NRT,,49.84,D,VIIRS_NOAA20_NRT,349.87,300.29,NO,9.789,MONITORING
-2.86002,105.16174,,0.48,0.4,2026-09-28,618,N20,VIIRS,l,2.0NRT,,17.86,D,VIIRS_NOAA20_NRT,347.22,300.26,NO,9.794,MONITORING
-2.85804,105.15343,,0.48,0.4,2026-09-28,618,N20,VIIRS,l,2.0NRT,,5.34,D,VIIRS_NOAA20_NRT,330.73,298.59,NO,9.726,MONITORING
-2.85738,105.15775,,0.48,0.4,2026-09-28,618,N20,VIIRS,l,2.0NRT,,49.84,D,VIIRS_NOAA20_NRT,341.96,300.23,NO,9.929,MONITORING
-2.85447,105.20131,,0.48,0.4,2026-09-28,618,N20,VIIRS,n,2.0NRT,,4.79,D,VIIRS_NOAA20_NRT,334.7,300.07,NO,6.184,MONITORING
-2.85381,105.2056,,0.48,0.4,2026-09-28,618,N20,VIIRS,l,2.0NRT,,4.79,D,VIIRS_NOAA20_NRT,334.18,300.62,NO,5.714,MONITORING
-2.85369,105.20483,,0.48,0.4,2026-09-28,618,N20,VIIRS,n,2.0NRT,,9.2,D,VIIRS_NOAA20_NRT,342.61,300.87,NO,5.801,MONITORING
-2.85304,105.16151,,0.48,0.4,2026-09-28,618,N20,VIIRS,l,2.0NRT,,33.46,D,VIIRS_NOAA20_NRT,344.73,299.03,NO,10.519,MONITORING
-2.84894,106.18891,,0.43,0.38,2026-09-28,618,N20,VIIRS,n,2.0NRT,,5.41,D,VIIRS_NOAA20_NRT,339.52,298.52,NO,22.419,MONITORING
-2.84216,105.20827,,0.48,0.4,2026-09-28,618,N20,VIIRS,l,2.0NRT,,7.73,D,VIIRS_NOAA20_NRT,339.11,299.76,NO,5.644,MONITORING
-2.84151,105.21255,,0.48,0.4,2026-09-28,618,N20,VIIRS,n,2.0NRT,,7.73,D,VIIRS_NOAA20_NRT,344.05,297.88,NO,5.21,MONITORING
-2.84014,106.12807,,0.44,0.38,2026-09-28,618,N20,VIIRS,n,2.0NRT,,4.68,D,VIIRS_NOAA20_NRT,339.28,297.84,NO,18.747,MONITORING
-2.8389,105.22967,,0.48,0.4,2026-09-28,618,N20,VIIRS,l,2.0NRT,,5.31,D,VIIRS_NOAA20_NRT,332.59,300.96,NO,3.576,MONITORING
-2.83779,106.11975,,0.44,0.38,2026-09-28,618,N20,VIIRS,l,2.0NRT,,13.99,D,VIIRS_NOAA20_NRT,335.64,298.38,NO,18.48,MONITORING
-2.8165,106.08893,,0.44,0.38,2026-09-28,618,N20,VIIRS,n,2.0NRT,,10.28,D,VIIRS_NOAA20_NRT,345.56,300.16,NO,18.905,MONITORING
-2.81543,106.04877,,0.44,0.38,2026-09-28,618,N20,VIIRS,l,2.0NRT,,2.48,D,VIIRS_NOAA20_NRT,332.64,296.19,NO,17.434,MONITORING
-2.81144,106.00403,,0.44,0.38,2026-09-28,618,N20,VIIRS,l,2.0NRT,,6.49,D,VIIRS_NOAA20_NRT,336.19,297.68,NO,15.551,MONITORING
-2.80943,106.11179,,0.44,0.38,2026-09-28,618,N20,VIIRS,l,2.0NRT,,5.89,D,VIIRS_NOAA20_NRT,336.23,300.23,NO,20.788,MONITORING
-2.80939,105.17706,,0.48,0.4,2026-09-28,618,N20,VIIRS,l,2.0NRT,,7.03,D,VIIRS_NOAA20_NRT,339.6,296.91,NO,7.977,MONITORING
-2.80559,105.99511,,0.44,0.38,2026-09-28,618,N20,VIIRS,n,2.0NRT,,8.11,D,VIIRS_NOAA20_NRT,334.23,299.68,NO,15.887,MONITORING
-2.80531,105.22906,,0.48,0.4,2026-09-28,618,N20,VIIRS,l,2.0NRT,,7.79,D,VIIRS_NOAA20_NRT,333.23,299.81,NO,2.19,MONITORING
-2.80499,105.99905,,0.44,0.38,2026-09-28,618,N20,VIIRS,n,2.0NRT,,8.36,D,VIIRS_NOAA20_NRT,344.89,299.09,NO,16.069,MONITORING
-2.80147,105.99852,,0.44,0.38,2026-09-28,618,N20,VIIRS,n,2.0NRT,,8.36,D,VIIRS_NOAA20_NRT,339.23,299.31,NO,16.43,MONITORING
-2.79973,105.98618,,0.44,0.38,2026-09-28,618,N20,VIIRS,n,2.0NRT,,6.51,D,VIIRS_NOAA20_NRT,339.47,299.88,NO,16.305,MONITORING
-2.79812,105.12685,,0.48,0.4,2026-09-28,618,N20,VIIRS,l,2.0NRT,,7.38,D,VIIRS_NOAA20_NRT,335.76,300.41,NO,11.448,MONITORING
-2.7968,105.98172,,0.44,0.38,2026-09-28,618,N20,VIIRS,n,2.0NRT,,6.51,D,VIIRS_NOAA20_NRT,346.29,304.3,NO,16.542,MONITORING
-2.79621,105.98566,,0.44,0.38,2026-09-28,618,N20,VIIRS,l,2.0NRT,,6.51,D,VIIRS_NOAA20_NRT,333.86,299.39,NO,16.68,MONITORING
-2.79444,105.1263,,0.48,0.4,2026-09-28,618,N20,VIIRS,n,2.0NRT,,7.38,D,VIIRS_NOAA20_NRT,347.43,299.55,NO,11.237,MONITORING
-2.79328,105.98119,,0.44,0.38,2026-09-28,618,N20,VIIRS,n,2.0NRT,,23.41,D,VIIRS_NOAA20_NRT,355.82,305.78,NO,16.921,MONITORING
-2.78708,105.12521,,0.48,0.4,2026-09-28,618,N20,VIIRS,l,2.0NRT,,20.28,D,VIIRS_NOAA20_NRT,339.76,297.16,NO,10.848,MONITORING
-2.77739,106.01503,,0.44,0.38,2026-09-28,618,N20,VIIRS,l,2.0NRT,,9.16,D,VIIRS_NOAA20_NRT,341.29,299.45,NO,19.538,MONITORING
-2.77444,105.18503,,0.48,0.4,2026-09-28,618,N20,VIIRS,n,2.0NRT,,7.63,D,VIIRS_NOAA20_NRT,346.71,298.75,NO,4.776,MONITORING
-2.76566,106.02132,,0.44,0.38,2026-09-28,618,N20,VIIRS,l,2.0NRT,,5.91,D,VIIRS_NOAA20_NRT,331.27,300.27,NO,21.002,MONITORING
-2.75921,106.01634,,0.44,0.38,2026-09-28,618,N20,VIIRS,n,2.0NRT,,5.13,D,VIIRS_NOAA20_NRT,338.2,297.63,NO,21.51,MONITORING
-2.75394,106.0276,,0.44,0.38,2026-09-28,618,N20,VIIRS,n,2.0NRT,,10.64,D,VIIRS_NOAA20_NRT,341.2,299.82,NO,22.467,MONITORING
-2.75392,105.95515,,0.44,0.39,2026-09-28,618,N20,VIIRS,n,2.0NRT,,5.14,D,VIIRS_NOAA20_NRT,333.21,299.22,NO,18.597,MONITORING
-2.75333,105.95911,,0.44,0.38,2026-09-28,618,N20,VIIRS,n,2.0NRT,,4.47,D,VIIRS_NOAA20_NRT,337.58,298.69,NO,19.041,MONITORING
-2.74925,106.03491,,0.44,0.38,2026-09-28,618,N20,VIIRS,l,2.0NRT,,4.09,D,VIIRS_NOAA20_NRT,333.87,301.64,NO,23.244,MONITORING
-2.74876,105.20858,,0.48,0.4,2026-09-28,618,N20,VIIRS,l,2.0NRT,,12.1,D,VIIRS_NOAA20_NRT,335.71,300.37,NO,0.965,MONITORING
-2.74802,105.21178,,0.48,0.4,2026-09-28,618,N20,VIIRS,n,2.0NRT,,10.23,D,VIIRS_NOAA20_NRT,339.61,301.19,NO,0.611,MONITORING
-2.74574,106.03438,,0.44,0.38,2026-09-28,618,N20,VIIRS,l,2.0NRT,,4.09,D,VIIRS_NOAA20_NRT,334.51,300.56,NO,23.587,MONITORING
-2.73873,106.05736,,0.44,0.38,2026-09-28,618,N20,VIIRS,n,2.0NRT,,4.82,D,VIIRS_NOAA20_NRT,339.47,297.58,NO,25.318,MONITORING
-2.73804,105.1807,,0.48,0.4,2026-09-28,618,N20,VIIRS,n,2.0NRT,,5.42,D,VIIRS_NOAA20_NRT,332.71,300.53,NO,2.846,MONITORING
-2.73522,106.05683,,0.44,0.38,2026-09-28,618,N20,VIIRS,n,2.0NRT,,4.82,D,VIIRS_NOAA20_NRT,336.73,297.17,NO,25.646,MONITORING
-2.72068,105.93414,,0.44,0.39,2026-09-28,618,N20,VIIRS,l,2.0NRT,,3.29,D,VIIRS_NOAA20_NRT,335.43,297.69,NO,16.375,MONITORING
-2.71129,105.92465,,0.44,0.39,2026-09-28,618,N20,VIIRS,l,2.0NRT,,4.64,D,VIIRS_NOAA20_NRT,330.49,298.45,NO,15.401,MONITORING
-2.52441,105.25917,,0.47,0.4,2026-09-28,618,N20,VIIRS,l,2.0NRT,,7.87,D,VIIRS_NOAA20_NRT,330.1,300.09,NO,1.228,MONITORING
-2.48138,106.19768,,0.43,0.38,2026-09-28,618,N20,VIIRS,l,2.0NRT,,4.36,D,VIIRS_NOAA20_NRT,334.54,303.98,NO,51.67,MONITORING
-2.48079,106.20152,,0.43,0.38,2026-09-28,618,N20,VIIRS,l,2.0NRT,,4.36,D,VIIRS_NOAA20_NRT,333.37,304.59,NO,52.084,MONITORING
-2.47555,106.21249,,0.43,0.38,2026-09-28,618,N20,VIIRS,l,2.0NRT,,7.24,D,VIIRS_NOAA20_NRT,333.64,299.92,NO,53.438,MONITORING
-2.47208,106.21197,,0.43,0.38,2026-09-28,618,N20,VIIRS,l,2.0NRT,,7.24,D,VIIRS_NOAA20_NRT,335.0,299.86,NO,53.554,MONITORING
-2.43467,105.38393,,0.47,0.39,2026-09-28,618,N20,VIIRS,n,2.0NRT,,9.35,D,VIIRS_NOAA20_NRT,341.8,306.08,NO,1.319,MONITORING
-2.43405,105.38808,,0.47,0.39,2026-09-28,618,N20,VIIRS,n,2.0NRT,,9.35,D,VIIRS_NOAA20_NRT,349.31,306.5,NO,1.582,MONITORING
-3.89522,105.85125,,0.37,0.58,2026-09-28,1900,N20,VIIRS,n,2.0NRT,,0.5,N,VIIRS_NOAA20_NRT,302.67,288.77,YES,,LOW
-3.85958,104.66673,,0.61,0.53,2026-09-28,1900,N20,VIIRS,n,2.0NRT,,0.69,N,VIIRS_NOAA20_NRT,302.02,288.95,NO,19.033,MONITORING
-3.85697,104.66564,,0.61,0.53,2026-09-28,1900,N20,VIIRS,n,2.0NRT,,1.13,N,VIIRS_NOAA20_NRT,302.89,288.69,NO,18.89,MONITORING
-3.79055,105.57851,,0.35,0.57,2026-09-28,1900,N20,VIIRS,n,2.0NRT,,1.32,N,VIIRS_NOAA20_NRT,302.12,288.88,YES,,LOW
-3.78399,105.5699,,0.35,0.57,2026-09-28,1900,N20,VIIRS,n,2.0NRT,,2.01,N,VIIRS_NOAA20_NRT,303.65,289.38,YES,,LOW
-3.78354,105.56676,,0.35,0.57,2026-09-28,1900,N20,VIIRS,n,2.0NRT,,1.29,N,VIIRS_NOAA20_NRT,314.19,289.97,YES,,LOW
-3.78308,105.56364,,0.35,0.57,2026-09-28,1900,N20,VIIRS,n,2.0NRT,,1.29,N,VIIRS_NOAA20_NRT,303.09,288.75,YES,,LOW
-3.78263,105.56755,,0.35,0.57,2026-09-28,1900,N20,VIIRS,n,2.0NRT,,1.81,N,VIIRS_NOAA20_NRT,314.24,290.51,YES,,LOW
-3.78216,105.56443,,0.35,0.57,2026-09-28,1900,N20,VIIRS,n,2.0NRT,,1.81,N,VIIRS_NOAA20_NRT,311.0,289.49,YES,,LOW
-3.77789,105.56442,,0.35,0.57,2026-09-28,1900,N20,VIIRS,n,2.0NRT,,1.29,N,VIIRS_NOAA20_NRT,305.18,289.18,YES,,LOW
-3.77744,105.56129,,0.35,0.57,2026-09-28,1900,N20,VIIRS,n,2.0NRT,,2.7,N,VIIRS_NOAA20_NRT,306.43,289.06,YES,,LOW
-3.77698,105.55817,,0.35,0.57,2026-09-28,1900,N20,VIIRS,n,2.0NRT,,2.7,N,VIIRS_NOAA20_NRT,327.06,291.52,YES,,LOW
-3.77653,105.55503,,0.35,0.57,2026-09-28,1900,N20,VIIRS,n,2.0NRT,,3.51,N,VIIRS_NOAA20_NRT,321.59,289.91,YES,,LOW
-3.77649,105.56207,,0.35,0.57,2026-09-28,1900,N20,VIIRS,n,2.0NRT,,3.39,N,VIIRS_NOAA20_NRT,304.73,289.52,YES,,LOW
-3.77601,105.55896,,0.35,0.57,2026-09-28,1900,N20,VIIRS,n,2.0NRT,,3.39,N,VIIRS_NOAA20_NRT,329.94,292.2,YES,,LOW
-3.77554,105.55585,,0.35,0.57,2026-09-28,1900,N20,VIIRS,n,2.0NRT,,3.03,N,VIIRS_NOAA20_NRT,332.58,291.1,YES,,LOW
-3.77506,105.55273,,0.35,0.57,2026-09-28,1900,N20,VIIRS,n,2.0NRT,,3.03,N,VIIRS_NOAA20_NRT,304.53,288.76,YES,,LOW
-3.77225,105.56207,,0.35,0.57,2026-09-28,1900,N20,VIIRS,n,2.0NRT,,6.52,N,VIIRS_NOAA20_NRT,320.1,291.42,YES,,LOW
-3.7718,105.55894,,0.35,0.57,2026-09-28,1900,N20,VIIRS,n,2.0NRT,,6.52,N,VIIRS_NOAA20_NRT,323.18,291.29,YES,,LOW
-3.77178,105.56596,,0.35,0.57,2026-09-28,1900,N20,VIIRS,n,2.0NRT,,6.58,N,VIIRS_NOAA20_NRT,307.08,289.48,YES,,LOW
-3.77134,105.55581,,0.35,0.57,2026-09-28,1900,N20,VIIRS,n,2.0NRT,,3.17,N,VIIRS_NOAA20_NRT,328.23,291.52,YES,,LOW
-3.7713,105.56284,,0.35,0.57,2026-09-28,1900,N20,VIIRS,n,2.0NRT,,6.71,N,VIIRS_NOAA20_NRT,322.94,291.18,YES,,LOW
-3.77089,105.55269,,0.35,0.57,2026-09-28,1900,N20,VIIRS,n,2.0NRT,,3.17,N,VIIRS_NOAA20_NRT,319.18,290.07,YES,,LOW
-3.77083,105.55972,,0.35,0.57,2026-09-28,1900,N20,VIIRS,n,2.0NRT,,6.71,N,VIIRS_NOAA20_NRT,319.05,290.35,YES,,LOW
-3.77044,105.54957,,0.35,0.57,2026-09-28,1900,N20,VIIRS,n,2.0NRT,,1.65,N,VIIRS_NOAA20_NRT,304.29,289.19,YES,,LOW
-3.77035,105.5566,,0.35,0.57,2026-09-28,1900,N20,VIIRS,n,2.0NRT,,3.42,N,VIIRS_NOAA20_NRT,321.36,290.92,YES,,LOW
-3.76999,105.54646,,0.35,0.57,2026-09-28,1900,N20,VIIRS,n,2.0NRT,,1.65,N,VIIRS_NOAA20_NRT,303.6,289.3,YES,,LOW
-3.76987,105.55349,,0.35,0.57,2026-09-28,1900,N20,VIIRS,n,2.0NRT,,3.42,N,VIIRS_NOAA20_NRT,326.82,291.25,YES,,LOW
-3.7694,105.55038,,0.35,0.57,2026-09-28,1900,N20,VIIRS,n,2.0NRT,,2.18,N,VIIRS_NOAA20_NRT,310.82,289.58,YES,,LOW
-3.76893,105.54727,,0.35,0.57,2026-09-28,1900,N20,VIIRS,n,2.0NRT,,2.18,N,VIIRS_NOAA20_NRT,310.29,289.66,YES,,LOW
-3.76796,105.56909,,0.35,0.57,2026-09-28,1900,N20,VIIRS,n,2.0NRT,,8.72,N,VIIRS_NOAA20_NRT,310.67,289.41,YES,,LOW
-3.76751,105.56596,,0.35,0.57,2026-09-28,1900,N20,VIIRS,h,2.0NRT,,8.72,N,VIIRS_NOAA20_NRT,367.0,297.09,YES,,LOW
-3.76706,105.56284,,0.35,0.57,2026-09-28,1900,N20,VIIRS,h,2.0NRT,,6.52,N,VIIRS_NOAA20_NRT,367.0,296.75,YES,,LOW
-3.76661,105.55972,,0.35,0.57,2026-09-28,1900,N20,VIIRS,n,2.0NRT,,6.52,N,VIIRS_NOAA20_NRT,335.45,290.65,YES,,LOW
-3.76658,105.56672,,0.35,0.57,2026-09-28,1900,N20,VIIRS,n,2.0NRT,,6.58,N,VIIRS_NOAA20_NRT,352.78,294.7,YES,,LOW
-3.76616,105.55659,,0.35,0.57,2026-09-28,1900,N20,VIIRS,n,2.0NRT,,3.17,N,VIIRS_NOAA20_NRT,323.89,291.81,YES,,LOW
-3.76611,105.5636,,0.35,0.57,2026-09-28,1900,N20,VIIRS,h,2.0NRT,,6.71,N,VIIRS_NOAA20_NRT,367.0,296.16,YES,,LOW
-3.76571,105.55347,,0.35,0.57,2026-09-28,1900,N20,VIIRS,n,2.0NRT,,3.17,N,VIIRS_NOAA20_NRT,323.61,291.4,YES,,LOW
-3.76564,105.56049,,0.35,0.57,2026-09-28,1900,N20,VIIRS,n,2.0NRT,,6.71,N,VIIRS_NOAA20_NRT,349.6,292.86,YES,,LOW
-3.76526,105.55035,,0.35,0.57,2026-09-28,1900,N20,VIIRS,n,2.0NRT,,1.65,N,VIIRS_NOAA20_NRT,318.94,291.06,YES,,LOW
-3.76516,105.55737,,0.35,0.57,2026-09-28,1900,N20,VIIRS,n,2.0NRT,,3.42,N,VIIRS_NOAA20_NRT,321.11,291.33,YES,,LOW
-3.76481,105.54723,,0.35,0.57,2026-09-28,1900,N20,VIIRS,n,2.0NRT,,1.65,N,VIIRS_NOAA20_NRT,317.14,290.5,YES,,LOW
-3.76469,105.55425,,0.35,0.57,2026-09-28,1900,N20,VIIRS,n,2.0NRT,,3.42,N,VIIRS_NOAA20_NRT,326.87,291.72,YES,,LOW
-3.76422,105.55114,,0.35,0.57,2026-09-28,1900,N20,VIIRS,n,2.0NRT,,2.18,N,VIIRS_NOAA20_NRT,319.14,291.28,YES,,LOW
-3.76391,105.54101,,0.35,0.57,2026-09-28,1900,N20,VIIRS,n,2.0NRT,,2.26,N,VIIRS_NOAA20_NRT,307.09,289.69,YES,,LOW
-3.76374,105.54803,,0.35,0.57,2026-09-28,1900,N20,VIIRS,n,2.0NRT,,2.18,N,VIIRS_NOAA20_NRT,322.44,291.31,YES,,LOW
-3.76346,105.53789,,0.35,0.57,2026-09-28,1900,N20,VIIRS,n,2.0NRT,,1.88,N,VIIRS_NOAA20_NRT,308.26,289.51,YES,,LOW
-3.7628,105.54182,,0.35,0.57,2026-09-28,1900,N20,VIIRS,n,2.0NRT,,3.15,N,VIIRS_NOAA20_NRT,303.07,289.46,YES,,LOW
-3.76233,105.53872,,0.35,0.57,2026-09-28,1900,N20,VIIRS,n,2.0NRT,,2.42,N,VIIRS_NOAA20_NRT,312.39,289.58,YES,,LOW
-3.76092,105.56436,,0.35,0.57,2026-09-28,1900,N20,VIIRS,n,2.0NRT,,0.83,N,VIIRS_NOAA20_NRT,302.06,288.05,YES,,LOW
-3.76045,105.56125,,0.35,0.57,2026-09-28,1900,N20,VIIRS,n,2.0NRT,,0.83,N,VIIRS_NOAA20_NRT,305.72,289.18,YES,,LOW
-3.75997,105.55812,,0.35,0.57,2026-09-28,1900,N20,VIIRS,n,2.0NRT,,1.36,N,VIIRS_NOAA20_NRT,313.12,289.82,YES,,LOW
-3.7595,105.55502,,0.35,0.57,2026-09-28,1900,N20,VIIRS,n,2.0NRT,,1.36,N,VIIRS_NOAA20_NRT,309.14,289.44,YES,,LOW
-3.75903,105.5519,,0.35,0.57,2026-09-28,1900,N20,VIIRS,n,2.0NRT,,1.92,N,VIIRS_NOAA20_NRT,312.95,290.25,YES,,LOW
-3.75856,105.5488,,0.35,0.57,2026-09-28,1900,N20,VIIRS,n,2.0NRT,,1.92,N,VIIRS_NOAA20_NRT,317.14,290.4,YES,,LOW
-3.75715,105.53948,,0.35,0.57,2026-09-28,1900,N20,VIIRS,n,2.0NRT,,1.68,N,VIIRS_NOAA20_NRT,303.66,289.16,YES,,LOW
-3.75481,105.48927,,0.34,0.56,2026-09-28,1900,N20,VIIRS,n,2.0NRT,,1.67,N,VIIRS_NOAA20_NRT,313.25,289.44,YES,,LOW
-3.75291,105.54645,,0.35,0.57,2026-09-28,1900,N20,VIIRS,n,2.0NRT,,2.67,N,VIIRS_NOAA20_NRT,303.73,289.51,YES,,LOW
-3.7515,105.53713,,0.35,0.56,2026-09-28,1900,N20,VIIRS,n,2.0NRT,,1.68,N,VIIRS_NOAA20_NRT,321.4,291.26,YES,,LOW
-3.75102,105.53401,,0.35,0.56,2026-09-28,1900,N20,VIIRS,n,2.0NRT,,1.74,N,VIIRS_NOAA20_NRT,306.48,289.14,YES,,LOW
-3.74731,105.47462,,0.34,0.56,2026-09-28,1900,N20,VIIRS,n,2.0NRT,,4.63,N,VIIRS_NOAA20_NRT,310.56,289.4,YES,,LOW
-3.74638,105.46848,,0.34,0.56,2026-09-28,1900,N20,VIIRS,n,2.0NRT,,6.22,N,VIIRS_NOAA20_NRT,302.03,288.87,YES,,LOW
-3.74631,105.53787,,0.35,0.56,2026-09-28,1900,N20,VIIRS,n,2.0NRT,,1.11,N,VIIRS_NOAA20_NRT,302.83,288.16,YES,,LOW
-3.74591,105.46541,,0.34,0.56,2026-09-28,1900,N20,VIIRS,n,2.0NRT,,2.65,N,VIIRS_NOAA20_NRT,309.35,289.2,YES,,LOW
-3.74545,105.46234,,0.34,0.56,2026-09-28,1900,N20,VIIRS,n,2.0NRT,,2.65,N,VIIRS_NOAA20_NRT,308.83,288.96,YES,,LOW
-3.74498,105.45927,,0.34,0.56,2026-09-28,1900,N20,VIIRS,n,2.0NRT,,2.15,N,VIIRS_NOAA20_NRT,310.13,288.54,YES,,LOW
-3.74452,105.45621,,0.34,0.56,2026-09-28,1900,N20,VIIRS,n,2.0NRT,,2.15,N,VIIRS_NOAA20_NRT,304.74,288.83,YES,,LOW
-3.74396,105.29482,,0.33,0.56,2026-09-28,1900,N20,VIIRS,n,2.0NRT,,0.91,N,VIIRS_NOAA20_NRT,310.71,288.8,YES,,LOW
-3.74215,105.47536,,0.34,0.56,2026-09-28,1900,N20,VIIRS,n,2.0NRT,,4.63,N,VIIRS_NOAA20_NRT,331.93,291.9,YES,,LOW
-3.74169,105.4723,,0.34,0.56,2026-09-28,1900,N20,VIIRS,h,2.0NRT,,6.22,N,VIIRS_NOAA20_NRT,367.0,295.57,YES,,LOW
-3.74122,105.46923,,0.34,0.56,2026-09-28,1900,N20,VIIRS,n,2.0NRT,,6.22,N,VIIRS_NOAA20_NRT,341.84,293.21,YES,,LOW
-3.74113,105.53864,,0.35,0.56,2026-09-28,1900,N20,VIIRS,n,2.0NRT,,1.11,N,VIIRS_NOAA20_NRT,312.67,288.51,YES,,LOW
-3.74076,105.46616,,0.34,0.56,2026-09-28,1900,N20,VIIRS,n,2.0NRT,,2.65,N,VIIRS_NOAA20_NRT,329.46,292.54,YES,,LOW
-3.74067,105.53554,,0.35,0.56,2026-09-28,1900,N20,VIIRS,n,2.0NRT,,1.14,N,VIIRS_NOAA20_NRT,302.22,288.35,YES,,LOW
-3.74029,105.46309,,0.34,0.56,2026-09-28,1900,N20,VIIRS,n,2.0NRT,,2.65,N,VIIRS_NOAA20_NRT,323.01,291.67,YES,,LOW
-3.73983,105.46003,,0.34,0.56,2026-09-28,1900,N20,VIIRS,n,2.0NRT,,2.15,N,VIIRS_NOAA20_NRT,328.36,292.13,YES,,LOW
-3.73937,105.45696,,0.34,0.56,2026-09-28,1900,N20,VIIRS,n,2.0NRT,,2.15,N,VIIRS_NOAA20_NRT,322.21,291.03,YES,,LOW
-3.7389,105.4539,,0.34,0.56,2026-09-28,1900,N20,VIIRS,n,2.0NRT,,2.39,N,VIIRS_NOAA20_NRT,319.51,291.63,YES,,LOW
-3.73844,105.45085,,0.34,0.56,2026-09-28,1900,N20,VIIRS,n,2.0NRT,,2.39,N,VIIRS_NOAA20_NRT,318.41,290.38,YES,,LOW
-3.73653,105.47305,,0.34,0.56,2026-09-28,1900,N20,VIIRS,n,2.0NRT,,2.25,N,VIIRS_NOAA20_NRT,309.33,289.46,YES,,LOW
-3.73607,105.46998,,0.34,0.56,2026-09-28,1900,N20,VIIRS,n,2.0NRT,,2.25,N,VIIRS_NOAA20_NRT,322.08,289.87,YES,,LOW
-3.73596,105.5394,,0.35,0.56,2026-09-28,1900,N20,VIIRS,n,2.0NRT,,1.23,N,VIIRS_NOAA20_NRT,304.9,289.01,YES,,LOW
-3.7356,105.46691,,0.34,0.56,2026-09-28,1900,N20,VIIRS,n,2.0NRT,,6.48,N,VIIRS_NOAA20_NRT,332.95,291.64,YES,,LOW
-3.73549,105.5363,,0.35,0.56,2026-09-28,1900,N20,VIIRS,n,2.0NRT,,0.68,N,VIIRS_NOAA20_NRT,302.75,288.19,YES,,LOW
-3.73514,105.46384,,0.34,0.56,2026-09-28,1900,N20,VIIRS,h,2.0NRT,,6.48,N,VIIRS_NOAA20_NRT,367.0,293.53,YES,,LOW
-3.73468,105.46078,,0.34,0.56,2026-09-28,1900,N20,VIIRS,n,2.0NRT,,8.18,N,VIIRS_NOAA20_NRT,328.03,291.69,YES,,LOW
-3.73422,105.45772,,0.34,0.56,2026-09-28,1900,N20,VIIRS,n,2.0NRT,,8.18,N,VIIRS_NOAA20_NRT,321.27,291.35,YES,,LOW
-3.73375,105.45466,,0.34,0.56,2026-09-28,1900,N20,VIIRS,n,2.0NRT,,5.25,N,VIIRS_NOAA20_NRT,321.02,291.6,YES,,LOW
-3.73329,105.4516,,0.34,0.56,2026-09-28,1900,N20,VIIRS,n,2.0NRT,,5.25,N,VIIRS_NOAA20_NRT,331.16,291.7,YES,,LOW
-3.73283,105.44855,,0.34,0.56,2026-09-28,1900,N20,VIIRS,n,2.0NRT,,5.47,N,VIIRS_NOAA20_NRT,327.51,290.47,YES,,LOW
-3.73237,105.44549,,0.34,0.56,2026-09-28,1900,N20,VIIRS,n,2.0NRT,,5.47,N,VIIRS_NOAA20_NRT,320.95,289.74,YES,,LOW
-3.73191,105.44245,,0.34,0.56,2026-09-28,1900,N20,VIIRS,n,2.0NRT,,4.12,N,VIIRS_NOAA20_NRT,314.72,289.6,YES,,LOW
-3.73145,105.43943,,0.34,0.56,2026-09-28,1900,N20,VIIRS,n,2.0NRT,,4.12,N,VIIRS_NOAA20_NRT,302.75,289.0,YES,,LOW
-3.73045,105.46766,,0.34,0.56,2026-09-28,1900,N20,VIIRS,n,2.0NRT,,6.48,N,VIIRS_NOAA20_NRT,310.2,289.05,YES,,LOW
-3.72999,105.4646,,0.34,0.56,2026-09-28,1900,N20,VIIRS,n,2.0NRT,,6.48,N,VIIRS_NOAA20_NRT,347.19,291.35,YES,,LOW
-3.72953,105.46153,,0.34,0.56,2026-09-28,1900,N20,VIIRS,h,2.0NRT,,8.18,N,VIIRS_NOAA20_NRT,367.0,293.41,YES,,LOW
-3.72906,105.45847,,0.34,0.56,2026-09-28,1900,N20,VIIRS,h,2.0NRT,,8.18,N,VIIRS_NOAA20_NRT,367.0,292.59,YES,,LOW
-3.7286,105.45541,,0.34,0.56,2026-09-28,1900,N20,VIIRS,n,2.0NRT,,5.25,N,VIIRS_NOAA20_NRT,332.49,291.46,YES,,LOW
-3.72814,105.45235,,0.34,0.56,2026-09-28,1900,N20,VIIRS,n,2.0NRT,,5.25,N,VIIRS_NOAA20_NRT,342.68,293.36,YES,,LOW
-3.72768,105.4493,,0.34,0.56,2026-09-28,1900,N20,VIIRS,n,2.0NRT,,5.47,N,VIIRS_NOAA20_NRT,343.5,293.64,YES,,LOW
-3.72722,105.44624,,0.34,0.56,2026-09-28,1900,N20,VIIRS,n,2.0NRT,,5.47,N,VIIRS_NOAA20_NRT,344.13,293.67,YES,,LOW
-3.72677,105.44321,,0.34,0.56,2026-09-28,1900,N20,VIIRS,n,2.0NRT,,4.12,N,VIIRS_NOAA20_NRT,355.02,295.2,YES,,LOW
-3.72631,105.44016,,0.34,0.56,2026-09-28,1900,N20,VIIRS,n,2.0NRT,,4.12,N,VIIRS_NOAA20_NRT,330.41,290.33,YES,,LOW
-3.72484,105.46536,,0.34,0.56,2026-09-28,1900,N20,VIIRS,n,2.0NRT,,1.2,N,VIIRS_NOAA20_NRT,302.65,288.53,YES,,LOW
-3.72438,105.4623,,0.34,0.56,2026-09-28,1900,N20,VIIRS,n,2.0NRT,,1.82,N,VIIRS_NOAA20_NRT,314.34,288.24,YES,,LOW
-3.72345,105.45615,,0.34,0.56,2026-09-28,1900,N20,VIIRS,n,2.0NRT,,3.28,N,VIIRS_NOAA20_NRT,308.99,288.9,YES,,LOW
-3.723,105.45312,,0.34,0.56,2026-09-28,1900,N20,VIIRS,n,2.0NRT,,3.28,N,VIIRS_NOAA20_NRT,332.57,291.05,YES,,LOW
-3.72254,105.45006,,0.34,0.56,2026-09-28,1900,N20,VIIRS,n,2.0NRT,,7.44,N,VIIRS_NOAA20_NRT,345.77,293.12,YES,,LOW
-3.72208,105.44701,,0.34,0.56,2026-09-28,1900,N20,VIIRS,n,2.0NRT,,7.44,N,VIIRS_NOAA20_NRT,351.68,293.85,YES,,LOW
-3.72162,105.44397,,0.34,0.56,2026-09-28,1900,N20,VIIRS,n,2.0NRT,,5.15,N,VIIRS_NOAA20_NRT,323.19,289.69,YES,,LOW
-3.70135,105.73782,,0.36,0.57,2026-09-28,1900,N20,VIIRS,n,2.0NRT,,0.95,N,VIIRS_NOAA20_NRT,301.79,288.61,YES,,LOW
-3.70111,105.7374,,0.36,0.57,2026-09-28,1900,N20,VIIRS,n,2.0NRT,,0.91,N,VIIRS_NOAA20_NRT,301.2,288.71,YES,,LOW
-3.69703,105.74497,,0.36,0.57,2026-09-28,1900,N20,VIIRS,n,2.0NRT,,0.8,N,VIIRS_NOAA20_NRT,305.28,288.81,YES,,LOW
-3.69684,105.74453,,0.36,0.57,2026-09-28,1900,N20,VIIRS,n,2.0NRT,,0.66,N,VIIRS_NOAA20_NRT,306.29,288.73,YES,,LOW
-3.68394,105.33209,,0.34,0.56,2026-09-28,1900,N20,VIIRS,n,2.0NRT,,0.92,N,VIIRS_NOAA20_NRT,305.62,289.15,YES,,LOW
-3.68349,105.32909,,0.34,0.56,2026-09-28,1900,N20,VIIRS,n,2.0NRT,,0.92,N,VIIRS_NOAA20_NRT,310.75,288.51,YES,,LOW
-3.66668,105.68703,,0.35,0.57,2026-09-28,1900,N20,VIIRS,n,2.0NRT,,1.57,N,VIIRS_NOAA20_NRT,318.85,289.22,YES,,LOW
-3.61273,105.29696,,0.33,0.55,2026-09-28,1900,N20,VIIRS,n,2.0NRT,,1.0,N,VIIRS_NOAA20_NRT,305.76,289.1,YES,,LOW
-3.53097,104.85983,,0.62,0.54,2026-09-28,1900,N20,VIIRS,n,2.0NRT,,1.4,N,VIIRS_NOAA20_NRT,309.46,289.07,YES,,LOW
-3.49158,105.58849,,0.35,0.56,2026-09-28,1900,N20,VIIRS,n,2.0NRT,,1.63,N,VIIRS_NOAA20_NRT,312.88,288.85,YES,,LOW
-3.47345,104.9137,,0.62,0.54,2026-09-28,1900,N20,VIIRS,n,2.0NRT,,32.82,N,VIIRS_NOAA20_NRT,340.28,292.89,YES,,HIGH
-3.47263,104.90814,,0.62,0.54,2026-09-28,1900,N20,VIIRS,n,2.0NRT,,32.82,N,VIIRS_NOAA20_NRT,351.87,292.43,YES,,HIGH
-3.47236,104.91522,,0.62,0.54,2026-09-28,1900,N20,VIIRS,n,2.0NRT,,15.94,N,VIIRS_NOAA20_NRT,331.48,292.21,YES,,HIGH
-3.4715,104.90969,,0.62,0.54,2026-09-28,1900,N20,VIIRS,n,2.0NRT,,38.35,N,VIIRS_NOAA20_NRT,352.55,298.43,YES,,HIGH
-3.47064,104.90415,,0.62,0.54,2026-09-28,1900,N20,VIIRS,n,2.0NRT,,38.35,N,VIIRS_NOAA20_NRT,303.16,289.24,YES,,HIGH
-3.46932,104.91999,,0.62,0.54,2026-09-28,1900,N20,VIIRS,n,2.0NRT,,7.57,N,VIIRS_NOAA20_NRT,326.24,290.14,YES,,LOW
-3.46851,104.91444,,0.62,0.54,2026-09-28,1900,N20,VIIRS,n,2.0NRT,,32.82,N,VIIRS_NOAA20_NRT,345.51,296.5,YES,,HIGH
-3.46828,104.92151,,0.62,0.54,2026-09-28,1900,N20,VIIRS,n,2.0NRT,,15.36,N,VIIRS_NOAA20_NRT,316.6,290.55,YES,,HIGH
-3.46769,104.90888,,0.62,0.54,2026-09-28,1900,N20,VIIRS,n,2.0NRT,,32.82,N,VIIRS_NOAA20_NRT,340.21,290.68,YES,,HIGH
-3.46742,104.91596,,0.62,0.54,2026-09-28,1900,N20,VIIRS,n,2.0NRT,,15.36,N,VIIRS_NOAA20_NRT,356.18,295.37,YES,,HIGH
-3.46656,104.91042,,0.62,0.54,2026-09-28,1900,N20,VIIRS,n,2.0NRT,,14.85,N,VIIRS_NOAA20_NRT,342.46,292.77,YES,,HIGH
-3.46438,104.92074,,0.62,0.54,2026-09-28,1900,N20,VIIRS,n,2.0NRT,,11.22,N,VIIRS_NOAA20_NRT,338.26,291.35,YES,,HIGH
-3.46357,104.91519,,0.62,0.54,2026-09-28,1900,N20,VIIRS,n,2.0NRT,,15.2,N,VIIRS_NOAA20_NRT,354.33,293.77,YES,,HIGH
-3.46275,104.90962,,0.62,0.54,2026-09-28,1900,N20,VIIRS,n,2.0NRT,,15.2,N,VIIRS_NOAA20_NRT,329.56,289.85,YES,,HIGH
-3.46248,104.91669,,0.62,0.54,2026-09-28,1900,N20,VIIRS,n,2.0NRT,,15.36,N,VIIRS_NOAA20_NRT,340.57,291.11,YES,,HIGH
-3.46163,104.91115,,0.62,0.54,2026-09-28,1900,N20,VIIRS,n,2.0NRT,,14.85,N,VIIRS_NOAA20_NRT,303.79,289.84,YES,,HIGH
-3.45456,105.70422,,0.35,0.57,2026-09-28,1900,N20,VIIRS,n,2.0NRT,,1.26,N,VIIRS_NOAA20_NRT,307.83,289.75,YES,,LOW
-3.45408,105.70105,,0.35,0.57,2026-09-28,1900,N20,VIIRS,n,2.0NRT,,0.64,N,VIIRS_NOAA20_NRT,301.41,289.04,YES,,LOW
-3.43414,105.20132,,0.33,0.55,2026-09-28,1900,N20,VIIRS,n,2.0NRT,,1.22,N,VIIRS_NOAA20_NRT,311.22,289.81,YES,,LOW
-3.43371,105.19842,,0.33,0.55,2026-09-28,1900,N20,VIIRS,n,2.0NRT,,1.22,N,VIIRS_NOAA20_NRT,314.2,290.03,YES,,LOW
-3.4291,105.20208,,0.33,0.55,2026-09-28,1900,N20,VIIRS,n,2.0NRT,,1.18,N,VIIRS_NOAA20_NRT,319.06,289.84,YES,,LOW
-3.42867,105.19917,,0.33,0.55,2026-09-28,1900,N20,VIIRS,n,2.0NRT,,1.18,N,VIIRS_NOAA20_NRT,307.62,289.4,YES,,LOW
-3.42437,105.17014,,0.32,0.55,2026-09-28,1900,N20,VIIRS,n,2.0NRT,,2.09,N,VIIRS_NOAA20_NRT,304.36,289.4,YES,,LOW
-3.42394,105.16724,,0.32,0.55,2026-09-28,1900,N20,VIIRS,n,2.0NRT,,2.54,N,VIIRS_NOAA20_NRT,308.19,289.24,YES,,LOW
-3.41934,105.17088,,0.32,0.55,2026-09-28,1900,N20,VIIRS,n,2.0NRT,,2.09,N,VIIRS_NOAA20_NRT,314.92,290.66,YES,,LOW
-3.41891,105.16799,,0.32,0.55,2026-09-28,1900,N20,VIIRS,n,2.0NRT,,2.54,N,VIIRS_NOAA20_NRT,340.24,292.34,YES,,LOW
-3.41849,105.1651,,0.32,0.55,2026-09-28,1900,N20,VIIRS,n,2.0NRT,,2.54,N,VIIRS_NOAA20_NRT,321.61,289.81,YES,,LOW
-3.41474,105.17453,,0.32,0.55,2026-09-28,1900,N20,VIIRS,n,2.0NRT,,1.38,N,VIIRS_NOAA20_NRT,301.97,289.3,YES,,LOW
-3.41432,105.17164,,0.32,0.55,2026-09-28,1900,N20,VIIRS,n,2.0NRT,,1.38,N,VIIRS_NOAA20_NRT,310.48,290.07,YES,,LOW
-3.41389,105.16875,,0.32,0.55,2026-09-28,1900,N20,VIIRS,n,2.0NRT,,1.41,N,VIIRS_NOAA20_NRT,304.82,290.0,YES,,LOW
-3.41014,105.17818,,0.32,0.55,2026-09-28,1900,N20,VIIRS,n,2.0NRT,,2.45,N,VIIRS_NOAA20_NRT,314.69,290.7,YES,,LOW
-3.40972,105.17529,,0.32,0.55,2026-09-28,1900,N20,VIIRS,n,2.0NRT,,1.38,N,VIIRS_NOAA20_NRT,319.0,290.1,YES,,LOW
-3.37651,105.25939,,0.33,0.55,2026-09-28,1900,N20,VIIRS,n,2.0NRT,,0.69,N,VIIRS_NOAA20_NRT,305.05,289.05,YES,,LOW
-3.37146,105.26015,,0.33,0.55,2026-09-28,1900,N20,VIIRS,n,2.0NRT,,0.97,N,VIIRS_NOAA20_NRT,307.6,289.82,YES,,LOW
-3.37101,105.25722,,0.33,0.55,2026-09-28,1900,N20,VIIRS,n,2.0NRT,,0.97,N,VIIRS_NOAA20_NRT,307.64,288.64,YES,,LOW
-3.35411,105.2478,,0.33,0.55,2026-09-28,1900,N20,VIIRS,n,2.0NRT,,0.67,N,VIIRS_NOAA20_NRT,302.59,288.89,YES,,LOW
-3.35391,105.35023,,0.33,0.55,2026-09-28,1900,N20,VIIRS,n,2.0NRT,,0.95,N,VIIRS_NOAA20_NRT,304.11,289.3,YES,,LOW
-3.35346,105.34725,,0.33,0.55,2026-09-28,1900,N20,VIIRS,n,2.0NRT,,0.95,N,VIIRS_NOAA20_NRT,301.73,288.89,YES,,LOW
-3.31386,105.28975,,0.33,0.55,2026-09-28,1900,N20,VIIRS,n,2.0NRT,,1.05,N,VIIRS_NOAA20_NRT,301.95,288.75,YES,,LOW
-3.31264,105.1768,,0.32,0.55,2026-09-28,1900,N20,VIIRS,n,2.0NRT,,3.4,N,VIIRS_NOAA20_NRT,328.49,290.03,YES,,LOW
-3.31222,105.17392,,0.32,0.55,2026-09-28,1900,N20,VIIRS,n,2.0NRT,,2.96,N,VIIRS_NOAA20_NRT,325.37,289.78,YES,,LOW
-3.31067,105.29427,,0.33,0.55,2026-09-28,1900,N20,VIIRS,n,2.0NRT,,2.14,N,VIIRS_NOAA20_NRT,317.02,289.77,YES,,LOW
-3.30966,105.29639,,0.33,0.55,2026-09-28,1900,N20,VIIRS,n,2.0NRT,,1.6,N,VIIRS_NOAA20_NRT,313.91,290.43,YES,,LOW
-3.30923,105.29345,,0.33,0.55,2026-09-28,1900,N20,VIIRS,n,2.0NRT,,1.05,N,VIIRS_NOAA20_NRT,308.22,289.54,YES,,LOW
-3.30805,105.18044,,0.32,0.55,2026-09-28,1900,N20,VIIRS,n,2.0NRT,,2.28,N,VIIRS_NOAA20_NRT,334.9,291.11,YES,,LOW
-3.30763,105.17757,,0.32,0.55,2026-09-28,1900,N20,VIIRS,n,2.0NRT,,2.28,N,VIIRS_NOAA20_NRT,307.17,288.97,YES,,LOW
-3.30022,104.66009,,0.59,0.53,2026-09-28,1900,N20,VIIRS,n,2.0NRT,,3.79,N,VIIRS_NOAA20_NRT,307.56,289.49,NO,14.994,MONITORING
-3.29884,105.25112,,0.33,0.55,2026-09-28,1900,N20,VIIRS,n,2.0NRT,,0.81,N,VIIRS_NOAA20_NRT,310.53,289.17,YES,,LOW
-3.29816,105.25312,,0.33,0.55,2026-09-28,1900,N20,VIIRS,n,2.0NRT,,1.62,N,VIIRS_NOAA20_NRT,307.8,289.13,YES,,LOW
-3.29661,105.10308,,0.32,0.54,2026-09-28,1900,N20,VIIRS,n,2.0NRT,,2.0,N,VIIRS_NOAA20_NRT,301.91,289.49,YES,,LOW
-3.29619,105.10024,,0.32,0.54,2026-09-28,1900,N20,VIIRS,n,2.0NRT,,2.46,N,VIIRS_NOAA20_NRT,334.73,291.53,YES,,LOW
-3.29577,105.0974,,0.32,0.54,2026-09-28,1900,N20,VIIRS,n,2.0NRT,,2.46,N,VIIRS_NOAA20_NRT,314.55,289.39,YES,,LOW
-3.29538,104.66078,,0.59,0.53,2026-09-28,1900,N20,VIIRS,n,2.0NRT,,3.79,N,VIIRS_NOAA20_NRT,332.58,289.45,NO,14.76,MONITORING
-3.29456,105.1238,,0.32,0.55,2026-09-28,1900,N20,VIIRS,n,2.0NRT,,0.97,N,VIIRS_NOAA20_NRT,302.14,289.14,YES,,LOW
-3.28729,105.27675,,0.33,0.55,2026-09-28,1900,N20,VIIRS,n,2.0NRT,,7.12,N,VIIRS_NOAA20_NRT,331.92,291.67,YES,,LOW
-3.28684,105.27381,,0.33,0.55,2026-09-28,1900,N20,VIIRS,n,2.0NRT,,4.12,N,VIIRS_NOAA20_NRT,338.19,290.98,YES,,LOW
-3.28639,105.27089,,0.33,0.55,2026-09-28,1900,N20,VIIRS,n,2.0NRT,,4.12,N,VIIRS_NOAA20_NRT,308.88,289.5,YES,,LOW
-3.28208,105.14322,,0.32,0.55,2026-09-28,1900,N20,VIIRS,n,2.0NRT,,1.1,N,VIIRS_NOAA20_NRT,309.57,288.7,YES,,LOW
-3.28192,105.14148,,0.32,0.55,2026-09-28,1900,N20,VIIRS,n,2.0NRT,,1.86,N,VIIRS_NOAA20_NRT,326.03,289.76,YES,,LOW
-3.28179,105.27456,,0.33,0.55,2026-09-28,1900,N20,VIIRS,n,2.0NRT,,4.12,N,VIIRS_NOAA20_NRT,350.39,292.56,YES,,LOW
-3.28166,105.14035,,0.32,0.55,2026-09-28,1900,N20,VIIRS,n,2.0NRT,,1.1,N,VIIRS_NOAA20_NRT,314.82,288.73,YES,,LOW
-3.28134,105.27162,,0.33,0.55,2026-09-28,1900,N20,VIIRS,n,2.0NRT,,4.12,N,VIIRS_NOAA20_NRT,345.97,291.93,YES,,LOW
-3.2778,105.14795,,0.32,0.55,2026-09-28,1900,N20,VIIRS,n,2.0NRT,,0.53,N,VIIRS_NOAA20_NRT,302.01,289.15,YES,,LOW
-3.27749,105.14685,,0.32,0.55,2026-09-28,1900,N20,VIIRS,n,2.0NRT,,1.25,N,VIIRS_NOAA20_NRT,305.0,289.02,YES,,LOW
-3.27708,105.14399,,0.32,0.55,2026-09-28,1900,N20,VIIRS,n,2.0NRT,,1.1,N,VIIRS_NOAA20_NRT,304.54,289.62,YES,,LOW
-3.27692,105.14223,,0.32,0.55,2026-09-28,1900,N20,VIIRS,n,2.0NRT,,2.05,N,VIIRS_NOAA20_NRT,311.16,289.32,YES,,LOW
-3.27666,105.14113,,0.32,0.55,2026-09-28,1900,N20,VIIRS,n,2.0NRT,,1.1,N,VIIRS_NOAA20_NRT,310.77,289.52,YES,,LOW
-3.27648,105.13937,,0.32,0.55,2026-09-28,1900,N20,VIIRS,n,2.0NRT,,1.21,N,VIIRS_NOAA20_NRT,306.62,289.03,YES,,LOW
-3.26866,105.15514,,0.32,0.55,2026-09-28,1900,N20,VIIRS,n,2.0NRT,,0.24,N,VIIRS_NOAA20_NRT,300.53,288.45,YES,,LOW
-3.26773,104.97633,,0.62,0.54,2026-09-28,1900,N20,VIIRS,n,2.0NRT,,1.12,N,VIIRS_NOAA20_NRT,301.09,289.12,YES,,LOW
-3.2659,104.97224,,0.62,0.54,2026-09-28,1900,N20,VIIRS,n,2.0NRT,,1.75,N,VIIRS_NOAA20_NRT,303.96,289.13,YES,,LOW
-3.25895,105.26007,,0.33,0.55,2026-09-28,1900,N20,VIIRS,n,2.0NRT,,2.48,N,VIIRS_NOAA20_NRT,333.34,290.49,YES,,LOW
-3.2585,105.25715,,0.33,0.55,2026-09-28,1900,N20,VIIRS,n,2.0NRT,,2.48,N,VIIRS_NOAA20_NRT,316.06,289.12,YES,,LOW
-3.25391,105.26085,,0.33,0.55,2026-09-28,1900,N20,VIIRS,n,2.0NRT,,3.2,N,VIIRS_NOAA20_NRT,333.65,291.14,YES,,LOW
-3.25347,105.25793,,0.33,0.55,2026-09-28,1900,N20,VIIRS,n,2.0NRT,,3.2,N,VIIRS_NOAA20_NRT,328.93,290.24,YES,,LOW
-3.23858,105.22746,,0.32,0.55,2026-09-28,1900,N20,VIIRS,n,2.0NRT,,1.26,N,VIIRS_NOAA20_NRT,305.46,289.12,YES,,LOW
-3.23814,105.22454,,0.32,0.55,2026-09-28,1900,N20,VIIRS,n,2.0NRT,,1.26,N,VIIRS_NOAA20_NRT,304.83,288.83,YES,,LOW
-3.23397,105.23106,,0.32,0.55,2026-09-28,1900,N20,VIIRS,n,2.0NRT,,2.14,N,VIIRS_NOAA20_NRT,305.06,289.77,YES,,LOW
-3.23354,105.22817,,0.32,0.55,2026-09-28,1900,N20,VIIRS,n,2.0NRT,,1.26,N,VIIRS_NOAA20_NRT,322.87,290.15,YES,,LOW
-3.23044,104.97183,,0.62,0.54,2026-09-28,1900,N20,VIIRS,n,2.0NRT,,1.72,N,VIIRS_NOAA20_NRT,301.25,289.4,YES,,LOW
-3.15695,105.40034,,0.33,0.55,2026-09-28,1900,N20,VIIRS,n,2.0NRT,,3.18,N,VIIRS_NOAA20_NRT,328.41,291.89,YES,,LOW
-3.1565,105.39737,,0.33,0.55,2026-09-28,1900,N20,VIIRS,n,2.0NRT,,2.75,N,VIIRS_NOAA20_NRT,318.43,289.87,YES,,LOW
-3.14963,105.07552,,0.63,0.54,2026-09-28,1900,N20,VIIRS,n,2.0NRT,,0.79,N,VIIRS_NOAA20_NRT,302.33,288.86,YES,,LOW
-3.14919,105.38326,,0.33,0.55,2026-09-28,1900,N20,VIIRS,n,2.0NRT,,0.94,N,VIIRS_NOAA20_NRT,305.62,290.3,YES,,LOW
-3.14901,105.07746,,0.63,0.54,2026-09-28,1900,N20,VIIRS,n,2.0NRT,,4.37,N,VIIRS_NOAA20_NRT,310.24,289.71,YES,,LOW
-3.1449,105.08384,,0.63,0.54,2026-09-28,1900,N20,VIIRS,n,2.0NRT,,4.37,N,VIIRS_NOAA20_NRT,337.87,292.8,YES,,LOW
-3.14403,105.07816,,0.63,0.54,2026-09-28,1900,N20,VIIRS,n,2.0NRT,,4.37,N,VIIRS_NOAA20_NRT,305.14,289.54,YES,,LOW
-3.14079,105.09022,,0.63,0.54,2026-09-28,1900,N20,VIIRS,n,2.0NRT,,7.88,N,VIIRS_NOAA20_NRT,330.77,291.05,YES,,LOW
-3.13992,105.08454,,0.63,0.54,2026-09-28,1900,N20,VIIRS,n,2.0NRT,,12.41,N,VIIRS_NOAA20_NRT,340.85,292.26,YES,,HIGH
-3.11849,105.11095,,0.63,0.54,2026-09-28,1900,N20,VIIRS,n,2.0NRT,,4.19,N,VIIRS_NOAA20_NRT,307.65,289.93,YES,,LOW
-3.11763,105.10529,,0.63,0.54,2026-09-28,1900,N20,VIIRS,n,2.0NRT,,4.19,N,VIIRS_NOAA20_NRT,327.96,291.45,YES,,LOW
-3.09825,105.21475,,0.32,0.55,2026-09-28,1900,N20,VIIRS,n,2.0NRT,,0.88,N,VIIRS_NOAA20_NRT,309.22,291.19,NO,0.341,MONITORING
-3.09783,105.21188,,0.32,0.55,2026-09-28,1900,N20,VIIRS,n,2.0NRT,,0.88,N,VIIRS_NOAA20_NRT,301.25,289.33,NO,0.608,MONITORING
-3.09367,105.21839,,0.32,0.55,2026-09-28,1900,N20,VIIRS,n,2.0NRT,,1.89,N,VIIRS_NOAA20_NRT,309.07,290.98,YES,,LOW
-3.09324,105.21552,,0.32,0.55,2026-09-28,1900,N20,VIIRS,n,2.0NRT,,0.88,N,VIIRS_NOAA20_NRT,302.16,289.98,NO,0.117,MONITORING
-3.05706,105.07404,,0.63,0.54,2026-09-28,1900,N20,VIIRS,n,2.0NRT,,1.85,N,VIIRS_NOAA20_NRT,301.58,289.78,NO,1.093,MONITORING
-3.05624,105.07401,,0.63,0.54,2026-09-28,1900,N20,VIIRS,n,2.0NRT,,2.03,N,VIIRS_NOAA20_NRT,301.44,289.92,NO,1.096,MONITORING
-3.04731,104.8719,,0.61,0.53,2026-09-28,1900,N20,VIIRS,n,2.0NRT,,2.23,N,VIIRS_NOAA20_NRT,314.65,289.21,NO,5.524,MONITORING
-3.04176,105.59252,,0.34,0.56,2026-09-28,1900,N20,VIIRS,n,2.0NRT,,1.72,N,VIIRS_NOAA20_NRT,307.85,291.24,YES,,LOW
-3.04131,105.58946,,0.34,0.56,2026-09-28,1900,N20,VIIRS,n,2.0NRT,,1.72,N,VIIRS_NOAA20_NRT,318.05,292.37,YES,,LOW
-3.04086,105.58641,,0.34,0.56,2026-09-28,1900,N20,VIIRS,n,2.0NRT,,2.68,N,VIIRS_NOAA20_NRT,311.46,291.68,YES,,LOW
-3.03797,105.60246,,0.34,0.56,2026-09-28,1900,N20,VIIRS,n,2.0NRT,,2.45,N,VIIRS_NOAA20_NRT,308.62,291.69,YES,,LOW
-3.03752,105.5994,,0.34,0.56,2026-09-28,1900,N20,VIIRS,n,2.0NRT,,2.43,N,VIIRS_NOAA20_NRT,318.18,292.96,YES,,LOW
-3.03707,105.59634,,0.34,0.56,2026-09-28,1900,N20,VIIRS,n,2.0NRT,,2.43,N,VIIRS_NOAA20_NRT,319.51,293.19,YES,,LOW
-3.03662,105.59329,,0.34,0.56,2026-09-28,1900,N20,VIIRS,n,2.0NRT,,2.18,N,VIIRS_NOAA20_NRT,316.88,292.87,YES,,LOW
-3.03617,105.59024,,0.34,0.56,2026-09-28,1900,N20,VIIRS,n,2.0NRT,,2.18,N,VIIRS_NOAA20_NRT,311.99,291.73,YES,,LOW
-3.03572,105.58718,,0.34,0.56,2026-09-28,1900,N20,VIIRS,n,2.0NRT,,1.47,N,VIIRS_NOAA20_NRT,307.13,291.21,YES,,LOW
-3.03544,105.60126,,0.34,0.56,2026-09-28,1900,N20,VIIRS,n,2.0NRT,,2.34,N,VIIRS_NOAA20_NRT,312.52,292.36,YES,,LOW
-3.03497,105.5982,,0.34,0.56,2026-09-28,1900,N20,VIIRS,n,2.0NRT,,2.34,N,VIIRS_NOAA20_NRT,319.78,293.44,YES,,LOW
-3.03449,105.59515,,0.34,0.56,2026-09-28,1900,N20,VIIRS,n,2.0NRT,,2.91,N,VIIRS_NOAA20_NRT,321.07,293.25,YES,,LOW
-3.03402,105.59211,,0.34,0.56,2026-09-28,1900,N20,VIIRS,n,2.0NRT,,2.91,N,VIIRS_NOAA20_NRT,312.98,291.95,YES,,LOW
-3.03355,105.58906,,0.34,0.56,2026-09-28,1900,N20,VIIRS,n,2.0NRT,,2.06,N,VIIRS_NOAA20_NRT,305.42,291.29,YES,,LOW
-3.03307,105.58601,,0.34,0.56,2026-09-28,1900,N20,VIIRS,n,2.0NRT,,2.06,N,VIIRS_NOAA20_NRT,304.65,291.61,YES,,LOW
-3.0326,105.58296,,0.34,0.56,2026-09-28,1900,N20,VIIRS,n,2.0NRT,,1.64,N,VIIRS_NOAA20_NRT,307.82,291.37,YES,,LOW
-3.03238,105.60018,,0.34,0.56,2026-09-28,1900,N20,VIIRS,n,2.0NRT,,2.43,N,VIIRS_NOAA20_NRT,316.44,292.72,YES,,LOW
-3.03193,105.59712,,0.34,0.56,2026-09-28,1900,N20,VIIRS,n,2.0NRT,,2.43,N,VIIRS_NOAA20_NRT,322.79,294.01,YES,,LOW
-3.03148,105.59406,,0.34,0.56,2026-09-28,1900,N20,VIIRS,n,2.0NRT,,2.18,N,VIIRS_NOAA20_NRT,325.58,294.03,YES,,LOW
-3.03103,105.59101,,0.34,0.56,2026-09-28,1900,N20,VIIRS,n,2.0NRT,,2.18,N,VIIRS_NOAA20_NRT,314.2,291.87,YES,,LOW
-3.03058,105.58794,,0.34,0.56,2026-09-28,1900,N20,VIIRS,n,2.0NRT,,1.47,N,VIIRS_NOAA20_NRT,308.75,291.65,YES,,LOW
-3.03013,105.58489,,0.34,0.56,2026-09-28,1900,N20,VIIRS,n,2.0NRT,,1.47,N,VIIRS_NOAA20_NRT,314.81,292.36,YES,,LOW
-3.02982,105.59897,,0.34,0.56,2026-09-28,1900,N20,VIIRS,n,2.0NRT,,2.34,N,VIIRS_NOAA20_NRT,315.93,292.73,YES,,LOW
-3.02968,105.58184,,0.34,0.56,2026-09-28,1900,N20,VIIRS,n,2.0NRT,,1.47,N,VIIRS_NOAA20_NRT,304.44,290.81,YES,,LOW
-3.02935,105.59592,,0.34,0.56,2026-09-28,1900,N20,VIIRS,n,2.0NRT,,2.91,N,VIIRS_NOAA20_NRT,325.52,294.85,YES,,LOW
-3.02888,105.59286,,0.34,0.56,2026-09-28,1900,N20,VIIRS,n,2.0NRT,,2.91,N,VIIRS_NOAA20_NRT,329.24,295.15,YES,,LOW
-3.02841,105.58981,,0.34,0.56,2026-09-28,1900,N20,VIIRS,n,2.0NRT,,2.06,N,VIIRS_NOAA20_NRT,323.54,293.72,YES,,LOW
-3.02793,105.58676,,0.34,0.56,2026-09-28,1900,N20,VIIRS,n,2.0NRT,,2.06,N,VIIRS_NOAA20_NRT,317.15,292.9,YES,,LOW
-3.02746,105.58372,,0.34,0.56,2026-09-28,1900,N20,VIIRS,n,2.0NRT,,1.64,N,VIIRS_NOAA20_NRT,323.24,293.14,YES,,LOW
-3.02699,105.58069,,0.34,0.56,2026-09-28,1900,N20,VIIRS,n,2.0NRT,,1.64,N,VIIRS_NOAA20_NRT,303.65,290.75,YES,,LOW
-3.02678,105.59789,,0.34,0.56,2026-09-28,1900,N20,VIIRS,n,2.0NRT,,3.26,N,VIIRS_NOAA20_NRT,317.16,293.14,YES,,LOW
-3.02633,105.59484,,0.34,0.56,2026-09-28,1900,N20,VIIRS,n,2.0NRT,,2.55,N,VIIRS_NOAA20_NRT,328.3,295.07,YES,,LOW
-3.02588,105.59177,,0.34,0.56,2026-09-28,1900,N20,VIIRS,n,2.0NRT,,2.55,N,VIIRS_NOAA20_NRT,333.76,295.2,YES,,LOW
-3.02544,105.58872,,0.34,0.56,2026-09-28,1900,N20,VIIRS,n,2.0NRT,,3.13,N,VIIRS_NOAA20_NRT,327.83,293.88,YES,,LOW
-3.02499,105.58567,,0.34,0.56,2026-09-28,1900,N20,VIIRS,n,2.0NRT,,3.13,N,VIIRS_NOAA20_NRT,330.34,294.42,YES,,LOW
-3.02468,105.59973,,0.34,0.56,2026-09-28,1900,N20,VIIRS,n,2.0NRT,,0.92,N,VIIRS_NOAA20_NRT,302.23,290.28,YES,,LOW
-3.02454,105.58262,,0.34,0.56,2026-09-28,1900,N20,VIIRS,n,2.0NRT,,3.36,N,VIIRS_NOAA20_NRT,322.67,291.88,YES,,LOW
-3.02421,105.59668,,0.34,0.56,2026-09-28,1900,N20,VIIRS,n,2.0NRT,,2.72,N,VIIRS_NOAA20_NRT,313.42,292.4,YES,,LOW
-3.02374,105.59363,,0.34,0.56,2026-09-28,1900,N20,VIIRS,n,2.0NRT,,2.72,N,VIIRS_NOAA20_NRT,327.07,294.68,YES,,LOW
-3.02327,105.59057,,0.34,0.56,2026-09-28,1900,N20,VIIRS,n,2.0NRT,,3.4,N,VIIRS_NOAA20_NRT,326.19,293.96,YES,,LOW
-3.0228,105.58752,,0.34,0.56,2026-09-28,1900,N20,VIIRS,n,2.0NRT,,3.4,N,VIIRS_NOAA20_NRT,323.08,293.34,YES,,LOW
-3.02233,105.58448,,0.34,0.56,2026-09-28,1900,N20,VIIRS,n,2.0NRT,,3.34,N,VIIRS_NOAA20_NRT,321.31,292.53,YES,,LOW
-3.02119,105.59562,,0.34,0.56,2026-09-28,1900,N20,VIIRS,n,2.0NRT,,2.55,N,VIIRS_NOAA20_NRT,302.59,290.01,YES,,LOW
-3.02074,105.59256,,0.34,0.56,2026-09-28,1900,N20,VIIRS,n,2.0NRT,,2.55,N,VIIRS_NOAA20_NRT,308.7,290.42,YES,,LOW
-3.0203,105.58949,,0.34,0.56,2026-09-28,1900,N20,VIIRS,n,2.0NRT,,3.13,N,VIIRS_NOAA20_NRT,304.11,290.46,YES,,LOW
-3.00675,104.63259,,0.59,0.53,2026-09-28,1900,N20,VIIRS,n,2.0NRT,,1.42,N,VIIRS_NOAA20_NRT,306.35,289.56,NO,19.715,MONITORING
-2.69396,105.5797,,0.34,0.56,2026-09-28,1900,N20,VIIRS,n,2.0NRT,,0.56,N,VIIRS_NOAA20_NRT,303.28,289.31,YES,,LOW
-2.68885,105.58046,,0.34,0.56,2026-09-28,1900,N20,VIIRS,n,2.0NRT,,0.34,N,VIIRS_NOAA20_NRT,317.34,289.39,YES,,LOW
-2.44519,105.42947,,0.33,0.55,2026-09-28,1900,N20,VIIRS,n,2.0NRT,,1.0,N,VIIRS_NOAA20_NRT,310.1,285.05,NO,0.399,MONITORING
-2.4424,105.4448,,0.33,0.55,2026-09-28,1900,N20,VIIRS,n,2.0NRT,,1.61,N,VIIRS_NOAA20_NRT,305.42,286.74,NO,0.99,MONITORING
-2.44195,105.44189,,0.33,0.55,2026-09-28,1900,N20,VIIRS,n,2.0NRT,,1.61,N,VIIRS_NOAA20_NRT,318.97,287.65,NO,0.972,MONITORING
-2.4415,105.43896,,0.33,0.55,2026-09-28,1900,N20,VIIRS,n,2.0NRT,,1.44,N,VIIRS_NOAA20_NRT,314.46,286.24,NO,0.98,MONITORING
-2.44105,105.43605,,0.33,0.55,2026-09-28,1900,N20,VIIRS,n,2.0NRT,,1.44,N,VIIRS_NOAA20_NRT,309.14,284.08,NO,1.02,MONITORING
-2.4406,105.43314,,0.33,0.55,2026-09-28,1900,N20,VIIRS,n,2.0NRT,,1.92,N,VIIRS_NOAA20_NRT,305.12,284.15,NO,1.022,MONITORING
-2.44015,105.43024,,0.33,0.55,2026-09-28,1900,N20,VIIRS,n,2.0NRT,,1.92,N,VIIRS_NOAA20_NRT,307.99,285.45,NO,0.966,MONITORING
-2.4397,105.42734,,0.33,0.55,2026-09-28,1900,N20,VIIRS,n,2.0NRT,,10.17,N,VIIRS_NOAA20_NRT,340.44,289.45,NO,0.968,MONITORING
-2.43925,105.42442,,0.33,0.55,2026-09-28,1900,N20,VIIRS,h,2.0NRT,,10.17,N,VIIRS_NOAA20_NRT,367.0,293.46,NO,1.041,MONITORING
-2.4388,105.4215,,0.33,0.55,2026-09-28,1900,N20,VIIRS,n,2.0NRT,,17.07,N,VIIRS_NOAA20_NRT,354.79,294.4,NO,1.184,MONITORING
-2.43835,105.41861,,0.33,0.55,2026-09-28,1900,N20,VIIRS,h,2.0NRT,,17.07,N,VIIRS_NOAA20_NRT,367.0,290.98,NO,1.168,MONITORING
-2.43736,105.44558,,0.33,0.55,2026-09-28,1900,N20,VIIRS,n,2.0NRT,,1.61,N,VIIRS_NOAA20_NRT,334.24,284.37,NO,1.552,MONITORING
-2.43691,105.44267,,0.33,0.55,2026-09-28,1900,N20,VIIRS,n,2.0NRT,,1.61,N,VIIRS_NOAA20_NRT,314.23,283.51,NO,1.539,MONITORING
-2.43646,105.43974,,0.33,0.55,2026-09-28,1900,N20,VIIRS,n,2.0NRT,,1.44,N,VIIRS_NOAA20_NRT,313.95,285.77,NO,1.548,MONITORING
-2.43601,105.43682,,0.33,0.55,2026-09-28,1900,N20,VIIRS,n,2.0NRT,,1.44,N,VIIRS_NOAA20_NRT,315.11,284.24,NO,1.575,MONITORING
-2.43556,105.43393,,0.33,0.55,2026-09-28,1900,N20,VIIRS,n,2.0NRT,,1.92,N,VIIRS_NOAA20_NRT,321.2,286.82,NO,1.571,MONITORING
-2.43511,105.43102,,0.33,0.55,2026-09-28,1900,N20,VIIRS,n,2.0NRT,,1.92,N,VIIRS_NOAA20_NRT,329.61,289.68,NO,1.532,MONITORING
-2.43467,105.42812,,0.33,0.55,2026-09-28,1900,N20,VIIRS,n,2.0NRT,,10.17,N,VIIRS_NOAA20_NRT,328.8,288.99,NO,1.532,MONITORING
-2.43422,105.42519,,0.33,0.55,2026-09-28,1900,N20,VIIRS,h,2.0NRT,,10.17,N,VIIRS_NOAA20_NRT,367.0,297.27,NO,1.584,MONITORING
-2.43377,105.42229,,0.33,0.55,2026-09-28,1900,N20,VIIRS,h,2.0NRT,,17.07,N,VIIRS_NOAA20_NRT,367.0,296.9,NO,1.688,MONITORING
-2.43332,105.41938,,0.33,0.55,2026-09-28,1900,N20,VIIRS,n,2.0NRT,,17.07,N,VIIRS_NOAA20_NRT,352.71,292.08,NO,1.734,MONITORING
-2.43287,105.41648,,0.33,0.55,2026-09-28,1900,N20,VIIRS,n,2.0NRT,,7.86,N,VIIRS_NOAA20_NRT,324.66,289.97,NO,1.752,MONITORING
-2.43198,105.41068,,0.32,0.55,2026-09-28,1900,N20,VIIRS,n,2.0NRT,,0.95,N,VIIRS_NOAA20_NRT,310.15,288.89,NO,1.93,MONITORING
-2.43097,105.4376,,0.33,0.55,2026-09-28,1900,N20,VIIRS,n,2.0NRT,,1.51,N,VIIRS_NOAA20_NRT,302.3,282.32,NO,2.136,MONITORING
-2.43052,105.43468,,0.33,0.55,2026-09-28,1900,N20,VIIRS,n,2.0NRT,,2.33,N,VIIRS_NOAA20_NRT,331.46,284.44,NO,2.13,MONITORING
-2.43008,105.43178,,0.33,0.55,2026-09-28,1900,N20,VIIRS,n,2.0NRT,,2.33,N,VIIRS_NOAA20_NRT,322.58,284.89,NO,2.097,MONITORING
-2.42963,105.42887,,0.33,0.55,2026-09-28,1900,N20,VIIRS,n,2.0NRT,,1.48,N,VIIRS_NOAA20_NRT,321.6,285.12,NO,2.098,MONITORING
-2.42918,105.42596,,0.33,0.55,2026-09-28,1900,N20,VIIRS,n,2.0NRT,,1.48,N,VIIRS_NOAA20_NRT,309.7,286.82,NO,2.14,MONITORING
-2.42874,105.42307,,0.33,0.55,2026-09-28,1900,N20,VIIRS,n,2.0NRT,,0.79,N,VIIRS_NOAA20_NRT,302.71,285.98,NO,2.221,MONITORING
-4.24333,105.45825,,0.33,0.55,2026-09-29,557,N20,VIIRS,n,2.0NRT,,1.55,D,VIIRS_NOAA20_NRT,333.45,295.71,NO,26.684,MONITORING
-4.2266,104.8762,,0.36,0.57,2026-09-29,557,N20,VIIRS,n,2.0NRT,,18.35,D,VIIRS_NOAA20_NRT,350.04,293.58,YES,,HIGH
-4.22613,104.8794,,0.36,0.57,2026-09-29,557,N20,VIIRS,h,2.0NRT,,18.35,D,VIIRS_NOAA20_NRT,367.0,295.85,NO,0.289,MONITORING
-4.21645,105.46625,,0.33,0.55,2026-09-29,557,N20,VIIRS,n,2.0NRT,,5.19,D,VIIRS_NOAA20_NRT,346.42,299.1,NO,23.812,MONITORING
-4.20385,105.30222,,0.33,0.56,2026-09-29,557,N20,VIIRS,n,2.0NRT,,3.41,D,VIIRS_NOAA20_NRT,332.34,298.29,NO,26.784,MONITORING
-4.18224,105.34482,,0.33,0.55,2026-09-29,557,N20,VIIRS,n,2.0NRT,,3.24,D,VIIRS_NOAA20_NRT,332.73,298.85,NO,29.234,MONITORING
-4.18141,105.35074,,0.33,0.55,2026-09-29,557,N20,VIIRS,n,2.0NRT,,6.17,D,VIIRS_NOAA20_NRT,342.58,299.02,NO,29.755,MONITORING
-4.18131,105.63832,,0.63,0.54,2026-09-29,557,N20,VIIRS,n,2.0NRT,,23.08,D,VIIRS_NOAA20_NRT,344.36,298.09,NO,8.592,MONITORING
-4.18099,105.3537,,0.33,0.55,2026-09-29,557,N20,VIIRS,n,2.0NRT,,6.05,D,VIIRS_NOAA20_NRT,351.32,299.72,NO,30.017,MONITORING
-4.18057,105.35664,,0.33,0.55,2026-09-29,557,N20,VIIRS,h,2.0NRT,,6.05,D,VIIRS_NOAA20_NRT,367.0,300.73,NO,30.279,MONITORING
-4.17856,105.34341,,0.33,0.55,2026-09-29,557,N20,VIIRS,n,2.0NRT,,1.96,D,VIIRS_NOAA20_NRT,337.61,298.28,NO,28.89,MONITORING
-4.17768,105.3493,,0.33,0.55,2026-09-29,557,N20,VIIRS,n,2.0NRT,,9.03,D,VIIRS_NOAA20_NRT,354.75,299.54,NO,29.409,MONITORING
-4.17724,105.35225,,0.33,0.55,2026-09-29,557,N20,VIIRS,h,2.0NRT,,6.83,D,VIIRS_NOAA20_NRT,367.0,300.29,NO,29.671,MONITORING
-4.17681,105.35519,,0.33,0.55,2026-09-29,557,N20,VIIRS,h,2.0NRT,,6.83,D,VIIRS_NOAA20_NRT,367.0,300.19,NO,29.934,MONITORING
-4.17637,105.35814,,0.33,0.55,2026-09-29,557,N20,VIIRS,n,2.0NRT,,7.29,D,VIIRS_NOAA20_NRT,352.97,299.36,NO,30.198,MONITORING
-4.17634,105.34998,,0.33,0.55,2026-09-29,557,N20,VIIRS,n,2.0NRT,,6.17,D,VIIRS_NOAA20_NRT,349.64,299.12,NO,29.401,MONITORING
-4.17592,105.35293,,0.33,0.55,2026-09-29,557,N20,VIIRS,n,2.0NRT,,6.05,D,VIIRS_NOAA20_NRT,354.58,299.33,NO,29.665,MONITORING
-4.17551,105.35588,,0.33,0.55,2026-09-29,557,N20,VIIRS,n,2.0NRT,,6.05,D,VIIRS_NOAA20_NRT,335.28,298.71,NO,29.931,MONITORING
-4.17509,105.35884,,0.33,0.55,2026-09-29,557,N20,VIIRS,n,2.0NRT,,7.41,D,VIIRS_NOAA20_NRT,335.15,298.2,NO,30.199,MONITORING
-4.17174,105.35444,,0.33,0.55,2026-09-29,557,N20,VIIRS,n,2.0NRT,,6.83,D,VIIRS_NOAA20_NRT,335.51,298.23,NO,29.591,MONITORING
-4.17044,105.35512,,0.33,0.55,2026-09-29,557,N20,VIIRS,n,2.0NRT,,28.03,D,VIIRS_NOAA20_NRT,353.31,301.04,NO,29.591,MONITORING
-4.17002,105.35809,,0.33,0.55,2026-09-29,557,N20,VIIRS,h,2.0NRT,,7.71,D,VIIRS_NOAA20_NRT,367.0,298.77,NO,29.863,MONITORING
-4.16667,105.35374,,0.33,0.55,2026-09-29,557,N20,VIIRS,n,2.0NRT,,22.11,D,VIIRS_NOAA20_NRT,353.46,301.13,NO,29.261,MONITORING
-4.16623,105.35668,,0.33,0.55,2026-09-29,557,N20,VIIRS,h,2.0NRT,,11.99,D,VIIRS_NOAA20_NRT,367.0,301.39,NO,29.531,MONITORING
-4.1658,105.35963,,0.33,0.55,2026-09-29,557,N20,VIIRS,n,2.0NRT,,11.99,D,VIIRS_NOAA20_NRT,342.03,300.35,NO,29.804,MONITORING
-4.16495,105.35736,,0.33,0.55,2026-09-29,557,N20,VIIRS,n,2.0NRT,,7.71,D,VIIRS_NOAA20_NRT,335.98,300.2,NO,29.535,MONITORING
-4.16454,105.36031,,0.33,0.55,2026-09-29,557,N20,VIIRS,n,2.0NRT,,7.71,D,VIIRS_NOAA20_NRT,343.01,299.72,NO,29.81,MONITORING
-4.15437,105.47131,,0.32,0.55,2026-09-29,557,N20,VIIRS,n,2.0NRT,,2.51,D,VIIRS_NOAA20_NRT,334.7,296.26,NO,18.667,MONITORING
-4.15362,105.33683,,0.33,0.55,2026-09-29,557,N20,VIIRS,n,2.0NRT,,4.46,D,VIIRS_NOAA20_NRT,349.13,299.74,NO,26.926,MONITORING
-4.14856,105.33606,,0.33,0.55,2026-09-29,557,N20,VIIRS,n,2.0NRT,,4.68,D,VIIRS_NOAA20_NRT,338.44,299.27,NO,26.605,MONITORING
-4.14392,105.33235,,0.33,0.55,2026-09-29,557,N20,VIIRS,h,2.0NRT,,12.11,D,VIIRS_NOAA20_NRT,367.0,300.77,NO,26.013,MONITORING
-4.14349,105.3353,,0.33,0.55,2026-09-29,557,N20,VIIRS,n,2.0NRT,,4.68,D,VIIRS_NOAA20_NRT,347.5,298.54,NO,26.293,MONITORING
-4.09275,105.36411,,0.33,0.55,2026-09-29,557,N20,VIIRS,n,2.0NRT,,2.37,D,VIIRS_NOAA20_NRT,330.7,297.46,NO,24.564,MONITORING
-4.09233,105.36705,,0.33,0.55,2026-09-29,557,N20,VIIRS,n,2.0NRT,,2.37,D,VIIRS_NOAA20_NRT,341.6,297.56,NO,24.69,MONITORING
-4.09191,105.37,,0.33,0.55,2026-09-29,557,N20,VIIRS,n,2.0NRT,,2.08,D,VIIRS_NOAA20_NRT,333.95,296.14,NO,24.821,MONITORING
-4.09152,105.4445,,0.33,0.55,2026-09-29,557,N20,VIIRS,n,2.0NRT,,46.93,D,VIIRS_NOAA20_NRT,338.63,295.71,NO,18.315,MONITORING
-4.08774,105.43507,,0.33,0.55,2026-09-29,557,N20,VIIRS,n,2.0NRT,,30.03,D,VIIRS_NOAA20_NRT,331.32,296.57,NO,19.243,MONITORING
-4.08732,105.43798,,0.33,0.55,2026-09-29,557,N20,VIIRS,n,2.0NRT,,30.03,D,VIIRS_NOAA20_NRT,351.66,303.01,NO,18.916,MONITORING
-4.08691,105.44087,,0.33,0.55,2026-09-29,557,N20,VIIRS,n,2.0NRT,,46.93,D,VIIRS_NOAA20_NRT,351.46,302.08,NO,18.592,MONITORING
-4.08649,105.44377,,0.33,0.55,2026-09-29,557,N20,VIIRS,l,2.0NRT,,46.93,D,VIIRS_NOAA20_NRT,207.93,314.29,NO,18.267,MONITORING
-4.08607,105.44667,,0.33,0.55,2026-09-29,557,N20,VIIRS,h,2.0NRT,,68.35,D,VIIRS_NOAA20_NRT,367.0,296.03,NO,17.942,MONITORING
-4.08603,105.4111,,0.33,0.55,2026-09-29,557,N20,VIIRS,n,2.0NRT,,1.77,D,VIIRS_NOAA20_NRT,337.65,295.56,NO,21.824,MONITORING
-4.08391,105.38985,,0.33,0.55,2026-09-29,557,N20,VIIRS,n,2.0NRT,,6.76,D,VIIRS_NOAA20_NRT,347.29,297.46,NO,24.119,MONITORING
-4.0835,105.39277,,0.33,0.55,2026-09-29,557,N20,VIIRS,n,2.0NRT,,8.93,D,VIIRS_NOAA20_NRT,350.55,297.85,NO,23.79,MONITORING
-4.08229,105.43724,,0.33,0.55,2026-09-29,557,N20,VIIRS,n,2.0NRT,,7.24,D,VIIRS_NOAA20_NRT,347.16,297.3,NO,18.887,MONITORING
-4.08191,105.47568,,0.32,0.55,2026-09-29,557,N20,VIIRS,n,2.0NRT,,4.32,D,VIIRS_NOAA20_NRT,334.99,296.24,NO,14.689,MONITORING
-4.08187,105.44014,,0.33,0.55,2026-09-29,557,N20,VIIRS,n,2.0NRT,,6.3,D,VIIRS_NOAA20_NRT,340.71,296.32,NO,18.561,MONITORING
-4.07217,105.16156,,0.34,0.56,2026-09-29,557,N20,VIIRS,n,2.0NRT,,2.77,D,VIIRS_NOAA20_NRT,337.17,295.43,NO,5.421,MONITORING
-4.07139,105.44163,,0.33,0.55,2026-09-29,557,N20,VIIRS,n,2.0NRT,,5.62,D,VIIRS_NOAA20_NRT,338.07,297.65,NO,18.216,MONITORING
-4.07097,105.44452,,0.33,0.55,2026-09-29,557,N20,VIIRS,n,2.0NRT,,4.85,D,VIIRS_NOAA20_NRT,352.69,295.52,NO,17.891,MONITORING
-4.0566,105.54539,,0.32,0.55,2026-09-29,557,N20,VIIRS,n,2.0NRT,,2.83,D,VIIRS_NOAA20_NRT,339.85,295.63,NO,6.553,MONITORING
-4.05619,105.54824,,0.32,0.55,2026-09-29,557,N20,VIIRS,n,2.0NRT,,2.35,D,VIIRS_NOAA20_NRT,330.14,294.94,NO,6.232,MONITORING
-4.0512,105.54752,,0.32,0.55,2026-09-29,557,N20,VIIRS,n,2.0NRT,,2.35,D,VIIRS_NOAA20_NRT,332.17,294.55,NO,6.285,MONITORING
-4.04621,105.2317,,0.34,0.56,2026-09-29,557,N20,VIIRS,n,2.0NRT,,3.31,D,VIIRS_NOAA20_NRT,340.26,299.5,NO,12.282,MONITORING
-4.02491,105.41254,,0.33,0.55,2026-09-29,557,N20,VIIRS,n,2.0NRT,,2.34,D,VIIRS_NOAA20_NRT,343.4,297.6,NO,19.202,MONITORING
-3.94292,105.13123,,0.34,0.56,2026-09-29,557,N20,VIIRS,n,2.0NRT,,60.19,D,VIIRS_NOAA20_NRT,344.6,300.29,YES,,HIGH
-3.92091,105.49244,,0.32,0.55,2026-09-29,557,N20,VIIRS,n,2.0NRT,,2.04,D,VIIRS_NOAA20_NRT,335.53,297.85,NO,4.669,MONITORING
-3.89652,105.27179,,0.33,0.55,2026-09-29,557,N20,VIIRS,n,2.0NRT,,2.77,D,VIIRS_NOAA20_NRT,338.62,295.0,NO,1.374,MONITORING
-3.89272,105.85046,,0.6,0.53,2026-09-29,557,N20,VIIRS,n,2.0NRT,,10.16,D,VIIRS_NOAA20_NRT,339.08,298.29,YES,,HIGH
-3.89121,105.84754,,0.61,0.53,2026-09-29,557,N20,VIIRS,n,2.0NRT,,14.79,D,VIIRS_NOAA20_NRT,338.13,296.75,YES,,HIGH
-3.88296,105.84908,,0.6,0.53,2026-09-29,557,N20,VIIRS,n,2.0NRT,,13.03,D,VIIRS_NOAA20_NRT,346.36,297.52,YES,,HIGH
-3.88145,105.84612,,0.61,0.53,2026-09-29,557,N20,VIIRS,n,2.0NRT,,7.43,D,VIIRS_NOAA20_NRT,336.45,295.96,YES,,LOW
-3.88068,105.85155,,0.61,0.53,2026-09-29,557,N20,VIIRS,n,2.0NRT,,7.43,D,VIIRS_NOAA20_NRT,330.29,294.88,YES,,LOW
-3.86194,105.36897,,0.33,0.55,2026-09-29,559,N20,VIIRS,n,2.0NRT,,2.23,D,VIIRS_NOAA20_NRT,333.44,295.35,NO,7.093,MONITORING
-3.84468,105.24766,,0.33,0.55,2026-09-29,559,N20,VIIRS,n,2.0NRT,,5.35,D,VIIRS_NOAA20_NRT,346.02,297.09,YES,,LOW
-3.83561,105.58897,,0.63,0.54,2026-09-29,559,N20,VIIRS,n,2.0NRT,,9.73,D,VIIRS_NOAA20_NRT,339.27,298.35,YES,,LOW
-3.83408,105.24918,,0.33,0.55,2026-09-29,559,N20,VIIRS,n,2.0NRT,,6.27,D,VIIRS_NOAA20_NRT,347.13,298.48,YES,,LOW
-3.81147,105.47213,,0.32,0.55,2026-09-29,559,N20,VIIRS,n,2.0NRT,,2.64,D,VIIRS_NOAA20_NRT,341.44,296.03,YES,,LOW
-3.80724,105.50069,,0.32,0.54,2026-09-29,559,N20,VIIRS,n,2.0NRT,,6.61,D,VIIRS_NOAA20_NRT,336.85,299.73,YES,,LOW
-3.80562,105.47713,,0.32,0.55,2026-09-29,559,N20,VIIRS,h,2.0NRT,,10.38,D,VIIRS_NOAA20_NRT,367.0,302.68,YES,,HIGH
-3.8052,105.48,,0.32,0.55,2026-09-29,559,N20,VIIRS,h,2.0NRT,,10.38,D,VIIRS_NOAA20_NRT,367.0,296.83,YES,,HIGH
-3.80104,105.47356,,0.32,0.55,2026-09-29,559,N20,VIIRS,h,2.0NRT,,22.18,D,VIIRS_NOAA20_NRT,367.0,299.98,YES,,HIGH
-3.80062,105.47642,,0.32,0.55,2026-09-29,559,N20,VIIRS,n,2.0NRT,,10.38,D,VIIRS_NOAA20_NRT,334.32,296.37,YES,,HIGH
-3.79894,105.48785,,0.32,0.55,2026-09-29,559,N20,VIIRS,n,2.0NRT,,2.86,D,VIIRS_NOAA20_NRT,333.46,298.91,YES,,LOW
-3.79852,105.49071,,0.32,0.55,2026-09-29,559,N20,VIIRS,n,2.0NRT,,2.86,D,VIIRS_NOAA20_NRT,331.57,298.71,YES,,LOW
-3.79726,105.49926,,0.32,0.54,2026-09-29,559,N20,VIIRS,n,2.0NRT,,7.06,D,VIIRS_NOAA20_NRT,340.9,297.97,YES,,LOW
-3.79646,105.46999,,0.32,0.55,2026-09-29,559,N20,VIIRS,n,2.0NRT,,2.41,D,VIIRS_NOAA20_NRT,338.82,295.23,YES,,LOW
-3.79394,105.48714,,0.32,0.55,2026-09-29,559,N20,VIIRS,n,2.0NRT,,6.4,D,VIIRS_NOAA20_NRT,344.57,297.8,YES,,LOW
-3.79352,105.48999,,0.32,0.55,2026-09-29,559,N20,VIIRS,h,2.0NRT,,6.4,D,VIIRS_NOAA20_NRT,367.0,298.69,YES,,LOW
-3.77792,105.56162,,0.63,0.54,2026-09-29,559,N20,VIIRS,n,2.0NRT,,17.22,D,VIIRS_NOAA20_NRT,344.63,302.9,YES,,HIGH
-3.77377,105.55529,,0.63,0.54,2026-09-29,559,N20,VIIRS,n,2.0NRT,,8.09,D,VIIRS_NOAA20_NRT,335.25,301.01,YES,,LOW
-3.77295,105.56091,,0.63,0.54,2026-09-29,559,N20,VIIRS,n,2.0NRT,,8.09,D,VIIRS_NOAA20_NRT,334.61,302.57,YES,,LOW
-3.77212,105.56655,,0.63,0.54,2026-09-29,559,N20,VIIRS,n,2.0NRT,,18.86,D,VIIRS_NOAA20_NRT,352.4,305.3,YES,,HIGH
-3.7688,105.55457,,0.63,0.54,2026-09-29,559,N20,VIIRS,n,2.0NRT,,8.09,D,VIIRS_NOAA20_NRT,335.61,304.0,YES,,LOW
-3.76798,105.5602,,0.63,0.54,2026-09-29,559,N20,VIIRS,n,2.0NRT,,8.09,D,VIIRS_NOAA20_NRT,341.61,304.12,YES,,LOW
-3.76716,105.56583,,0.63,0.54,2026-09-29,559,N20,VIIRS,h,2.0NRT,,18.86,D,VIIRS_NOAA20_NRT,367.0,304.99,YES,,HIGH
-3.76548,105.54255,,0.63,0.54,2026-09-29,559,N20,VIIRS,n,2.0NRT,,10.32,D,VIIRS_NOAA20_NRT,342.53,300.43,YES,,HIGH
-3.76383,105.55386,,0.63,0.54,2026-09-29,559,N20,VIIRS,n,2.0NRT,,7.22,D,VIIRS_NOAA20_NRT,338.29,304.74,YES,,LOW
-3.76301,105.55949,,0.63,0.54,2026-09-29,559,N20,VIIRS,n,2.0NRT,,7.22,D,VIIRS_NOAA20_NRT,334.41,302.47,YES,,LOW
-3.76224,105.42403,,0.32,0.55,2026-09-29,559,N20,VIIRS,h,2.0NRT,,11.55,D,VIIRS_NOAA20_NRT,367.0,294.76,YES,,HIGH
-3.7605,105.54184,,0.63,0.54,2026-09-29,559,N20,VIIRS,n,2.0NRT,,10.32,D,VIIRS_NOAA20_NRT,331.68,299.73,YES,,HIGH
-3.75975,105.4413,,0.32,0.55,2026-09-29,559,N20,VIIRS,n,2.0NRT,,4.19,D,VIIRS_NOAA20_NRT,346.06,295.95,YES,,LOW
-3.75934,105.44418,,0.32,0.55,2026-09-29,559,N20,VIIRS,n,2.0NRT,,4.19,D,VIIRS_NOAA20_NRT,332.73,293.82,YES,,LOW
-3.75886,105.55314,,0.63,0.54,2026-09-29,559,N20,VIIRS,n,2.0NRT,,7.22,D,VIIRS_NOAA20_NRT,336.42,302.95,YES,,LOW
-3.75055,105.54042,,0.63,0.54,2026-09-29,559,N20,VIIRS,n,2.0NRT,,19.54,D,VIIRS_NOAA20_NRT,348.48,304.42,YES,,HIGH
-3.74644,105.46283,,0.32,0.55,2026-09-29,559,N20,VIIRS,n,2.0NRT,,4.05,D,VIIRS_NOAA20_NRT,332.37,297.49,YES,,LOW
-3.74603,105.46569,,0.32,0.55,2026-09-29,559,N20,VIIRS,n,2.0NRT,,4.05,D,VIIRS_NOAA20_NRT,338.26,300.18,YES,,LOW
-3.746,105.71068,,0.62,0.54,2026-09-29,559,N20,VIIRS,n,2.0NRT,,8.88,D,VIIRS_NOAA20_NRT,334.81,297.05,YES,,LOW
-3.74562,105.46855,,0.32,0.55,2026-09-29,559,N20,VIIRS,n,2.0NRT,,4.31,D,VIIRS_NOAA20_NRT,336.37,300.07,YES,,LOW
-3.74557,105.5397,,0.63,0.54,2026-09-29,559,N20,VIIRS,n,2.0NRT,,14.66,D,VIIRS_NOAA20_NRT,354.05,304.36,YES,,HIGH
-3.7448,105.47427,,0.32,0.55,2026-09-29,559,N20,VIIRS,n,2.0NRT,,3.75,D,VIIRS_NOAA20_NRT,339.42,301.0,YES,,LOW
-3.74476,105.54534,,0.63,0.54,2026-09-29,559,N20,VIIRS,n,2.0NRT,,14.66,D,VIIRS_NOAA20_NRT,335.41,301.34,YES,,HIGH
-3.74439,105.47713,,0.32,0.55,2026-09-29,559,N20,VIIRS,n,2.0NRT,,3.75,D,VIIRS_NOAA20_NRT,342.93,297.82,YES,,LOW
-3.74226,105.45638,,0.32,0.55,2026-09-29,559,N20,VIIRS,n,2.0NRT,,4.08,D,VIIRS_NOAA20_NRT,334.93,300.63,YES,,LOW
-3.74185,105.45925,,0.32,0.55,2026-09-29,559,N20,VIIRS,n,2.0NRT,,4.08,D,VIIRS_NOAA20_NRT,336.66,301.14,YES,,LOW
-3.74144,105.46212,,0.32,0.55,2026-09-29,559,N20,VIIRS,n,2.0NRT,,4.05,D,VIIRS_NOAA20_NRT,339.25,299.42,YES,,LOW
-3.74062,105.46784,,0.32,0.55,2026-09-29,559,N20,VIIRS,n,2.0NRT,,4.31,D,VIIRS_NOAA20_NRT,333.79,299.78,YES,,LOW
-3.7406,105.53899,,0.63,0.54,2026-09-29,559,N20,VIIRS,n,2.0NRT,,14.66,D,VIIRS_NOAA20_NRT,352.43,301.99,YES,,HIGH
-3.74021,105.4707,,0.32,0.55,2026-09-29,559,N20,VIIRS,n,2.0NRT,,4.31,D,VIIRS_NOAA20_NRT,338.5,298.88,YES,,LOW
-3.7398,105.47356,,0.32,0.55,2026-09-29,559,N20,VIIRS,n,2.0NRT,,3.75,D,VIIRS_NOAA20_NRT,339.56,297.37,YES,,LOW
-3.73979,105.54462,,0.63,0.54,2026-09-29,559,N20,VIIRS,n,2.0NRT,,14.66,D,VIIRS_NOAA20_NRT,334.22,301.16,YES,,HIGH
-3.73725,105.45567,,0.32,0.55,2026-09-29,559,N20,VIIRS,n,2.0NRT,,3.21,D,VIIRS_NOAA20_NRT,332.83,300.3,YES,,LOW
-3.73685,105.45853,,0.32,0.55,2026-09-29,559,N20,VIIRS,l,2.0NRT,,3.21,D,VIIRS_NOAA20_NRT,330.17,300.64,YES,,LOW
-3.73653,105.56728,,0.63,0.54,2026-09-29,559,N20,VIIRS,n,2.0NRT,,9.97,D,VIIRS_NOAA20_NRT,339.23,297.19,YES,,LOW
-3.73644,105.4614,,0.32,0.55,2026-09-29,559,N20,VIIRS,n,2.0NRT,,5.89,D,VIIRS_NOAA20_NRT,334.74,301.36,YES,,LOW
-3.73603,105.46426,,0.32,0.55,2026-09-29,559,N20,VIIRS,n,2.0NRT,,5.89,D,VIIRS_NOAA20_NRT,345.18,301.87,YES,,LOW
-3.73572,105.57295,,0.63,0.54,2026-09-29,559,N20,VIIRS,n,2.0NRT,,9.09,D,VIIRS_NOAA20_NRT,335.83,297.84,YES,,LOW
-3.73562,105.46712,,0.32,0.55,2026-09-29,559,N20,VIIRS,n,2.0NRT,,12.54,D,VIIRS_NOAA20_NRT,354.13,309.19,YES,,HIGH
-3.73521,105.46998,,0.32,0.55,2026-09-29,559,N20,VIIRS,h,2.0NRT,,12.54,D,VIIRS_NOAA20_NRT,367.0,297.62,YES,,HIGH
-3.734,105.54958,,0.63,0.54,2026-09-29,559,N20,VIIRS,n,2.0NRT,,8.89,D,VIIRS_NOAA20_NRT,333.74,299.91,YES,,LOW
-3.73307,105.44921,,0.32,0.55,2026-09-29,559,N20,VIIRS,n,2.0NRT,,4.95,D,VIIRS_NOAA20_NRT,333.08,297.25,YES,,LOW
-3.73296,105.44812,,0.32,0.55,2026-09-29,559,N20,VIIRS,n,2.0NRT,,5.35,D,VIIRS_NOAA20_NRT,332.55,296.75,YES,,LOW
-3.73266,105.45207,,0.32,0.55,2026-09-29,559,N20,VIIRS,n,2.0NRT,,4.95,D,VIIRS_NOAA20_NRT,338.89,298.18,YES,,LOW
-3.73253,105.45099,,0.32,0.55,2026-09-29,559,N20,VIIRS,n,2.0NRT,,5.35,D,VIIRS_NOAA20_NRT,338.35,297.92,YES,,LOW
-3.73225,105.45495,,0.32,0.55,2026-09-29,559,N20,VIIRS,n,2.0NRT,,3.21,D,VIIRS_NOAA20_NRT,342.7,299.68,YES,,LOW
-3.7321,105.45387,,0.32,0.55,2026-09-29,559,N20,VIIRS,n,2.0NRT,,4.24,D,VIIRS_NOAA20_NRT,341.15,298.88,YES,,LOW
-3.73184,105.45782,,0.32,0.55,2026-09-29,559,N20,VIIRS,n,2.0NRT,,3.21,D,VIIRS_NOAA20_NRT,333.05,295.78,YES,,LOW
-3.73167,105.45672,,0.32,0.55,2026-09-29,559,N20,VIIRS,n,2.0NRT,,4.24,D,VIIRS_NOAA20_NRT,332.86,293.83,YES,,LOW
-3.73144,105.46069,,0.32,0.55,2026-09-29,559,N20,VIIRS,n,2.0NRT,,5.89,D,VIIRS_NOAA20_NRT,332.68,295.11,YES,,LOW
-3.73103,105.46355,,0.32,0.55,2026-09-29,559,N20,VIIRS,h,2.0NRT,,5.89,D,VIIRS_NOAA20_NRT,367.0,301.53,YES,,LOW
-3.73081,105.46244,,0.32,0.55,2026-09-29,559,N20,VIIRS,n,2.0NRT,,4.4,D,VIIRS_NOAA20_NRT,344.05,296.78,YES,,LOW
-3.73062,105.46641,,0.32,0.55,2026-09-29,559,N20,VIIRS,h,2.0NRT,,12.54,D,VIIRS_NOAA20_NRT,367.0,298.03,YES,,HIGH
-3.73038,105.4653,,0.32,0.55,2026-09-29,559,N20,VIIRS,h,2.0NRT,,13.68,D,VIIRS_NOAA20_NRT,367.0,300.6,YES,,HIGH
-3.72847,105.44563,,0.32,0.55,2026-09-29,559,N20,VIIRS,n,2.0NRT,,13.11,D,VIIRS_NOAA20_NRT,353.97,300.79,YES,,HIGH
-3.72838,105.44455,,0.32,0.55,2026-09-29,559,N20,VIIRS,n,2.0NRT,,10.18,D,VIIRS_NOAA20_NRT,352.45,300.91,YES,,HIGH
-3.72806,105.44849,,0.32,0.55,2026-09-29,559,N20,VIIRS,n,2.0NRT,,5.95,D,VIIRS_NOAA20_NRT,353.68,301.08,YES,,LOW
-3.72795,105.44743,,0.32,0.55,2026-09-29,559,N20,VIIRS,n,2.0NRT,,5.35,D,VIIRS_NOAA20_NRT,352.22,300.7,YES,,LOW
-3.72765,105.45136,,0.32,0.55,2026-09-29,559,N20,VIIRS,n,2.0NRT,,5.95,D,VIIRS_NOAA20_NRT,352.07,300.92,YES,,LOW
-3.72752,105.45029,,0.32,0.55,2026-09-29,559,N20,VIIRS,n,2.0NRT,,5.35,D,VIIRS_NOAA20_NRT,353.89,301.0,YES,,LOW
-3.72725,105.45423,,0.32,0.55,2026-09-29,559,N20,VIIRS,n,2.0NRT,,6.22,D,VIIRS_NOAA20_NRT,347.75,297.39,YES,,LOW
-3.72709,105.45315,,0.32,0.55,2026-09-29,559,N20,VIIRS,n,2.0NRT,,4.24,D,VIIRS_NOAA20_NRT,350.13,299.25,YES,,LOW
-3.72666,105.45601,,0.32,0.55,2026-09-29,559,N20,VIIRS,n,2.0NRT,,4.24,D,VIIRS_NOAA20_NRT,336.16,293.26,YES,,LOW
-3.72648,105.53117,,0.63,0.54,2026-09-29,559,N20,VIIRS,n,2.0NRT,,17.2,D,VIIRS_NOAA20_NRT,342.98,295.52,YES,,HIGH
-3.72643,105.45996,,0.32,0.55,2026-09-29,559,N20,VIIRS,n,2.0NRT,,3.12,D,VIIRS_NOAA20_NRT,330.59,293.81,YES,,LOW
-3.72624,105.45887,,0.32,0.55,2026-09-29,559,N20,VIIRS,n,2.0NRT,,4.4,D,VIIRS_NOAA20_NRT,335.63,295.94,YES,,LOW
-3.72581,105.46172,,0.32,0.55,2026-09-29,559,N20,VIIRS,n,2.0NRT,,4.4,D,VIIRS_NOAA20_NRT,330.08,291.91,YES,,LOW
-3.72576,105.52989,,0.63,0.54,2026-09-29,559,N20,VIIRS,n,2.0NRT,,10.67,D,VIIRS_NOAA20_NRT,344.48,296.62,YES,,HIGH
-3.72306,105.44777,,0.32,0.55,2026-09-29,559,N20,VIIRS,n,2.0NRT,,5.95,D,VIIRS_NOAA20_NRT,339.59,300.1,YES,,LOW
-3.72265,105.45064,,0.32,0.55,2026-09-29,559,N20,VIIRS,n,2.0NRT,,5.95,D,VIIRS_NOAA20_NRT,344.87,300.52,YES,,LOW
-3.72252,105.44958,,0.32,0.55,2026-09-29,559,N20,VIIRS,n,2.0NRT,,9.08,D,VIIRS_NOAA20_NRT,346.76,300.71,YES,,LOW
-3.72224,105.45351,,0.32,0.55,2026-09-29,559,N20,VIIRS,n,2.0NRT,,6.22,D,VIIRS_NOAA20_NRT,331.95,299.17,YES,,LOW
-3.72209,105.45244,,0.32,0.55,2026-09-29,559,N20,VIIRS,n,2.0NRT,,6.11,D,VIIRS_NOAA20_NRT,334.07,299.77,YES,,LOW
-3.71294,105.44528,,0.32,0.55,2026-09-29,559,N20,VIIRS,n,2.0NRT,,3.55,D,VIIRS_NOAA20_NRT,333.07,299.19,YES,,LOW
-3.70766,105.73306,,0.61,0.54,2026-09-29,559,N20,VIIRS,n,2.0NRT,,174.23,D,VIIRS_NOAA20_NRT,339.42,296.58,YES,,HIGH
-3.70688,105.73851,,0.61,0.54,2026-09-29,559,N20,VIIRS,n,2.0NRT,,70.11,D,VIIRS_NOAA20_NRT,352.73,303.04,YES,,HIGH
-3.7061,105.74397,,0.61,0.54,2026-09-29,559,N20,VIIRS,n,2.0NRT,,70.11,D,VIIRS_NOAA20_NRT,355.78,300.21,YES,,HIGH
-3.70531,105.74944,,0.61,0.54,2026-09-29,559,N20,VIIRS,n,2.0NRT,,7.58,D,VIIRS_NOAA20_NRT,339.88,295.66,YES,,LOW
-3.70377,105.43816,,0.32,0.55,2026-09-29,559,N20,VIIRS,n,2.0NRT,,2.89,D,VIIRS_NOAA20_NRT,335.91,294.39,YES,,LOW
-3.70198,105.73779,,0.61,0.54,2026-09-29,559,N20,VIIRS,n,2.0NRT,,70.11,D,VIIRS_NOAA20_NRT,349.46,300.22,YES,,HIGH
-3.70053,105.73063,,0.61,0.54,2026-09-29,559,N20,VIIRS,n,2.0NRT,,15.03,D,VIIRS_NOAA20_NRT,342.11,297.62,YES,,HIGH
-3.6997,105.7361,,0.61,0.54,2026-09-29,559,N20,VIIRS,n,2.0NRT,,15.03,D,VIIRS_NOAA20_NRT,343.73,296.52,YES,,HIGH
-3.66869,105.77614,,0.61,0.53,2026-09-29,559,N20,VIIRS,n,2.0NRT,,10.7,D,VIIRS_NOAA20_NRT,340.08,296.16,YES,,HIGH
-3.66639,105.77717,,0.61,0.53,2026-09-29,559,N20,VIIRS,n,2.0NRT,,16.7,D,VIIRS_NOAA20_NRT,350.76,296.99,YES,,HIGH
-3.66193,105.58418,,0.63,0.54,2026-09-29,559,N20,VIIRS,n,2.0NRT,,5.99,D,VIIRS_NOAA20_NRT,335.49,295.6,YES,,LOW
-3.64951,105.56525,,0.63,0.54,2026-09-29,559,N20,VIIRS,n,2.0NRT,,5.02,D,VIIRS_NOAA20_NRT,330.44,294.57,YES,,LOW
-3.64211,105.47609,,0.32,0.54,2026-09-29,559,N20,VIIRS,n,2.0NRT,,5.84,D,VIIRS_NOAA20_NRT,354.25,292.91,YES,,LOW
-3.61362,105.28739,,0.33,0.55,2026-09-29,559,N20,VIIRS,n,2.0NRT,,2.68,D,VIIRS_NOAA20_NRT,334.39,297.23,YES,,LOW
-3.59581,105.61234,,0.62,0.54,2026-09-29,559,N20,VIIRS,n,2.0NRT,,4.38,D,VIIRS_NOAA20_NRT,340.23,294.17,YES,,LOW
-3.59204,105.61372,,0.62,0.54,2026-09-29,559,N20,VIIRS,n,2.0NRT,,8.11,D,VIIRS_NOAA20_NRT,344.85,294.9,YES,,LOW
-3.56212,105.66946,,0.62,0.54,2026-09-29,559,N20,VIIRS,n,2.0NRT,,5.37,D,VIIRS_NOAA20_NRT,331.17,297.65,YES,,LOW
-3.51492,105.22733,,0.33,0.55,2026-09-29,559,N20,VIIRS,n,2.0NRT,,3.31,D,VIIRS_NOAA20_NRT,332.38,296.9,YES,,LOW
-3.51341,104.69391,,0.36,0.57,2026-09-29,559,N20,VIIRS,n,2.0NRT,,1.64,D,VIIRS_NOAA20_NRT,331.51,294.65,YES,,LOW
-3.50986,105.22661,,0.33,0.55,2026-09-29,559,N20,VIIRS,h,2.0NRT,,13.64,D,VIIRS_NOAA20_NRT,367.0,300.16,YES,,HIGH
-3.50942,105.22954,,0.33,0.55,2026-09-29,559,N20,VIIRS,n,2.0NRT,,5.86,D,VIIRS_NOAA20_NRT,340.0,297.28,YES,,LOW
-3.50899,105.23248,,0.33,0.55,2026-09-29,559,N20,VIIRS,n,2.0NRT,,5.86,D,VIIRS_NOAA20_NRT,335.8,296.07,YES,,LOW
-3.50479,105.22589,,0.33,0.55,2026-09-29,559,N20,VIIRS,h,2.0NRT,,13.64,D,VIIRS_NOAA20_NRT,367.0,299.17,YES,,HIGH
-3.50436,105.22883,,0.33,0.55,2026-09-29,559,N20,VIIRS,n,2.0NRT,,5.86,D,VIIRS_NOAA20_NRT,331.16,297.52,YES,,LOW
-3.50155,105.672,,0.61,0.54,2026-09-29,559,N20,VIIRS,n,2.0NRT,,4.81,D,VIIRS_NOAA20_NRT,330.86,296.3,YES,,LOW
-3.4818,105.31218,,0.33,0.55,2026-09-29,559,N20,VIIRS,h,2.0NRT,,12.76,D,VIIRS_NOAA20_NRT,367.0,294.42,YES,,HIGH
-3.48138,105.31509,,0.33,0.55,2026-09-29,559,N20,VIIRS,n,2.0NRT,,16.12,D,VIIRS_NOAA20_NRT,335.35,291.08,YES,,HIGH
-3.48095,105.318,,0.32,0.55,2026-09-29,559,N20,VIIRS,n,2.0NRT,,16.12,D,VIIRS_NOAA20_NRT,351.61,291.4,YES,,HIGH
-3.48075,105.21341,,0.33,0.55,2026-09-29,559,N20,VIIRS,n,2.0NRT,,4.26,D,VIIRS_NOAA20_NRT,335.38,294.97,YES,,LOW
-3.48052,105.3209,,0.32,0.55,2026-09-29,559,N20,VIIRS,n,2.0NRT,,15.91,D,VIIRS_NOAA20_NRT,349.89,288.2,YES,,HIGH
-3.47697,105.20384,,0.33,0.55,2026-09-29,559,N20,VIIRS,n,2.0NRT,,4.6,D,VIIRS_NOAA20_NRT,331.03,296.35,YES,,LOW
-3.47677,105.31145,,0.33,0.55,2026-09-29,559,N20,VIIRS,h,2.0NRT,,9.56,D,VIIRS_NOAA20_NRT,367.0,294.64,YES,,LOW
-3.47569,104.91049,,0.35,0.56,2026-09-29,559,N20,VIIRS,h,2.0NRT,,8.93,D,VIIRS_NOAA20_NRT,367.0,294.27,YES,,LOW
-3.47532,105.17946,,0.33,0.55,2026-09-29,559,N20,VIIRS,n,2.0NRT,,4.96,D,VIIRS_NOAA20_NRT,347.76,295.55,YES,,LOW
-3.47523,104.91358,,0.35,0.56,2026-09-29,559,N20,VIIRS,h,2.0NRT,,6.65,D,VIIRS_NOAA20_NRT,367.0,294.84,YES,,LOW
-3.47489,105.18242,,0.33,0.55,2026-09-29,559,N20,VIIRS,n,2.0NRT,,20.92,D,VIIRS_NOAA20_NRT,353.66,296.32,YES,,HIGH
-3.47477,104.91669,,0.35,0.56,2026-09-29,559,N20,VIIRS,n,2.0NRT,,6.65,D,VIIRS_NOAA20_NRT,332.83,290.95,YES,,LOW
-3.47446,105.18537,,0.33,0.55,2026-09-29,559,N20,VIIRS,n,2.0NRT,,20.92,D,VIIRS_NOAA20_NRT,355.83,300.6,YES,,HIGH
-3.47403,105.18833,,0.33,0.55,2026-09-29,559,N20,VIIRS,n,2.0NRT,,15.26,D,VIIRS_NOAA20_NRT,342.6,292.07,YES,,HIGH
-3.47067,105.17575,,0.33,0.55,2026-09-29,559,N20,VIIRS,n,2.0NRT,,4.96,D,VIIRS_NOAA20_NRT,331.17,294.44,YES,,LOW
-3.47052,104.90973,,0.35,0.56,2026-09-29,559,N20,VIIRS,n,2.0NRT,,7.4,D,VIIRS_NOAA20_NRT,344.1,294.06,YES,,LOW
-3.47006,104.91283,,0.35,0.56,2026-09-29,559,N20,VIIRS,n,2.0NRT,,15.81,D,VIIRS_NOAA20_NRT,354.52,296.76,YES,,HIGH
-3.4696,104.91593,,0.35,0.56,2026-09-29,559,N20,VIIRS,n,2.0NRT,,15.81,D,VIIRS_NOAA20_NRT,355.61,302.35,YES,,HIGH
-3.46914,104.91904,,0.35,0.56,2026-09-29,559,N20,VIIRS,n,2.0NRT,,11.86,D,VIIRS_NOAA20_NRT,355.59,300.07,YES,,HIGH
-3.46868,104.92212,,0.35,0.56,2026-09-29,559,N20,VIIRS,h,2.0NRT,,11.86,D,VIIRS_NOAA20_NRT,367.0,295.22,YES,,HIGH
-3.4673,105.16315,,0.33,0.56,2026-09-29,559,N20,VIIRS,n,2.0NRT,,5.39,D,VIIRS_NOAA20_NRT,354.2,296.65,YES,,LOW
-3.46687,105.16612,,0.33,0.56,2026-09-29,559,N20,VIIRS,n,2.0NRT,,5.39,D,VIIRS_NOAA20_NRT,343.05,294.28,YES,,LOW
-3.46443,104.91519,,0.35,0.56,2026-09-29,559,N20,VIIRS,n,2.0NRT,,15.81,D,VIIRS_NOAA20_NRT,337.84,293.56,YES,,HIGH
-3.46397,104.91828,,0.35,0.56,2026-09-29,559,N20,VIIRS,n,2.0NRT,,11.86,D,VIIRS_NOAA20_NRT,341.44,292.41,YES,,HIGH
-3.46264,105.15942,,0.33,0.56,2026-09-29,559,N20,VIIRS,n,2.0NRT,,9.11,D,VIIRS_NOAA20_NRT,346.05,295.09,YES,,LOW
-3.46221,105.16239,,0.33,0.56,2026-09-29,559,N20,VIIRS,n,2.0NRT,,5.39,D,VIIRS_NOAA20_NRT,347.08,294.54,YES,,LOW
-3.45205,105.44566,,0.32,0.54,2026-09-29,559,N20,VIIRS,n,2.0NRT,,6.13,D,VIIRS_NOAA20_NRT,330.96,296.92,YES,,LOW
-3.44798,105.19958,,0.33,0.55,2026-09-29,559,N20,VIIRS,n,2.0NRT,,8.8,D,VIIRS_NOAA20_NRT,353.61,295.63,YES,,LOW
-3.44655,105.19942,,0.33,0.55,2026-09-29,559,N20,VIIRS,h,2.0NRT,,10.22,D,VIIRS_NOAA20_NRT,367.0,295.99,YES,,HIGH
-3.44291,105.19886,,0.33,0.55,2026-09-29,559,N20,VIIRS,h,2.0NRT,,8.8,D,VIIRS_NOAA20_NRT,367.0,297.32,YES,,LOW
-3.44148,105.1987,,0.33,0.55,2026-09-29,559,N20,VIIRS,h,2.0NRT,,11.75,D,VIIRS_NOAA20_NRT,367.0,296.93,YES,,HIGH
-3.43696,105.20403,,0.33,0.55,2026-09-29,559,N20,VIIRS,n,2.0NRT,,3.24,D,VIIRS_NOAA20_NRT,339.78,294.8,YES,,LOW
-3.43557,105.20386,,0.33,0.55,2026-09-29,559,N20,VIIRS,n,2.0NRT,,8.92,D,VIIRS_NOAA20_NRT,343.49,295.26,YES,,LOW
-3.43189,105.2033,,0.33,0.55,2026-09-29,559,N20,VIIRS,n,2.0NRT,,3.24,D,VIIRS_NOAA20_NRT,332.19,294.98,YES,,LOW
-3.43145,105.20625,,0.33,0.55,2026-09-29,559,N20,VIIRS,n,2.0NRT,,3.24,D,VIIRS_NOAA20_NRT,353.39,294.59,YES,,LOW
-3.43123,104.85328,,0.35,0.57,2026-09-29,559,N20,VIIRS,n,2.0NRT,,2.22,D,VIIRS_NOAA20_NRT,342.24,291.56,YES,,LOW
-3.42659,105.16939,,0.33,0.55,2026-09-29,559,N20,VIIRS,l,2.0NRT,,10.95,D,VIIRS_NOAA20_NRT,356.18,291.27,YES,,HIGH
-3.42638,105.20552,,0.33,0.55,2026-09-29,559,N20,VIIRS,n,2.0NRT,,3.0,D,VIIRS_NOAA20_NRT,332.68,293.72,YES,,LOW
-3.42196,105.1657,,0.33,0.55,2026-09-29,559,N20,VIIRS,n,2.0NRT,,12.8,D,VIIRS_NOAA20_NRT,354.08,291.71,YES,,HIGH
-3.42152,105.16866,,0.33,0.55,2026-09-29,559,N20,VIIRS,h,2.0NRT,,12.8,D,VIIRS_NOAA20_NRT,367.0,295.14,YES,,HIGH
-3.41776,105.15903,,0.33,0.55,2026-09-29,559,N20,VIIRS,n,2.0NRT,,8.85,D,VIIRS_NOAA20_NRT,333.93,293.66,YES,,LOW
-3.41732,105.16199,,0.33,0.55,2026-09-29,559,N20,VIIRS,h,2.0NRT,,8.85,D,VIIRS_NOAA20_NRT,367.0,293.72,YES,,LOW
-3.41688,105.16496,,0.33,0.55,2026-09-29,559,N20,VIIRS,n,2.0NRT,,12.8,D,VIIRS_NOAA20_NRT,343.72,291.47,YES,,HIGH
-3.41224,105.16127,,0.33,0.55,2026-09-29,559,N20,VIIRS,n,2.0NRT,,10.68,D,VIIRS_NOAA20_NRT,356.31,295.56,YES,,HIGH
-3.4118,105.16423,,0.33,0.55,2026-09-29,559,N20,VIIRS,h,2.0NRT,,16.76,D,VIIRS_NOAA20_NRT,367.0,296.14,YES,,HIGH
-3.40195,105.40318,,0.32,0.55,2026-09-29,559,N20,VIIRS,n,2.0NRT,,7.26,D,VIIRS_NOAA20_NRT,353.84,293.9,YES,,LOW
-3.40152,105.40604,,0.32,0.55,2026-09-29,559,N20,VIIRS,n,2.0NRT,,6.15,D,VIIRS_NOAA20_NRT,347.59,294.61,YES,,LOW
-3.4011,105.40888,,0.32,0.55,2026-09-29,559,N20,VIIRS,h,2.0NRT,,6.15,D,VIIRS_NOAA20_NRT,367.0,296.33,YES,,LOW
-3.40067,105.41173,,0.32,0.54,2026-09-29,559,N20,VIIRS,n,2.0NRT,,4.71,D,VIIRS_NOAA20_NRT,349.2,298.17,YES,,LOW
-3.40025,105.41456,,0.32,0.54,2026-09-29,559,N20,VIIRS,n,2.0NRT,,4.71,D,VIIRS_NOAA20_NRT,343.41,297.64,YES,,LOW
-3.39982,105.4174,,0.32,0.54,2026-09-29,559,N20,VIIRS,n,2.0NRT,,2.83,D,VIIRS_NOAA20_NRT,339.0,296.81,YES,,LOW
-3.39093,105.55308,,0.62,0.54,2026-09-29,559,N20,VIIRS,n,2.0NRT,,19.18,D,VIIRS_NOAA20_NRT,349.27,298.69,YES,,HIGH
-3.39009,105.54965,,0.62,0.54,2026-09-29,559,N20,VIIRS,n,2.0NRT,,28.24,D,VIIRS_NOAA20_NRT,345.16,301.67,YES,,HIGH
-3.38925,105.55521,,0.62,0.54,2026-09-29,559,N20,VIIRS,n,2.0NRT,,28.24,D,VIIRS_NOAA20_NRT,340.99,296.7,YES,,HIGH
-3.38678,105.54678,,0.63,0.54,2026-09-29,559,N20,VIIRS,n,2.0NRT,,19.18,D,VIIRS_NOAA20_NRT,341.23,295.52,YES,,HIGH
-3.38598,105.55236,,0.62,0.54,2026-09-29,559,N20,VIIRS,n,2.0NRT,,19.18,D,VIIRS_NOAA20_NRT,350.79,297.63,YES,,HIGH
-3.38515,105.54894,,0.62,0.54,2026-09-29,559,N20,VIIRS,n,2.0NRT,,3.62,D,VIIRS_NOAA20_NRT,333.5,295.17,YES,,LOW
-3.38147,105.26488,,0.33,0.55,2026-09-29,559,N20,VIIRS,n,2.0NRT,,2.34,D,VIIRS_NOAA20_NRT,330.22,295.47,YES,,LOW
-3.38104,105.26778,,0.33,0.55,2026-09-29,559,N20,VIIRS,n,2.0NRT,,3.22,D,VIIRS_NOAA20_NRT,331.73,295.98,YES,,LOW
-3.37712,105.43299,,0.64,0.54,2026-09-29,559,N20,VIIRS,n,2.0NRT,,6.36,D,VIIRS_NOAA20_NRT,330.23,296.36,YES,,LOW
-3.37643,105.26414,,0.33,0.55,2026-09-29,559,N20,VIIRS,n,2.0NRT,,4.46,D,VIIRS_NOAA20_NRT,333.63,297.07,YES,,LOW
-3.37198,105.53567,,0.63,0.54,2026-09-29,559,N20,VIIRS,n,2.0NRT,,46.19,D,VIIRS_NOAA20_NRT,351.17,303.5,YES,,HIGH
-3.37181,105.26051,,0.33,0.55,2026-09-29,559,N20,VIIRS,n,2.0NRT,,4.46,D,VIIRS_NOAA20_NRT,332.4,296.02,YES,,LOW
-3.37115,105.54123,,0.62,0.54,2026-09-29,559,N20,VIIRS,n,2.0NRT,,46.19,D,VIIRS_NOAA20_NRT,353.04,296.69,YES,,HIGH
-3.33848,105.76003,,0.6,0.53,2026-09-29,559,N20,VIIRS,n,2.0NRT,,2.9,D,VIIRS_NOAA20_NRT,332.71,294.14,YES,,LOW
-3.3365,105.50198,,0.63,0.54,2026-09-29,559,N20,VIIRS,n,2.0NRT,,7.93,D,VIIRS_NOAA20_NRT,343.02,296.7,YES,,LOW
-3.32104,105.29171,,0.32,0.55,2026-09-29,559,N20,VIIRS,n,2.0NRT,,6.78,D,VIIRS_NOAA20_NRT,344.59,295.94,YES,,LOW
-3.321,105.29356,,0.32,0.55,2026-09-29,559,N20,VIIRS,h,2.0NRT,,5.7,D,VIIRS_NOAA20_NRT,367.0,294.21,YES,,LOW
-3.32063,105.2946,,0.32,0.55,2026-09-29,559,N20,VIIRS,n,2.0NRT,,5.97,D,VIIRS_NOAA20_NRT,340.01,293.72,YES,,LOW
-3.31905,105.44773,,0.63,0.54,2026-09-29,559,N20,VIIRS,n,2.0NRT,,12.25,D,VIIRS_NOAA20_NRT,333.2,293.91,YES,,HIGH
-3.31823,105.45338,,0.63,0.54,2026-09-29,559,N20,VIIRS,n,2.0NRT,,12.25,D,VIIRS_NOAA20_NRT,349.62,297.45,YES,,HIGH
-3.31741,105.45903,,0.63,0.54,2026-09-29,559,N20,VIIRS,n,2.0NRT,,15.09,D,VIIRS_NOAA20_NRT,354.25,298.84,YES,,HIGH
-3.3166,105.46468,,0.63,0.54,2026-09-29,559,N20,VIIRS,n,2.0NRT,,15.09,D,VIIRS_NOAA20_NRT,338.04,297.36,YES,,HIGH
-3.31587,105.50474,,0.63,0.54,2026-09-29,559,N20,VIIRS,n,2.0NRT,,9.9,D,VIIRS_NOAA20_NRT,336.6,296.07,YES,,LOW
-3.31554,105.29572,,0.32,0.55,2026-09-29,559,N20,VIIRS,n,2.0NRT,,8.67,D,VIIRS_NOAA20_NRT,350.51,295.31,YES,,LOW
-3.31519,105.29677,,0.32,0.55,2026-09-29,559,N20,VIIRS,n,2.0NRT,,5.97,D,VIIRS_NOAA20_NRT,354.99,295.35,YES,,LOW
-3.31511,105.2986,,0.32,0.55,2026-09-29,559,N20,VIIRS,n,2.0NRT,,6.06,D,VIIRS_NOAA20_NRT,332.96,293.86,YES,,LOW
-3.31282,105.17613,,0.33,0.55,2026-09-29,559,N20,VIIRS,h,2.0NRT,,9.73,D,VIIRS_NOAA20_NRT,367.0,295.62,YES,,LOW
-3.31238,105.17908,,0.33,0.55,2026-09-29,559,N20,VIIRS,n,2.0NRT,,9.3,D,VIIRS_NOAA20_NRT,344.73,295.7,YES,,LOW
-3.31194,105.18202,,0.33,0.55,2026-09-29,559,N20,VIIRS,h,2.0NRT,,9.3,D,VIIRS_NOAA20_NRT,367.0,296.33,YES,,LOW
-3.31151,105.18495,,0.33,0.55,2026-09-29,559,N20,VIIRS,n,2.0NRT,,7.48,D,VIIRS_NOAA20_NRT,338.95,293.72,YES,,LOW
-3.30688,105.53194,,0.62,0.54,2026-09-29,559,N20,VIIRS,n,2.0NRT,,11.37,D,VIIRS_NOAA20_NRT,332.58,294.98,YES,,HIGH
-3.30307,105.51293,,0.63,0.54,2026-09-29,559,N20,VIIRS,n,2.0NRT,,9.84,D,VIIRS_NOAA20_NRT,333.29,294.95,YES,,LOW
-3.30274,105.52563,,0.63,0.54,2026-09-29,559,N20,VIIRS,n,2.0NRT,,11.37,D,VIIRS_NOAA20_NRT,346.56,296.41,YES,,HIGH
-3.30223,105.5185,,0.63,0.54,2026-09-29,559,N20,VIIRS,n,2.0NRT,,11.38,D,VIIRS_NOAA20_NRT,341.4,296.31,YES,,HIGH
-3.30193,105.53121,,0.62,0.54,2026-09-29,559,N20,VIIRS,n,2.0NRT,,11.37,D,VIIRS_NOAA20_NRT,351.99,297.11,YES,,HIGH
-3.30148,105.25229,,0.33,0.55,2026-09-29,559,N20,VIIRS,n,2.0NRT,,12.57,D,VIIRS_NOAA20_NRT,330.93,294.75,YES,,HIGH
-3.30138,105.52407,,0.62,0.54,2026-09-29,559,N20,VIIRS,n,2.0NRT,,11.38,D,VIIRS_NOAA20_NRT,338.04,296.35,YES,,HIGH
-3.30113,105.53678,,0.62,0.54,2026-09-29,559,N20,VIIRS,n,2.0NRT,,15.32,D,VIIRS_NOAA20_NRT,355.38,296.7,YES,,HIGH
-3.30105,105.2552,,0.33,0.55,2026-09-29,559,N20,VIIRS,h,2.0NRT,,10.52,D,VIIRS_NOAA20_NRT,367.0,296.65,YES,,HIGH
-3.30053,105.52965,,0.62,0.54,2026-09-29,559,N20,VIIRS,n,2.0NRT,,8.03,D,VIIRS_NOAA20_NRT,331.52,296.6,YES,,LOW
-3.29969,105.53522,,0.62,0.54,2026-09-29,559,N20,VIIRS,n,2.0NRT,,8.03,D,VIIRS_NOAA20_NRT,339.05,297.27,YES,,LOW
-3.2994,105.51375,,0.63,0.54,2026-09-29,559,N20,VIIRS,n,2.0NRT,,10.86,D,VIIRS_NOAA20_NRT,338.56,297.07,YES,,HIGH
-3.2986,105.51932,,0.63,0.54,2026-09-29,559,N20,VIIRS,n,2.0NRT,,10.86,D,VIIRS_NOAA20_NRT,330.56,296.32,YES,,HIGH
-3.2984,105.09824,,0.33,0.56,2026-09-29,559,N20,VIIRS,h,2.0NRT,,8.38,D,VIIRS_NOAA20_NRT,367.0,297.36,YES,,LOW
-3.29812,105.51222,,0.63,0.54,2026-09-29,559,N20,VIIRS,n,2.0NRT,,9.84,D,VIIRS_NOAA20_NRT,343.24,296.32,YES,,LOW
-3.29796,105.10123,,0.33,0.56,2026-09-29,559,N20,VIIRS,n,2.0NRT,,8.38,D,VIIRS_NOAA20_NRT,337.08,295.8,YES,,LOW
-3.29792,105.55902,,0.62,0.54,2026-09-29,559,N20,VIIRS,n,2.0NRT,,5.62,D,VIIRS_NOAA20_NRT,340.83,292.46,YES,,LOW
-3.29731,105.24574,,0.33,0.55,2026-09-29,559,N20,VIIRS,n,2.0NRT,,23.49,D,VIIRS_NOAA20_NRT,352.18,298.74,YES,,HIGH
-3.29712,105.56456,,0.62,0.54,2026-09-29,559,N20,VIIRS,n,2.0NRT,,5.62,D,VIIRS_NOAA20_NRT,330.52,293.91,YES,,LOW
-3.29688,105.24865,,0.33,0.55,2026-09-29,559,N20,VIIRS,h,2.0NRT,,12.57,D,VIIRS_NOAA20_NRT,367.0,294.9,YES,,HIGH
-3.29631,105.55742,,0.62,0.54,2026-09-29,559,N20,VIIRS,n,2.0NRT,,7.61,D,VIIRS_NOAA20_NRT,340.94,293.83,YES,,LOW
-3.29547,105.56295,,0.62,0.54,2026-09-29,559,N20,VIIRS,n,2.0NRT,,8.31,D,VIIRS_NOAA20_NRT,335.98,294.37,YES,,LOW
-3.29533,105.11912,,0.33,0.56,2026-09-29,559,N20,VIIRS,n,2.0NRT,,4.47,D,VIIRS_NOAA20_NRT,351.05,294.07,YES,,LOW
-3.29525,105.50743,,0.63,0.54,2026-09-29,559,N20,VIIRS,n,2.0NRT,,9.17,D,VIIRS_NOAA20_NRT,336.81,294.69,YES,,LOW
-3.29445,105.51303,,0.63,0.54,2026-09-29,559,N20,VIIRS,n,2.0NRT,,10.86,D,VIIRS_NOAA20_NRT,351.49,296.22,YES,,HIGH
-3.29318,105.51151,,0.63,0.54,2026-09-29,559,N20,VIIRS,n,2.0NRT,,13.71,D,VIIRS_NOAA20_NRT,352.59,295.35,YES,,HIGH
-3.28754,105.27692,,0.32,0.55,2026-09-29,559,N20,VIIRS,n,2.0NRT,,5.26,D,VIIRS_NOAA20_NRT,345.45,297.22,YES,,LOW
-3.28711,105.27982,,0.32,0.55,2026-09-29,559,N20,VIIRS,n,2.0NRT,,5.26,D,VIIRS_NOAA20_NRT,354.98,293.96,YES,,LOW
-3.28477,105.56708,,0.62,0.54,2026-09-29,559,N20,VIIRS,n,2.0NRT,,13.32,D,VIIRS_NOAA20_NRT,350.1,297.26,YES,,HIGH
-3.28293,105.27332,,0.32,0.55,2026-09-29,559,N20,VIIRS,n,2.0NRT,,6.63,D,VIIRS_NOAA20_NRT,343.29,297.14,YES,,LOW
-3.28251,105.27621,,0.32,0.55,2026-09-29,559,N20,VIIRS,n,2.0NRT,,5.26,D,VIIRS_NOAA20_NRT,338.19,294.36,YES,,LOW
-3.28212,105.13844,,0.33,0.55,2026-09-29,559,N20,VIIRS,n,2.0NRT,,10.52,D,VIIRS_NOAA20_NRT,340.82,294.26,YES,,HIGH
-3.28208,105.27911,,0.32,0.55,2026-09-29,559,N20,VIIRS,n,2.0NRT,,5.26,D,VIIRS_NOAA20_NRT,336.31,293.1,YES,,LOW
-3.28169,105.1414,,0.33,0.55,2026-09-29,559,N20,VIIRS,h,2.0NRT,,10.52,D,VIIRS_NOAA20_NRT,367.0,296.09,YES,,HIGH
-3.28153,105.56796,,0.62,0.54,2026-09-29,559,N20,VIIRS,n,2.0NRT,,19.64,D,VIIRS_NOAA20_NRT,346.93,297.93,YES,,HIGH
-3.28126,105.14437,,0.33,0.55,2026-09-29,559,N20,VIIRS,h,2.0NRT,,19.82,D,VIIRS_NOAA20_NRT,367.0,299.02,YES,,HIGH
-3.27984,105.56637,,0.62,0.54,2026-09-29,559,N20,VIIRS,n,2.0NRT,,13.32,D,VIIRS_NOAA20_NRT,347.06,295.57,YES,,HIGH
-3.27723,104.95643,,0.34,0.56,2026-09-29,559,N20,VIIRS,n,2.0NRT,,5.86,D,VIIRS_NOAA20_NRT,335.84,294.49,YES,,LOW
-3.27679,104.9595,,0.34,0.56,2026-09-29,559,N20,VIIRS,n,2.0NRT,,7.31,D,VIIRS_NOAA20_NRT,354.44,295.38,YES,,LOW
-3.27635,104.96254,,0.34,0.56,2026-09-29,559,N20,VIIRS,h,2.0NRT,,7.31,D,VIIRS_NOAA20_NRT,367.0,294.65,YES,,LOW
-3.27296,104.94956,,0.34,0.56,2026-09-29,559,N20,VIIRS,n,2.0NRT,,4.55,D,VIIRS_NOAA20_NRT,343.16,290.56,YES,,LOW
-3.27252,104.95263,,0.34,0.56,2026-09-29,559,N20,VIIRS,n,2.0NRT,,8.76,D,VIIRS_NOAA20_NRT,342.84,292.73,YES,,LOW
-3.27165,104.95873,,0.34,0.56,2026-09-29,559,N20,VIIRS,h,2.0NRT,,23.49,D,VIIRS_NOAA20_NRT,367.0,295.54,YES,,HIGH
-3.27121,104.96178,,0.34,0.56,2026-09-29,559,N20,VIIRS,h,2.0NRT,,23.49,D,VIIRS_NOAA20_NRT,367.0,297.65,YES,,HIGH
-3.27077,104.96484,,0.34,0.56,2026-09-29,559,N20,VIIRS,h,2.0NRT,,15.56,D,VIIRS_NOAA20_NRT,367.0,297.6,YES,,HIGH
-3.27068,105.14584,,0.33,0.55,2026-09-29,559,N20,VIIRS,n,2.0NRT,,8.14,D,VIIRS_NOAA20_NRT,348.61,296.23,YES,,LOW
-3.27033,104.96789,,0.34,0.56,2026-09-29,559,N20,VIIRS,n,2.0NRT,,15.56,D,VIIRS_NOAA20_NRT,336.63,294.2,YES,,HIGH
-3.26989,104.97095,,0.34,0.56,2026-09-29,559,N20,VIIRS,h,2.0NRT,,7.07,D,VIIRS_NOAA20_NRT,367.0,295.85,YES,,LOW
-3.26946,104.97399,,0.34,0.56,2026-09-29,559,N20,VIIRS,n,2.0NRT,,7.07,D,VIIRS_NOAA20_NRT,350.02,291.67,YES,,LOW
-3.26921,104.96012,,0.34,0.56,2026-09-29,559,N20,VIIRS,n,2.0NRT,,21.58,D,VIIRS_NOAA20_NRT,341.52,301.8,YES,,HIGH
-3.26875,104.96317,,0.34,0.56,2026-09-29,559,N20,VIIRS,h,2.0NRT,,15.52,D,VIIRS_NOAA20_NRT,367.0,298.02,YES,,HIGH
-3.26829,104.9662,,0.34,0.56,2026-09-29,559,N20,VIIRS,h,2.0NRT,,15.52,D,VIIRS_NOAA20_NRT,367.0,296.06,YES,,HIGH
-3.26783,104.96925,,0.34,0.56,2026-09-29,559,N20,VIIRS,n,2.0NRT,,8.07,D,VIIRS_NOAA20_NRT,345.06,296.02,YES,,LOW
-3.26737,104.9723,,0.34,0.56,2026-09-29,559,N20,VIIRS,h,2.0NRT,,8.07,D,VIIRS_NOAA20_NRT,367.0,295.77,YES,,LOW
-3.26607,104.96104,,0.34,0.56,2026-09-29,559,N20,VIIRS,n,2.0NRT,,23.49,D,VIIRS_NOAA20_NRT,351.81,301.08,YES,,HIGH
-3.26563,104.96409,,0.34,0.56,2026-09-29,559,N20,VIIRS,h,2.0NRT,,15.56,D,VIIRS_NOAA20_NRT,367.0,297.14,YES,,HIGH
-3.26476,104.9702,,0.34,0.56,2026-09-29,559,N20,VIIRS,h,2.0NRT,,7.07,D,VIIRS_NOAA20_NRT,367.0,297.1,YES,,LOW
-3.26432,104.97324,,0.34,0.56,2026-09-29,559,N20,VIIRS,n,2.0NRT,,7.07,D,VIIRS_NOAA20_NRT,349.4,294.35,YES,,LOW
-3.26408,104.95938,,0.34,0.56,2026-09-29,559,N20,VIIRS,n,2.0NRT,,21.58,D,VIIRS_NOAA20_NRT,347.9,295.08,YES,,HIGH
-3.26362,104.96243,,0.34,0.56,2026-09-29,559,N20,VIIRS,n,2.0NRT,,15.52,D,VIIRS_NOAA20_NRT,339.98,294.96,YES,,HIGH
-3.25906,105.26096,,0.33,0.55,2026-09-29,559,N20,VIIRS,n,2.0NRT,,9.53,D,VIIRS_NOAA20_NRT,343.47,298.54,YES,,LOW
-3.25863,105.26385,,0.33,0.55,2026-09-29,559,N20,VIIRS,h,2.0NRT,,9.53,D,VIIRS_NOAA20_NRT,367.0,297.37,YES,,LOW
-3.25487,104.84504,,0.35,0.57,2026-09-29,559,N20,VIIRS,n,2.0NRT,,3.71,D,VIIRS_NOAA20_NRT,336.81,293.84,YES,,LOW
-3.25403,105.2602,,0.33,0.55,2026-09-29,559,N20,VIIRS,n,2.0NRT,,9.53,D,VIIRS_NOAA20_NRT,345.85,296.46,YES,,LOW
-3.25361,105.26309,,0.33,0.55,2026-09-29,559,N20,VIIRS,n,2.0NRT,,9.53,D,VIIRS_NOAA20_NRT,350.18,298.43,YES,,LOW
-3.25318,105.266,,0.33,0.55,2026-09-29,559,N20,VIIRS,h,2.0NRT,,26.26,D,VIIRS_NOAA20_NRT,367.0,296.96,YES,,HIGH
-3.25271,105.64656,,0.61,0.54,2026-09-29,559,N20,VIIRS,n,2.0NRT,,4.34,D,VIIRS_NOAA20_NRT,333.1,294.34,YES,,LOW
-3.25086,105.10352,,0.33,0.56,2026-09-29,559,N20,VIIRS,h,2.0NRT,,11.99,D,VIIRS_NOAA20_NRT,367.0,296.85,YES,,HIGH
-3.24737,105.10454,,0.33,0.56,2026-09-29,559,N20,VIIRS,h,2.0NRT,,11.15,D,VIIRS_NOAA20_NRT,367.0,295.49,YES,,HIGH
-3.24662,105.09683,,0.33,0.56,2026-09-29,559,N20,VIIRS,h,2.0NRT,,9.92,D,VIIRS_NOAA20_NRT,367.0,295.2,YES,,LOW
-3.24363,105.09489,,0.33,0.56,2026-09-29,559,N20,VIIRS,h,2.0NRT,,8.49,D,VIIRS_NOAA20_NRT,367.0,297.63,YES,,LOW
-3.24318,105.09785,,0.33,0.56,2026-09-29,559,N20,VIIRS,n,2.0NRT,,8.49,D,VIIRS_NOAA20_NRT,339.75,295.22,YES,,LOW
-3.24196,105.09311,,0.33,0.56,2026-09-29,559,N20,VIIRS,n,2.0NRT,,5.31,D,VIIRS_NOAA20_NRT,338.05,295.22,YES,,LOW
-3.24153,105.09609,,0.33,0.56,2026-09-29,559,N20,VIIRS,n,2.0NRT,,6.72,D,VIIRS_NOAA20_NRT,351.55,294.98,YES,,LOW
-3.24019,105.21363,,0.33,0.55,2026-09-29,559,N20,VIIRS,n,2.0NRT,,5.79,D,VIIRS_NOAA20_NRT,330.03,295.45,YES,,LOW
-3.23977,105.21653,,0.33,0.55,2026-09-29,559,N20,VIIRS,n,2.0NRT,,11.57,D,VIIRS_NOAA20_NRT,355.82,298.78,YES,,HIGH
-3.23935,105.21944,,0.33,0.55,2026-09-29,559,N20,VIIRS,h,2.0NRT,,11.57,D,VIIRS_NOAA20_NRT,367.0,299.6,YES,,HIGH
-3.23893,105.22235,,0.33,0.55,2026-09-29,559,N20,VIIRS,n,2.0NRT,,9.55,D,VIIRS_NOAA20_NRT,342.05,297.38,YES,,LOW
-3.23809,105.22817,,0.33,0.55,2026-09-29,559,N20,VIIRS,n,2.0NRT,,3.14,D,VIIRS_NOAA20_NRT,331.94,297.38,YES,,LOW
-3.23767,105.23112,,0.33,0.55,2026-09-29,559,N20,VIIRS,n,2.0NRT,,3.14,D,VIIRS_NOAA20_NRT,334.45,297.52,YES,,LOW
-3.23262,105.23043,,0.33,0.55,2026-09-29,559,N20,VIIRS,n,2.0NRT,,5.43,D,VIIRS_NOAA20_NRT,347.34,295.76,YES,,LOW
-3.2322,105.23338,,0.33,0.55,2026-09-29,559,N20,VIIRS,n,2.0NRT,,4.51,D,VIIRS_NOAA20_NRT,335.96,294.12,YES,,LOW
-3.22174,105.06736,,0.34,0.56,2026-09-29,559,N20,VIIRS,n,2.0NRT,,3.03,D,VIIRS_NOAA20_NRT,334.0,295.74,YES,,LOW
-3.20336,105.08607,,0.33,0.56,2026-09-29,559,N20,VIIRS,n,2.0NRT,,1.43,D,VIIRS_NOAA20_NRT,332.02,289.76,YES,,LOW
-3.15503,105.27392,,0.32,0.55,2026-09-29,559,N20,VIIRS,n,2.0NRT,,3.16,D,VIIRS_NOAA20_NRT,345.91,292.66,YES,,LOW
-3.14959,105.27604,,0.32,0.55,2026-09-29,559,N20,VIIRS,n,2.0NRT,,3.56,D,VIIRS_NOAA20_NRT,337.87,295.38,YES,,LOW
-3.14652,105.08395,,0.33,0.56,2026-09-29,559,N20,VIIRS,n,2.0NRT,,5.12,D,VIIRS_NOAA20_NRT,334.8,297.08,YES,,LOW
-3.14609,105.08689,,0.33,0.56,2026-09-29,559,N20,VIIRS,n,2.0NRT,,4.33,D,VIIRS_NOAA20_NRT,335.49,290.96,YES,,LOW
-3.14262,105.08553,,0.33,0.56,2026-09-29,559,N20,VIIRS,n,2.0NRT,,3.74,D,VIIRS_NOAA20_NRT,331.26,295.7,YES,,LOW
-3.14217,105.08849,,0.33,0.56,2026-09-29,559,N20,VIIRS,n,2.0NRT,,3.74,D,VIIRS_NOAA20_NRT,346.95,295.13,YES,,LOW
-3.14119,105.33346,,0.32,0.55,2026-09-29,559,N20,VIIRS,n,2.0NRT,,2.27,D,VIIRS_NOAA20_NRT,331.8,296.21,YES,,LOW
-3.14057,105.08916,,0.33,0.56,2026-09-29,559,N20,VIIRS,n,2.0NRT,,4.33,D,VIIRS_NOAA20_NRT,330.04,292.54,YES,,LOW
-3.12701,105.21937,,0.33,0.55,2026-09-29,559,N20,VIIRS,n,2.0NRT,,4.05,D,VIIRS_NOAA20_NRT,341.54,296.52,YES,,LOW
-3.12576,105.26363,,0.32,0.55,2026-09-29,559,N20,VIIRS,n,2.0NRT,,1.92,D,VIIRS_NOAA20_NRT,334.74,295.52,YES,,LOW
-3.12534,105.26652,,0.32,0.55,2026-09-29,559,N20,VIIRS,n,2.0NRT,,1.92,D,VIIRS_NOAA20_NRT,341.1,295.89,YES,,LOW
-3.12336,105.10997,,0.33,0.55,2026-09-29,559,N20,VIIRS,n,2.0NRT,,3.73,D,VIIRS_NOAA20_NRT,333.71,292.96,YES,,LOW
-3.12239,105.21572,,0.33,0.55,2026-09-29,559,N20,VIIRS,n,2.0NRT,,4.05,D,VIIRS_NOAA20_NRT,330.9,295.87,YES,,LOW
-3.1217,105.22347,,0.33,0.55,2026-09-29,559,N20,VIIRS,n,2.0NRT,,5.08,D,VIIRS_NOAA20_NRT,338.51,296.14,YES,,LOW
-3.12114,105.22444,,0.33,0.55,2026-09-29,559,N20,VIIRS,n,2.0NRT,,6.27,D,VIIRS_NOAA20_NRT,336.52,296.03,YES,,LOW
-3.12074,105.2629,,0.32,0.55,2026-09-29,559,N20,VIIRS,n,2.0NRT,,1.86,D,VIIRS_NOAA20_NRT,334.2,296.2,YES,,LOW
-3.12032,105.26579,,0.32,0.55,2026-09-29,559,N20,VIIRS,n,2.0NRT,,1.86,D,VIIRS_NOAA20_NRT,335.37,295.41,YES,,LOW
-3.11694,105.11816,,0.33,0.55,2026-09-29,559,N20,VIIRS,n,2.0NRT,,3.14,D,VIIRS_NOAA20_NRT,331.22,295.98,YES,,LOW
-3.11537,105.3355,,0.32,0.55,2026-09-29,559,N20,VIIRS,n,2.0NRT,,4.7,D,VIIRS_NOAA20_NRT,330.43,296.15,YES,,LOW
-3.11365,105.10553,,0.33,0.55,2026-09-29,559,N20,VIIRS,n,2.0NRT,,4.45,D,VIIRS_NOAA20_NRT,337.99,290.15,YES,,LOW
-3.11232,105.11444,,0.33,0.55,2026-09-29,559,N20,VIIRS,n,2.0NRT,,6.64,D,VIIRS_NOAA20_NRT,330.01,295.77,YES,,LOW
-3.11203,105.32333,,0.32,0.55,2026-09-29,559,N20,VIIRS,n,2.0NRT,,6.45,D,VIIRS_NOAA20_NRT,336.86,299.04,YES,,LOW
-3.11161,105.32619,,0.32,0.55,2026-09-29,559,N20,VIIRS,n,2.0NRT,,6.34,D,VIIRS_NOAA20_NRT,330.92,298.59,YES,,LOW
-3.1077,105.11072,,0.33,0.55,2026-09-29,559,N20,VIIRS,n,2.0NRT,,3.51,D,VIIRS_NOAA20_NRT,331.84,295.9,YES,,LOW
-3.10616,105.2242,,0.33,0.55,2026-09-29,559,N20,VIIRS,n,2.0NRT,,5.16,D,VIIRS_NOAA20_NRT,337.47,295.45,YES,,LOW
-3.10529,105.23,,0.33,0.55,2026-09-29,559,N20,VIIRS,n,2.0NRT,,2.83,D,VIIRS_NOAA20_NRT,346.41,294.94,YES,,LOW
-3.10527,105.09222,,0.33,0.55,2026-09-29,559,N20,VIIRS,n,2.0NRT,,3.11,D,VIIRS_NOAA20_NRT,337.51,291.69,YES,,LOW
-3.10485,105.2329,,0.32,0.55,2026-09-29,559,N20,VIIRS,n,2.0NRT,,2.83,D,VIIRS_NOAA20_NRT,332.8,295.18,YES,,LOW
-3.1035,105.10407,,0.33,0.55,2026-09-29,559,N20,VIIRS,n,2.0NRT,,4.25,D,VIIRS_NOAA20_NRT,335.43,295.43,YES,,LOW
-3.10069,105.22637,,0.33,0.55,2026-09-29,559,N20,VIIRS,n,2.0NRT,,7.78,D,VIIRS_NOAA20_NRT,335.37,297.01,YES,,LOW
-3.10063,105.08852,,0.33,0.55,2026-09-29,559,N20,VIIRS,n,2.0NRT,,4.57,D,VIIRS_NOAA20_NRT,343.26,294.15,YES,,LOW
-3.10026,105.22928,,0.33,0.55,2026-09-29,559,N20,VIIRS,h,2.0NRT,,8.27,D,VIIRS_NOAA20_NRT,367.0,299.12,YES,,LOW
-3.09982,105.23217,,0.32,0.55,2026-09-29,559,N20,VIIRS,n,2.0NRT,,8.27,D,VIIRS_NOAA20_NRT,338.96,295.69,YES,,LOW
-3.09975,105.09445,,0.33,0.55,2026-09-29,559,N20,VIIRS,n,2.0NRT,,4.17,D,VIIRS_NOAA20_NRT,331.75,293.67,YES,,LOW
-3.09799,105.10631,,0.33,0.55,2026-09-29,559,N20,VIIRS,n,2.0NRT,,5.84,D,VIIRS_NOAA20_NRT,339.38,295.74,YES,,LOW
-3.09755,105.10927,,0.33,0.55,2026-09-29,559,N20,VIIRS,n,2.0NRT,,6.05,D,VIIRS_NOAA20_NRT,332.05,296.08,YES,,LOW
-3.0974,105.21402,,0.33,0.55,2026-09-29,559,N20,VIIRS,n,2.0NRT,,7.82,D,VIIRS_NOAA20_NRT,333.46,297.72,NO,0.372,MONITORING
-3.09711,105.11223,,0.33,0.55,2026-09-29,559,N20,VIIRS,h,2.0NRT,,6.05,D,VIIRS_NOAA20_NRT,367.0,298.81,YES,,LOW
-3.09667,105.11517,,0.33,0.55,2026-09-29,559,N20,VIIRS,h,2.0NRT,,7.53,D,VIIRS_NOAA20_NRT,367.0,298.6,YES,,LOW
-3.09653,105.21983,,0.33,0.55,2026-09-29,559,N20,VIIRS,n,2.0NRT,,9.82,D,VIIRS_NOAA20_NRT,352.72,298.6,YES,,LOW
-3.09623,105.11813,,0.33,0.55,2026-09-29,559,N20,VIIRS,n,2.0NRT,,7.53,D,VIIRS_NOAA20_NRT,332.1,296.66,YES,,LOW
-3.0961,105.22273,,0.33,0.55,2026-09-29,559,N20,VIIRS,n,2.0NRT,,7.78,D,VIIRS_NOAA20_NRT,347.68,297.65,YES,,LOW
-3.09247,105.10853,,0.33,0.55,2026-09-29,559,N20,VIIRS,n,2.0NRT,,6.05,D,VIIRS_NOAA20_NRT,340.41,296.34,YES,,LOW
-3.0882,105.20674,,0.33,0.55,2026-09-29,559,N20,VIIRS,n,2.0NRT,,6.38,D,VIIRS_NOAA20_NRT,334.03,299.27,NO,1.124,MONITORING
-3.08443,105.02216,,0.34,0.56,2026-09-29,559,N20,VIIRS,n,2.0NRT,,3.0,D,VIIRS_NOAA20_NRT,332.47,294.97,NO,4.125,MONITORING
-3.08399,105.02515,,0.34,0.56,2026-09-29,559,N20,VIIRS,n,2.0NRT,,3.0,D,VIIRS_NOAA20_NRT,338.55,296.2,NO,3.976,MONITORING
-3.0823,105.21181,,0.33,0.55,2026-09-29,559,N20,VIIRS,n,2.0NRT,,6.08,D,VIIRS_NOAA20_NRT,335.13,297.63,NO,0.568,MONITORING
-3.07801,105.03041,,0.34,0.56,2026-09-29,559,N20,VIIRS,n,2.0NRT,,5.02,D,VIIRS_NOAA20_NRT,344.78,298.28,NO,4.243,MONITORING
-3.07726,105.21108,,0.33,0.55,2026-09-29,559,N20,VIIRS,h,2.0NRT,,6.08,D,VIIRS_NOAA20_NRT,367.0,297.4,NO,0.766,MONITORING
-3.07466,105.01768,,0.34,0.56,2026-09-29,559,N20,VIIRS,h,2.0NRT,,7.18,D,VIIRS_NOAA20_NRT,367.0,296.71,NO,5.302,MONITORING
-3.07189,105.0722,,0.33,0.56,2026-09-29,559,N20,VIIRS,n,2.0NRT,,7.29,D,VIIRS_NOAA20_NRT,336.55,297.6,NO,1.38,MONITORING
-3.07146,105.0752,,0.33,0.56,2026-09-29,559,N20,VIIRS,n,2.0NRT,,4.93,D,VIIRS_NOAA20_NRT,351.25,296.64,NO,1.045,MONITORING
-3.07131,105.00492,,0.34,0.56,2026-09-29,559,N20,VIIRS,n,2.0NRT,,3.68,D,VIIRS_NOAA20_NRT,337.44,298.5,NO,6.481,MONITORING
-3.07088,105.11445,,0.33,0.55,2026-09-29,559,N20,VIIRS,n,2.0NRT,,23.0,D,VIIRS_NOAA20_NRT,351.86,300.53,YES,,HIGH
-3.07045,105.11741,,0.33,0.55,2026-09-29,559,N20,VIIRS,n,2.0NRT,,14.51,D,VIIRS_NOAA20_NRT,348.41,295.59,YES,,HIGH
-3.06637,105.07443,,0.33,0.56,2026-09-29,559,N20,VIIRS,n,2.0NRT,,4.93,D,VIIRS_NOAA20_NRT,331.05,295.94,NO,1.12,MONITORING
-3.0662,105.00417,,0.34,0.56,2026-09-29,559,N20,VIIRS,n,2.0NRT,,3.68,D,VIIRS_NOAA20_NRT,334.43,295.95,NO,6.963,MONITORING
-3.06594,105.07742,,0.33,0.56,2026-09-29,559,N20,VIIRS,h,2.0NRT,,4.93,D,VIIRS_NOAA20_NRT,367.0,296.18,NO,0.786,MONITORING
-3.06577,105.00718,,0.34,0.56,2026-09-29,559,N20,VIIRS,n,2.0NRT,,6.09,D,VIIRS_NOAA20_NRT,341.01,295.82,NO,6.791,MONITORING
-3.05555,105.00569,,0.34,0.56,2026-09-29,559,N20,VIIRS,n,2.0NRT,,3.91,D,VIIRS_NOAA20_NRT,337.1,296.54,NO,7.815,MONITORING
-3.05512,105.0087,,0.34,0.56,2026-09-29,559,N20,VIIRS,n,2.0NRT,,3.91,D,VIIRS_NOAA20_NRT,352.69,296.08,NO,7.676,MONITORING
-3.05045,105.00494,,0.34,0.56,2026-09-29,559,N20,VIIRS,n,2.0NRT,,5.37,D,VIIRS_NOAA20_NRT,338.44,297.64,NO,8.338,MONITORING
-3.05001,105.00795,,0.34,0.56,2026-09-29,559,N20,VIIRS,n,2.0NRT,,5.37,D,VIIRS_NOAA20_NRT,342.17,296.75,NO,8.207,MONITORING
-3.04958,105.01096,,0.34,0.56,2026-09-29,559,N20,VIIRS,h,2.0NRT,,13.03,D,VIIRS_NOAA20_NRT,367.0,297.25,NO,8.058,MONITORING
-3.04734,105.00607,,0.34,0.56,2026-09-29,559,N20,VIIRS,h,2.0NRT,,8.0,D,VIIRS_NOAA20_NRT,367.0,297.93,NO,8.57,MONITORING
-3.0421,104.79652,,0.35,0.57,2026-09-29,559,N20,VIIRS,n,2.0NRT,,2.27,D,VIIRS_NOAA20_NRT,333.12,296.04,NO,3.388,MONITORING
-3.04132,105.01134,,0.34,0.56,2026-09-29,559,N20,VIIRS,n,2.0NRT,,19.81,D,VIIRS_NOAA20_NRT,352.42,299.01,NO,7.954,MONITORING
-3.04087,105.01433,,0.34,0.56,2026-09-29,559,N20,VIIRS,n,2.0NRT,,9.37,D,VIIRS_NOAA20_NRT,338.99,294.71,NO,7.62,MONITORING
-3.03996,105.02031,,0.34,0.56,2026-09-29,559,N20,VIIRS,n,2.0NRT,,6.07,D,VIIRS_NOAA20_NRT,343.19,295.44,NO,6.953,MONITORING
-3.03951,105.0233,,0.34,0.56,2026-09-29,559,N20,VIIRS,h,2.0NRT,,6.07,D,VIIRS_NOAA20_NRT,367.0,296.75,NO,6.619,MONITORING
-3.03937,105.00947,,0.34,0.56,2026-09-29,559,N20,VIIRS,n,2.0NRT,,11.83,D,VIIRS_NOAA20_NRT,335.73,297.12,NO,8.158,MONITORING
-3.03894,105.01247,,0.34,0.56,2026-09-29,559,N20,VIIRS,h,2.0NRT,,11.83,D,VIIRS_NOAA20_NRT,367.0,299.69,NO,7.823,MONITORING
-3.03851,105.01547,,0.34,0.56,2026-09-29,559,N20,VIIRS,n,2.0NRT,,9.35,D,VIIRS_NOAA20_NRT,337.8,296.39,NO,7.488,MONITORING
-3.03808,105.01847,,0.34,0.56,2026-09-29,559,N20,VIIRS,n,2.0NRT,,9.35,D,VIIRS_NOAA20_NRT,338.82,295.2,NO,7.153,MONITORING
-3.03765,105.02147,,0.34,0.56,2026-09-29,559,N20,VIIRS,n,2.0NRT,,13.19,D,VIIRS_NOAA20_NRT,355.93,300.16,NO,6.818,MONITORING
-3.03722,105.02447,,0.34,0.56,2026-09-29,559,N20,VIIRS,n,2.0NRT,,13.19,D,VIIRS_NOAA20_NRT,339.39,295.29,NO,6.483,MONITORING
-3.03636,105.03046,,0.34,0.56,2026-09-29,559,N20,VIIRS,n,2.0NRT,,10.29,D,VIIRS_NOAA20_NRT,356.56,298.17,NO,5.814,MONITORING
-3.03622,105.0106,,0.34,0.56,2026-09-29,559,N20,VIIRS,n,2.0NRT,,13.42,D,VIIRS_NOAA20_NRT,354.7,298.76,NO,8.024,MONITORING
-3.03577,105.01359,,0.34,0.56,2026-09-29,559,N20,VIIRS,h,2.0NRT,,11.02,D,VIIRS_NOAA20_NRT,367.0,301.26,NO,7.69,MONITORING
-3.03532,105.01659,,0.34,0.56,2026-09-29,559,N20,VIIRS,h,2.0NRT,,11.02,D,VIIRS_NOAA20_NRT,367.0,298.44,NO,7.356,MONITORING
-3.03487,105.01958,,0.34,0.56,2026-09-29,559,N20,VIIRS,n,2.0NRT,,8.73,D,VIIRS_NOAA20_NRT,355.35,296.44,NO,7.022,MONITORING
-3.03441,105.02256,,0.34,0.56,2026-09-29,559,N20,VIIRS,n,2.0NRT,,8.73,D,VIIRS_NOAA20_NRT,336.68,293.92,NO,6.689,MONITORING
-3.03384,105.01173,,0.34,0.56,2026-09-29,559,N20,VIIRS,h,2.0NRT,,11.83,D,VIIRS_NOAA20_NRT,367.0,298.85,NO,7.893,MONITORING
-3.03351,105.02853,,0.34,0.56,2026-09-29,559,N20,VIIRS,n,2.0NRT,,13.98,D,VIIRS_NOAA20_NRT,351.22,300.11,NO,6.022,MONITORING
-3.03341,105.01472,,0.34,0.56,2026-09-29,559,N20,VIIRS,h,2.0NRT,,9.35,D,VIIRS_NOAA20_NRT,367.0,298.82,NO,7.559,MONITORING
-3.03306,105.03152,,0.33,0.56,2026-09-29,559,N20,VIIRS,h,2.0NRT,,12.4,D,VIIRS_NOAA20_NRT,367.0,296.11,NO,5.688,MONITORING
-3.03298,105.01772,,0.34,0.56,2026-09-29,559,N20,VIIRS,n,2.0NRT,,9.35,D,VIIRS_NOAA20_NRT,346.19,295.61,NO,7.224,MONITORING
-3.03126,105.02971,,0.34,0.56,2026-09-29,559,N20,VIIRS,n,2.0NRT,,10.29,D,VIIRS_NOAA20_NRT,356.04,298.68,NO,5.886,MONITORING
-3.03022,105.01583,,0.34,0.56,2026-09-29,559,N20,VIIRS,n,2.0NRT,,11.02,D,VIIRS_NOAA20_NRT,344.01,296.66,NO,7.428,MONITORING
-3.02958,105.59955,,0.61,0.54,2026-09-29,559,N20,VIIRS,n,2.0NRT,,15.74,D,VIIRS_NOAA20_NRT,334.07,300.24,YES,,HIGH
-3.02866,105.08411,,0.33,0.55,2026-09-29,559,N20,VIIRS,n,2.0NRT,,4.82,D,VIIRS_NOAA20_NRT,332.63,296.24,YES,,LOW
-3.0263,105.58794,,0.61,0.54,2026-09-29,559,N20,VIIRS,n,2.0NRT,,7.3,D,VIIRS_NOAA20_NRT,333.4,299.88,YES,,LOW
-3.02549,105.59338,,0.61,0.54,2026-09-29,559,N20,VIIRS,n,2.0NRT,,7.3,D,VIIRS_NOAA20_NRT,333.84,301.26,YES,,LOW
-3.02542,105.08207,,0.33,0.55,2026-09-29,559,N20,VIIRS,n,2.0NRT,,19.03,D,VIIRS_NOAA20_NRT,334.16,296.08,NO,0.045,MONITORING
-3.02401,105.08039,,0.33,0.55,2026-09-29,559,N20,VIIRS,h,2.0NRT,,4.82,D,VIIRS_NOAA20_NRT,367.0,296.74,NO,0.231,MONITORING
-3.02359,105.08337,,0.33,0.55,2026-09-29,559,N20,VIIRS,n,2.0NRT,,4.82,D,VIIRS_NOAA20_NRT,348.08,295.95,YES,,LOW
-3.02079,105.07836,,0.33,0.55,2026-09-29,559,N20,VIIRS,n,2.0NRT,,19.03,D,VIIRS_NOAA20_NRT,352.38,299.94,NO,0.453,MONITORING
-3.02035,105.08134,,0.33,0.55,2026-09-29,559,N20,VIIRS,h,2.0NRT,,19.03,D,VIIRS_NOAA20_NRT,367.0,297.65,NO,0.121,MONITORING
-3.0199,105.08432,,0.33,0.55,2026-09-29,559,N20,VIIRS,n,2.0NRT,,10.91,D,VIIRS_NOAA20_NRT,352.28,294.66,YES,,HIGH
-3.01308,105.22841,,0.32,0.55,2026-09-29,559,N20,VIIRS,n,2.0NRT,,5.13,D,VIIRS_NOAA20_NRT,342.59,294.51,NO,1.162,MONITORING
-3.01249,105.23548,,0.32,0.55,2026-09-29,559,N20,VIIRS,n,2.0NRT,,10.99,D,VIIRS_NOAA20_NRT,354.29,295.6,NO,0.884,MONITORING
-3.01205,105.23837,,0.32,0.55,2026-09-29,559,N20,VIIRS,n,2.0NRT,,11.61,D,VIIRS_NOAA20_NRT,352.38,295.53,NO,0.731,MONITORING
-3.01182,105.23711,,0.32,0.55,2026-09-29,559,N20,VIIRS,h,2.0NRT,,12.64,D,VIIRS_NOAA20_NRT,367.0,296.39,NO,0.844,MONITORING
-3.00834,105.22899,,0.32,0.55,2026-09-29,559,N20,VIIRS,n,2.0NRT,,12.2,D,VIIRS_NOAA20_NRT,355.72,295.94,NO,1.581,MONITORING
-3.00805,105.22769,,0.32,0.55,2026-09-29,559,N20,VIIRS,n,2.0NRT,,6.98,D,VIIRS_NOAA20_NRT,332.78,294.14,NO,1.678,MONITORING
-3.00791,105.23188,,0.32,0.55,2026-09-29,559,N20,VIIRS,n,2.0NRT,,10.99,D,VIIRS_NOAA20_NRT,352.94,295.98,NO,1.496,MONITORING
-3.00763,105.23058,,0.32,0.55,2026-09-29,559,N20,VIIRS,n,2.0NRT,,6.98,D,VIIRS_NOAA20_NRT,353.44,295.46,NO,1.58,MONITORING
-3.00747,105.23476,,0.32,0.55,2026-09-29,559,N20,VIIRS,h,2.0NRT,,10.99,D,VIIRS_NOAA20_NRT,367.0,295.58,NO,1.375,MONITORING
-3.00722,105.23348,,0.32,0.55,2026-09-29,559,N20,VIIRS,n,2.0NRT,,20.77,D,VIIRS_NOAA20_NRT,355.67,298.61,NO,1.496,MONITORING
-3.00514,105.24792,,0.32,0.55,2026-09-29,559,N20,VIIRS,n,2.0NRT,,2.32,D,VIIRS_NOAA20_NRT,331.76,292.15,NO,0.577,MONITORING
-3.00013,105.24718,,0.32,0.55,2026-09-29,559,N20,VIIRS,n,2.0NRT,,2.32,D,VIIRS_NOAA20_NRT,334.66,295.65,NO,1.025,MONITORING
-2.97651,105.13219,,0.33,0.55,2026-09-29,559,N20,VIIRS,n,2.0NRT,,5.99,D,VIIRS_NOAA20_NRT,333.39,293.93,YES,,LOW
-2.97564,105.13807,,0.33,0.55,2026-09-29,559,N20,VIIRS,n,2.0NRT,,5.65,D,VIIRS_NOAA20_NRT,349.96,295.44,YES,,LOW
-2.97521,105.141,,0.33,0.55,2026-09-29,559,N20,VIIRS,n,2.0NRT,,5.65,D,VIIRS_NOAA20_NRT,345.35,295.86,YES,,LOW
-2.97477,105.14392,,0.33,0.55,2026-09-29,559,N20,VIIRS,n,2.0NRT,,5.71,D,VIIRS_NOAA20_NRT,345.72,295.98,YES,,LOW
-2.97434,105.14685,,0.33,0.55,2026-09-29,559,N20,VIIRS,n,2.0NRT,,5.71,D,VIIRS_NOAA20_NRT,340.2,295.41,YES,,LOW
-2.97391,105.14977,,0.33,0.55,2026-09-29,559,N20,VIIRS,n,2.0NRT,,6.96,D,VIIRS_NOAA20_NRT,340.86,295.67,NO,0.035,MONITORING
-2.97363,105.11674,,0.33,0.55,2026-09-29,559,N20,VIIRS,n,2.0NRT,,3.12,D,VIIRS_NOAA20_NRT,330.95,293.04,YES,,LOW
-2.97348,105.15268,,0.33,0.55,2026-09-29,559,N20,VIIRS,n,2.0NRT,,6.96,D,VIIRS_NOAA20_NRT,347.65,296.95,NO,0.354,MONITORING
-2.9732,105.11969,,0.33,0.55,2026-09-29,559,N20,VIIRS,n,2.0NRT,,5.85,D,VIIRS_NOAA20_NRT,338.4,293.63,YES,,LOW
-2.97304,105.1556,,0.33,0.55,2026-09-29,559,N20,VIIRS,n,2.0NRT,,68.53,D,VIIRS_NOAA20_NRT,335.42,295.3,NO,0.674,MONITORING
-2.97276,105.12263,,0.33,0.55,2026-09-29,559,N20,VIIRS,n,2.0NRT,,5.85,D,VIIRS_NOAA20_NRT,353.91,294.11,YES,,LOW
-2.97233,105.12556,,0.33,0.55,2026-09-29,559,N20,VIIRS,n,2.0NRT,,11.82,D,VIIRS_NOAA20_NRT,354.3,294.3,YES,,HIGH
-2.97174,105.16437,,0.33,0.55,2026-09-29,559,N20,VIIRS,n,2.0NRT,,25.55,D,VIIRS_NOAA20_NRT,336.56,294.16,NO,1.638,MONITORING
-2.96857,105.11602,,0.33,0.55,2026-09-29,559,N20,VIIRS,n,2.0NRT,,3.53,D,VIIRS_NOAA20_NRT,333.6,289.26,YES,,LOW
-2.96803,105.25847,,0.32,0.55,2026-09-29,559,N20,VIIRS,n,2.0NRT,,4.4,D,VIIRS_NOAA20_NRT,335.07,294.72,NO,1.475,MONITORING
-2.96713,105.16071,,0.33,0.55,2026-09-29,559,N20,VIIRS,h,2.0NRT,,25.55,D,VIIRS_NOAA20_NRT,367.0,299.97,NO,1.444,MONITORING
-2.9667,105.16363,,0.33,0.55,2026-09-29,559,N20,VIIRS,h,2.0NRT,,25.55,D,VIIRS_NOAA20_NRT,367.0,296.76,NO,1.764,MONITORING
-2.96387,105.25198,,0.32,0.55,2026-09-29,559,N20,VIIRS,n,2.0NRT,,5.28,D,VIIRS_NOAA20_NRT,345.7,296.22,NO,2.223,MONITORING
-2.96216,105.2635,,0.32,0.55,2026-09-29,559,N20,VIIRS,n,2.0NRT,,4.73,D,VIIRS_NOAA20_NRT,331.07,297.14,NO,1.873,MONITORING
-2.96123,105.16582,,0.33,0.55,2026-09-29,559,N20,VIIRS,n,2.0NRT,,5.19,D,VIIRS_NOAA20_NRT,351.31,293.18,NO,2.214,MONITORING
-2.95811,105.2217,,0.32,0.55,2026-09-29,559,N20,VIIRS,n,2.0NRT,,4.72,D,VIIRS_NOAA20_NRT,333.6,294.73,NO,5.108,MONITORING
-2.95634,104.68635,,0.35,0.57,2026-09-29,559,N20,VIIRS,h,2.0NRT,,6.59,D,VIIRS_NOAA20_NRT,367.0,298.49,NO,17.874,MONITORING
-2.95113,104.6856,,0.35,0.57,2026-09-29,559,N20,VIIRS,n,2.0NRT,,6.59,D,VIIRS_NOAA20_NRT,347.36,297.72,NO,18.355,MONITORING
-2.94729,105.19056,,0.33,0.55,2026-09-29,559,N20,VIIRS,n,2.0NRT,,0.62,D,VIIRS_NOAA20_NRT,336.54,288.58,NO,5.345,MONITORING
-2.94439,105.17529,,0.33,0.55,2026-09-29,559,N20,VIIRS,n,2.0NRT,,2.0,D,VIIRS_NOAA20_NRT,335.17,294.92,NO,3.877,MONITORING
-2.94396,105.1782,,0.33,0.55,2026-09-29,559,N20,VIIRS,n,2.0NRT,,2.0,D,VIIRS_NOAA20_NRT,334.21,294.18,NO,4.198,MONITORING
-2.93899,105.14169,,0.33,0.55,2026-09-29,559,N20,VIIRS,h,2.0NRT,,7.33,D,VIIRS_NOAA20_NRT,367.0,294.88,NO,0.966,MONITORING
-2.93893,105.17745,,0.33,0.55,2026-09-29,559,N20,VIIRS,n,2.0NRT,,2.16,D,VIIRS_NOAA20_NRT,333.37,293.26,NO,4.313,MONITORING
-2.93857,105.14462,,0.33,0.55,2026-09-29,559,N20,VIIRS,n,2.0NRT,,3.94,D,VIIRS_NOAA20_NRT,342.88,293.84,NO,1.225,MONITORING
-2.93814,105.14754,,0.33,0.55,2026-09-29,559,N20,VIIRS,n,2.0NRT,,3.94,D,VIIRS_NOAA20_NRT,332.67,293.84,NO,1.502,MONITORING
-2.93548,105.2361,,0.32,0.55,2026-09-29,559,N20,VIIRS,n,2.0NRT,,3.03,D,VIIRS_NOAA20_NRT,337.68,294.09,NO,5.657,MONITORING
-2.93394,105.14095,,0.33,0.55,2026-09-29,559,N20,VIIRS,n,2.0NRT,,18.69,D,VIIRS_NOAA20_NRT,353.4,292.09,NO,1.388,MONITORING
-2.93379,105.24763,,0.32,0.55,2026-09-29,559,N20,VIIRS,n,2.0NRT,,4.18,D,VIIRS_NOAA20_NRT,352.94,294.93,NO,4.705,MONITORING
-2.93352,105.14388,,0.33,0.55,2026-09-29,559,N20,VIIRS,n,2.0NRT,,11.14,D,VIIRS_NOAA20_NRT,349.0,288.56,NO,1.606,MONITORING
-2.92469,105.13362,,0.33,0.55,2026-09-29,559,N20,VIIRS,n,2.0NRT,,3.79,D,VIIRS_NOAA20_NRT,331.34,296.1,NO,1.99,MONITORING
-2.92427,105.13656,,0.33,0.55,2026-09-29,559,N20,VIIRS,n,2.0NRT,,3.98,D,VIIRS_NOAA20_NRT,330.07,294.89,NO,2.11,MONITORING
-2.92213,105.18686,,0.33,0.55,2026-09-29,559,N20,VIIRS,n,2.0NRT,,4.7,D,VIIRS_NOAA20_NRT,330.58,296.23,NO,6.095,MONITORING
-2.90932,105.13789,,0.33,0.55,2026-09-29,559,N20,VIIRS,h,2.0NRT,,5.88,D,VIIRS_NOAA20_NRT,367.0,298.0,NO,3.764,MONITORING
-2.90888,105.14079,,0.33,0.55,2026-09-29,559,N20,VIIRS,n,2.0NRT,,5.88,D,VIIRS_NOAA20_NRT,335.37,296.34,NO,3.888,MONITORING
-2.9087,105.13727,,0.33,0.55,2026-09-29,559,N20,VIIRS,h,2.0NRT,,9.8,D,VIIRS_NOAA20_NRT,367.0,297.49,NO,3.818,MONITORING
-2.90828,105.14018,,0.33,0.55,2026-09-29,559,N20,VIIRS,n,2.0NRT,,13.73,D,VIIRS_NOAA20_NRT,352.28,296.84,NO,3.935,MONITORING
-2.90799,105.14663,,0.33,0.55,2026-09-29,559,N20,VIIRS,n,2.0NRT,,12.55,D,VIIRS_NOAA20_NRT,354.45,301.41,NO,4.206,MONITORING
-2.90755,105.14954,,0.33,0.55,2026-09-29,559,N20,VIIRS,n,2.0NRT,,13.81,D,VIIRS_NOAA20_NRT,345.42,297.07,NO,4.392,MONITORING
-2.90744,105.14603,,0.33,0.55,2026-09-29,559,N20,VIIRS,n,2.0NRT,,13.31,D,VIIRS_NOAA20_NRT,350.38,300.12,NO,4.235,MONITORING
-2.90702,105.14896,,0.33,0.55,2026-09-29,559,N20,VIIRS,h,2.0NRT,,13.31,D,VIIRS_NOAA20_NRT,367.0,297.78,NO,4.415,MONITORING
-2.90295,105.1459,,0.33,0.55,2026-09-29,559,N20,VIIRS,n,2.0NRT,,12.55,D,VIIRS_NOAA20_NRT,334.6,297.75,NO,4.695,MONITORING
-2.89814,105.10935,,0.33,0.55,2026-09-29,559,N20,VIIRS,n,2.0NRT,,3.57,D,VIIRS_NOAA20_NRT,335.42,297.06,NO,5.213,MONITORING
-2.89067,105.15901,,0.33,0.55,2026-09-29,559,N20,VIIRS,n,2.0NRT,,3.46,D,VIIRS_NOAA20_NRT,332.51,296.79,NO,6.548,MONITORING
-2.88196,105.21693,,0.32,0.55,2026-09-29,559,N20,VIIRS,h,2.0NRT,,5.3,D,VIIRS_NOAA20_NRT,367.0,294.33,NO,4.667,MONITORING
-2.88153,105.21981,,0.32,0.55,2026-09-29,559,N20,VIIRS,n,2.0NRT,,5.3,D,VIIRS_NOAA20_NRT,350.9,291.98,NO,4.344,MONITORING
-2.88078,105.12182,,0.33,0.55,2026-09-29,559,N20,VIIRS,n,2.0NRT,,2.78,D,VIIRS_NOAA20_NRT,331.6,296.1,NO,6.795,MONITORING
-2.87968,106.21765,,0.55,0.51,2026-09-29,559,N20,VIIRS,n,2.0NRT,,5.28,D,VIIRS_NOAA20_NRT,334.1,293.04,NO,22.841,MONITORING
-2.87694,105.21619,,0.32,0.55,2026-09-29,559,N20,VIIRS,n,2.0NRT,,1.58,D,VIIRS_NOAA20_NRT,342.38,289.88,NO,4.694,MONITORING
-2.87571,106.21204,,0.55,0.51,2026-09-29,559,N20,VIIRS,n,2.0NRT,,58.42,D,VIIRS_NOAA20_NRT,332.22,294.55,NO,22.563,MONITORING
-2.87521,105.22771,,0.32,0.55,2026-09-29,559,N20,VIIRS,n,2.0NRT,,2.14,D,VIIRS_NOAA20_NRT,331.28,293.29,NO,3.397,MONITORING
-2.875,106.21697,,0.55,0.51,2026-09-29,559,N20,VIIRS,n,2.0NRT,,58.42,D,VIIRS_NOAA20_NRT,343.06,295.66,NO,23.063,MONITORING
-2.87451,105.19817,,0.32,0.55,2026-09-29,559,N20,VIIRS,n,2.0NRT,,6.2,D,VIIRS_NOAA20_NRT,345.97,295.69,NO,6.639,MONITORING
-2.87408,105.20105,,0.32,0.55,2026-09-29,559,N20,VIIRS,h,2.0NRT,,6.2,D,VIIRS_NOAA20_NRT,367.0,296.26,NO,6.315,MONITORING
-2.87392,104.74138,,0.35,0.57,2026-09-29,559,N20,VIIRS,n,2.0NRT,,10.92,D,VIIRS_NOAA20_NRT,335.04,294.76,NO,22.99,MONITORING
-2.87369,104.70626,,0.35,0.57,2026-09-29,559,N20,VIIRS,n,2.0NRT,,7.86,D,VIIRS_NOAA20_NRT,344.66,292.77,NO,24.358,MONITORING
-2.87347,104.7445,,0.35,0.57,2026-09-29,559,N20,VIIRS,n,2.0NRT,,10.96,D,VIIRS_NOAA20_NRT,331.23,295.06,NO,22.947,MONITORING
-2.8729,104.70493,,0.35,0.57,2026-09-29,559,N20,VIIRS,n,2.0NRT,,5.15,D,VIIRS_NOAA20_NRT,332.69,292.28,NO,24.5,MONITORING
-2.87257,104.75073,,0.35,0.57,2026-09-29,559,N20,VIIRS,h,2.0NRT,,6.73,D,VIIRS_NOAA20_NRT,367.0,297.26,NO,22.878,MONITORING
-2.87243,104.70806,,0.35,0.57,2026-09-29,559,N20,VIIRS,n,2.0NRT,,5.15,D,VIIRS_NOAA20_NRT,333.89,289.83,NO,24.404,MONITORING
-2.87146,104.7493,,0.35,0.57,2026-09-29,559,N20,VIIRS,n,2.0NRT,,5.51,D,VIIRS_NOAA20_NRT,351.38,296.77,NO,23.035,MONITORING
-2.87099,104.75241,,0.35,0.57,2026-09-29,559,N20,VIIRS,n,2.0NRT,,5.51,D,VIIRS_NOAA20_NRT,343.08,294.76,NO,23.009,MONITORING
-2.86917,104.62404,,0.36,0.57,2026-09-29,559,N20,VIIRS,n,2.0NRT,,1.49,D,VIIRS_NOAA20_NRT,334.94,292.41,NO,29.742,MONITORING
-2.86829,104.74374,,0.35,0.57,2026-09-29,559,N20,VIIRS,n,2.0NRT,,10.96,D,VIIRS_NOAA20_NRT,354.43,296.98,NO,23.527,MONITORING
-2.86784,104.74685,,0.35,0.57,2026-09-29,559,N20,VIIRS,n,2.0NRT,,10.96,D,VIIRS_NOAA20_NRT,334.28,294.62,NO,23.491,MONITORING
-2.86777,105.20898,,0.32,0.55,2026-09-29,559,N20,VIIRS,n,2.0NRT,,3.53,D,VIIRS_NOAA20_NRT,336.35,297.34,NO,5.349,MONITORING
-2.8677,104.73923,,0.35,0.57,2026-09-29,559,N20,VIIRS,n,2.0NRT,,9.99,D,VIIRS_NOAA20_NRT,341.41,293.75,NO,23.722,MONITORING
-2.86739,104.74998,,0.35,0.57,2026-09-29,559,N20,VIIRS,n,2.0NRT,,6.73,D,VIIRS_NOAA20_NRT,330.95,294.25,NO,23.459,MONITORING
-2.86722,104.74234,,0.35,0.57,2026-09-29,559,N20,VIIRS,n,2.0NRT,,18.01,D,VIIRS_NOAA20_NRT,349.49,297.22,NO,23.682,MONITORING
-2.86675,104.74545,,0.35,0.57,2026-09-29,559,N20,VIIRS,h,2.0NRT,,18.01,D,VIIRS_NOAA20_NRT,367.0,294.66,NO,23.646,MONITORING
-2.86628,104.74854,,0.35,0.57,2026-09-29,559,N20,VIIRS,n,2.0NRT,,5.51,D,VIIRS_NOAA20_NRT,343.54,294.96,NO,23.616,MONITORING
-2.86355,104.73986,,0.35,0.57,2026-09-29,559,N20,VIIRS,n,2.0NRT,,7.47,D,VIIRS_NOAA20_NRT,350.69,291.09,NO,24.149,MONITORING
-2.86332,105.1699,,0.33,0.55,2026-09-29,559,N20,VIIRS,n,2.0NRT,,4.72,D,VIIRS_NOAA20_NRT,341.0,297.36,NO,9.675,MONITORING
-2.8631,104.74298,,0.35,0.57,2026-09-29,559,N20,VIIRS,n,2.0NRT,,5.29,D,VIIRS_NOAA20_NRT,343.61,290.25,NO,24.108,MONITORING
-2.86288,105.17281,,0.33,0.55,2026-09-29,559,N20,VIIRS,n,2.0NRT,,6.27,D,VIIRS_NOAA20_NRT,346.4,294.76,NO,9.35,MONITORING
-2.86266,104.74609,,0.35,0.57,2026-09-29,559,N20,VIIRS,n,2.0NRT,,5.29,D,VIIRS_NOAA20_NRT,334.38,291.0,NO,24.072,MONITORING
-2.86221,104.74921,,0.35,0.57,2026-09-29,559,N20,VIIRS,n,2.0NRT,,6.99,D,VIIRS_NOAA20_NRT,354.62,292.81,NO,24.041,MONITORING
-2.85952,104.76787,,0.35,0.57,2026-09-29,559,N20,VIIRS,n,2.0NRT,,6.74,D,VIIRS_NOAA20_NRT,348.58,294.12,NO,23.966,MONITORING
-2.85828,104.76643,,0.35,0.57,2026-09-29,559,N20,VIIRS,n,2.0NRT,,3.31,D,VIIRS_NOAA20_NRT,339.64,293.56,NO,24.125,MONITORING
-2.85828,105.16916,,0.33,0.55,2026-09-29,559,N20,VIIRS,n,2.0NRT,,4.72,D,VIIRS_NOAA20_NRT,338.88,295.46,NO,9.746,MONITORING
-2.85781,104.76953,,0.35,0.56,2026-09-29,559,N20,VIIRS,n,2.0NRT,,3.31,D,VIIRS_NOAA20_NRT,332.28,292.63,NO,24.131,MONITORING
-2.8538,105.12984,,0.33,0.55,2026-09-29,559,N20,VIIRS,n,2.0NRT,,3.62,D,VIIRS_NOAA20_NRT,331.06,295.41,NO,9.785,MONITORING
-2.85325,105.16842,,0.33,0.55,2026-09-29,559,N20,VIIRS,n,2.0NRT,,10.39,D,VIIRS_NOAA20_NRT,351.28,297.7,NO,9.846,MONITORING
-2.85282,105.17132,,0.33,0.55,2026-09-29,559,N20,VIIRS,n,2.0NRT,,8.23,D,VIIRS_NOAA20_NRT,340.3,296.72,NO,9.527,MONITORING
-2.84924,104.65017,,0.35,0.57,2026-09-29,559,N20,VIIRS,n,2.0NRT,,45.77,D,VIIRS_NOAA20_NRT,335.32,298.59,NO,29.777,MONITORING
-2.84877,104.65333,,0.35,0.57,2026-09-29,559,N20,VIIRS,n,2.0NRT,,45.77,D,VIIRS_NOAA20_NRT,354.16,298.59,NO,29.63,MONITORING
-2.8483,104.65648,,0.35,0.57,2026-09-29,559,N20,VIIRS,n,2.0NRT,,17.65,D,VIIRS_NOAA20_NRT,352.12,292.96,NO,29.486,MONITORING
-2.84251,105.10126,,0.33,0.55,2026-09-29,559,N20,VIIRS,n,2.0NRT,,5.55,D,VIIRS_NOAA20_NRT,344.09,295.06,NO,11.398,MONITORING
-2.84208,105.10419,,0.33,0.55,2026-09-29,559,N20,VIIRS,n,2.0NRT,,5.85,D,VIIRS_NOAA20_NRT,341.47,294.7,NO,11.368,MONITORING
-2.84011,105.22263,,0.32,0.55,2026-09-29,559,N20,VIIRS,n,2.0NRT,,6.48,D,VIIRS_NOAA20_NRT,338.29,295.41,NO,4.226,MONITORING
-2.83969,105.22551,,0.32,0.55,2026-09-29,559,N20,VIIRS,h,2.0NRT,,6.48,D,VIIRS_NOAA20_NRT,367.0,297.89,NO,3.955,MONITORING
-2.83962,106.11806,,0.56,0.51,2026-09-29,559,N20,VIIRS,n,2.0NRT,,7.2,D,VIIRS_NOAA20_NRT,337.28,293.03,NO,18.209,MONITORING
-2.83318,105.12984,,0.33,0.55,2026-09-29,559,N20,VIIRS,n,2.0NRT,,4.48,D,VIIRS_NOAA20_NRT,331.67,298.37,NO,12.082,MONITORING
-2.82381,105.22906,,0.32,0.55,2026-09-29,559,N20,VIIRS,n,2.0NRT,,4.48,D,VIIRS_NOAA20_NRT,356.03,291.9,NO,2.843,MONITORING
-2.82293,105.2699,,0.32,0.55,2026-09-29,559,N20,VIIRS,n,2.0NRT,,5.24,D,VIIRS_NOAA20_NRT,339.75,297.73,NO,0.517,MONITORING
-2.81974,105.11589,,0.33,0.55,2026-09-29,559,N20,VIIRS,n,2.0NRT,,3.77,D,VIIRS_NOAA20_NRT,339.76,297.41,NO,13.63,MONITORING
-2.81794,105.26916,,0.32,0.55,2026-09-29,559,N20,VIIRS,n,2.0NRT,,3.46,D,VIIRS_NOAA20_NRT,333.23,295.38,NO,0.121,MONITORING
-2.81593,105.14219,,0.33,0.55,2026-09-29,559,N20,VIIRS,n,2.0NRT,,1.98,D,VIIRS_NOAA20_NRT,332.72,295.77,NO,11.416,MONITORING
-2.8087,106.00041,,0.57,0.52,2026-09-29,559,N20,VIIRS,n,2.0NRT,,14.11,D,VIIRS_NOAA20_NRT,344.45,294.09,NO,15.716,MONITORING
-2.80544,105.98956,,0.57,0.52,2026-09-29,559,N20,VIIRS,n,2.0NRT,,9.71,D,VIIRS_NOAA20_NRT,330.37,293.64,NO,15.758,MONITORING
-2.8047,105.99463,,0.57,0.52,2026-09-29,559,N20,VIIRS,n,2.0NRT,,9.71,D,VIIRS_NOAA20_NRT,352.48,294.78,NO,15.97,MONITORING
-2.79833,105.16173,,0.33,0.55,2026-09-29,559,N20,VIIRS,n,2.0NRT,,4.46,D,VIIRS_NOAA20_NRT,331.59,296.88,NO,8.488,MONITORING
-2.79747,105.16325,,0.33,0.55,2026-09-29,559,N20,VIIRS,n,2.0NRT,,2.32,D,VIIRS_NOAA20_NRT,339.24,296.12,NO,8.299,MONITORING
-2.77729,106.00822,,0.57,0.52,2026-09-29,559,N20,VIIRS,n,2.0NRT,,6.13,D,VIIRS_NOAA20_NRT,341.34,294.75,NO,19.319,MONITORING
-2.77328,106.01077,,0.57,0.52,2026-09-29,559,N20,VIIRS,n,2.0NRT,,7.87,D,VIIRS_NOAA20_NRT,334.62,293.99,NO,19.829,MONITORING
-2.76453,105.21577,,0.32,0.55,2026-09-29,559,N20,VIIRS,n,2.0NRT,,1.93,D,VIIRS_NOAA20_NRT,334.41,296.66,NO,1.937,MONITORING
-2.75695,105.23224,,0.32,0.55,2026-09-29,559,N20,VIIRS,n,2.0NRT,,5.38,D,VIIRS_NOAA20_NRT,342.02,299.15,NO,0.684,MONITORING
-2.75494,105.21143,,0.32,0.55,2026-09-29,559,N20,VIIRS,n,2.0NRT,,3.02,D,VIIRS_NOAA20_NRT,330.6,297.08,NO,1.182,MONITORING
-2.75006,105.17538,,0.32,0.55,2026-09-29,559,N20,VIIRS,n,2.0NRT,,3.3,D,VIIRS_NOAA20_NRT,333.21,295.75,NO,3.917,MONITORING
-2.74963,105.17827,,0.32,0.55,2026-09-29,559,N20,VIIRS,n,2.0NRT,,3.55,D,VIIRS_NOAA20_NRT,336.91,296.31,NO,3.618,MONITORING
-2.7492,105.18116,,0.32,0.55,2026-09-29,559,N20,VIIRS,n,2.0NRT,,3.55,D,VIIRS_NOAA20_NRT,338.0,297.32,NO,3.324,MONITORING
-2.74877,105.18404,,0.32,0.55,2026-09-29,559,N20,VIIRS,n,2.0NRT,,2.6,D,VIIRS_NOAA20_NRT,330.26,297.59,NO,3.038,MONITORING
-2.74773,105.12169,,0.33,0.55,2026-09-29,559,N20,VIIRS,n,2.0NRT,,5.5,D,VIIRS_NOAA20_NRT,339.29,295.27,NO,9.497,MONITORING
-2.7473,105.1246,,0.33,0.55,2026-09-29,559,N20,VIIRS,n,2.0NRT,,8.44,D,VIIRS_NOAA20_NRT,332.03,294.99,NO,9.17,MONITORING
-2.7414,105.12968,,0.33,0.55,2026-09-29,559,N20,VIIRS,n,2.0NRT,,5.52,D,VIIRS_NOAA20_NRT,343.01,294.44,NO,8.508,MONITORING
-2.74054,105.1355,,0.33,0.55,2026-09-29,559,N20,VIIRS,n,2.0NRT,,3.36,D,VIIRS_NOAA20_NRT,346.61,295.13,NO,7.853,MONITORING
-2.74044,105.17102,,0.32,0.55,2026-09-29,559,N20,VIIRS,n,2.0NRT,,5.9,D,VIIRS_NOAA20_NRT,330.58,295.78,NO,3.957,MONITORING
-2.73883,105.14712,,0.33,0.55,2026-09-29,559,N20,VIIRS,n,2.0NRT,,6.02,D,VIIRS_NOAA20_NRT,333.1,295.6,NO,6.546,MONITORING
-2.7384,105.15002,,0.33,0.55,2026-09-29,559,N20,VIIRS,n,2.0NRT,,6.02,D,VIIRS_NOAA20_NRT,332.3,295.84,NO,6.22,MONITORING
-2.73423,105.14347,,0.33,0.55,2026-09-29,559,N20,VIIRS,n,2.0NRT,,4.18,D,VIIRS_NOAA20_NRT,344.6,296.06,NO,6.909,MONITORING
-2.73337,105.14928,,0.33,0.55,2026-09-29,559,N20,VIIRS,h,2.0NRT,,6.02,D,VIIRS_NOAA20_NRT,367.0,298.95,NO,6.259,MONITORING
-2.73295,105.15218,,0.33,0.55,2026-09-29,559,N20,VIIRS,n,2.0NRT,,9.13,D,VIIRS_NOAA20_NRT,350.12,296.47,NO,5.935,MONITORING
-2.73167,105.16088,,0.32,0.55,2026-09-29,559,N20,VIIRS,n,2.0NRT,,3.28,D,VIIRS_NOAA20_NRT,331.05,296.84,NO,4.965,MONITORING
-2.72792,105.15144,,0.33,0.55,2026-09-29,559,N20,VIIRS,h,2.0NRT,,6.3,D,VIIRS_NOAA20_NRT,367.0,300.88,NO,6.029,MONITORING
-2.72749,105.15434,,0.32,0.55,2026-09-29,559,N20,VIIRS,n,2.0NRT,,6.3,D,VIIRS_NOAA20_NRT,343.45,300.17,NO,5.711,MONITORING
-2.7204,105.13255,,0.33,0.55,2026-09-29,559,N20,VIIRS,n,2.0NRT,,3.98,D,VIIRS_NOAA20_NRT,341.74,297.8,NO,8.214,MONITORING
-2.68657,104.87841,,0.34,0.56,2026-09-29,559,N20,VIIRS,n,2.0NRT,,1.06,D,VIIRS_NOAA20_NRT,331.26,299.66,NO,33.194,MONITORING
-2.44749,105.42603,,0.62,0.54,2026-09-29,559,N20,VIIRS,n,2.0NRT,,11.66,D,VIIRS_NOAA20_NRT,347.13,296.46,NO,0.106,MONITORING
-2.44669,105.43153,,0.62,0.54,2026-09-29,559,N20,VIIRS,n,2.0NRT,,6.59,D,VIIRS_NOAA20_NRT,342.47,295.88,NO,0.351,MONITORING
-2.44627,105.41897,,0.62,0.54,2026-09-29,559,N20,VIIRS,n,2.0NRT,,76.49,D,VIIRS_NOAA20_NRT,343.29,296.39,NO,0.333,MONITORING
-2.44543,105.42444,,0.62,0.54,2026-09-29,559,N20,VIIRS,h,2.0NRT,,18.69,D,VIIRS_NOAA20_NRT,367.0,297.96,NO,0.376,MONITORING
-2.44459,105.4299,,0.62,0.54,2026-09-29,559,N20,VIIRS,n,2.0NRT,,18.69,D,VIIRS_NOAA20_NRT,347.03,296.77,NO,0.475,MONITORING
-2.44417,105.4143,,0.62,0.54,2026-09-29,559,N20,VIIRS,n,2.0NRT,,257.9,D,VIIRS_NOAA20_NRT,335.38,293.97,NO,0.516,MONITORING
-2.44388,105.40174,,0.62,0.54,2026-09-29,559,N20,VIIRS,n,2.0NRT,,10.11,D,VIIRS_NOAA20_NRT,334.96,291.31,NO,1.028,MONITORING
-2.44337,105.41981,,0.62,0.54,2026-09-29,559,N20,VIIRS,n,2.0NRT,,44.04,D,VIIRS_NOAA20_NRT,354.55,300.09,NO,0.667,MONITORING
-2.44304,105.40725,,0.62,0.54,2026-09-29,559,N20,VIIRS,n,2.0NRT,,10.11,D,VIIRS_NOAA20_NRT,333.1,294.1,NO,1.023,MONITORING
-2.44291,105.44085,,0.61,0.54,2026-09-29,559,N20,VIIRS,n,2.0NRT,,12.86,D,VIIRS_NOAA20_NRT,335.28,300.11,NO,0.847,MONITORING
-2.44257,105.42529,,0.62,0.54,2026-09-29,559,N20,VIIRS,n,2.0NRT,,44.04,D,VIIRS_NOAA20_NRT,345.17,297.81,NO,0.66,MONITORING
-2.4422,105.41273,,0.62,0.54,2026-09-29,559,N20,VIIRS,n,2.0NRT,,76.49,D,VIIRS_NOAA20_NRT,337.47,303.43,NO,0.771,MONITORING
-2.44208,105.44629,,0.61,0.54,2026-09-29,559,N20,VIIRS,n,2.0NRT,,37.17,D,VIIRS_NOAA20_NRT,335.7,296.63,NO,1.08,MONITORING
-2.44178,105.43077,,0.62,0.54,2026-09-29,559,N20,VIIRS,n,2.0NRT,,14.88,D,VIIRS_NOAA20_NRT,349.1,297.6,NO,0.803,MONITORING
-2.44136,105.41824,,0.62,0.54,2026-09-29,559,N20,VIIRS,n,2.0NRT,,76.49,D,VIIRS_NOAA20_NRT,350.23,306.26,NO,0.831,MONITORING
-2.44098,105.43627,,0.62,0.54,2026-09-29,559,N20,VIIRS,n,2.0NRT,,14.88,D,VIIRS_NOAA20_NRT,336.38,299.29,NO,1.025,MONITORING
-2.44085,105.40253,,0.62,0.54,2026-09-29,559,N20,VIIRS,n,2.0NRT,,16.99,D,VIIRS_NOAA20_NRT,346.21,289.08,NO,1.354,MONITORING
-2.44052,105.42371,,0.62,0.54,2026-09-29,559,N20,VIIRS,n,2.0NRT,,18.69,D,VIIRS_NOAA20_NRT,350.27,299.31,NO,0.921,MONITORING
-2.44018,105.44174,,0.61,0.54,2026-09-29,559,N20,VIIRS,n,2.0NRT,,31.14,D,VIIRS_NOAA20_NRT,339.2,300.67,NO,1.164,MONITORING
-2.43968,105.42918,,0.62,0.54,2026-09-29,559,N20,VIIRS,n,2.0NRT,,18.69,D,VIIRS_NOAA20_NRT,353.07,300.36,NO,0.991,MONITORING
-2.43939,105.4472,,0.61,0.54,2026-09-29,559,N20,VIIRS,n,2.0NRT,,31.14,D,VIIRS_NOAA20_NRT,354.89,299.88,NO,1.395,MONITORING
-2.43925,105.41356,,0.62,0.54,2026-09-29,559,N20,VIIRS,l,2.0NRT,,257.9,D,VIIRS_NOAA20_NRT,294.52,323.3,NO,1.07,MONITORING
-2.43896,105.40099,,0.62,0.54,2026-09-29,559,N20,VIIRS,n,2.0NRT,,56.27,D,VIIRS_NOAA20_NRT,343.99,287.61,NO,1.436,MONITORING
-2.43884,105.43465,,0.61,0.54,2026-09-29,559,N20,VIIRS,n,2.0NRT,,12.86,D,VIIRS_NOAA20_NRT,345.96,300.54,NO,1.273,MONITORING
-2.43846,105.41908,,0.62,0.54,2026-09-29,559,N20,VIIRS,n,2.0NRT,,44.04,D,VIIRS_NOAA20_NRT,355.38,304.73,NO,1.167,MONITORING
-2.43812,105.40649,,0.62,0.54,2026-09-29,559,N20,VIIRS,n,2.0NRT,,56.27,D,VIIRS_NOAA20_NRT,335.98,294.52,NO,1.502,MONITORING
-2.43801,105.44012,,0.61,0.54,2026-09-29,559,N20,VIIRS,n,2.0NRT,,12.86,D,VIIRS_NOAA20_NRT,347.71,301.15,NO,1.382,MONITORING
-2.43766,105.42456,,0.62,0.54,2026-09-29,559,N20,VIIRS,n,2.0NRT,,44.04,D,VIIRS_NOAA20_NRT,348.37,300.25,NO,1.213,MONITORING
-2.43728,105.41199,,0.62,0.54,2026-09-29,559,N20,VIIRS,l,2.0NRT,,116.86,D,VIIRS_NOAA20_NRT,207.93,319.56,NO,1.321,MONITORING
-2.43717,105.44556,,0.61,0.54,2026-09-29,559,N20,VIIRS,n,2.0NRT,,37.17,D,VIIRS_NOAA20_NRT,353.54,304.75,NO,1.572,MONITORING
-2.43687,105.43004,,0.62,0.54,2026-09-29,559,N20,VIIRS,n,2.0NRT,,14.88,D,VIIRS_NOAA20_NRT,355.29,303.14,NO,1.317,MONITORING
-2.43644,105.4175,,0.62,0.54,2026-09-29,559,N20,VIIRS,n,2.0NRT,,116.86,D,VIIRS_NOAA20_NRT,349.81,309.68,NO,1.361,MONITORING
-2.43607,105.43553,,0.62,0.54,2026-09-29,559,N20,VIIRS,n,2.0NRT,,14.88,D,VIIRS_NOAA20_NRT,344.88,300.93,NO,1.578,MONITORING
-2.43593,105.40179,,0.62,0.54,2026-09-29,559,N20,VIIRS,n,2.0NRT,,3.33,D,VIIRS_NOAA20_NRT,334.23,289.49,NO,1.776,MONITORING
-2.43561,105.42299,,0.62,0.54,2026-09-29,559,N20,VIIRS,n,2.0NRT,,27.33,D,VIIRS_NOAA20_NRT,349.31,298.54,NO,1.47,MONITORING
-2.43528,105.44101,,0.61,0.54,2026-09-29,559,N20,VIIRS,n,2.0NRT,,31.14,D,VIIRS_NOAA20_NRT,353.29,304.27,NO,1.692,MONITORING
-2.43514,105.4073,,0.62,0.54,2026-09-29,559,N20,VIIRS,n,2.0NRT,,48.1,D,VIIRS_NOAA20_NRT,334.04,292.5,NO,1.737,MONITORING
-2.43477,105.42845,,0.62,0.54,2026-09-29,559,N20,VIIRS,n,2.0NRT,,27.33,D,VIIRS_NOAA20_NRT,355.65,302.79,NO,1.523,MONITORING
-2.43448,105.44648,,0.61,0.54,2026-09-29,559,N20,VIIRS,n,2.0NRT,,31.14,D,VIIRS_NOAA20_NRT,353.11,300.65,NO,1.888,MONITORING
-2.43434,105.41282,,0.62,0.54,2026-09-29,559,N20,VIIRS,n,2.0NRT,,48.1,D,VIIRS_NOAA20_NRT,344.04,302.29,NO,1.623,MONITORING
-2.43394,105.43393,,0.61,0.54,2026-09-29,559,N20,VIIRS,n,2.0NRT,,35.51,D,VIIRS_NOAA20_NRT,347.88,302.61,NO,1.742,MONITORING
-2.43354,105.41832,,0.62,0.54,2026-09-29,559,N20,VIIRS,n,2.0NRT,,48.5,D,VIIRS_NOAA20_NRT,354.2,303.41,NO,1.692,MONITORING
-2.4331,105.43939,,0.61,0.54,2026-09-29,559,N20,VIIRS,n,2.0NRT,,35.51,D,VIIRS_NOAA20_NRT,355.39,302.16,NO,1.913,MONITORING
-2.43275,105.42382,,0.62,0.54,2026-09-29,559,N20,VIIRS,n,2.0NRT,,48.5,D,VIIRS_NOAA20_NRT,330.56,297.06,NO,1.766,MONITORING
-2.43237,105.41128,,0.62,0.54,2026-09-29,559,N20,VIIRS,n,2.0NRT,,116.86,D,VIIRS_NOAA20_NRT,343.76,295.01,NO,1.872,MONITORING
-2.43227,105.44486,,0.61,0.54,2026-09-29,559,N20,VIIRS,n,2.0NRT,,23.95,D,VIIRS_NOAA20_NRT,342.86,297.18,NO,2.088,MONITORING
-2.43196,105.42931,,0.62,0.54,2026-09-29,559,N20,VIIRS,n,2.0NRT,,25.5,D,VIIRS_NOAA20_NRT,340.85,298.65,NO,1.845,MONITORING
-2.43153,105.41677,,0.62,0.54,2026-09-29,559,N20,VIIRS,n,2.0NRT,,116.86,D,VIIRS_NOAA20_NRT,352.9,296.34,NO,1.902,MONITORING
-2.43116,105.4348,,0.62,0.54,2026-09-29,559,N20,VIIRS,n,2.0NRT,,25.5,D,VIIRS_NOAA20_NRT,353.97,303.79,NO,2.066,MONITORING
-2.43037,105.44028,,0.61,0.54,2026-09-29,559,N20,VIIRS,n,2.0NRT,,19.46,D,VIIRS_NOAA20_NRT,341.64,296.84,NO,2.228,MONITORING
-2.42903,105.43321,,0.61,0.54,2026-09-29,559,N20,VIIRS,n,2.0NRT,,35.51,D,VIIRS_NOAA20_NRT,351.38,300.55,NO,2.247,MONITORING
-4.22364,105.21139,,0.42,0.38,2026-09-25,618,N21,VIIRS,n,2.0NRT,,3.6,D,VIIRS_NOAA21_NRT,332.6,297.86,NO,19.801,MONITORING
-4.21614,105.47302,,0.41,0.37,2026-09-25,618,N21,VIIRS,n,2.0NRT,,6.66,D,VIIRS_NOAA21_NRT,338.59,303.15,NO,23.294,MONITORING
-4.21558,105.47306,,0.41,0.37,2026-09-25,618,N21,VIIRS,n,2.0NRT,,5.03,D,VIIRS_NOAA21_NRT,339.03,302.12,NO,23.244,MONITORING
-4.18298,105.69652,,0.41,0.37,2026-09-25,618,N21,VIIRS,l,2.0NRT,,9.06,D,VIIRS_NOAA21_NRT,332.83,300.32,NO,5.115,MONITORING
-4.18164,105.69632,,0.41,0.37,2026-09-25,618,N21,VIIRS,l,2.0NRT,,9.59,D,VIIRS_NOAA21_NRT,332.7,300.36,NO,4.974,MONITORING
-4.04729,105.42906,,0.41,0.37,2026-09-25,618,N21,VIIRS,l,2.0NRT,,10.71,D,VIIRS_NOAA21_NRT,340.88,304.62,NO,19.475,MONITORING
-4.04388,105.42856,,0.41,0.37,2026-09-25,618,N21,VIIRS,l,2.0NRT,,9.75,D,VIIRS_NOAA21_NRT,338.08,303.54,NO,19.541,MONITORING
-3.85469,105.4035,,0.41,0.37,2026-09-25,618,N21,VIIRS,l,2.0NRT,,8.17,D,VIIRS_NOAA21_NRT,334.92,303.94,NO,4.535,MONITORING
-3.85413,105.40719,,0.41,0.37,2026-09-25,618,N21,VIIRS,n,2.0NRT,,9.88,D,VIIRS_NOAA21_NRT,342.05,302.86,NO,4.213,MONITORING
-3.84388,105.54439,,0.41,0.37,2026-09-25,618,N21,VIIRS,n,2.0NRT,,2.81,D,VIIRS_NOAA21_NRT,332.3,291.27,YES,,LOW
-3.84316,105.36405,,0.41,0.37,2026-09-25,618,N21,VIIRS,l,2.0NRT,,8.16,D,VIIRS_NOAA21_NRT,335.74,297.96,NO,4.97,MONITORING
-3.77554,105.56036,,0.41,0.37,2026-09-25,618,N21,VIIRS,l,2.0NRT,,18.09,D,VIIRS_NOAA21_NRT,347.98,296.76,YES,,HIGH
-3.77269,105.55621,,0.41,0.37,2026-09-25,618,N21,VIIRS,h,2.0NRT,,20.4,D,VIIRS_NOAA21_NRT,367.0,297.64,YES,,HIGH
-3.77215,105.55986,,0.41,0.37,2026-09-25,618,N21,VIIRS,h,2.0NRT,,31.68,D,VIIRS_NOAA21_NRT,367.0,305.46,YES,,HIGH
-3.6936,105.68168,,0.4,0.37,2026-09-25,618,N21,VIIRS,n,2.0NRT,,4.75,D,VIIRS_NOAA21_NRT,332.74,297.03,YES,,LOW
-3.56739,105.70666,,0.4,0.37,2026-09-25,618,N21,VIIRS,l,2.0NRT,,6.13,D,VIIRS_NOAA21_NRT,330.66,301.13,YES,,LOW
-3.11287,105.32259,,0.41,0.37,2026-09-25,618,N21,VIIRS,l,2.0NRT,,21.37,D,VIIRS_NOAA21_NRT,345.59,286.69,YES,,HIGH
-3.0578,105.0381,,0.42,0.38,2026-09-25,618,N21,VIIRS,n,2.0NRT,,27.4,D,VIIRS_NOAA21_NRT,337.44,296.98,NO,5.094,MONITORING
-3.05723,105.04183,,0.42,0.38,2026-09-25,618,N21,VIIRS,n,2.0NRT,,27.4,D,VIIRS_NOAA21_NRT,347.66,298.04,NO,4.678,MONITORING
-3.04592,105.60545,,0.4,0.37,2026-09-25,618,N21,VIIRS,h,2.0NRT,,19.94,D,VIIRS_NOAA21_NRT,367.0,296.33,YES,,HIGH
-3.04538,105.60901,,0.4,0.37,2026-09-25,618,N21,VIIRS,l,2.0NRT,,19.94,D,VIIRS_NOAA21_NRT,335.29,289.26,YES,,HIGH
-3.04471,105.59057,,0.4,0.37,2026-09-25,618,N21,VIIRS,l,2.0NRT,,15.35,D,VIIRS_NOAA21_NRT,355.68,287.35,YES,,HIGH
-3.04417,105.59417,,0.4,0.37,2026-09-25,618,N21,VIIRS,h,2.0NRT,,15.35,D,VIIRS_NOAA21_NRT,367.0,290.88,YES,,HIGH
-3.04363,105.59776,,0.4,0.37,2026-09-25,618,N21,VIIRS,h,2.0NRT,,26.37,D,VIIRS_NOAA21_NRT,367.0,295.19,YES,,HIGH
-3.04309,105.60136,,0.4,0.37,2026-09-25,618,N21,VIIRS,h,2.0NRT,,26.37,D,VIIRS_NOAA21_NRT,367.0,296.72,YES,,HIGH
-3.03971,105.60086,,0.4,0.37,2026-09-25,618,N21,VIIRS,h,2.0NRT,,137.88,D,VIIRS_NOAA21_NRT,367.0,294.34,YES,,HIGH
-2.98322,105.2542,,0.41,0.37,2026-09-25,618,N21,VIIRS,n,2.0NRT,,17.01,D,VIIRS_NOAA21_NRT,348.39,302.23,NO,0.571,MONITORING
-2.96058,105.26585,,0.41,0.37,2026-09-25,618,N21,VIIRS,n,2.0NRT,,4.91,D,VIIRS_NOAA21_NRT,335.54,295.2,NO,1.884,MONITORING
-2.95925,105.2281,,0.41,0.37,2026-09-25,618,N21,VIIRS,n,2.0NRT,,6.95,D,VIIRS_NOAA21_NRT,339.34,299.13,NO,4.446,MONITORING
-2.93226,105.12555,,0.41,0.37,2026-09-25,618,N21,VIIRS,l,2.0NRT,,6.09,D,VIIRS_NOAA21_NRT,336.42,302.53,NO,1.044,MONITORING
-2.93074,105.20457,,0.41,0.37,2026-09-25,618,N21,VIIRS,l,2.0NRT,,6.13,D,VIIRS_NOAA21_NRT,334.17,299.37,NO,7.459,MONITORING
-2.9294,105.12135,,0.41,0.37,2026-09-25,618,N21,VIIRS,l,2.0NRT,,6.82,D,VIIRS_NOAA21_NRT,331.05,303.44,NO,1.483,MONITORING
-2.92174,105.24081,,0.41,0.37,2026-09-25,618,N21,VIIRS,l,2.0NRT,,5.78,D,VIIRS_NOAA21_NRT,339.3,299.67,NO,4.207,MONITORING
-2.92025,105.11242,,0.41,0.37,2026-09-25,618,N21,VIIRS,l,2.0NRT,,11.3,D,VIIRS_NOAA21_NRT,339.95,302.96,NO,2.83,MONITORING
-2.91913,105.11982,,0.41,0.37,2026-09-25,618,N21,VIIRS,l,2.0NRT,,10.98,D,VIIRS_NOAA21_NRT,332.49,303.72,NO,2.616,MONITORING
-2.91683,105.11191,,0.41,0.37,2026-09-25,618,N21,VIIRS,l,2.0NRT,,9.55,D,VIIRS_NOAA21_NRT,340.03,303.24,NO,3.199,MONITORING
-2.89916,105.27496,,0.41,0.37,2026-09-25,618,N21,VIIRS,l,2.0NRT,,5.42,D,VIIRS_NOAA21_NRT,332.7,292.67,NO,0.415,MONITORING
-2.88963,105.15325,,0.41,0.37,2026-09-25,618,N21,VIIRS,l,2.0NRT,,6.26,D,VIIRS_NOAA21_NRT,332.62,301.08,NO,6.377,MONITORING
-2.88621,105.15275,,0.41,0.37,2026-09-25,618,N21,VIIRS,l,2.0NRT,,6.26,D,VIIRS_NOAA21_NRT,341.25,300.48,NO,6.71,MONITORING
-2.87421,105.13964,,0.41,0.37,2026-09-25,618,N21,VIIRS,l,2.0NRT,,14.41,D,VIIRS_NOAA21_NRT,334.2,299.34,NO,7.639,MONITORING
-2.87065,105.23324,,0.41,0.37,2026-09-25,618,N21,VIIRS,l,2.0NRT,,4.59,D,VIIRS_NOAA21_NRT,332.99,296.21,NO,2.714,MONITORING
-2.86844,105.24792,,0.41,0.37,2026-09-25,618,N21,VIIRS,n,2.0NRT,,19.46,D,VIIRS_NOAA21_NRT,337.0,301.31,NO,1.062,MONITORING
-2.85221,105.14426,,0.41,0.37,2026-09-25,618,N21,VIIRS,h,2.0NRT,,12.57,D,VIIRS_NOAA21_NRT,367.0,301.31,NO,10.144,MONITORING
-2.85165,105.14796,,0.41,0.37,2026-09-25,618,N21,VIIRS,n,2.0NRT,,12.57,D,VIIRS_NOAA21_NRT,336.03,300.58,NO,10.286,MONITORING
-2.8515,105.15137,,0.41,0.37,2026-09-25,618,N21,VIIRS,n,2.0NRT,,6.42,D,VIIRS_NOAA21_NRT,334.66,300.7,NO,10.38,MONITORING
-2.85108,105.15164,,0.41,0.37,2026-09-25,618,N21,VIIRS,l,2.0NRT,,8.49,D,VIIRS_NOAA21_NRT,333.08,301.1,NO,10.432,MONITORING
-2.84879,105.14376,,0.41,0.37,2026-09-25,618,N21,VIIRS,n,2.0NRT,,12.57,D,VIIRS_NOAA21_NRT,338.33,302.25,NO,10.508,MONITORING
-2.84767,105.15114,,0.41,0.37,2026-09-25,618,N21,VIIRS,l,2.0NRT,,8.49,D,VIIRS_NOAA21_NRT,347.06,300.76,NO,10.792,MONITORING
-2.84528,105.26316,,0.41,0.37,2026-09-25,618,N21,VIIRS,l,2.0NRT,,8.91,D,VIIRS_NOAA21_NRT,337.28,302.93,NO,0.599,MONITORING
-2.80863,106.09719,,0.39,0.36,2026-09-25,618,N21,VIIRS,n,2.0NRT,,18.57,D,VIIRS_NOAA21_NRT,353.02,282.37,NO,20.1,MONITORING
-2.8053,106.09669,,0.39,0.36,2026-09-25,618,N21,VIIRS,n,2.0NRT,,18.57,D,VIIRS_NOAA21_NRT,348.87,278.25,NO,20.407,MONITORING
-2.44075,105.38437,,0.4,0.37,2026-09-25,618,N21,VIIRS,n,2.0NRT,,5.73,D,VIIRS_NOAA21_NRT,332.41,296.77,NO,0.73,MONITORING
-2.81134,106.10816,,0.48,0.65,2026-09-25,1900,N21,VIIRS,n,2.0NRT,,1.48,N,VIIRS_NOAA21_NRT,299.68,281.88,NO,20.407,MONITORING
-2.67843,105.96972,,0.47,0.64,2026-09-25,1900,N21,VIIRS,n,2.0NRT,,1.94,N,VIIRS_NOAA21_NRT,309.24,283.13,NO,20.835,MONITORING
-3.79254,105.5815,,0.45,0.63,2026-09-25,1902,N21,VIIRS,n,2.0NRT,,1.64,N,VIIRS_NOAA21_NRT,304.29,273.39,YES,,LOW
-3.79197,105.57746,,0.45,0.63,2026-09-25,1902,N21,VIIRS,n,2.0NRT,,1.64,N,VIIRS_NOAA21_NRT,296.61,272.65,YES,,LOW
-3.78506,105.57026,,0.45,0.63,2026-09-25,1902,N21,VIIRS,n,2.0NRT,,2.05,N,VIIRS_NOAA21_NRT,297.15,266.49,YES,,LOW
-3.78449,105.56622,,0.45,0.63,2026-09-25,1902,N21,VIIRS,n,2.0NRT,,3.0,N,VIIRS_NOAA21_NRT,297.02,266.67,YES,,LOW
-3.78394,105.56818,,0.45,0.63,2026-09-25,1902,N21,VIIRS,n,2.0NRT,,2.1,N,VIIRS_NOAA21_NRT,301.19,265.93,YES,,LOW
-3.77759,105.55904,,0.45,0.63,2026-09-25,1902,N21,VIIRS,n,2.0NRT,,2.68,N,VIIRS_NOAA21_NRT,317.7,262.58,YES,,LOW
-3.77702,105.55501,,0.45,0.63,2026-09-25,1902,N21,VIIRS,n,2.0NRT,,2.68,N,VIIRS_NOAA21_NRT,305.93,266.39,YES,,LOW
-3.77698,105.56101,,0.45,0.63,2026-09-25,1902,N21,VIIRS,n,2.0NRT,,3.78,N,VIIRS_NOAA21_NRT,303.99,257.51,YES,,LOW
-3.77638,105.55698,,0.45,0.63,2026-09-25,1902,N21,VIIRS,n,2.0NRT,,5.46,N,VIIRS_NOAA21_NRT,319.23,263.75,YES,,LOW
-3.77184,105.55994,,0.45,0.63,2026-09-25,1902,N21,VIIRS,n,2.0NRT,,1.67,N,VIIRS_NOAA21_NRT,304.53,260.54,YES,,LOW
-3.77127,105.55589,,0.45,0.63,2026-09-25,1902,N21,VIIRS,n,2.0NRT,,1.67,N,VIIRS_NOAA21_NRT,301.39,264.83,YES,,LOW
-3.77123,105.56187,,0.45,0.63,2026-09-25,1902,N21,VIIRS,n,2.0NRT,,2.69,N,VIIRS_NOAA21_NRT,295.68,254.82,YES,,LOW
-3.7707,105.55186,,0.45,0.63,2026-09-25,1902,N21,VIIRS,n,2.0NRT,,1.7,N,VIIRS_NOAA21_NRT,296.17,267.19,YES,,LOW
-3.77063,105.55786,,0.45,0.63,2026-09-25,1902,N21,VIIRS,n,2.0NRT,,1.44,N,VIIRS_NOAA21_NRT,299.52,262.1,YES,,LOW
-3.77003,105.55383,,0.45,0.63,2026-09-25,1902,N21,VIIRS,n,2.0NRT,,1.44,N,VIIRS_NOAA21_NRT,297.78,266.35,YES,,LOW
-3.76551,105.55679,,0.45,0.63,2026-09-25,1902,N21,VIIRS,n,2.0NRT,,1.67,N,VIIRS_NOAA21_NRT,304.46,265.6,YES,,LOW
-3.76495,105.55276,,0.45,0.63,2026-09-25,1902,N21,VIIRS,n,2.0NRT,,1.7,N,VIIRS_NOAA21_NRT,295.37,267.92,YES,,LOW
-3.76487,105.55872,,0.45,0.63,2026-09-25,1902,N21,VIIRS,n,2.0NRT,,1.44,N,VIIRS_NOAA21_NRT,302.75,263.71,YES,,LOW
-3.76428,105.5547,,0.45,0.63,2026-09-25,1902,N21,VIIRS,n,2.0NRT,,1.44,N,VIIRS_NOAA21_NRT,301.64,268.03,YES,,LOW
-3.76369,105.55069,,0.45,0.63,2026-09-25,1902,N21,VIIRS,n,2.0NRT,,2.85,N,VIIRS_NOAA21_NRT,295.48,270.53,YES,,LOW
-3.7592,105.55365,,0.45,0.63,2026-09-25,1902,N21,VIIRS,n,2.0NRT,,1.59,N,VIIRS_NOAA21_NRT,304.8,267.96,YES,,LOW
-3.75863,105.54962,,0.45,0.63,2026-09-25,1902,N21,VIIRS,n,2.0NRT,,1.59,N,VIIRS_NOAA21_NRT,306.66,270.74,YES,,LOW
-3.75794,105.55156,,0.45,0.63,2026-09-25,1902,N21,VIIRS,n,2.0NRT,,1.96,N,VIIRS_NOAA21_NRT,307.38,267.57,YES,,LOW
-3.75735,105.54755,,0.45,0.63,2026-09-25,1902,N21,VIIRS,n,2.0NRT,,1.96,N,VIIRS_NOAA21_NRT,301.47,269.95,YES,,LOW
-3.75344,105.55453,,0.45,0.63,2026-09-25,1902,N21,VIIRS,n,2.0NRT,,1.59,N,VIIRS_NOAA21_NRT,297.38,262.79,YES,,LOW
-3.75288,105.55051,,0.45,0.63,2026-09-25,1902,N21,VIIRS,n,2.0NRT,,1.59,N,VIIRS_NOAA21_NRT,300.92,267.87,YES,,LOW
-3.75232,105.54649,,0.45,0.63,2026-09-25,1902,N21,VIIRS,n,2.0NRT,,2.5,N,VIIRS_NOAA21_NRT,297.08,270.54,YES,,LOW
-3.75218,105.55243,,0.45,0.63,2026-09-25,1902,N21,VIIRS,n,2.0NRT,,1.96,N,VIIRS_NOAA21_NRT,296.82,263.7,YES,,LOW
-3.75191,105.47096,,0.45,0.63,2026-09-25,1902,N21,VIIRS,n,2.0NRT,,1.8,N,VIIRS_NOAA21_NRT,305.98,272.7,YES,,LOW
-3.75176,105.54248,,0.45,0.63,2026-09-25,1902,N21,VIIRS,n,2.0NRT,,2.5,N,VIIRS_NOAA21_NRT,304.42,270.4,YES,,LOW
-3.75159,105.54842,,0.45,0.63,2026-09-25,1902,N21,VIIRS,n,2.0NRT,,1.96,N,VIIRS_NOAA21_NRT,297.87,268.19,YES,,LOW
-3.75101,105.54441,,0.45,0.63,2026-09-25,1902,N21,VIIRS,n,2.0NRT,,3.13,N,VIIRS_NOAA21_NRT,295.96,270.04,YES,,LOW
-3.75041,105.54039,,0.45,0.63,2026-09-25,1902,N21,VIIRS,n,2.0NRT,,3.13,N,VIIRS_NOAA21_NRT,306.84,269.52,YES,,LOW
-3.74746,105.46976,,0.45,0.63,2026-09-25,1902,N21,VIIRS,n,2.0NRT,,1.41,N,VIIRS_NOAA21_NRT,312.31,267.94,YES,,LOW
-3.7469,105.46578,,0.45,0.63,2026-09-25,1902,N21,VIIRS,n,2.0NRT,,2.37,N,VIIRS_NOAA21_NRT,297.62,268.52,YES,,LOW
-3.74635,105.46181,,0.45,0.63,2026-09-25,1902,N21,VIIRS,n,2.0NRT,,2.37,N,VIIRS_NOAA21_NRT,296.72,272.19,YES,,LOW
-3.74596,105.29413,,0.43,0.62,2026-09-25,1902,N21,VIIRS,n,2.0NRT,,1.85,N,VIIRS_NOAA21_NRT,298.53,277.13,YES,,LOW
-3.74579,105.45786,,0.44,0.63,2026-09-25,1902,N21,VIIRS,n,2.0NRT,,13.03,N,VIIRS_NOAA21_NRT,304.72,275.58,YES,,HIGH
-3.7456,105.46786,,0.45,0.63,2026-09-25,1902,N21,VIIRS,n,2.0NRT,,3.37,N,VIIRS_NOAA21_NRT,296.37,258.98,YES,,LOW
-3.74524,105.4539,,0.44,0.63,2026-09-25,1902,N21,VIIRS,n,2.0NRT,,13.03,N,VIIRS_NOAA21_NRT,302.06,279.29,YES,,HIGH
-3.74502,105.46391,,0.44,0.63,2026-09-25,1902,N21,VIIRS,n,2.0NRT,,4.14,N,VIIRS_NOAA21_NRT,296.1,263.1,YES,,LOW
-3.74467,105.54127,,0.45,0.63,2026-09-25,1902,N21,VIIRS,n,2.0NRT,,2.86,N,VIIRS_NOAA21_NRT,295.43,265.94,YES,,LOW
-3.74444,105.45996,,0.44,0.63,2026-09-25,1902,N21,VIIRS,n,2.0NRT,,4.14,N,VIIRS_NOAA21_NRT,315.33,268.62,YES,,LOW
-3.74385,105.45601,,0.44,0.63,2026-09-25,1902,N21,VIIRS,n,2.0NRT,,12.22,N,VIIRS_NOAA21_NRT,344.51,274.27,YES,,HIGH
-3.74346,105.29659,,0.43,0.62,2026-09-25,1902,N21,VIIRS,n,2.0NRT,,0.94,N,VIIRS_NOAA21_NRT,303.18,277.43,YES,,LOW
-3.74327,105.45208,,0.44,0.63,2026-09-25,1902,N21,VIIRS,n,2.0NRT,,12.22,N,VIIRS_NOAA21_NRT,312.08,275.18,YES,,HIGH
-3.74063,105.46269,,0.45,0.63,2026-09-25,1902,N21,VIIRS,n,2.0NRT,,2.37,N,VIIRS_NOAA21_NRT,307.43,263.9,YES,,LOW
-3.74008,105.45873,,0.44,0.63,2026-09-25,1902,N21,VIIRS,h,2.0NRT,,13.03,N,VIIRS_NOAA21_NRT,367.0,270.7,YES,,HIGH
-3.73952,105.45476,,0.44,0.63,2026-09-25,1902,N21,VIIRS,h,2.0NRT,,13.03,N,VIIRS_NOAA21_NRT,367.0,275.37,YES,,HIGH
-3.7393,105.46477,,0.44,0.63,2026-09-25,1902,N21,VIIRS,n,2.0NRT,,4.14,N,VIIRS_NOAA21_NRT,295.49,259.68,YES,,LOW
-3.73897,105.45081,,0.44,0.63,2026-09-25,1902,N21,VIIRS,n,2.0NRT,,5.3,N,VIIRS_NOAA21_NRT,307.98,272.51,YES,,LOW
-3.73872,105.46082,,0.44,0.63,2026-09-25,1902,N21,VIIRS,n,2.0NRT,,4.14,N,VIIRS_NOAA21_NRT,317.08,264.75,YES,,LOW
-3.73842,105.44685,,0.44,0.63,2026-09-25,1902,N21,VIIRS,n,2.0NRT,,5.3,N,VIIRS_NOAA21_NRT,296.16,275.32,YES,,LOW
-3.73814,105.45686,,0.44,0.63,2026-09-25,1902,N21,VIIRS,h,2.0NRT,,12.22,N,VIIRS_NOAA21_NRT,367.0,271.82,YES,,HIGH
-3.73756,105.45292,,0.44,0.63,2026-09-25,1902,N21,VIIRS,n,2.0NRT,,12.22,N,VIIRS_NOAA21_NRT,333.3,271.31,YES,,HIGH
-3.73698,105.44898,,0.44,0.63,2026-09-25,1902,N21,VIIRS,n,2.0NRT,,4.13,N,VIIRS_NOAA21_NRT,298.31,271.76,YES,,LOW
-3.68062,105.34165,,0.44,0.62,2026-09-25,1902,N21,VIIRS,n,2.0NRT,,0.66,N,VIIRS_NOAA21_NRT,295.91,273.17,YES,,LOW
-3.43921,105.19321,,0.42,0.61,2026-09-25,1902,N21,VIIRS,n,2.0NRT,,1.51,N,VIIRS_NOAA21_NRT,296.85,277.07,YES,,LOW
-3.43362,105.19407,,0.42,0.61,2026-09-25,1902,N21,VIIRS,n,2.0NRT,,4.5,N,VIIRS_NOAA21_NRT,324.73,278.03,YES,,LOW
-3.43308,105.19032,,0.42,0.61,2026-09-25,1902,N21,VIIRS,n,2.0NRT,,4.5,N,VIIRS_NOAA21_NRT,333.17,277.39,YES,,LOW
-3.43254,105.18657,,0.42,0.61,2026-09-25,1902,N21,VIIRS,n,2.0NRT,,1.87,N,VIIRS_NOAA21_NRT,304.6,274.5,YES,,LOW
-3.43199,105.18281,,0.42,0.61,2026-09-25,1902,N21,VIIRS,n,2.0NRT,,1.87,N,VIIRS_NOAA21_NRT,295.15,271.13,YES,,LOW
-3.42749,105.19118,,0.42,0.61,2026-09-25,1902,N21,VIIRS,n,2.0NRT,,4.5,N,VIIRS_NOAA21_NRT,298.77,274.35,YES,,LOW
-3.42695,105.18742,,0.42,0.61,2026-09-25,1902,N21,VIIRS,n,2.0NRT,,1.87,N,VIIRS_NOAA21_NRT,296.33,273.47,YES,,LOW
-3.3871,105.3346,,0.43,0.62,2026-09-25,1902,N21,VIIRS,n,2.0NRT,,1.02,N,VIIRS_NOAA21_NRT,297.89,273.66,YES,,LOW
-3.38654,105.33079,,0.43,0.62,2026-09-25,1902,N21,VIIRS,n,2.0NRT,,4.41,N,VIIRS_NOAA21_NRT,309.52,274.19,YES,,LOW
-3.38598,105.32696,,0.43,0.62,2026-09-25,1902,N21,VIIRS,n,2.0NRT,,4.41,N,VIIRS_NOAA21_NRT,326.83,274.27,YES,,LOW
-3.38542,105.32316,,0.43,0.62,2026-09-25,1902,N21,VIIRS,n,2.0NRT,,4.89,N,VIIRS_NOAA21_NRT,345.61,273.99,YES,,LOW
-3.38485,105.31934,,0.43,0.62,2026-09-25,1902,N21,VIIRS,n,2.0NRT,,4.89,N,VIIRS_NOAA21_NRT,296.52,268.82,YES,,LOW
-3.38147,105.33549,,0.43,0.62,2026-09-25,1902,N21,VIIRS,n,2.0NRT,,1.92,N,VIIRS_NOAA21_NRT,311.96,272.19,YES,,LOW
-3.3809,105.33166,,0.43,0.62,2026-09-25,1902,N21,VIIRS,n,2.0NRT,,2.66,N,VIIRS_NOAA21_NRT,297.09,274.55,YES,,LOW
-3.377,105.26613,,0.43,0.62,2026-09-25,1902,N21,VIIRS,n,2.0NRT,,1.3,N,VIIRS_NOAA21_NRT,295.33,273.86,YES,,LOW
-3.30737,105.18084,,0.42,0.61,2026-09-25,1902,N21,VIIRS,n,2.0NRT,,1.3,N,VIIRS_NOAA21_NRT,306.58,265.9,YES,,LOW
-3.30684,105.17712,,0.42,0.61,2026-09-25,1902,N21,VIIRS,n,2.0NRT,,1.3,N,VIIRS_NOAA21_NRT,297.13,264.56,YES,,LOW
-3.25485,104.97202,,0.4,0.6,2026-09-25,1902,N21,VIIRS,n,2.0NRT,,0.69,N,VIIRS_NOAA21_NRT,295.53,268.82,YES,,LOW
-3.25459,104.97251,,0.4,0.6,2026-09-25,1902,N21,VIIRS,n,2.0NRT,,0.87,N,VIIRS_NOAA21_NRT,297.25,268.79,YES,,LOW
-3.15809,105.39079,,0.43,0.62,2026-09-25,1902,N21,VIIRS,n,2.0NRT,,2.17,N,VIIRS_NOAA21_NRT,303.27,269.9,YES,,LOW
-3.15245,105.39169,,0.43,0.62,2026-09-25,1902,N21,VIIRS,n,2.0NRT,,2.21,N,VIIRS_NOAA21_NRT,307.11,269.79,YES,,LOW
-3.15189,105.38786,,0.43,0.62,2026-09-25,1902,N21,VIIRS,n,2.0NRT,,1.27,N,VIIRS_NOAA21_NRT,297.17,268.67,YES,,LOW
-3.15133,105.384,,0.43,0.62,2026-09-25,1902,N21,VIIRS,n,2.0NRT,,1.27,N,VIIRS_NOAA21_NRT,296.16,267.85,YES,,LOW
-3.05376,105.60809,,0.44,0.63,2026-09-25,1902,N21,VIIRS,n,2.0NRT,,3.77,N,VIIRS_NOAA21_NRT,303.54,283.52,YES,,LOW
-3.04804,105.60898,,0.44,0.63,2026-09-25,1902,N21,VIIRS,n,2.0NRT,,3.77,N,VIIRS_NOAA21_NRT,311.68,283.1,YES,,LOW
-3.04747,105.60503,,0.44,0.63,2026-09-25,1902,N21,VIIRS,n,2.0NRT,,3.77,N,VIIRS_NOAA21_NRT,329.11,286.56,YES,,LOW
-3.0469,105.60108,,0.44,0.63,2026-09-25,1902,N21,VIIRS,n,2.0NRT,,4.73,N,VIIRS_NOAA21_NRT,312.76,281.13,YES,,LOW
-3.04633,105.59714,,0.44,0.63,2026-09-25,1902,N21,VIIRS,n,2.0NRT,,4.73,N,VIIRS_NOAA21_NRT,315.14,279.4,YES,,LOW
-3.04576,105.59319,,0.44,0.63,2026-09-25,1902,N21,VIIRS,n,2.0NRT,,5.33,N,VIIRS_NOAA21_NRT,317.03,273.28,YES,,LOW
-3.04519,105.58925,,0.44,0.63,2026-09-25,1902,N21,VIIRS,n,2.0NRT,,5.33,N,VIIRS_NOAA21_NRT,321.4,273.19,YES,,LOW
-3.04463,105.5853,,0.44,0.63,2026-09-25,1902,N21,VIIRS,n,2.0NRT,,6.03,N,VIIRS_NOAA21_NRT,315.58,270.15,YES,,LOW
-3.04176,105.60592,,0.44,0.63,2026-09-25,1902,N21,VIIRS,n,2.0NRT,,10.62,N,VIIRS_NOAA21_NRT,326.17,285.35,YES,,HIGH
-3.04119,105.60197,,0.44,0.63,2026-09-25,1902,N21,VIIRS,n,2.0NRT,,13.4,N,VIIRS_NOAA21_NRT,347.57,288.88,YES,,HIGH
-3.04062,105.59802,,0.44,0.63,2026-09-25,1902,N21,VIIRS,h,2.0NRT,,13.4,N,VIIRS_NOAA21_NRT,367.0,289.69,YES,,HIGH
-3.04005,105.59409,,0.44,0.63,2026-09-25,1902,N21,VIIRS,h,2.0NRT,,18.61,N,VIIRS_NOAA21_NRT,367.0,285.82,YES,,HIGH
-3.03967,105.60558,,0.44,0.63,2026-09-25,1902,N21,VIIRS,n,2.0NRT,,9.59,N,VIIRS_NOAA21_NRT,314.7,283.27,YES,,LOW
-3.03949,105.59013,,0.44,0.63,2026-09-25,1902,N21,VIIRS,n,2.0NRT,,18.61,N,VIIRS_NOAA21_NRT,351.98,278.15,YES,,HIGH
-3.03907,105.60165,,0.44,0.63,2026-09-25,1902,N21,VIIRS,n,2.0NRT,,12.96,N,VIIRS_NOAA21_NRT,343.91,288.28,YES,,HIGH
-3.03892,105.5862,,0.44,0.63,2026-09-25,1902,N21,VIIRS,n,2.0NRT,,6.78,N,VIIRS_NOAA21_NRT,317.83,271.92,YES,,LOW
-3.03848,105.5977,,0.44,0.63,2026-09-25,1902,N21,VIIRS,h,2.0NRT,,12.96,N,VIIRS_NOAA21_NRT,367.0,287.22,YES,,HIGH
-3.03835,105.58226,,0.44,0.63,2026-09-25,1902,N21,VIIRS,n,2.0NRT,,6.78,N,VIIRS_NOAA21_NRT,296.08,265.08,YES,,LOW
-3.03788,105.59377,,0.44,0.63,2026-09-25,1902,N21,VIIRS,h,2.0NRT,,17.77,N,VIIRS_NOAA21_NRT,367.0,279.79,YES,,HIGH
-3.03728,105.58984,,0.44,0.63,2026-09-25,1902,N21,VIIRS,h,2.0NRT,,17.77,N,VIIRS_NOAA21_NRT,367.0,276.25,YES,,HIGH
-3.03669,105.5859,,0.44,0.63,2026-09-25,1902,N21,VIIRS,n,2.0NRT,,6.57,N,VIIRS_NOAA21_NRT,321.1,272.93,YES,,LOW
-3.03609,105.58197,,0.44,0.63,2026-09-25,1902,N21,VIIRS,n,2.0NRT,,6.57,N,VIIRS_NOAA21_NRT,296.0,264.51,YES,,LOW
-3.03548,105.60287,,0.44,0.63,2026-09-25,1902,N21,VIIRS,n,2.0NRT,,13.4,N,VIIRS_NOAA21_NRT,322.67,285.29,YES,,HIGH
-3.03491,105.59892,,0.44,0.63,2026-09-25,1902,N21,VIIRS,n,2.0NRT,,13.4,N,VIIRS_NOAA21_NRT,347.12,285.89,YES,,HIGH
-3.03435,105.59497,,0.44,0.63,2026-09-25,1902,N21,VIIRS,n,2.0NRT,,18.61,N,VIIRS_NOAA21_NRT,354.37,279.53,YES,,HIGH
-3.03378,105.59103,,0.44,0.63,2026-09-25,1902,N21,VIIRS,h,2.0NRT,,18.61,N,VIIRS_NOAA21_NRT,367.0,274.48,YES,,HIGH
-3.03336,105.60252,,0.44,0.63,2026-09-25,1902,N21,VIIRS,n,2.0NRT,,12.96,N,VIIRS_NOAA21_NRT,319.29,284.72,YES,,HIGH
-3.03321,105.58707,,0.44,0.63,2026-09-25,1902,N21,VIIRS,n,2.0NRT,,6.78,N,VIIRS_NOAA21_NRT,343.71,272.41,YES,,LOW
-3.03277,105.59858,,0.44,0.63,2026-09-25,1902,N21,VIIRS,n,2.0NRT,,12.96,N,VIIRS_NOAA21_NRT,347.79,286.14,YES,,HIGH
-3.03265,105.58313,,0.44,0.63,2026-09-25,1902,N21,VIIRS,n,2.0NRT,,6.78,N,VIIRS_NOAA21_NRT,316.15,267.18,YES,,LOW
-3.03217,105.59464,,0.44,0.63,2026-09-25,1902,N21,VIIRS,n,2.0NRT,,17.77,N,VIIRS_NOAA21_NRT,354.46,280.77,YES,,HIGH
-3.03158,105.59071,,0.44,0.63,2026-09-25,1902,N21,VIIRS,n,2.0NRT,,17.77,N,VIIRS_NOAA21_NRT,346.3,275.54,YES,,HIGH
-3.03098,105.58676,,0.44,0.63,2026-09-25,1902,N21,VIIRS,n,2.0NRT,,6.57,N,VIIRS_NOAA21_NRT,339.76,267.78,YES,,LOW
-3.03039,105.58283,,0.44,0.63,2026-09-25,1902,N21,VIIRS,n,2.0NRT,,6.57,N,VIIRS_NOAA21_NRT,318.08,264.11,YES,,LOW
-3.02977,105.60375,,0.44,0.63,2026-09-25,1902,N21,VIIRS,n,2.0NRT,,6.58,N,VIIRS_NOAA21_NRT,310.85,282.57,YES,,LOW
-3.0292,105.59981,,0.44,0.63,2026-09-25,1902,N21,VIIRS,n,2.0NRT,,6.58,N,VIIRS_NOAA21_NRT,334.5,284.9,YES,,LOW
-3.02864,105.59586,,0.44,0.63,2026-09-25,1902,N21,VIIRS,n,2.0NRT,,6.69,N,VIIRS_NOAA21_NRT,346.69,278.74,YES,,LOW
-3.02824,105.60733,,0.44,0.63,2026-09-25,1902,N21,VIIRS,n,2.0NRT,,3.41,N,VIIRS_NOAA21_NRT,300.94,279.16,YES,,LOW
-3.02807,105.59191,,0.44,0.63,2026-09-25,1902,N21,VIIRS,n,2.0NRT,,6.69,N,VIIRS_NOAA21_NRT,344.15,275.84,YES,,LOW
-3.02765,105.60339,,0.44,0.63,2026-09-25,1902,N21,VIIRS,n,2.0NRT,,4.68,N,VIIRS_NOAA21_NRT,305.2,280.79,YES,,LOW
-3.02751,105.58796,,0.44,0.63,2026-09-25,1902,N21,VIIRS,n,2.0NRT,,4.62,N,VIIRS_NOAA21_NRT,324.0,267.05,YES,,LOW
-3.02706,105.59946,,0.44,0.63,2026-09-25,1902,N21,VIIRS,n,2.0NRT,,4.68,N,VIIRS_NOAA21_NRT,322.11,279.93,YES,,LOW
-3.02694,105.58402,,0.44,0.63,2026-09-25,1902,N21,VIIRS,n,2.0NRT,,4.62,N,VIIRS_NOAA21_NRT,313.24,263.48,YES,,LOW
-3.02647,105.59552,,0.44,0.63,2026-09-25,1902,N21,VIIRS,n,2.0NRT,,6.8,N,VIIRS_NOAA21_NRT,332.58,270.51,YES,,LOW
-3.02587,105.59157,,0.44,0.63,2026-09-25,1902,N21,VIIRS,n,2.0NRT,,6.8,N,VIIRS_NOAA21_NRT,320.8,260.31,YES,,LOW
-3.02528,105.58763,,0.44,0.63,2026-09-25,1902,N21,VIIRS,n,2.0NRT,,4.08,N,VIIRS_NOAA21_NRT,299.49,254.08,YES,,LOW
-3.02293,105.59676,,0.44,0.63,2026-09-25,1902,N21,VIIRS,n,2.0NRT,,6.69,N,VIIRS_NOAA21_NRT,301.91,268.85,YES,,LOW
-3.02237,105.5928,,0.44,0.63,2026-09-25,1902,N21,VIIRS,n,2.0NRT,,6.69,N,VIIRS_NOAA21_NRT,297.24,259.55,YES,,LOW
-4.1768,105.34699,,0.51,0.5,2026-09-26,559,N21,VIIRS,n,2.0NRT,,2.99,D,VIIRS_NOAA21_NRT,331.67,299.79,NO,29.136,MONITORING
-4.16519,105.3314,,0.51,0.5,2026-09-26,559,N21,VIIRS,n,2.0NRT,,8.16,D,VIIRS_NOAA21_NRT,331.87,300.09,NO,26.988,MONITORING
-4.15091,105.33401,,0.51,0.5,2026-09-26,559,N21,VIIRS,n,2.0NRT,,5.49,D,VIIRS_NOAA21_NRT,330.02,297.3,NO,26.512,MONITORING
-4.09778,105.41475,,0.51,0.49,2026-09-26,559,N21,VIIRS,n,2.0NRT,,10.33,D,VIIRS_NOAA21_NRT,352.75,292.6,NO,21.698,MONITORING
-4.09569,105.41531,,0.51,0.49,2026-09-26,559,N21,VIIRS,n,2.0NRT,,15.82,D,VIIRS_NOAA21_NRT,347.11,297.34,NO,21.583,MONITORING
-4.09326,105.41413,,0.51,0.49,2026-09-26,559,N21,VIIRS,n,2.0NRT,,10.33,D,VIIRS_NOAA21_NRT,345.76,297.11,NO,21.652,MONITORING
-4.01753,105.54125,,0.5,0.49,2026-09-26,559,N21,VIIRS,n,2.0NRT,,7.21,D,VIIRS_NOAA21_NRT,340.18,297.96,NO,7.817,MONITORING
-3.97067,105.70827,,0.48,0.48,2026-09-26,559,N21,VIIRS,n,2.0NRT,,13.23,D,VIIRS_NOAA21_NRT,341.79,295.95,YES,,HIGH
-3.92663,105.60969,,0.49,0.48,2026-09-26,559,N21,VIIRS,n,2.0NRT,,4.07,D,VIIRS_NOAA21_NRT,330.02,295.55,YES,,LOW
-3.83208,105.58046,,0.49,0.49,2026-09-26,559,N21,VIIRS,n,2.0NRT,,6.44,D,VIIRS_NOAA21_NRT,337.44,297.07,YES,,LOW
-3.81278,105.40164,,0.5,0.49,2026-09-26,559,N21,VIIRS,n,2.0NRT,,7.93,D,VIIRS_NOAA21_NRT,334.76,296.47,NO,3.294,MONITORING
-3.80894,105.39652,,0.5,0.49,2026-09-26,559,N21,VIIRS,n,2.0NRT,,7.93,D,VIIRS_NOAA21_NRT,334.02,296.73,NO,3.37,MONITORING
-3.80429,105.49139,,0.5,0.49,2026-09-26,559,N21,VIIRS,n,2.0NRT,,15.01,D,VIIRS_NOAA21_NRT,330.41,296.39,YES,,HIGH
-3.80379,105.40038,,0.5,0.49,2026-09-26,559,N21,VIIRS,n,2.0NRT,,12.18,D,VIIRS_NOAA21_NRT,336.01,297.82,NO,2.876,MONITORING
-3.80111,105.4819,,0.5,0.49,2026-09-26,559,N21,VIIRS,n,2.0NRT,,16.44,D,VIIRS_NOAA21_NRT,351.82,297.18,YES,,HIGH
-3.79728,105.47684,,0.5,0.49,2026-09-26,559,N21,VIIRS,n,2.0NRT,,16.44,D,VIIRS_NOAA21_NRT,332.42,294.8,YES,,HIGH
-3.79664,105.48128,,0.5,0.49,2026-09-26,559,N21,VIIRS,n,2.0NRT,,16.44,D,VIIRS_NOAA21_NRT,339.08,295.43,YES,,HIGH
-3.79084,105.5836,,0.49,0.48,2026-09-26,559,N21,VIIRS,n,2.0NRT,,12.31,D,VIIRS_NOAA21_NRT,334.24,298.13,YES,,HIGH
-3.78386,105.56927,,0.49,0.49,2026-09-26,559,N21,VIIRS,n,2.0NRT,,14.06,D,VIIRS_NOAA21_NRT,342.6,302.49,YES,,HIGH
-3.78069,105.5599,,0.49,0.49,2026-09-26,559,N21,VIIRS,n,2.0NRT,,9.58,D,VIIRS_NOAA21_NRT,337.65,299.61,YES,,LOW
-3.77886,105.72707,,0.48,0.48,2026-09-26,559,N21,VIIRS,n,2.0NRT,,9.41,D,VIIRS_NOAA21_NRT,339.94,294.38,YES,,LOW
-3.77688,105.5549,,0.49,0.49,2026-09-26,559,N21,VIIRS,n,2.0NRT,,9.58,D,VIIRS_NOAA21_NRT,330.61,294.93,YES,,LOW
-3.77625,105.55927,,0.49,0.49,2026-09-26,559,N21,VIIRS,h,2.0NRT,,9.58,D,VIIRS_NOAA21_NRT,367.0,302.51,YES,,LOW
-3.77561,105.56364,,0.49,0.49,2026-09-26,559,N21,VIIRS,n,2.0NRT,,15.14,D,VIIRS_NOAA21_NRT,342.93,299.39,YES,,HIGH
-3.7718,105.55865,,0.49,0.49,2026-09-26,559,N21,VIIRS,n,2.0NRT,,6.54,D,VIIRS_NOAA21_NRT,331.7,296.24,YES,,LOW
-3.77117,105.56303,,0.49,0.49,2026-09-26,559,N21,VIIRS,n,2.0NRT,,10.02,D,VIIRS_NOAA21_NRT,340.67,302.75,YES,,HIGH
-3.76862,105.54928,,0.49,0.49,2026-09-26,559,N21,VIIRS,n,2.0NRT,,5.17,D,VIIRS_NOAA21_NRT,330.49,296.65,YES,,LOW
-3.76819,105.43695,,0.5,0.49,2026-09-26,559,N21,VIIRS,n,2.0NRT,,7.95,D,VIIRS_NOAA21_NRT,340.05,292.77,YES,,LOW
-3.76799,105.55366,,0.49,0.49,2026-09-26,559,N21,VIIRS,n,2.0NRT,,6.54,D,VIIRS_NOAA21_NRT,340.73,301.77,YES,,LOW
-3.76736,105.55803,,0.49,0.49,2026-09-26,559,N21,VIIRS,n,2.0NRT,,6.54,D,VIIRS_NOAA21_NRT,340.58,301.53,YES,,LOW
-3.76659,105.43623,,0.5,0.49,2026-09-26,559,N21,VIIRS,n,2.0NRT,,9.47,D,VIIRS_NOAA21_NRT,344.57,292.03,YES,,LOW
-3.76492,105.54908,,0.49,0.49,2026-09-26,559,N21,VIIRS,n,2.0NRT,,9.97,D,VIIRS_NOAA21_NRT,340.48,301.88,YES,,LOW
-3.76426,105.55345,,0.49,0.49,2026-09-26,559,N21,VIIRS,n,2.0NRT,,13.12,D,VIIRS_NOAA21_NRT,346.49,305.55,YES,,HIGH
-3.76417,105.54865,,0.49,0.49,2026-09-26,559,N21,VIIRS,n,2.0NRT,,5.69,D,VIIRS_NOAA21_NRT,337.3,301.04,YES,,LOW
-3.76359,105.55782,,0.49,0.49,2026-09-26,559,N21,VIIRS,n,2.0NRT,,13.12,D,VIIRS_NOAA21_NRT,347.12,304.79,YES,,HIGH
-3.76354,105.55302,,0.49,0.49,2026-09-26,559,N21,VIIRS,n,2.0NRT,,12.54,D,VIIRS_NOAA21_NRT,346.9,305.73,YES,,HIGH
-3.76293,105.56216,,0.49,0.49,2026-09-26,559,N21,VIIRS,n,2.0NRT,,13.99,D,VIIRS_NOAA21_NRT,340.8,298.58,YES,,HIGH
-3.76291,105.5574,,0.49,0.49,2026-09-26,559,N21,VIIRS,n,2.0NRT,,12.54,D,VIIRS_NOAA21_NRT,346.09,304.67,YES,,HIGH
-3.76228,105.56178,,0.49,0.49,2026-09-26,559,N21,VIIRS,n,2.0NRT,,16.94,D,VIIRS_NOAA21_NRT,341.65,299.54,YES,,HIGH
-3.76047,105.54846,,0.49,0.49,2026-09-26,559,N21,VIIRS,n,2.0NRT,,9.97,D,VIIRS_NOAA21_NRT,335.11,302.25,YES,,LOW
-3.76035,105.54364,,0.49,0.49,2026-09-26,559,N21,VIIRS,n,2.0NRT,,5.69,D,VIIRS_NOAA21_NRT,331.99,298.96,YES,,LOW
-3.75981,105.55283,,0.49,0.49,2026-09-26,559,N21,VIIRS,n,2.0NRT,,13.12,D,VIIRS_NOAA21_NRT,348.39,304.05,YES,,HIGH
-3.75972,105.54802,,0.49,0.49,2026-09-26,559,N21,VIIRS,n,2.0NRT,,5.69,D,VIIRS_NOAA21_NRT,333.18,302.07,YES,,LOW
-3.75909,105.55241,,0.49,0.49,2026-09-26,559,N21,VIIRS,n,2.0NRT,,12.54,D,VIIRS_NOAA21_NRT,351.4,304.26,YES,,HIGH
-3.75669,105.54347,,0.49,0.49,2026-09-26,559,N21,VIIRS,n,2.0NRT,,9.75,D,VIIRS_NOAA21_NRT,338.05,299.38,YES,,LOW
-3.75603,105.54784,,0.49,0.49,2026-09-26,559,N21,VIIRS,n,2.0NRT,,9.75,D,VIIRS_NOAA21_NRT,343.85,303.89,YES,,LOW
-3.7559,105.54301,,0.49,0.49,2026-09-26,559,N21,VIIRS,n,2.0NRT,,10.79,D,VIIRS_NOAA21_NRT,332.89,298.9,YES,,HIGH
-3.75537,105.55222,,0.49,0.49,2026-09-26,559,N21,VIIRS,n,2.0NRT,,8.65,D,VIIRS_NOAA21_NRT,344.68,303.81,YES,,LOW
-3.75528,105.5474,,0.49,0.49,2026-09-26,559,N21,VIIRS,n,2.0NRT,,10.79,D,VIIRS_NOAA21_NRT,340.57,303.38,YES,,HIGH
-3.75471,105.55658,,0.49,0.49,2026-09-26,559,N21,VIIRS,n,2.0NRT,,8.65,D,VIIRS_NOAA21_NRT,339.2,300.25,YES,,LOW
-3.75465,105.55177,,0.49,0.49,2026-09-26,559,N21,VIIRS,n,2.0NRT,,8.5,D,VIIRS_NOAA21_NRT,343.53,304.47,YES,,LOW
-3.75402,105.55615,,0.49,0.49,2026-09-26,559,N21,VIIRS,n,2.0NRT,,8.5,D,VIIRS_NOAA21_NRT,342.78,301.32,YES,,LOW
-3.7529,105.53847,,0.49,0.49,2026-09-26,559,N21,VIIRS,n,2.0NRT,,9.07,D,VIIRS_NOAA21_NRT,339.86,297.03,YES,,LOW
-3.75243,105.38918,,0.5,0.49,2026-09-26,559,N21,VIIRS,n,2.0NRT,,7.83,D,VIIRS_NOAA21_NRT,336.99,294.29,YES,,LOW
-3.75224,105.54285,,0.49,0.49,2026-09-26,559,N21,VIIRS,n,2.0NRT,,9.75,D,VIIRS_NOAA21_NRT,343.45,299.65,YES,,LOW
-3.75208,105.538,,0.49,0.49,2026-09-26,559,N21,VIIRS,n,2.0NRT,,9.69,D,VIIRS_NOAA21_NRT,339.88,296.83,YES,,LOW
-3.75176,105.39366,,0.5,0.49,2026-09-26,559,N21,VIIRS,n,2.0NRT,,7.83,D,VIIRS_NOAA21_NRT,338.87,294.9,YES,,LOW
-3.75145,105.54238,,0.49,0.49,2026-09-26,559,N21,VIIRS,n,2.0NRT,,10.79,D,VIIRS_NOAA21_NRT,345.96,301.24,YES,,HIGH
-3.75092,105.55159,,0.49,0.49,2026-09-26,559,N21,VIIRS,n,2.0NRT,,8.65,D,VIIRS_NOAA21_NRT,334.36,301.19,YES,,LOW
-3.7502,105.55115,,0.49,0.49,2026-09-26,559,N21,VIIRS,l,2.0NRT,,8.5,D,VIIRS_NOAA21_NRT,330.65,300.79,YES,,LOW
-3.74845,105.53787,,0.49,0.49,2026-09-26,559,N21,VIIRS,n,2.0NRT,,9.59,D,VIIRS_NOAA21_NRT,341.31,295.05,YES,,LOW
-3.74794,105.38855,,0.5,0.49,2026-09-26,559,N21,VIIRS,n,2.0NRT,,7.83,D,VIIRS_NOAA21_NRT,336.04,293.96,YES,,LOW
-3.74779,105.54224,,0.49,0.49,2026-09-26,559,N21,VIIRS,n,2.0NRT,,21.44,D,VIIRS_NOAA21_NRT,349.95,302.66,YES,,HIGH
-3.74727,105.39304,,0.5,0.49,2026-09-26,559,N21,VIIRS,n,2.0NRT,,7.83,D,VIIRS_NOAA21_NRT,342.09,296.64,YES,,LOW
-3.74562,105.46557,,0.5,0.49,2026-09-26,559,N21,VIIRS,n,2.0NRT,,7.55,D,VIIRS_NOAA21_NRT,334.45,292.82,YES,,LOW
-3.74278,105.39241,,0.5,0.49,2026-09-26,559,N21,VIIRS,n,2.0NRT,,7.23,D,VIIRS_NOAA21_NRT,333.22,292.41,YES,,LOW
-3.74247,105.45607,,0.5,0.49,2026-09-26,559,N21,VIIRS,h,2.0NRT,,52.24,D,VIIRS_NOAA21_NRT,367.0,303.19,YES,,HIGH
-3.74181,105.46052,,0.5,0.49,2026-09-26,559,N21,VIIRS,n,2.0NRT,,14.53,D,VIIRS_NOAA21_NRT,341.53,295.84,YES,,HIGH
-3.73875,105.57223,,0.49,0.48,2026-09-26,559,N21,VIIRS,n,2.0NRT,,8.21,D,VIIRS_NOAA21_NRT,338.18,296.34,YES,,LOW
-3.73866,105.45101,,0.5,0.49,2026-09-26,559,N21,VIIRS,n,2.0NRT,,52.24,D,VIIRS_NOAA21_NRT,348.58,299.63,YES,,HIGH
-3.738,105.45546,,0.5,0.49,2026-09-26,559,N21,VIIRS,n,2.0NRT,,52.24,D,VIIRS_NOAA21_NRT,350.34,310.29,YES,,HIGH
-3.73734,105.45989,,0.5,0.49,2026-09-26,559,N21,VIIRS,n,2.0NRT,,14.53,D,VIIRS_NOAA21_NRT,340.99,292.86,YES,,HIGH
-3.69297,105.72811,,0.48,0.48,2026-09-26,559,N21,VIIRS,l,2.0NRT,,12.17,D,VIIRS_NOAA21_NRT,330.48,302.12,YES,,HIGH
-3.69234,105.73236,,0.48,0.48,2026-09-26,559,N21,VIIRS,n,2.0NRT,,12.17,D,VIIRS_NOAA21_NRT,354.43,302.6,YES,,HIGH
-3.68795,105.73174,,0.48,0.48,2026-09-26,559,N21,VIIRS,n,2.0NRT,,12.17,D,VIIRS_NOAA21_NRT,332.24,295.81,YES,,HIGH
-3.68733,105.73598,,0.48,0.48,2026-09-26,559,N21,VIIRS,n,2.0NRT,,8.17,D,VIIRS_NOAA21_NRT,340.69,296.11,YES,,LOW
-3.66346,105.68494,,0.48,0.48,2026-09-26,559,N21,VIIRS,n,2.0NRT,,5.19,D,VIIRS_NOAA21_NRT,330.34,298.66,YES,,LOW
-3.66284,105.68921,,0.48,0.48,2026-09-26,559,N21,VIIRS,n,2.0NRT,,10.83,D,VIIRS_NOAA21_NRT,355.0,300.62,YES,,HIGH
-3.65907,105.6843,,0.48,0.48,2026-09-26,559,N21,VIIRS,n,2.0NRT,,5.19,D,VIIRS_NOAA21_NRT,342.13,295.79,YES,,LOW
-3.65845,105.68856,,0.48,0.48,2026-09-26,559,N21,VIIRS,n,2.0NRT,,10.83,D,VIIRS_NOAA21_NRT,333.28,295.37,YES,,HIGH
-3.62779,105.71458,,0.48,0.48,2026-09-26,559,N21,VIIRS,n,2.0NRT,,9.87,D,VIIRS_NOAA21_NRT,345.73,297.48,YES,,LOW
-3.62721,105.71497,,0.48,0.48,2026-09-26,559,N21,VIIRS,n,2.0NRT,,8.75,D,VIIRS_NOAA21_NRT,343.76,297.33,YES,,LOW
-3.62341,105.71396,,0.48,0.48,2026-09-26,559,N21,VIIRS,n,2.0NRT,,5.29,D,VIIRS_NOAA21_NRT,341.32,298.45,YES,,LOW
-3.62283,105.71435,,0.48,0.48,2026-09-26,559,N21,VIIRS,n,2.0NRT,,4.31,D,VIIRS_NOAA21_NRT,341.65,298.82,YES,,LOW
-3.59575,105.80512,,0.47,0.48,2026-09-26,559,N21,VIIRS,n,2.0NRT,,4.81,D,VIIRS_NOAA21_NRT,338.45,299.09,YES,,LOW
-3.58342,105.6173,,0.48,0.48,2026-09-26,559,N21,VIIRS,n,2.0NRT,,24.15,D,VIIRS_NOAA21_NRT,350.08,300.83,YES,,HIGH
-3.57271,105.65953,,0.48,0.48,2026-09-26,559,N21,VIIRS,n,2.0NRT,,7.1,D,VIIRS_NOAA21_NRT,343.89,302.66,YES,,LOW
-3.54942,105.6344,,0.48,0.48,2026-09-26,559,N21,VIIRS,n,2.0NRT,,7.9,D,VIIRS_NOAA21_NRT,336.03,297.99,YES,,LOW
-3.54818,105.64296,,0.48,0.48,2026-09-26,559,N21,VIIRS,n,2.0NRT,,5.95,D,VIIRS_NOAA21_NRT,335.45,300.24,YES,,LOW
-3.54507,105.66434,,0.48,0.48,2026-09-26,559,N21,VIIRS,n,2.0NRT,,4.25,D,VIIRS_NOAA21_NRT,332.57,298.32,YES,,LOW
-3.53373,105.64968,,0.48,0.48,2026-09-26,559,N21,VIIRS,n,2.0NRT,,8.17,D,VIIRS_NOAA21_NRT,333.39,300.06,YES,,LOW
-3.53316,105.65099,,0.48,0.48,2026-09-26,559,N21,VIIRS,n,2.0NRT,,10.43,D,VIIRS_NOAA21_NRT,332.05,299.2,YES,,HIGH
-3.5325,105.65823,,0.48,0.48,2026-09-26,559,N21,VIIRS,n,2.0NRT,,7.67,D,VIIRS_NOAA21_NRT,339.35,297.38,YES,,LOW
-3.53186,105.65949,,0.48,0.48,2026-09-26,559,N21,VIIRS,n,2.0NRT,,8.8,D,VIIRS_NOAA21_NRT,340.27,298.28,YES,,LOW
-3.5162,105.64429,,0.48,0.48,2026-09-26,559,N21,VIIRS,n,2.0NRT,,19.49,D,VIIRS_NOAA21_NRT,341.57,301.15,YES,,HIGH
-3.51042,105.68259,,0.48,0.48,2026-09-26,559,N21,VIIRS,n,2.0NRT,,7.61,D,VIIRS_NOAA21_NRT,332.3,301.36,YES,,LOW
-3.50112,105.78325,,0.47,0.48,2026-09-26,559,N21,VIIRS,n,2.0NRT,,5.1,D,VIIRS_NOAA21_NRT,336.03,293.25,YES,,LOW
-3.49707,105.77109,,0.47,0.48,2026-09-26,559,N21,VIIRS,n,2.0NRT,,16.07,D,VIIRS_NOAA21_NRT,345.1,296.77,YES,,HIGH
-3.49518,105.78361,,0.47,0.48,2026-09-26,559,N21,VIIRS,n,2.0NRT,,7.96,D,VIIRS_NOAA21_NRT,335.64,298.77,YES,,LOW
-3.49456,105.78777,,0.47,0.48,2026-09-26,559,N21,VIIRS,n,2.0NRT,,25.56,D,VIIRS_NOAA21_NRT,333.27,296.52,YES,,HIGH
-3.49393,105.79195,,0.47,0.48,2026-09-26,559,N21,VIIRS,n,2.0NRT,,25.56,D,VIIRS_NOAA21_NRT,345.31,300.28,YES,,HIGH
-3.46277,105.57982,,0.48,0.48,2026-09-26,559,N21,VIIRS,n,2.0NRT,,9.22,D,VIIRS_NOAA21_NRT,337.14,299.5,YES,,LOW
-3.45196,105.43584,,0.49,0.49,2026-09-26,559,N21,VIIRS,n,2.0NRT,,7.33,D,VIIRS_NOAA21_NRT,333.73,303.07,YES,,LOW
-3.44507,105.54642,,0.49,0.48,2026-09-26,559,N21,VIIRS,n,2.0NRT,,8.54,D,VIIRS_NOAA21_NRT,341.82,298.71,YES,,LOW
-3.43932,105.19211,,0.51,0.5,2026-09-26,559,N21,VIIRS,n,2.0NRT,,14.14,D,VIIRS_NOAA21_NRT,331.38,294.96,YES,,HIGH
-3.43479,105.19147,,0.51,0.5,2026-09-26,559,N21,VIIRS,n,2.0NRT,,14.14,D,VIIRS_NOAA21_NRT,342.48,297.55,YES,,HIGH
-3.43411,105.19603,,0.51,0.5,2026-09-26,559,N21,VIIRS,n,2.0NRT,,14.14,D,VIIRS_NOAA21_NRT,349.03,298.3,YES,,HIGH
-3.43025,105.19083,,0.51,0.5,2026-09-26,559,N21,VIIRS,n,2.0NRT,,16.69,D,VIIRS_NOAA21_NRT,345.44,297.58,YES,,HIGH
-3.42958,105.19539,,0.51,0.5,2026-09-26,559,N21,VIIRS,n,2.0NRT,,16.69,D,VIIRS_NOAA21_NRT,340.4,298.49,YES,,HIGH
-3.42639,105.18563,,0.51,0.5,2026-09-26,559,N21,VIIRS,n,2.0NRT,,20.59,D,VIIRS_NOAA21_NRT,343.23,295.0,YES,,HIGH
-3.42572,105.1902,,0.51,0.5,2026-09-26,559,N21,VIIRS,n,2.0NRT,,16.69,D,VIIRS_NOAA21_NRT,349.51,296.01,YES,,HIGH
-3.42252,105.18042,,0.51,0.5,2026-09-26,559,N21,VIIRS,n,2.0NRT,,4.42,D,VIIRS_NOAA21_NRT,330.09,293.24,YES,,LOW
-3.39266,105.41473,,0.49,0.49,2026-09-26,559,N21,VIIRS,n,2.0NRT,,5.51,D,VIIRS_NOAA21_NRT,330.04,297.31,YES,,LOW
-3.38885,105.4097,,0.5,0.49,2026-09-26,559,N21,VIIRS,n,2.0NRT,,20.44,D,VIIRS_NOAA21_NRT,355.21,297.71,YES,,HIGH
-3.3882,105.41411,,0.49,0.49,2026-09-26,559,N21,VIIRS,n,2.0NRT,,9.65,D,VIIRS_NOAA21_NRT,332.66,299.86,YES,,LOW
-3.38648,105.3323,,0.5,0.49,2026-09-26,559,N21,VIIRS,n,2.0NRT,,27.57,D,VIIRS_NOAA21_NRT,350.47,299.5,YES,,HIGH
-3.38134,105.33612,,0.5,0.49,2026-09-26,559,N21,VIIRS,n,2.0NRT,,7.97,D,VIIRS_NOAA21_NRT,331.16,297.84,YES,,LOW
-3.37601,105.26267,,0.51,0.49,2026-09-26,559,N21,VIIRS,h,2.0NRT,,14.73,D,VIIRS_NOAA21_NRT,367.0,301.67,YES,,HIGH
-3.37377,105.26174,,0.51,0.49,2026-09-26,559,N21,VIIRS,h,2.0NRT,,21.11,D,VIIRS_NOAA21_NRT,367.0,301.8,YES,,HIGH
-3.37151,105.26205,,0.51,0.49,2026-09-26,559,N21,VIIRS,n,2.0NRT,,14.73,D,VIIRS_NOAA21_NRT,348.73,298.02,YES,,HIGH
-3.3691,105.38887,,0.5,0.49,2026-09-26,559,N21,VIIRS,n,2.0NRT,,7.3,D,VIIRS_NOAA21_NRT,341.03,297.91,YES,,LOW
-3.36781,105.39771,,0.5,0.49,2026-09-26,559,N21,VIIRS,n,2.0NRT,,15.08,D,VIIRS_NOAA21_NRT,341.01,298.73,YES,,HIGH
-3.36592,105.37937,,0.5,0.49,2026-09-26,559,N21,VIIRS,n,2.0NRT,,8.38,D,VIIRS_NOAA21_NRT,341.32,295.69,YES,,LOW
-3.35458,105.28267,,0.5,0.49,2026-09-26,559,N21,VIIRS,n,2.0NRT,,9.95,D,VIIRS_NOAA21_NRT,332.84,299.52,YES,,LOW
-3.35008,105.28204,,0.5,0.49,2026-09-26,559,N21,VIIRS,n,2.0NRT,,9.95,D,VIIRS_NOAA21_NRT,352.41,300.28,YES,,LOW
-3.33747,105.24345,,0.51,0.49,2026-09-26,559,N21,VIIRS,n,2.0NRT,,11.46,D,VIIRS_NOAA21_NRT,340.48,296.77,YES,,HIGH
-3.33633,105.52306,,0.49,0.48,2026-09-26,559,N21,VIIRS,n,2.0NRT,,3.68,D,VIIRS_NOAA21_NRT,330.17,298.94,YES,,LOW
-3.33608,105.52276,,0.49,0.48,2026-09-26,559,N21,VIIRS,n,2.0NRT,,3.49,D,VIIRS_NOAA21_NRT,331.99,299.45,YES,,LOW
-3.33191,105.52243,,0.49,0.48,2026-09-26,559,N21,VIIRS,n,2.0NRT,,3.68,D,VIIRS_NOAA21_NRT,332.61,297.08,YES,,LOW
-3.33166,105.52213,,0.49,0.48,2026-09-26,559,N21,VIIRS,n,2.0NRT,,3.49,D,VIIRS_NOAA21_NRT,333.43,297.5,YES,,LOW
-3.3288,105.51316,,0.49,0.48,2026-09-26,559,N21,VIIRS,n,2.0NRT,,35.99,D,VIIRS_NOAA21_NRT,335.48,301.79,YES,,HIGH
-3.32848,105.51282,,0.49,0.48,2026-09-26,559,N21,VIIRS,n,2.0NRT,,37.13,D,VIIRS_NOAA21_NRT,339.88,302.75,YES,,HIGH
-3.32814,105.51749,,0.49,0.48,2026-09-26,559,N21,VIIRS,n,2.0NRT,,35.99,D,VIIRS_NOAA21_NRT,344.04,298.04,YES,,HIGH
-3.32785,105.51717,,0.49,0.48,2026-09-26,559,N21,VIIRS,n,2.0NRT,,37.13,D,VIIRS_NOAA21_NRT,344.36,298.0,YES,,HIGH
-3.31071,105.1748,,0.51,0.5,2026-09-26,559,N21,VIIRS,n,2.0NRT,,15.18,D,VIIRS_NOAA21_NRT,340.12,298.14,YES,,HIGH
-3.31004,105.17936,,0.51,0.49,2026-09-26,559,N21,VIIRS,n,2.0NRT,,15.18,D,VIIRS_NOAA21_NRT,344.94,298.59,YES,,HIGH
-3.30826,105.28533,,0.5,0.49,2026-09-26,559,N21,VIIRS,n,2.0NRT,,6.0,D,VIIRS_NOAA21_NRT,338.05,296.8,YES,,LOW
-3.30551,105.17872,,0.51,0.49,2026-09-26,559,N21,VIIRS,n,2.0NRT,,15.25,D,VIIRS_NOAA21_NRT,346.2,298.66,YES,,HIGH
-3.30484,105.18328,,0.51,0.49,2026-09-26,559,N21,VIIRS,n,2.0NRT,,11.87,D,VIIRS_NOAA21_NRT,342.01,300.1,YES,,HIGH
-3.29159,105.27382,,0.5,0.49,2026-09-26,559,N21,VIIRS,n,2.0NRT,,25.68,D,VIIRS_NOAA21_NRT,351.84,297.8,YES,,HIGH
-3.29016,105.5298,,0.48,0.48,2026-09-26,559,N21,VIIRS,n,2.0NRT,,14.42,D,VIIRS_NOAA21_NRT,339.37,298.11,YES,,HIGH
-3.28951,105.53411,,0.48,0.48,2026-09-26,559,N21,VIIRS,n,2.0NRT,,22.71,D,VIIRS_NOAA21_NRT,341.09,298.35,YES,,HIGH
-3.26024,105.25325,,0.5,0.49,2026-09-26,559,N21,VIIRS,n,2.0NRT,,9.75,D,VIIRS_NOAA21_NRT,337.1,296.77,YES,,LOW
-3.25932,105.13721,,0.51,0.5,2026-09-26,559,N21,VIIRS,n,2.0NRT,,6.97,D,VIIRS_NOAA21_NRT,333.06,296.87,YES,,LOW
-3.25819,105.25073,,0.51,0.49,2026-09-26,559,N21,VIIRS,n,2.0NRT,,40.11,D,VIIRS_NOAA21_NRT,351.91,300.46,YES,,HIGH
-3.25642,105.2481,,0.51,0.49,2026-09-26,559,N21,VIIRS,n,2.0NRT,,27.28,D,VIIRS_NOAA21_NRT,337.72,297.91,YES,,HIGH
-3.25574,105.25258,,0.5,0.49,2026-09-26,559,N21,VIIRS,n,2.0NRT,,9.75,D,VIIRS_NOAA21_NRT,339.67,297.48,YES,,LOW
-3.24834,105.21017,,0.51,0.49,2026-09-26,559,N21,VIIRS,n,2.0NRT,,16.56,D,VIIRS_NOAA21_NRT,343.1,298.99,YES,,HIGH
-3.24766,105.21468,,0.51,0.49,2026-09-26,559,N21,VIIRS,n,2.0NRT,,15.11,D,VIIRS_NOAA21_NRT,339.97,298.29,YES,,HIGH
-3.23527,105.32732,,0.5,0.49,2026-09-26,559,N21,VIIRS,n,2.0NRT,,6.62,D,VIIRS_NOAA21_NRT,335.54,298.77,YES,,LOW
-3.2346,105.33176,,0.5,0.49,2026-09-26,559,N21,VIIRS,n,2.0NRT,,12.92,D,VIIRS_NOAA21_NRT,350.62,299.31,YES,,HIGH
-3.23119,104.98178,,0.53,0.5,2026-09-26,559,N21,VIIRS,n,2.0NRT,,7.94,D,VIIRS_NOAA21_NRT,331.24,298.19,YES,,LOW
-3.22945,105.33556,,0.5,0.49,2026-09-26,559,N21,VIIRS,n,2.0NRT,,8.11,D,VIIRS_NOAA21_NRT,336.88,297.41,YES,,LOW
-3.22364,105.34385,,0.5,0.49,2026-09-26,559,N21,VIIRS,n,2.0NRT,,19.04,D,VIIRS_NOAA21_NRT,344.72,299.67,YES,,HIGH
-3.16094,105.39803,,0.49,0.49,2026-09-26,559,N21,VIIRS,n,2.0NRT,,12.13,D,VIIRS_NOAA21_NRT,354.43,299.31,YES,,HIGH
-3.15712,105.39301,,0.49,0.49,2026-09-26,559,N21,VIIRS,n,2.0NRT,,10.45,D,VIIRS_NOAA21_NRT,339.82,300.13,YES,,HIGH
-3.15649,105.39738,,0.49,0.49,2026-09-26,559,N21,VIIRS,n,2.0NRT,,10.45,D,VIIRS_NOAA21_NRT,335.67,300.97,YES,,HIGH
-3.15267,105.39237,,0.49,0.49,2026-09-26,559,N21,VIIRS,n,2.0NRT,,10.45,D,VIIRS_NOAA21_NRT,344.93,304.59,YES,,HIGH
-3.12903,105.25366,,0.5,0.49,2026-09-26,559,N21,VIIRS,n,2.0NRT,,3.63,D,VIIRS_NOAA21_NRT,330.36,298.72,YES,,LOW
-3.12656,105.23957,,0.5,0.49,2026-09-26,559,N21,VIIRS,n,2.0NRT,,4.59,D,VIIRS_NOAA21_NRT,337.08,301.73,YES,,LOW
-3.11958,105.22482,,0.5,0.49,2026-09-26,559,N21,VIIRS,n,2.0NRT,,6.4,D,VIIRS_NOAA21_NRT,337.55,299.93,YES,,LOW
-3.11697,105.33379,,0.5,0.49,2026-09-26,559,N21,VIIRS,n,2.0NRT,,10.23,D,VIIRS_NOAA21_NRT,343.6,300.6,YES,,HIGH
-3.1165,105.30657,,0.5,0.49,2026-09-26,559,N21,VIIRS,n,2.0NRT,,12.0,D,VIIRS_NOAA21_NRT,337.44,297.66,YES,,HIGH
-3.11643,105.21518,,0.51,0.49,2026-09-26,559,N21,VIIRS,n,2.0NRT,,10.13,D,VIIRS_NOAA21_NRT,332.72,299.25,YES,,HIGH
-3.11583,105.31102,,0.5,0.49,2026-09-26,559,N21,VIIRS,n,2.0NRT,,12.0,D,VIIRS_NOAA21_NRT,340.21,298.54,YES,,HIGH
-3.11384,105.32431,,0.5,0.49,2026-09-26,559,N21,VIIRS,n,2.0NRT,,8.68,D,VIIRS_NOAA21_NRT,331.64,300.17,YES,,LOW
-3.10622,105.31419,,0.5,0.49,2026-09-26,559,N21,VIIRS,n,2.0NRT,,5.31,D,VIIRS_NOAA21_NRT,330.3,299.93,YES,,LOW
-3.10291,105.21326,,0.51,0.49,2026-09-26,559,N21,VIIRS,n,2.0NRT,,7.01,D,VIIRS_NOAA21_NRT,344.61,298.61,NO,0.232,MONITORING
-3.10158,105.22227,,0.5,0.49,2026-09-26,559,N21,VIIRS,n,2.0NRT,,15.57,D,VIIRS_NOAA21_NRT,330.87,298.44,YES,,HIGH
-3.10091,105.22677,,0.5,0.49,2026-09-26,559,N21,VIIRS,n,2.0NRT,,15.57,D,VIIRS_NOAA21_NRT,352.23,299.34,YES,,HIGH
-3.10024,105.23126,,0.5,0.49,2026-09-26,559,N21,VIIRS,n,2.0NRT,,11.62,D,VIIRS_NOAA21_NRT,344.87,298.73,YES,,HIGH
-3.09841,105.21262,,0.51,0.49,2026-09-26,559,N21,VIIRS,n,2.0NRT,,7.01,D,VIIRS_NOAA21_NRT,333.51,299.13,NO,0.564,MONITORING
-3.09774,105.21713,,0.51,0.49,2026-09-26,559,N21,VIIRS,n,2.0NRT,,7.01,D,VIIRS_NOAA21_NRT,340.85,299.99,NO,0.096,MONITORING
-3.09641,105.22614,,0.5,0.49,2026-09-26,559,N21,VIIRS,n,2.0NRT,,15.57,D,VIIRS_NOAA21_NRT,345.46,296.82,YES,,HIGH
-3.09478,105.29897,,0.5,0.49,2026-09-26,559,N21,VIIRS,n,2.0NRT,,2.82,D,VIIRS_NOAA21_NRT,334.07,297.9,YES,,LOW
-3.09457,105.20748,,0.51,0.49,2026-09-26,559,N21,VIIRS,n,2.0NRT,,8.25,D,VIIRS_NOAA21_NRT,331.88,297.9,NO,1.007,MONITORING
-3.09243,105.25307,,0.5,0.49,2026-09-26,559,N21,VIIRS,n,2.0NRT,,15.91,D,VIIRS_NOAA21_NRT,349.91,298.23,YES,,HIGH
-3.09072,105.20234,,0.51,0.49,2026-09-26,559,N21,VIIRS,n,2.0NRT,,8.25,D,VIIRS_NOAA21_NRT,349.44,297.43,NO,1.589,MONITORING
-3.08332,105.2837,,0.5,0.49,2026-09-26,559,N21,VIIRS,n,2.0NRT,,3.66,D,VIIRS_NOAA21_NRT,330.47,297.08,YES,,LOW
-3.08266,105.28816,,0.5,0.49,2026-09-26,559,N21,VIIRS,n,2.0NRT,,3.66,D,VIIRS_NOAA21_NRT,334.55,298.99,YES,,LOW
-3.08201,105.29262,,0.5,0.49,2026-09-26,559,N21,VIIRS,n,2.0NRT,,5.58,D,VIIRS_NOAA21_NRT,330.65,299.16,YES,,LOW
-3.08039,105.21007,,0.51,0.49,2026-09-26,559,N21,VIIRS,n,2.0NRT,,22.06,D,VIIRS_NOAA21_NRT,343.09,298.66,NO,0.778,MONITORING
-3.08034,105.60674,,0.47,0.48,2026-09-26,559,N21,VIIRS,n,2.0NRT,,5.83,D,VIIRS_NOAA21_NRT,332.58,297.15,YES,,LOW
-3.07007,105.2178,,0.5,0.49,2026-09-26,559,N21,VIIRS,n,2.0NRT,,5.9,D,VIIRS_NOAA21_NRT,332.21,297.06,NO,0.301,MONITORING
-3.06486,105.05544,,0.52,0.5,2026-09-26,559,N21,VIIRS,n,2.0NRT,,9.67,D,VIIRS_NOAA21_NRT,331.25,290.9,NO,3.224,MONITORING
-3.06417,105.06004,,0.52,0.5,2026-09-26,559,N21,VIIRS,n,2.0NRT,,5.09,D,VIIRS_NOAA21_NRT,333.6,290.27,NO,2.706,MONITORING
-3.05855,105.03569,,0.52,0.5,2026-09-26,559,N21,VIIRS,n,2.0NRT,,3.39,D,VIIRS_NOAA21_NRT,335.07,289.76,NO,5.362,MONITORING
-3.04904,105.60665,,0.47,0.48,2026-09-26,559,N21,VIIRS,n,2.0NRT,,13.89,D,VIIRS_NOAA21_NRT,330.32,298.07,YES,,HIGH
-3.04717,105.58908,,0.48,0.48,2026-09-26,559,N21,VIIRS,n,2.0NRT,,18.38,D,VIIRS_NOAA21_NRT,336.69,302.12,YES,,HIGH
-3.04529,105.60179,,0.47,0.48,2026-09-26,559,N21,VIIRS,n,2.0NRT,,18.11,D,VIIRS_NOAA21_NRT,336.41,300.8,YES,,HIGH
-3.04466,105.60603,,0.47,0.48,2026-09-26,559,N21,VIIRS,n,2.0NRT,,13.71,D,VIIRS_NOAA21_NRT,351.54,304.77,YES,,HIGH
-3.04342,105.58421,,0.48,0.48,2026-09-26,559,N21,VIIRS,n,2.0NRT,,12.64,D,VIIRS_NOAA21_NRT,342.51,301.08,YES,,HIGH
-3.04279,105.58846,,0.48,0.48,2026-09-26,559,N21,VIIRS,h,2.0NRT,,18.38,D,VIIRS_NOAA21_NRT,367.0,306.38,YES,,HIGH
-3.04216,105.5927,,0.48,0.48,2026-09-26,559,N21,VIIRS,h,2.0NRT,,18.38,D,VIIRS_NOAA21_NRT,367.0,310.92,YES,,HIGH
-3.04153,105.59694,,0.48,0.48,2026-09-26,559,N21,VIIRS,h,2.0NRT,,18.11,D,VIIRS_NOAA21_NRT,367.0,311.45,YES,,HIGH
-3.0409,105.60117,,0.47,0.48,2026-09-26,559,N21,VIIRS,h,2.0NRT,,18.11,D,VIIRS_NOAA21_NRT,367.0,310.09,YES,,HIGH
-3.04028,105.60541,,0.47,0.48,2026-09-26,559,N21,VIIRS,n,2.0NRT,,13.71,D,VIIRS_NOAA21_NRT,344.83,304.9,YES,,HIGH
-3.03903,105.58359,,0.48,0.48,2026-09-26,559,N21,VIIRS,n,2.0NRT,,9.27,D,VIIRS_NOAA21_NRT,336.12,291.52,YES,,LOW
-3.0384,105.58784,,0.48,0.48,2026-09-26,559,N21,VIIRS,h,2.0NRT,,28.23,D,VIIRS_NOAA21_NRT,367.0,301.8,YES,,HIGH
-3.03778,105.59208,,0.48,0.48,2026-09-26,559,N21,VIIRS,h,2.0NRT,,28.23,D,VIIRS_NOAA21_NRT,367.0,311.96,YES,,HIGH
-3.03715,105.59631,,0.48,0.48,2026-09-26,559,N21,VIIRS,h,2.0NRT,,19.56,D,VIIRS_NOAA21_NRT,367.0,308.0,YES,,HIGH
-3.03652,105.60056,,0.47,0.48,2026-09-26,559,N21,VIIRS,n,2.0NRT,,19.56,D,VIIRS_NOAA21_NRT,352.26,301.68,YES,,HIGH
-3.03464,105.58297,,0.48,0.48,2026-09-26,559,N21,VIIRS,n,2.0NRT,,9.27,D,VIIRS_NOAA21_NRT,341.42,291.64,YES,,LOW
-3.03402,105.58722,,0.48,0.48,2026-09-26,559,N21,VIIRS,n,2.0NRT,,28.23,D,VIIRS_NOAA21_NRT,353.36,300.66,YES,,HIGH
-3.03339,105.59146,,0.48,0.48,2026-09-26,559,N21,VIIRS,h,2.0NRT,,28.23,D,VIIRS_NOAA21_NRT,367.0,307.07,YES,,HIGH
-3.03277,105.5957,,0.48,0.48,2026-09-26,559,N21,VIIRS,h,2.0NRT,,19.56,D,VIIRS_NOAA21_NRT,367.0,307.37,YES,,HIGH
-3.03214,105.59994,,0.47,0.48,2026-09-26,559,N21,VIIRS,h,2.0NRT,,19.56,D,VIIRS_NOAA21_NRT,367.0,304.12,YES,,HIGH
-3.03026,105.58235,,0.48,0.48,2026-09-26,559,N21,VIIRS,n,2.0NRT,,20.53,D,VIIRS_NOAA21_NRT,341.62,295.89,YES,,HIGH
-3.02963,105.58659,,0.48,0.48,2026-09-26,559,N21,VIIRS,h,2.0NRT,,33.69,D,VIIRS_NOAA21_NRT,367.0,307.61,YES,,HIGH
-3.02901,105.59084,,0.48,0.48,2026-09-26,559,N21,VIIRS,h,2.0NRT,,33.69,D,VIIRS_NOAA21_NRT,367.0,308.95,YES,,HIGH
-3.02839,105.59507,,0.48,0.48,2026-09-26,559,N21,VIIRS,h,2.0NRT,,25.59,D,VIIRS_NOAA21_NRT,367.0,310.95,YES,,HIGH
-3.02776,105.59931,,0.47,0.48,2026-09-26,559,N21,VIIRS,n,2.0NRT,,25.59,D,VIIRS_NOAA21_NRT,351.69,302.95,YES,,HIGH
-3.02525,105.58598,,0.48,0.48,2026-09-26,559,N21,VIIRS,h,2.0NRT,,33.69,D,VIIRS_NOAA21_NRT,367.0,304.44,YES,,HIGH
-3.02462,105.59022,,0.48,0.48,2026-09-26,559,N21,VIIRS,h,2.0NRT,,33.69,D,VIIRS_NOAA21_NRT,367.0,308.73,YES,,HIGH
-3.024,105.59445,,0.48,0.48,2026-09-26,559,N21,VIIRS,h,2.0NRT,,25.59,D,VIIRS_NOAA21_NRT,367.0,303.06,YES,,HIGH
-3.00096,105.07929,,0.51,0.5,2026-09-26,559,N21,VIIRS,n,2.0NRT,,23.94,D,VIIRS_NOAA21_NRT,337.01,290.13,NO,0.427,MONITORING
-2.98012,105.25175,,0.5,0.49,2026-09-26,559,N21,VIIRS,n,2.0NRT,,17.31,D,VIIRS_NOAA21_NRT,345.18,299.9,NO,0.975,MONITORING
-2.97629,105.24667,,0.5,0.49,2026-09-26,559,N21,VIIRS,n,2.0NRT,,12.38,D,VIIRS_NOAA21_NRT,339.6,296.2,NO,1.679,MONITORING
-2.97564,105.25112,,0.5,0.49,2026-09-26,559,N21,VIIRS,n,2.0NRT,,17.31,D,VIIRS_NOAA21_NRT,349.77,297.57,NO,1.299,MONITORING
-2.97239,105.08461,,0.51,0.5,2026-09-26,559,N21,VIIRS,n,2.0NRT,,14.69,D,VIIRS_NOAA21_NRT,338.26,292.96,NO,1.434,MONITORING
-2.97173,105.08919,,0.51,0.5,2026-09-26,559,N21,VIIRS,n,2.0NRT,,14.69,D,VIIRS_NOAA21_NRT,354.5,294.87,NO,1.04,MONITORING
-2.97118,105.08178,,0.51,0.5,2026-09-26,559,N21,VIIRS,n,2.0NRT,,54.24,D,VIIRS_NOAA21_NRT,340.69,298.85,NO,1.772,MONITORING
-2.97049,105.08634,,0.51,0.5,2026-09-26,559,N21,VIIRS,h,2.0NRT,,27.2,D,VIIRS_NOAA21_NRT,367.0,296.87,NO,1.383,MONITORING
-2.96979,105.09089,,0.51,0.5,2026-09-26,559,N21,VIIRS,n,2.0NRT,,27.2,D,VIIRS_NOAA21_NRT,346.68,294.99,NO,1.02,MONITORING
-2.96785,105.08398,,0.51,0.5,2026-09-26,559,N21,VIIRS,n,2.0NRT,,101.62,D,VIIRS_NOAA21_NRT,349.82,303.9,NO,1.763,MONITORING
-2.96665,105.08114,,0.51,0.5,2026-09-26,559,N21,VIIRS,n,2.0NRT,,54.24,D,VIIRS_NOAA21_NRT,353.37,296.5,NO,2.1,MONITORING
-2.96595,105.0857,,0.51,0.5,2026-09-26,559,N21,VIIRS,n,2.0NRT,,27.2,D,VIIRS_NOAA21_NRT,337.55,295.68,NO,1.739,MONITORING
-2.96456,105.09481,,0.51,0.5,2026-09-26,559,N21,VIIRS,n,2.0NRT,,8.43,D,VIIRS_NOAA21_NRT,331.58,295.63,NO,1.047,MONITORING
-2.96352,105.13181,,0.51,0.49,2026-09-26,559,N21,VIIRS,n,2.0NRT,,25.15,D,VIIRS_NOAA21_NRT,344.2,296.23,YES,,HIGH
-2.96283,105.13634,,0.51,0.49,2026-09-26,559,N21,VIIRS,h,2.0NRT,,25.15,D,VIIRS_NOAA21_NRT,367.0,297.63,YES,,HIGH
-2.96213,105.14087,,0.51,0.49,2026-09-26,559,N21,VIIRS,h,2.0NRT,,19.55,D,VIIRS_NOAA21_NRT,367.0,295.85,YES,,HIGH
-2.9619,105.12503,,0.51,0.49,2026-09-26,559,N21,VIIRS,n,2.0NRT,,49.16,D,VIIRS_NOAA21_NRT,351.76,299.07,YES,,HIGH
-2.96124,105.12959,,0.51,0.49,2026-09-26,559,N21,VIIRS,n,2.0NRT,,40.38,D,VIIRS_NOAA21_NRT,354.5,299.6,YES,,HIGH
-2.96058,105.13412,,0.51,0.49,2026-09-26,559,N21,VIIRS,h,2.0NRT,,40.38,D,VIIRS_NOAA21_NRT,367.0,298.45,YES,,HIGH
-2.96039,105.12211,,0.51,0.49,2026-09-26,559,N21,VIIRS,n,2.0NRT,,37.48,D,VIIRS_NOAA21_NRT,333.84,295.94,YES,,HIGH
-2.95992,105.13865,,0.51,0.49,2026-09-26,559,N21,VIIRS,h,2.0NRT,,14.83,D,VIIRS_NOAA21_NRT,367.0,296.54,YES,,HIGH
-2.95969,105.12665,,0.51,0.49,2026-09-26,559,N21,VIIRS,n,2.0NRT,,37.48,D,VIIRS_NOAA21_NRT,353.95,299.54,YES,,HIGH
-2.95966,105.23518,,0.5,0.49,2026-09-26,559,N21,VIIRS,n,2.0NRT,,13.67,D,VIIRS_NOAA21_NRT,353.88,298.7,NO,3.794,MONITORING
-2.95926,105.1432,,0.51,0.49,2026-09-26,559,N21,VIIRS,n,2.0NRT,,14.83,D,VIIRS_NOAA21_NRT,338.37,295.53,YES,,HIGH
-2.959,105.13119,,0.51,0.49,2026-09-26,559,N21,VIIRS,h,2.0NRT,,25.15,D,VIIRS_NOAA21_NRT,367.0,296.89,YES,,HIGH
-2.95522,105.18598,,0.5,0.49,2026-09-26,559,N21,VIIRS,n,2.0NRT,,6.92,D,VIIRS_NOAA21_NRT,342.84,294.43,NO,4.548,MONITORING
-2.95336,105.18392,,0.51,0.49,2026-09-26,559,N21,VIIRS,n,2.0NRT,,6.11,D,VIIRS_NOAA21_NRT,330.51,293.53,NO,4.41,MONITORING
-2.9443,105.21474,,0.5,0.49,2026-09-26,559,N21,VIIRS,n,2.0NRT,,5.7,D,VIIRS_NOAA21_NRT,339.6,295.65,NO,6.638,MONITORING
-2.94143,105.21612,,0.5,0.49,2026-09-26,559,N21,VIIRS,n,2.0NRT,,10.03,D,VIIRS_NOAA21_NRT,344.82,296.0,NO,6.73,MONITORING
-2.94092,105.12866,,0.51,0.49,2026-09-26,559,N21,VIIRS,n,2.0NRT,,8.48,D,VIIRS_NOAA21_NRT,340.14,296.47,NO,0.108,MONITORING
-2.94023,105.13319,,0.51,0.49,2026-09-26,559,N21,VIIRS,n,2.0NRT,,8.48,D,VIIRS_NOAA21_NRT,339.29,295.87,NO,0.328,MONITORING
-2.93725,105.2,,0.5,0.49,2026-09-26,559,N21,VIIRS,n,2.0NRT,,5.58,D,VIIRS_NOAA21_NRT,330.37,297.05,NO,6.732,MONITORING
-2.9364,105.12802,,0.51,0.49,2026-09-26,559,N21,VIIRS,n,2.0NRT,,33.7,D,VIIRS_NOAA21_NRT,338.07,296.85,NO,0.588,MONITORING
-2.93297,105.15067,,0.51,0.49,2026-09-26,559,N21,VIIRS,n,2.0NRT,,9.56,D,VIIRS_NOAA21_NRT,336.19,294.78,NO,2.143,MONITORING
-2.93229,105.15518,,0.51,0.49,2026-09-26,559,N21,VIIRS,n,2.0NRT,,8.08,D,VIIRS_NOAA21_NRT,342.11,294.31,NO,2.572,MONITORING
-2.93188,105.12738,,0.51,0.49,2026-09-26,559,N21,VIIRS,n,2.0NRT,,33.7,D,VIIRS_NOAA21_NRT,331.69,299.49,NO,1.078,MONITORING
-2.9312,105.13192,,0.51,0.49,2026-09-26,559,N21,VIIRS,n,2.0NRT,,33.7,D,VIIRS_NOAA21_NRT,345.45,300.95,NO,1.242,MONITORING
-2.93051,105.13645,,0.51,0.49,2026-09-26,559,N21,VIIRS,n,2.0NRT,,7.78,D,VIIRS_NOAA21_NRT,333.3,295.53,NO,1.452,MONITORING
-2.92983,105.14098,,0.51,0.49,2026-09-26,559,N21,VIIRS,n,2.0NRT,,7.78,D,VIIRS_NOAA21_NRT,343.85,296.05,NO,1.773,MONITORING
-2.92915,105.14551,,0.51,0.49,2026-09-26,559,N21,VIIRS,n,2.0NRT,,9.56,D,VIIRS_NOAA21_NRT,344.13,295.57,NO,2.113,MONITORING
-2.92778,105.15455,,0.51,0.49,2026-09-26,559,N21,VIIRS,n,2.0NRT,,8.08,D,VIIRS_NOAA21_NRT,340.5,294.31,NO,2.855,MONITORING
-2.926,105.13582,,0.51,0.49,2026-09-26,559,N21,VIIRS,n,2.0NRT,,8.64,D,VIIRS_NOAA21_NRT,333.3,295.51,NO,1.901,MONITORING
-2.92557,105.10794,,0.51,0.49,2026-09-26,559,N21,VIIRS,n,2.0NRT,,11.39,D,VIIRS_NOAA21_NRT,340.93,298.3,NO,2.55,MONITORING
-2.88602,105.12554,,0.51,0.49,2026-09-26,559,N21,VIIRS,n,2.0NRT,,6.76,D,VIIRS_NOAA21_NRT,334.33,294.57,NO,6.19,MONITORING
-2.88585,105.15784,,0.51,0.49,2026-09-26,559,N21,VIIRS,n,2.0NRT,,7.23,D,VIIRS_NOAA21_NRT,330.26,296.36,NO,6.969,MONITORING
-2.88135,105.1572,,0.51,0.49,2026-09-26,559,N21,VIIRS,n,2.0NRT,,7.23,D,VIIRS_NOAA21_NRT,331.09,296.21,NO,7.398,MONITORING
-2.87817,105.14754,,0.51,0.49,2026-09-26,559,N21,VIIRS,n,2.0NRT,,6.47,D,VIIRS_NOAA21_NRT,335.64,297.16,NO,7.389,MONITORING
-2.87233,105.15593,,0.51,0.49,2026-09-26,559,N21,VIIRS,n,2.0NRT,,6.54,D,VIIRS_NOAA21_NRT,331.53,291.58,NO,8.284,MONITORING
-2.87035,105.16943,,0.51,0.49,2026-09-26,559,N21,VIIRS,n,2.0NRT,,8.6,D,VIIRS_NOAA21_NRT,334.4,291.23,NO,9.092,MONITORING
-2.86145,105.13596,,0.51,0.49,2026-09-26,559,N21,VIIRS,n,2.0NRT,,17.39,D,VIIRS_NOAA21_NRT,343.17,294.96,NO,8.985,MONITORING
-2.86079,105.14047,,0.51,0.49,2026-09-26,559,N21,VIIRS,n,2.0NRT,,17.39,D,VIIRS_NOAA21_NRT,354.8,295.25,NO,9.128,MONITORING
-2.76498,104.73943,,0.54,0.51,2026-09-26,559,N21,VIIRS,n,2.0NRT,,10.13,D,VIIRS_NOAA21_NRT,340.33,295.99,NO,34.876,MONITORING
-2.75968,105.25039,,0.5,0.49,2026-09-26,559,N21,VIIRS,n,2.0NRT,,9.22,D,VIIRS_NOAA21_NRT,340.3,290.46,NO,0.489,MONITORING
-2.7586,105.19574,,0.5,0.49,2026-09-26,559,N21,VIIRS,n,2.0NRT,,7.16,D,VIIRS_NOAA21_NRT,341.31,290.84,NO,2.75,MONITORING
-2.63264,104.90174,,0.52,0.5,2026-09-26,559,N21,VIIRS,n,2.0NRT,,8.2,D,VIIRS_NOAA21_NRT,340.95,295.75,NO,30.302,MONITORING
-2.54074,105.4213,,0.48,0.48,2026-09-26,559,N21,VIIRS,n,2.0NRT,,8.33,D,VIIRS_NOAA21_NRT,350.94,298.68,YES,,LOW
-2.53676,105.26607,,0.49,0.49,2026-09-26,559,N21,VIIRS,n,2.0NRT,,11.14,D,VIIRS_NOAA21_NRT,337.66,297.29,NO,0.408,MONITORING
-2.44045,105.39854,,0.48,0.48,2026-09-26,559,N21,VIIRS,n,2.0NRT,,11.87,D,VIIRS_NOAA21_NRT,349.08,287.02,NO,1.164,MONITORING
-4.25676,104.83263,,0.39,0.44,2026-09-26,1841,N21,VIIRS,n,2.0NRT,,11.25,N,VIIRS_NOAA21_NRT,340.05,294.06,NO,1.741,MONITORING
-4.22506,105.40999,,0.42,0.45,2026-09-26,1841,N21,VIIRS,n,2.0NRT,,1.53,N,VIIRS_NOAA21_NRT,309.87,292.16,NO,28.943,MONITORING
-4.19123,104.76546,,0.38,0.43,2026-09-26,1841,N21,VIIRS,n,2.0NRT,,0.89,N,VIIRS_NOAA21_NRT,307.55,292.07,NO,0.465,MONITORING
-4.19071,104.76203,,0.38,0.43,2026-09-26,1841,N21,VIIRS,n,2.0NRT,,0.89,N,VIIRS_NOAA21_NRT,303.96,292.07,NO,0.798,MONITORING
-4.16354,105.58164,,0.43,0.46,2026-09-26,1841,N21,VIIRS,n,2.0NRT,,1.47,N,VIIRS_NOAA21_NRT,309.48,293.28,NO,11.548,MONITORING
-4.14775,105.33263,,0.42,0.45,2026-09-26,1841,N21,VIIRS,n,2.0NRT,,0.63,N,VIIRS_NOAA21_NRT,303.46,291.85,NO,26.221,MONITORING
-4.0249,104.83974,,0.39,0.44,2026-09-26,1841,N21,VIIRS,n,2.0NRT,,0.66,N,VIIRS_NOAA21_NRT,305.89,291.91,NO,1.956,MONITORING
-4.02186,104.81909,,0.38,0.44,2026-09-26,1841,N21,VIIRS,n,2.0NRT,,0.23,N,VIIRS_NOAA21_NRT,304.86,291.87,NO,4.087,MONITORING
-3.92587,105.84604,,0.45,0.47,2026-09-26,1841,N21,VIIRS,n,2.0NRT,,0.82,N,VIIRS_NOAA21_NRT,303.28,292.37,YES,,LOW
-3.88276,105.84851,,0.45,0.47,2026-09-26,1841,N21,VIIRS,n,2.0NRT,,2.88,N,VIIRS_NOAA21_NRT,316.86,291.72,YES,,LOW
-3.83954,104.6441,,0.56,0.43,2026-09-26,1841,N21,VIIRS,n,2.0NRT,,1.94,N,VIIRS_NOAA21_NRT,313.2,291.78,NO,19.236,MONITORING
-3.80909,105.21382,,0.4,0.45,2026-09-26,1841,N21,VIIRS,n,2.0NRT,,1.47,N,VIIRS_NOAA21_NRT,311.06,293.63,YES,,LOW
-3.79644,105.58327,,0.43,0.46,2026-09-26,1841,N21,VIIRS,n,2.0NRT,,1.28,N,VIIRS_NOAA21_NRT,308.03,293.45,YES,,LOW
-3.79588,105.57947,,0.43,0.46,2026-09-26,1841,N21,VIIRS,n,2.0NRT,,1.28,N,VIIRS_NOAA21_NRT,303.78,292.96,YES,,LOW
-3.79527,105.20486,,0.4,0.44,2026-09-26,1841,N21,VIIRS,n,2.0NRT,,3.76,N,VIIRS_NOAA21_NRT,311.62,292.86,YES,,LOW
-3.79479,105.5824,,0.43,0.46,2026-09-26,1841,N21,VIIRS,n,2.0NRT,,1.95,N,VIIRS_NOAA21_NRT,311.31,294.05,YES,,LOW
-3.79472,105.20126,,0.4,0.44,2026-09-26,1841,N21,VIIRS,n,2.0NRT,,3.76,N,VIIRS_NOAA21_NRT,307.13,293.07,YES,,LOW
-3.79421,105.5786,,0.43,0.46,2026-09-26,1841,N21,VIIRS,n,2.0NRT,,1.95,N,VIIRS_NOAA21_NRT,309.68,294.09,YES,,LOW
-3.79226,105.58391,,0.43,0.46,2026-09-26,1841,N21,VIIRS,n,2.0NRT,,1.62,N,VIIRS_NOAA21_NRT,310.88,293.85,YES,,LOW
-3.79171,105.5801,,0.43,0.46,2026-09-26,1841,N21,VIIRS,n,2.0NRT,,1.62,N,VIIRS_NOAA21_NRT,314.04,294.38,YES,,LOW
-3.7912,105.20548,,0.4,0.44,2026-09-26,1841,N21,VIIRS,n,2.0NRT,,3.76,N,VIIRS_NOAA21_NRT,322.23,294.12,YES,,LOW
-3.79116,105.57629,,0.43,0.46,2026-09-26,1841,N21,VIIRS,n,2.0NRT,,2.28,N,VIIRS_NOAA21_NRT,310.2,294.29,YES,,LOW
-3.79066,105.20187,,0.4,0.44,2026-09-26,1841,N21,VIIRS,n,2.0NRT,,3.76,N,VIIRS_NOAA21_NRT,349.56,299.11,YES,,LOW
-3.79062,105.58302,,0.43,0.46,2026-09-26,1841,N21,VIIRS,n,2.0NRT,,1.95,N,VIIRS_NOAA21_NRT,317.21,295.18,YES,,LOW
-3.79004,105.57922,,0.43,0.46,2026-09-26,1841,N21,VIIRS,n,2.0NRT,,1.95,N,VIIRS_NOAA21_NRT,311.99,294.51,YES,,LOW
-3.78946,105.57543,,0.43,0.46,2026-09-26,1841,N21,VIIRS,n,2.0NRT,,2.68,N,VIIRS_NOAA21_NRT,305.61,293.87,YES,,LOW
-3.78809,105.58455,,0.43,0.46,2026-09-26,1841,N21,VIIRS,n,2.0NRT,,1.62,N,VIIRS_NOAA21_NRT,305.8,292.78,YES,,LOW
-3.78754,105.58073,,0.43,0.46,2026-09-26,1841,N21,VIIRS,n,2.0NRT,,1.62,N,VIIRS_NOAA21_NRT,311.47,294.61,YES,,LOW
-3.78644,105.57312,,0.43,0.46,2026-09-26,1841,N21,VIIRS,n,2.0NRT,,2.28,N,VIIRS_NOAA21_NRT,307.83,294.22,YES,,LOW
-3.78589,105.56932,,0.43,0.46,2026-09-26,1841,N21,VIIRS,n,2.0NRT,,3.08,N,VIIRS_NOAA21_NRT,323.63,296.83,YES,,LOW
-3.78534,105.56552,,0.43,0.46,2026-09-26,1841,N21,VIIRS,n,2.0NRT,,3.08,N,VIIRS_NOAA21_NRT,308.66,294.82,YES,,LOW
-3.78472,105.57227,,0.43,0.46,2026-09-26,1841,N21,VIIRS,n,2.0NRT,,3.13,N,VIIRS_NOAA21_NRT,309.41,294.54,YES,,LOW
-3.78414,105.56847,,0.43,0.46,2026-09-26,1841,N21,VIIRS,n,2.0NRT,,3.6,N,VIIRS_NOAA21_NRT,333.18,299.45,YES,,LOW
-3.78356,105.56468,,0.42,0.46,2026-09-26,1841,N21,VIIRS,n,2.0NRT,,3.6,N,VIIRS_NOAA21_NRT,314.57,295.54,YES,,LOW
-3.7794,105.56532,,0.42,0.46,2026-09-26,1841,N21,VIIRS,n,2.0NRT,,3.6,N,VIIRS_NOAA21_NRT,314.82,294.78,YES,,LOW
-3.77882,105.56152,,0.42,0.46,2026-09-26,1841,N21,VIIRS,n,2.0NRT,,9.67,N,VIIRS_NOAA21_NRT,339.1,297.09,YES,,LOW
-3.77824,105.55773,,0.42,0.46,2026-09-26,1841,N21,VIIRS,n,2.0NRT,,9.67,N,VIIRS_NOAA21_NRT,349.36,300.67,YES,,LOW
-3.77767,105.55395,,0.42,0.46,2026-09-26,1841,N21,VIIRS,n,2.0NRT,,2.86,N,VIIRS_NOAA21_NRT,305.46,293.2,YES,,LOW
-3.77466,105.56216,,0.42,0.46,2026-09-26,1841,N21,VIIRS,n,2.0NRT,,8.48,N,VIIRS_NOAA21_NRT,349.02,300.87,YES,,LOW
-3.77408,105.55836,,0.42,0.46,2026-09-26,1841,N21,VIIRS,n,2.0NRT,,8.48,N,VIIRS_NOAA21_NRT,355.11,303.8,YES,,LOW
-3.77351,105.55457,,0.42,0.46,2026-09-26,1841,N21,VIIRS,n,2.0NRT,,4.87,N,VIIRS_NOAA21_NRT,334.71,297.58,YES,,LOW
-3.77293,105.5508,,0.42,0.45,2026-09-26,1841,N21,VIIRS,n,2.0NRT,,4.87,N,VIIRS_NOAA21_NRT,308.2,294.54,YES,,LOW
-3.77107,105.56657,,0.42,0.46,2026-09-26,1841,N21,VIIRS,n,2.0NRT,,2.88,N,VIIRS_NOAA21_NRT,305.48,293.15,YES,,LOW
-3.7705,105.56279,,0.42,0.46,2026-09-26,1841,N21,VIIRS,n,2.0NRT,,8.48,N,VIIRS_NOAA21_NRT,326.09,297.38,YES,,LOW
-3.76992,105.55901,,0.42,0.46,2026-09-26,1841,N21,VIIRS,n,2.0NRT,,8.48,N,VIIRS_NOAA21_NRT,327.16,296.93,YES,,LOW
-3.76935,105.55521,,0.42,0.46,2026-09-26,1841,N21,VIIRS,n,2.0NRT,,4.87,N,VIIRS_NOAA21_NRT,337.82,300.47,YES,,LOW
-3.76877,105.55143,,0.42,0.45,2026-09-26,1841,N21,VIIRS,n,2.0NRT,,4.87,N,VIIRS_NOAA21_NRT,326.32,297.87,YES,,LOW
-3.7682,105.54765,,0.42,0.45,2026-09-26,1841,N21,VIIRS,n,2.0NRT,,4.27,N,VIIRS_NOAA21_NRT,319.18,297.01,YES,,LOW
-3.76705,105.54009,,0.42,0.45,2026-09-26,1841,N21,VIIRS,n,2.0NRT,,1.52,N,VIIRS_NOAA21_NRT,314.03,293.96,YES,,LOW
-3.76648,105.53632,,0.42,0.45,2026-09-26,1841,N21,VIIRS,n,2.0NRT,,1.52,N,VIIRS_NOAA21_NRT,304.97,293.03,YES,,LOW
-3.76576,105.55963,,0.42,0.46,2026-09-26,1841,N21,VIIRS,n,2.0NRT,,4.71,N,VIIRS_NOAA21_NRT,330.95,297.66,YES,,LOW
-3.76519,105.55584,,0.42,0.46,2026-09-26,1841,N21,VIIRS,n,2.0NRT,,5.58,N,VIIRS_NOAA21_NRT,340.55,301.05,YES,,LOW
-3.76461,105.55206,,0.42,0.45,2026-09-26,1841,N21,VIIRS,n,2.0NRT,,5.58,N,VIIRS_NOAA21_NRT,331.54,298.65,YES,,LOW
-3.76404,105.54828,,0.42,0.45,2026-09-26,1841,N21,VIIRS,n,2.0NRT,,3.79,N,VIIRS_NOAA21_NRT,323.11,297.58,YES,,LOW
-3.7629,105.54073,,0.42,0.45,2026-09-26,1841,N21,VIIRS,n,2.0NRT,,1.61,N,VIIRS_NOAA21_NRT,309.73,293.93,YES,,LOW
-3.7616,105.56026,,0.42,0.46,2026-09-26,1841,N21,VIIRS,n,2.0NRT,,4.71,N,VIIRS_NOAA21_NRT,322.72,295.09,YES,,LOW
-3.76103,105.55647,,0.42,0.46,2026-09-26,1841,N21,VIIRS,n,2.0NRT,,5.58,N,VIIRS_NOAA21_NRT,321.62,296.17,YES,,LOW
-3.76046,105.55269,,0.42,0.45,2026-09-26,1841,N21,VIIRS,n,2.0NRT,,5.58,N,VIIRS_NOAA21_NRT,333.9,298.77,YES,,LOW
-3.75989,105.5489,,0.42,0.45,2026-09-26,1841,N21,VIIRS,n,2.0NRT,,3.79,N,VIIRS_NOAA21_NRT,323.69,297.04,YES,,LOW
-3.75931,105.54513,,0.42,0.45,2026-09-26,1841,N21,VIIRS,n,2.0NRT,,3.79,N,VIIRS_NOAA21_NRT,311.49,295.68,YES,,LOW
-3.75874,105.54135,,0.42,0.45,2026-09-26,1841,N21,VIIRS,n,2.0NRT,,1.61,N,VIIRS_NOAA21_NRT,310.05,294.5,YES,,LOW
-3.75687,105.55711,,0.42,0.46,2026-09-26,1841,N21,VIIRS,n,2.0NRT,,3.6,N,VIIRS_NOAA21_NRT,306.1,293.09,YES,,LOW
-3.7563,105.55332,,0.42,0.45,2026-09-26,1841,N21,VIIRS,n,2.0NRT,,3.6,N,VIIRS_NOAA21_NRT,331.74,297.86,YES,,LOW
-3.75573,105.54955,,0.42,0.45,2026-09-26,1841,N21,VIIRS,n,2.0NRT,,3.83,N,VIIRS_NOAA21_NRT,328.51,298.56,YES,,LOW
-3.75516,105.54576,,0.42,0.45,2026-09-26,1841,N21,VIIRS,n,2.0NRT,,3.83,N,VIIRS_NOAA21_NRT,312.79,295.6,YES,,LOW
-3.75459,105.54198,,0.42,0.45,2026-09-26,1841,N21,VIIRS,n,2.0NRT,,5.12,N,VIIRS_NOAA21_NRT,305.14,293.52,YES,,LOW
-3.75402,105.53821,,0.42,0.45,2026-09-26,1841,N21,VIIRS,n,2.0NRT,,5.12,N,VIIRS_NOAA21_NRT,325.28,294.29,YES,,LOW
-3.75271,105.55774,,0.42,0.46,2026-09-26,1841,N21,VIIRS,n,2.0NRT,,3.6,N,VIIRS_NOAA21_NRT,315.03,293.99,YES,,LOW
-3.75214,105.55396,,0.42,0.45,2026-09-26,1841,N21,VIIRS,n,2.0NRT,,3.6,N,VIIRS_NOAA21_NRT,333.5,298.93,YES,,LOW
-3.75157,105.55017,,0.42,0.45,2026-09-26,1841,N21,VIIRS,n,2.0NRT,,3.83,N,VIIRS_NOAA21_NRT,315.58,296.07,YES,,LOW
-3.75043,105.54262,,0.42,0.45,2026-09-26,1841,N21,VIIRS,n,2.0NRT,,5.12,N,VIIRS_NOAA21_NRT,334.16,297.03,YES,,LOW
-3.74986,105.53883,,0.42,0.45,2026-09-26,1841,N21,VIIRS,n,2.0NRT,,5.12,N,VIIRS_NOAA21_NRT,347.1,299.3,YES,,LOW
-3.74909,105.47746,,0.42,0.45,2026-09-26,1841,N21,VIIRS,n,2.0NRT,,2.08,N,VIIRS_NOAA21_NRT,305.58,293.19,YES,,LOW
-3.74798,105.55457,,0.42,0.45,2026-09-26,1841,N21,VIIRS,n,2.0NRT,,2.72,N,VIIRS_NOAA21_NRT,308.06,294.24,YES,,LOW
-3.74739,105.46626,,0.42,0.45,2026-09-26,1841,N21,VIIRS,n,2.0NRT,,1.19,N,VIIRS_NOAA21_NRT,306.05,292.63,YES,,LOW
-3.74683,105.46252,,0.42,0.45,2026-09-26,1841,N21,VIIRS,n,2.0NRT,,1.19,N,VIIRS_NOAA21_NRT,305.98,292.55,YES,,LOW
-3.74682,105.29672,,0.41,0.45,2026-09-26,1841,N21,VIIRS,n,2.0NRT,,1.69,N,VIIRS_NOAA21_NRT,319.9,292.77,YES,,LOW
-3.74642,105.29754,,0.41,0.45,2026-09-26,1841,N21,VIIRS,n,2.0NRT,,1.51,N,VIIRS_NOAA21_NRT,313.44,292.34,YES,,LOW
-3.74628,105.54324,,0.42,0.45,2026-09-26,1841,N21,VIIRS,n,2.0NRT,,5.0,N,VIIRS_NOAA21_NRT,325.09,295.55,YES,,LOW
-3.74571,105.53947,,0.42,0.45,2026-09-26,1841,N21,VIIRS,n,2.0NRT,,5.0,N,VIIRS_NOAA21_NRT,313.93,293.78,YES,,LOW
-3.74382,105.47062,,0.42,0.45,2026-09-26,1841,N21,VIIRS,n,2.0NRT,,22.55,N,VIIRS_NOAA21_NRT,355.47,301.89,YES,,HIGH
-3.74326,105.46688,,0.42,0.45,2026-09-26,1841,N21,VIIRS,n,2.0NRT,,32.26,N,VIIRS_NOAA21_NRT,352.9,310.93,YES,,HIGH
-3.74269,105.46316,,0.42,0.45,2026-09-26,1841,N21,VIIRS,n,2.0NRT,,32.26,N,VIIRS_NOAA21_NRT,352.72,315.37,YES,,HIGH
-3.74213,105.45943,,0.42,0.45,2026-09-26,1841,N21,VIIRS,h,2.0NRT,,38.71,N,VIIRS_NOAA21_NRT,367.0,306.74,YES,,HIGH
-3.74212,105.54388,,0.42,0.45,2026-09-26,1841,N21,VIIRS,n,2.0NRT,,5.0,N,VIIRS_NOAA21_NRT,312.81,293.06,YES,,LOW
-3.74192,105.57095,,0.42,0.46,2026-09-26,1841,N21,VIIRS,n,2.0NRT,,1.64,N,VIIRS_NOAA21_NRT,308.98,293.31,YES,,LOW
-3.74157,105.4557,,0.42,0.45,2026-09-26,1841,N21,VIIRS,h,2.0NRT,,38.71,N,VIIRS_NOAA21_NRT,367.0,306.04,YES,,HIGH
-3.74155,105.54009,,0.42,0.45,2026-09-26,1841,N21,VIIRS,n,2.0NRT,,5.0,N,VIIRS_NOAA21_NRT,343.28,299.24,YES,,LOW
-3.74101,105.45197,,0.42,0.45,2026-09-26,1841,N21,VIIRS,n,2.0NRT,,16.86,N,VIIRS_NOAA21_NRT,340.62,298.85,YES,,HIGH
-3.73912,105.46751,,0.42,0.45,2026-09-26,1841,N21,VIIRS,n,2.0NRT,,32.26,N,VIIRS_NOAA21_NRT,326.69,293.57,YES,,HIGH
-3.73856,105.46378,,0.42,0.45,2026-09-26,1841,N21,VIIRS,n,2.0NRT,,32.26,N,VIIRS_NOAA21_NRT,353.11,300.2,YES,,HIGH
-3.738,105.46004,,0.42,0.45,2026-09-26,1841,N21,VIIRS,n,2.0NRT,,38.71,N,VIIRS_NOAA21_NRT,346.61,317.18,YES,,HIGH
-3.73744,105.45631,,0.42,0.45,2026-09-26,1841,N21,VIIRS,h,2.0NRT,,38.71,N,VIIRS_NOAA21_NRT,367.0,313.57,YES,,HIGH
-3.7374,105.54073,,0.42,0.45,2026-09-26,1841,N21,VIIRS,n,2.0NRT,,1.84,N,VIIRS_NOAA21_NRT,310.42,292.62,YES,,LOW
-3.73688,105.4526,,0.42,0.45,2026-09-26,1841,N21,VIIRS,n,2.0NRT,,16.86,N,VIIRS_NOAA21_NRT,353.24,310.25,YES,,HIGH
-3.73632,105.44888,,0.42,0.45,2026-09-26,1841,N21,VIIRS,n,2.0NRT,,16.86,N,VIIRS_NOAA21_NRT,341.24,295.65,YES,,HIGH
-3.73443,105.4644,,0.42,0.45,2026-09-26,1841,N21,VIIRS,n,2.0NRT,,2.72,N,VIIRS_NOAA21_NRT,306.79,292.62,YES,,LOW
-3.73387,105.46068,,0.42,0.45,2026-09-26,1841,N21,VIIRS,n,2.0NRT,,12.14,N,VIIRS_NOAA21_NRT,350.02,295.68,YES,,HIGH
-3.73331,105.45695,,0.42,0.45,2026-09-26,1841,N21,VIIRS,h,2.0NRT,,12.14,N,VIIRS_NOAA21_NRT,367.0,299.96,YES,,HIGH
-3.73275,105.45322,,0.42,0.45,2026-09-26,1841,N21,VIIRS,h,2.0NRT,,19.62,N,VIIRS_NOAA21_NRT,367.0,303.05,YES,,HIGH
-3.73219,105.4495,,0.42,0.45,2026-09-26,1841,N21,VIIRS,n,2.0NRT,,19.62,N,VIIRS_NOAA21_NRT,354.14,304.54,YES,,HIGH
-3.73163,105.44577,,0.42,0.45,2026-09-26,1841,N21,VIIRS,n,2.0NRT,,7.82,N,VIIRS_NOAA21_NRT,324.6,293.61,YES,,LOW
-3.72918,105.45757,,0.42,0.45,2026-09-26,1841,N21,VIIRS,n,2.0NRT,,12.14,N,VIIRS_NOAA21_NRT,306.34,292.12,YES,,HIGH
-3.72862,105.45384,,0.42,0.45,2026-09-26,1841,N21,VIIRS,n,2.0NRT,,19.62,N,VIIRS_NOAA21_NRT,306.58,292.55,YES,,HIGH
-3.7285,105.397,,0.41,0.45,2026-09-26,1841,N21,VIIRS,n,2.0NRT,,2.4,N,VIIRS_NOAA21_NRT,316.41,292.4,YES,,LOW
-3.72439,105.39764,,0.41,0.45,2026-09-26,1841,N21,VIIRS,n,2.0NRT,,2.23,N,VIIRS_NOAA21_NRT,308.99,292.97,YES,,LOW
-3.72383,105.39394,,0.41,0.45,2026-09-26,1841,N21,VIIRS,n,2.0NRT,,4.0,N,VIIRS_NOAA21_NRT,324.75,293.35,YES,,LOW
-3.72027,105.39825,,0.41,0.45,2026-09-26,1841,N21,VIIRS,n,2.0NRT,,2.23,N,VIIRS_NOAA21_NRT,319.52,293.52,YES,,LOW
-3.69312,105.73892,,0.43,0.46,2026-09-26,1841,N21,VIIRS,n,2.0NRT,,2.79,N,VIIRS_NOAA21_NRT,319.06,291.03,YES,,LOW
-3.68891,105.73956,,0.43,0.46,2026-09-26,1841,N21,VIIRS,n,2.0NRT,,2.79,N,VIIRS_NOAA21_NRT,321.88,291.21,YES,,LOW
-3.68833,105.7357,,0.43,0.46,2026-09-26,1841,N21,VIIRS,n,2.0NRT,,2.79,N,VIIRS_NOAA21_NRT,313.65,292.41,YES,,LOW
-3.68523,105.33218,,0.41,0.45,2026-09-26,1841,N21,VIIRS,n,2.0NRT,,2.06,N,VIIRS_NOAA21_NRT,311.88,292.45,YES,,LOW
-3.68221,105.34012,,0.41,0.45,2026-09-26,1841,N21,VIIRS,n,2.0NRT,,0.86,N,VIIRS_NOAA21_NRT,305.17,292.14,YES,,LOW
-3.66049,105.7797,,0.44,0.46,2026-09-26,1841,N21,VIIRS,n,2.0NRT,,1.32,N,VIIRS_NOAA21_NRT,305.15,292.57,YES,,LOW
-3.61356,105.29848,,0.41,0.45,2026-09-26,1841,N21,VIIRS,n,2.0NRT,,0.69,N,VIIRS_NOAA21_NRT,303.07,291.73,YES,,LOW
-3.60948,105.2991,,0.41,0.45,2026-09-26,1841,N21,VIIRS,n,2.0NRT,,1.59,N,VIIRS_NOAA21_NRT,313.63,292.18,YES,,LOW
-3.60893,105.29549,,0.41,0.45,2026-09-26,1841,N21,VIIRS,n,2.0NRT,,1.59,N,VIIRS_NOAA21_NRT,313.94,293.51,YES,,LOW
-3.58518,105.61789,,0.43,0.46,2026-09-26,1841,N21,VIIRS,n,2.0NRT,,1.88,N,VIIRS_NOAA21_NRT,310.54,292.82,YES,,LOW
-3.58463,105.61411,,0.43,0.46,2026-09-26,1841,N21,VIIRS,n,2.0NRT,,0.75,N,VIIRS_NOAA21_NRT,302.72,291.66,YES,,LOW
-3.58341,105.61696,,0.43,0.46,2026-09-26,1841,N21,VIIRS,n,2.0NRT,,2.86,N,VIIRS_NOAA21_NRT,317.44,293.89,YES,,LOW
-3.57751,105.60622,,0.42,0.46,2026-09-26,1841,N21,VIIRS,n,2.0NRT,,1.18,N,VIIRS_NOAA21_NRT,306.58,292.52,YES,,LOW
-3.57692,105.60241,,0.42,0.46,2026-09-26,1841,N21,VIIRS,n,2.0NRT,,1.18,N,VIIRS_NOAA21_NRT,304.38,292.22,YES,,LOW
-3.57463,105.60395,,0.42,0.46,2026-09-26,1841,N21,VIIRS,n,2.0NRT,,2.41,N,VIIRS_NOAA21_NRT,309.79,292.86,YES,,LOW
-3.57118,105.70483,,0.43,0.46,2026-09-26,1841,N21,VIIRS,n,2.0NRT,,1.61,N,VIIRS_NOAA21_NRT,308.57,293.14,YES,,LOW
-3.56699,105.70547,,0.43,0.46,2026-09-26,1841,N21,VIIRS,n,2.0NRT,,1.61,N,VIIRS_NOAA21_NRT,302.97,292.34,YES,,LOW
-3.51961,105.64612,,0.43,0.46,2026-09-26,1841,N21,VIIRS,n,2.0NRT,,2.82,N,VIIRS_NOAA21_NRT,329.49,294.22,YES,,LOW
-3.51765,104.6937,,0.56,0.43,2026-09-26,1841,N21,VIIRS,n,2.0NRT,,2.38,N,VIIRS_NOAA21_NRT,310.71,292.46,YES,,LOW
-3.51689,104.68872,,0.56,0.43,2026-09-26,1841,N21,VIIRS,n,2.0NRT,,2.6,N,VIIRS_NOAA21_NRT,311.14,293.07,YES,,LOW
-3.51543,105.64674,,0.43,0.46,2026-09-26,1841,N21,VIIRS,n,2.0NRT,,2.82,N,VIIRS_NOAA21_NRT,305.76,292.35,YES,,LOW
-3.51534,105.22802,,0.4,0.44,2026-09-26,1841,N21,VIIRS,n,2.0NRT,,1.2,N,VIIRS_NOAA21_NRT,307.98,292.72,YES,,LOW
-3.51129,105.22863,,0.4,0.44,2026-09-26,1841,N21,VIIRS,n,2.0NRT,,1.2,N,VIIRS_NOAA21_NRT,305.2,293.0,YES,,LOW
-3.47215,105.16178,,0.4,0.44,2026-09-26,1841,N21,VIIRS,n,2.0NRT,,1.93,N,VIIRS_NOAA21_NRT,316.46,293.08,YES,,LOW
-3.4694,105.66391,,0.43,0.46,2026-09-26,1841,N21,VIIRS,n,2.0NRT,,0.91,N,VIIRS_NOAA21_NRT,304.96,292.27,YES,,LOW
-3.46026,105.57637,,0.42,0.45,2026-09-26,1841,N21,VIIRS,n,2.0NRT,,1.2,N,VIIRS_NOAA21_NRT,304.15,292.86,YES,,LOW
-3.45969,105.57262,,0.42,0.45,2026-09-26,1841,N21,VIIRS,n,2.0NRT,,1.2,N,VIIRS_NOAA21_NRT,306.6,292.69,YES,,LOW
-3.44626,105.54018,,0.42,0.45,2026-09-26,1841,N21,VIIRS,n,2.0NRT,,2.49,N,VIIRS_NOAA21_NRT,309.34,292.46,YES,,LOW
-3.44569,105.53645,,0.42,0.45,2026-09-26,1841,N21,VIIRS,n,2.0NRT,,2.49,N,VIIRS_NOAA21_NRT,322.3,292.68,YES,,LOW
-3.44351,105.41691,,0.41,0.45,2026-09-26,1841,N21,VIIRS,n,2.0NRT,,0.41,N,VIIRS_NOAA21_NRT,303.42,290.58,YES,,LOW
-3.44269,105.54456,,0.42,0.45,2026-09-26,1841,N21,VIIRS,n,2.0NRT,,1.51,N,VIIRS_NOAA21_NRT,303.92,292.14,YES,,LOW
-3.44212,105.54082,,0.42,0.45,2026-09-26,1841,N21,VIIRS,n,2.0NRT,,2.49,N,VIIRS_NOAA21_NRT,307.49,292.65,YES,,LOW
-3.44155,105.53708,,0.42,0.45,2026-09-26,1841,N21,VIIRS,n,2.0NRT,,2.49,N,VIIRS_NOAA21_NRT,339.97,293.46,YES,,LOW
-3.44006,105.19572,,0.4,0.44,2026-09-26,1841,N21,VIIRS,n,2.0NRT,,0.81,N,VIIRS_NOAA21_NRT,303.97,291.8,YES,,LOW
-3.43602,105.19634,,0.4,0.44,2026-09-26,1841,N21,VIIRS,n,2.0NRT,,6.98,N,VIIRS_NOAA21_NRT,331.34,295.47,YES,,LOW
-3.43549,105.19278,,0.4,0.44,2026-09-26,1841,N21,VIIRS,n,2.0NRT,,4.5,N,VIIRS_NOAA21_NRT,323.15,294.81,YES,,LOW
-3.43198,105.19696,,0.4,0.44,2026-09-26,1841,N21,VIIRS,n,2.0NRT,,6.98,N,VIIRS_NOAA21_NRT,339.72,296.69,YES,,LOW
-3.43145,105.19341,,0.4,0.44,2026-09-26,1841,N21,VIIRS,n,2.0NRT,,4.5,N,VIIRS_NOAA21_NRT,341.39,297.74,YES,,LOW
-3.43092,105.18985,,0.4,0.44,2026-09-26,1841,N21,VIIRS,n,2.0NRT,,4.5,N,VIIRS_NOAA21_NRT,304.22,292.99,YES,,LOW
-3.42741,105.19402,,0.4,0.44,2026-09-26,1841,N21,VIIRS,n,2.0NRT,,1.72,N,VIIRS_NOAA21_NRT,303.29,292.48,YES,,LOW
-3.37948,105.26608,,0.4,0.44,2026-09-26,1841,N21,VIIRS,n,2.0NRT,,2.68,N,VIIRS_NOAA21_NRT,305.71,291.69,YES,,LOW
-3.37894,105.2625,,0.4,0.44,2026-09-26,1841,N21,VIIRS,n,2.0NRT,,2.68,N,VIIRS_NOAA21_NRT,310.13,292.21,YES,,LOW
-3.3776,105.33637,,0.41,0.45,2026-09-26,1841,N21,VIIRS,n,2.0NRT,,2.6,N,VIIRS_NOAA21_NRT,314.22,292.32,YES,,LOW
-3.37543,105.26671,,0.4,0.44,2026-09-26,1841,N21,VIIRS,n,2.0NRT,,2.68,N,VIIRS_NOAA21_NRT,302.92,292.11,YES,,LOW
-3.37488,105.26312,,0.4,0.44,2026-09-26,1841,N21,VIIRS,n,2.0NRT,,2.68,N,VIIRS_NOAA21_NRT,341.52,296.99,YES,,LOW
-3.37434,105.25954,,0.4,0.44,2026-09-26,1841,N21,VIIRS,n,2.0NRT,,6.3,N,VIIRS_NOAA21_NRT,337.17,295.58,YES,,LOW
-3.37406,105.34061,,0.41,0.45,2026-09-26,1841,N21,VIIRS,n,2.0NRT,,1.96,N,VIIRS_NOAA21_NRT,320.68,291.52,YES,,LOW
-3.37083,105.26373,,0.4,0.44,2026-09-26,1841,N21,VIIRS,n,2.0NRT,,2.03,N,VIIRS_NOAA21_NRT,302.69,292.23,YES,,LOW
-3.37029,105.26015,,0.4,0.44,2026-09-26,1841,N21,VIIRS,n,2.0NRT,,4.01,N,VIIRS_NOAA21_NRT,327.13,294.55,YES,,LOW
-3.36998,105.34123,,0.41,0.45,2026-09-26,1841,N21,VIIRS,n,2.0NRT,,1.96,N,VIIRS_NOAA21_NRT,315.8,291.6,YES,,LOW
-3.35652,105.2513,,0.4,0.44,2026-09-26,1841,N21,VIIRS,n,2.0NRT,,1.1,N,VIIRS_NOAA21_NRT,310.8,291.65,YES,,LOW
-3.35269,105.28117,,0.4,0.44,2026-09-26,1841,N21,VIIRS,n,2.0NRT,,2.96,N,VIIRS_NOAA21_NRT,313.81,293.8,YES,,LOW
-3.35247,105.25192,,0.4,0.44,2026-09-26,1841,N21,VIIRS,n,2.0NRT,,4.57,N,VIIRS_NOAA21_NRT,335.41,294.29,YES,,LOW
-3.33872,105.24307,,0.4,0.44,2026-09-26,1841,N21,VIIRS,n,2.0NRT,,1.42,N,VIIRS_NOAA21_NRT,307.84,292.63,YES,,LOW
-3.31257,105.1781,,0.4,0.44,2026-09-26,1841,N21,VIIRS,n,2.0NRT,,3.27,N,VIIRS_NOAA21_NRT,323.74,292.22,YES,,LOW
-3.31209,105.28741,,0.4,0.44,2026-09-26,1841,N21,VIIRS,n,2.0NRT,,0.82,N,VIIRS_NOAA21_NRT,304.75,292.08,YES,,LOW
-3.31204,105.17458,,0.4,0.44,2026-09-26,1841,N21,VIIRS,n,2.0NRT,,3.37,N,VIIRS_NOAA21_NRT,326.09,293.06,YES,,LOW
-3.31184,105.28777,,0.4,0.44,2026-09-26,1841,N21,VIIRS,n,2.0NRT,,0.84,N,VIIRS_NOAA21_NRT,304.74,292.22,YES,,LOW
-3.30906,105.18226,,0.4,0.44,2026-09-26,1841,N21,VIIRS,n,2.0NRT,,9.19,N,VIIRS_NOAA21_NRT,341.39,294.07,YES,,LOW
-3.30854,105.17872,,0.4,0.44,2026-09-26,1841,N21,VIIRS,n,2.0NRT,,9.19,N,VIIRS_NOAA21_NRT,345.73,297.1,YES,,LOW
-3.30802,105.17519,,0.4,0.44,2026-09-26,1841,N21,VIIRS,n,2.0NRT,,2.45,N,VIIRS_NOAA21_NRT,310.51,292.83,YES,,LOW
-3.29766,105.10499,,0.39,0.44,2026-09-26,1841,N21,VIIRS,n,2.0NRT,,7.92,N,VIIRS_NOAA21_NRT,342.38,295.37,YES,,LOW
-3.29715,105.10149,,0.39,0.44,2026-09-26,1841,N21,VIIRS,n,2.0NRT,,7.92,N,VIIRS_NOAA21_NRT,346.38,300.56,YES,,LOW
-3.29674,105.12659,,0.39,0.44,2026-09-26,1841,N21,VIIRS,n,2.0NRT,,0.76,N,VIIRS_NOAA21_NRT,304.08,291.08,YES,,LOW
-3.29623,105.12309,,0.39,0.44,2026-09-26,1841,N21,VIIRS,n,2.0NRT,,0.76,N,VIIRS_NOAA21_NRT,304.43,291.3,YES,,LOW
-3.29365,105.1056,,0.39,0.44,2026-09-26,1841,N21,VIIRS,n,2.0NRT,,7.92,N,VIIRS_NOAA21_NRT,305.4,292.5,YES,,LOW
-3.29342,105.27592,,0.4,0.44,2026-09-26,1841,N21,VIIRS,n,2.0NRT,,2.27,N,VIIRS_NOAA21_NRT,317.32,293.59,YES,,LOW
-3.29314,105.10212,,0.39,0.44,2026-09-26,1841,N21,VIIRS,n,2.0NRT,,7.92,N,VIIRS_NOAA21_NRT,303.61,292.55,YES,,LOW
-3.29287,105.27235,,0.4,0.44,2026-09-26,1841,N21,VIIRS,n,2.0NRT,,3.96,N,VIIRS_NOAA21_NRT,325.5,295.4,YES,,LOW
-3.28936,105.27655,,0.4,0.44,2026-09-26,1841,N21,VIIRS,n,2.0NRT,,5.49,N,VIIRS_NOAA21_NRT,335.56,294.65,YES,,LOW
-3.28882,105.27296,,0.4,0.44,2026-09-26,1841,N21,VIIRS,n,2.0NRT,,7.48,N,VIIRS_NOAA21_NRT,338.97,295.79,YES,,LOW
-3.28144,105.14376,,0.39,0.44,2026-09-26,1841,N21,VIIRS,n,2.0NRT,,1.6,N,VIIRS_NOAA21_NRT,307.64,291.78,YES,,LOW
-3.27742,105.14438,,0.39,0.44,2026-09-26,1841,N21,VIIRS,n,2.0NRT,,1.55,N,VIIRS_NOAA21_NRT,307.45,291.88,YES,,LOW
-3.27688,105.14087,,0.39,0.44,2026-09-26,1841,N21,VIIRS,n,2.0NRT,,1.55,N,VIIRS_NOAA21_NRT,311.12,292.82,YES,,LOW
-3.26938,105.14561,,0.39,0.44,2026-09-26,1841,N21,VIIRS,n,2.0NRT,,1.62,N,VIIRS_NOAA21_NRT,312.67,292.94,YES,,LOW
-3.26804,105.16374,,0.39,0.44,2026-09-26,1841,N21,VIIRS,n,2.0NRT,,0.4,N,VIIRS_NOAA21_NRT,302.6,291.5,YES,,LOW
-3.2675,105.16023,,0.39,0.44,2026-09-26,1841,N21,VIIRS,n,2.0NRT,,1.34,N,VIIRS_NOAA21_NRT,308.37,292.23,YES,,LOW
-3.26697,105.15672,,0.39,0.44,2026-09-26,1841,N21,VIIRS,n,2.0NRT,,1.34,N,VIIRS_NOAA21_NRT,313.62,293.35,YES,,LOW
-3.25975,105.13632,,0.39,0.44,2026-09-26,1841,N21,VIIRS,n,2.0NRT,,2.7,N,VIIRS_NOAA21_NRT,320.32,293.43,YES,,LOW
-3.25278,105.14455,,0.39,0.44,2026-09-26,1841,N21,VIIRS,n,2.0NRT,,1.25,N,VIIRS_NOAA21_NRT,308.59,292.67,YES,,LOW
-3.23547,105.33252,,0.4,0.44,2026-09-26,1841,N21,VIIRS,n,2.0NRT,,0.98,N,VIIRS_NOAA21_NRT,302.46,291.87,YES,,LOW
-3.23105,104.97442,,0.38,0.43,2026-09-26,1841,N21,VIIRS,n,2.0NRT,,0.96,N,VIIRS_NOAA21_NRT,302.37,292.16,YES,,LOW
-3.23053,104.97101,,0.38,0.43,2026-09-26,1841,N21,VIIRS,n,2.0NRT,,0.96,N,VIIRS_NOAA21_NRT,305.53,292.85,YES,,LOW
-3.22863,104.98528,,0.38,0.43,2026-09-26,1841,N21,VIIRS,n,2.0NRT,,1.35,N,VIIRS_NOAA21_NRT,305.2,290.86,YES,,LOW
-3.22811,104.98186,,0.38,0.43,2026-09-26,1841,N21,VIIRS,n,2.0NRT,,2.07,N,VIIRS_NOAA21_NRT,326.72,293.19,YES,,LOW
-3.22759,104.97845,,0.38,0.43,2026-09-26,1841,N21,VIIRS,n,2.0NRT,,2.07,N,VIIRS_NOAA21_NRT,302.41,291.99,YES,,LOW
-3.17683,104.91049,,0.57,0.43,2026-09-26,1841,N21,VIIRS,n,2.0NRT,,1.47,N,VIIRS_NOAA21_NRT,313.5,291.95,YES,,LOW
-3.16705,105.40484,,0.41,0.45,2026-09-26,1841,N21,VIIRS,n,2.0NRT,,0.58,N,VIIRS_NOAA21_NRT,301.97,291.33,YES,,LOW
-3.1578,105.39886,,0.41,0.45,2026-09-26,1841,N21,VIIRS,n,2.0NRT,,1.52,N,VIIRS_NOAA21_NRT,312.49,292.7,YES,,LOW
-3.15726,105.39523,,0.41,0.45,2026-09-26,1841,N21,VIIRS,n,2.0NRT,,5.2,N,VIIRS_NOAA21_NRT,323.92,294.17,YES,,LOW
-3.15672,105.39162,,0.41,0.45,2026-09-26,1841,N21,VIIRS,n,2.0NRT,,5.2,N,VIIRS_NOAA21_NRT,326.51,293.92,YES,,LOW
-3.15264,105.39225,,0.41,0.45,2026-09-26,1841,N21,VIIRS,n,2.0NRT,,5.2,N,VIIRS_NOAA21_NRT,345.93,296.39,YES,,LOW
-3.1521,105.38863,,0.41,0.45,2026-09-26,1841,N21,VIIRS,n,2.0NRT,,3.97,N,VIIRS_NOAA21_NRT,326.44,294.78,YES,,LOW
-3.15156,105.38499,,0.41,0.45,2026-09-26,1841,N21,VIIRS,n,2.0NRT,,3.97,N,VIIRS_NOAA21_NRT,322.29,294.49,YES,,LOW
-3.15102,105.38137,,0.41,0.45,2026-09-26,1841,N21,VIIRS,n,2.0NRT,,1.61,N,VIIRS_NOAA21_NRT,303.39,292.55,YES,,LOW
-3.14802,105.38923,,0.41,0.45,2026-09-26,1841,N21,VIIRS,n,2.0NRT,,1.81,N,VIIRS_NOAA21_NRT,312.99,292.29,YES,,LOW
-3.14386,105.06093,,0.39,0.44,2026-09-26,1841,N21,VIIRS,n,2.0NRT,,1.08,N,VIIRS_NOAA21_NRT,312.0,292.49,YES,,LOW
-3.10968,105.10513,,0.39,0.44,2026-09-26,1841,N21,VIIRS,n,2.0NRT,,2.17,N,VIIRS_NOAA21_NRT,311.64,292.6,YES,,LOW
-3.10175,105.21729,,0.4,0.44,2026-09-26,1841,N21,VIIRS,n,2.0NRT,,3.75,N,VIIRS_NOAA21_NRT,323.62,294.22,YES,,LOW
-3.10123,105.21376,,0.4,0.44,2026-09-26,1841,N21,VIIRS,n,2.0NRT,,4.58,N,VIIRS_NOAA21_NRT,321.17,295.14,NO,0.319,MONITORING
-3.0972,105.21438,,0.4,0.44,2026-09-26,1841,N21,VIIRS,n,2.0NRT,,2.1,N,VIIRS_NOAA21_NRT,318.16,295.0,NO,0.327,MONITORING
-3.09421,105.22205,,0.4,0.44,2026-09-26,1841,N21,VIIRS,n,2.0NRT,,3.56,N,VIIRS_NOAA21_NRT,308.91,293.19,YES,,LOW
-3.09369,105.21852,,0.4,0.44,2026-09-26,1841,N21,VIIRS,n,2.0NRT,,3.56,N,VIIRS_NOAA21_NRT,328.24,294.58,YES,,LOW
-3.09317,105.215,,0.4,0.44,2026-09-26,1841,N21,VIIRS,n,2.0NRT,,2.1,N,VIIRS_NOAA21_NRT,320.54,293.14,NO,0.173,MONITORING
-3.08617,105.28425,,0.4,0.44,2026-09-26,1841,N21,VIIRS,n,2.0NRT,,1.06,N,VIIRS_NOAA21_NRT,305.05,292.23,YES,,LOW
-3.08321,105.29197,,0.4,0.44,2026-09-26,1841,N21,VIIRS,n,2.0NRT,,1.63,N,VIIRS_NOAA21_NRT,305.26,292.66,YES,,LOW
-3.08267,105.28842,,0.4,0.44,2026-09-26,1841,N21,VIIRS,n,2.0NRT,,1.23,N,VIIRS_NOAA21_NRT,305.59,292.74,YES,,LOW
-3.08213,105.28487,,0.4,0.44,2026-09-26,1841,N21,VIIRS,n,2.0NRT,,1.23,N,VIIRS_NOAA21_NRT,306.42,292.96,YES,,LOW
-3.06808,105.0726,,0.39,0.44,2026-09-26,1841,N21,VIIRS,n,2.0NRT,,1.82,N,VIIRS_NOAA21_NRT,302.36,292.08,NO,1.327,MONITORING
-3.0624,105.07661,,0.39,0.44,2026-09-26,1841,N21,VIIRS,n,2.0NRT,,2.75,N,VIIRS_NOAA21_NRT,311.75,292.21,NO,0.851,MONITORING
-3.05841,105.07722,,0.39,0.44,2026-09-26,1841,N21,VIIRS,n,2.0NRT,,1.81,N,VIIRS_NOAA21_NRT,311.6,291.65,NO,0.739,MONITORING
-3.05159,105.60981,,0.42,0.45,2026-09-26,1841,N21,VIIRS,n,2.0NRT,,2.44,N,VIIRS_NOAA21_NRT,311.13,293.32,YES,,LOW
-3.04829,105.58746,,0.42,0.45,2026-09-26,1841,N21,VIIRS,n,2.0NRT,,2.63,N,VIIRS_NOAA21_NRT,311.25,293.41,YES,,LOW
-3.04775,105.58374,,0.42,0.45,2026-09-26,1841,N21,VIIRS,n,2.0NRT,,1.43,N,VIIRS_NOAA21_NRT,307.38,292.66,YES,,LOW
-3.04746,105.61045,,0.42,0.45,2026-09-26,1841,N21,VIIRS,n,2.0NRT,,1.32,N,VIIRS_NOAA21_NRT,309.01,292.87,YES,,LOW
-3.04691,105.60672,,0.42,0.45,2026-09-26,1841,N21,VIIRS,n,2.0NRT,,3.79,N,VIIRS_NOAA21_NRT,319.16,294.67,YES,,LOW
-3.04636,105.60299,,0.42,0.45,2026-09-26,1841,N21,VIIRS,n,2.0NRT,,3.79,N,VIIRS_NOAA21_NRT,307.95,293.53,YES,,LOW
-3.04527,105.59554,,0.42,0.45,2026-09-26,1841,N21,VIIRS,n,2.0NRT,,8.8,N,VIIRS_NOAA21_NRT,311.26,293.44,YES,,LOW
-3.04472,105.59181,,0.42,0.45,2026-09-26,1841,N21,VIIRS,n,2.0NRT,,11.71,N,VIIRS_NOAA21_NRT,326.33,295.49,YES,,HIGH
-3.04417,105.58809,,0.42,0.45,2026-09-26,1841,N21,VIIRS,n,2.0NRT,,11.71,N,VIIRS_NOAA21_NRT,341.71,298.7,YES,,HIGH
-3.04362,105.58437,,0.42,0.45,2026-09-26,1841,N21,VIIRS,n,2.0NRT,,4.63,N,VIIRS_NOAA21_NRT,324.31,295.28,YES,,LOW
-3.04278,105.60735,,0.42,0.45,2026-09-26,1841,N21,VIIRS,n,2.0NRT,,3.79,N,VIIRS_NOAA21_NRT,310.58,293.04,YES,,LOW
-3.04224,105.60362,,0.42,0.45,2026-09-26,1841,N21,VIIRS,n,2.0NRT,,3.79,N,VIIRS_NOAA21_NRT,345.15,300.77,YES,,LOW
-3.04169,105.59989,,0.42,0.45,2026-09-26,1841,N21,VIIRS,n,2.0NRT,,8.8,N,VIIRS_NOAA21_NRT,346.76,301.31,YES,,LOW
-3.04114,105.59618,,0.42,0.45,2026-09-26,1841,N21,VIIRS,n,2.0NRT,,8.8,N,VIIRS_NOAA21_NRT,355.23,303.8,YES,,LOW
-3.04059,105.59245,,0.42,0.45,2026-09-26,1841,N21,VIIRS,h,2.0NRT,,11.71,N,VIIRS_NOAA21_NRT,367.0,307.51,YES,,HIGH
-3.04004,105.58873,,0.42,0.45,2026-09-26,1841,N21,VIIRS,h,2.0NRT,,11.71,N,VIIRS_NOAA21_NRT,367.0,304.53,YES,,HIGH
-3.03951,105.60388,,0.42,0.45,2026-09-26,1841,N21,VIIRS,n,2.0NRT,,4.68,N,VIIRS_NOAA21_NRT,336.96,297.63,YES,,LOW
-3.0395,105.58501,,0.42,0.45,2026-09-26,1841,N21,VIIRS,n,2.0NRT,,4.63,N,VIIRS_NOAA21_NRT,323.89,295.14,YES,,LOW
-3.03893,105.60017,,0.42,0.45,2026-09-26,1841,N21,VIIRS,n,2.0NRT,,11.41,N,VIIRS_NOAA21_NRT,351.34,303.17,YES,,HIGH
-3.03836,105.59645,,0.42,0.45,2026-09-26,1841,N21,VIIRS,n,2.0NRT,,11.41,N,VIIRS_NOAA21_NRT,354.29,304.36,YES,,HIGH
-3.03811,105.60426,,0.42,0.45,2026-09-26,1841,N21,VIIRS,n,2.0NRT,,2.52,N,VIIRS_NOAA21_NRT,321.81,294.8,YES,,LOW
-3.03779,105.59274,,0.42,0.45,2026-09-26,1841,N21,VIIRS,h,2.0NRT,,19.25,N,VIIRS_NOAA21_NRT,367.0,307.59,YES,,HIGH
-3.03756,105.60053,,0.42,0.45,2026-09-26,1841,N21,VIIRS,n,2.0NRT,,11.05,N,VIIRS_NOAA21_NRT,344.91,300.8,YES,,HIGH
-3.03721,105.58904,,0.42,0.45,2026-09-26,1841,N21,VIIRS,h,2.0NRT,,19.25,N,VIIRS_NOAA21_NRT,367.0,305.54,YES,,HIGH
-3.03701,105.59681,,0.42,0.45,2026-09-26,1841,N21,VIIRS,n,2.0NRT,,11.05,N,VIIRS_NOAA21_NRT,354.15,304.59,YES,,HIGH
-3.03664,105.58533,,0.42,0.45,2026-09-26,1841,N21,VIIRS,n,2.0NRT,,8.13,N,VIIRS_NOAA21_NRT,335.67,297.41,YES,,LOW
-3.03647,105.59308,,0.42,0.45,2026-09-26,1841,N21,VIIRS,h,2.0NRT,,19.3,N,VIIRS_NOAA21_NRT,367.0,305.85,YES,,HIGH
-3.03607,105.58163,,0.42,0.45,2026-09-26,1841,N21,VIIRS,n,2.0NRT,,8.13,N,VIIRS_NOAA21_NRT,307.54,292.99,YES,,LOW
-3.03592,105.58936,,0.42,0.45,2026-09-26,1841,N21,VIIRS,h,2.0NRT,,19.3,N,VIIRS_NOAA21_NRT,367.0,306.33,YES,,HIGH
-3.03538,105.60452,,0.42,0.45,2026-09-26,1841,N21,VIIRS,n,2.0NRT,,4.68,N,VIIRS_NOAA21_NRT,309.83,292.89,YES,,LOW
-3.03537,105.58564,,0.42,0.45,2026-09-26,1841,N21,VIIRS,n,2.0NRT,,8.95,N,VIIRS_NOAA21_NRT,339.65,298.18,YES,,LOW
-3.03483,105.58193,,0.42,0.45,2026-09-26,1841,N21,VIIRS,n,2.0NRT,,8.95,N,VIIRS_NOAA21_NRT,310.83,293.25,YES,,LOW
-3.03481,105.6008,,0.42,0.45,2026-09-26,1841,N21,VIIRS,n,2.0NRT,,11.41,N,VIIRS_NOAA21_NRT,340.29,299.26,YES,,HIGH
-3.03424,105.59708,,0.42,0.45,2026-09-26,1841,N21,VIIRS,n,2.0NRT,,11.41,N,VIIRS_NOAA21_NRT,355.11,304.04,YES,,HIGH
-3.03398,105.6049,,0.42,0.45,2026-09-26,1841,N21,VIIRS,n,2.0NRT,,2.52,N,VIIRS_NOAA21_NRT,304.7,292.03,YES,,LOW
-3.03366,105.59337,,0.42,0.45,2026-09-26,1841,N21,VIIRS,h,2.0NRT,,19.25,N,VIIRS_NOAA21_NRT,367.0,306.21,YES,,HIGH
-3.03343,105.60117,,0.42,0.45,2026-09-26,1841,N21,VIIRS,n,2.0NRT,,11.05,N,VIIRS_NOAA21_NRT,338.56,298.18,YES,,HIGH
-3.03309,105.58966,,0.42,0.45,2026-09-26,1841,N21,VIIRS,h,2.0NRT,,19.25,N,VIIRS_NOAA21_NRT,367.0,307.05,YES,,HIGH
-3.03289,105.59744,,0.42,0.45,2026-09-26,1841,N21,VIIRS,h,2.0NRT,,11.05,N,VIIRS_NOAA21_NRT,367.0,304.05,YES,,HIGH
-3.03252,105.58595,,0.42,0.45,2026-09-26,1841,N21,VIIRS,h,2.0NRT,,8.13,N,VIIRS_NOAA21_NRT,367.0,303.41,YES,,LOW
-3.03234,105.59371,,0.42,0.45,2026-09-26,1841,N21,VIIRS,h,2.0NRT,,19.3,N,VIIRS_NOAA21_NRT,367.0,306.52,YES,,HIGH
-3.03195,105.58224,,0.42,0.45,2026-09-26,1841,N21,VIIRS,n,2.0NRT,,8.13,N,VIIRS_NOAA21_NRT,331.47,295.76,YES,,LOW
-3.0318,105.58999,,0.42,0.45,2026-09-26,1841,N21,VIIRS,h,2.0NRT,,19.3,N,VIIRS_NOAA21_NRT,367.0,306.99,YES,,HIGH
-3.03125,105.58627,,0.42,0.45,2026-09-26,1841,N21,VIIRS,h,2.0NRT,,8.95,N,VIIRS_NOAA21_NRT,367.0,304.73,YES,,LOW
-3.03071,105.58256,,0.42,0.45,2026-09-26,1841,N21,VIIRS,n,2.0NRT,,8.95,N,VIIRS_NOAA21_NRT,337.32,296.71,YES,,LOW
-3.03068,105.60143,,0.42,0.45,2026-09-26,1841,N21,VIIRS,n,2.0NRT,,6.53,N,VIIRS_NOAA21_NRT,326.16,294.84,YES,,LOW
-3.03011,105.59772,,0.42,0.45,2026-09-26,1841,N21,VIIRS,n,2.0NRT,,6.53,N,VIIRS_NOAA21_NRT,354.93,303.45,YES,,LOW
-3.02954,105.594,,0.42,0.45,2026-09-26,1841,N21,VIIRS,h,2.0NRT,,17.15,N,VIIRS_NOAA21_NRT,367.0,305.38,YES,,HIGH
-3.02897,105.59029,,0.42,0.45,2026-09-26,1841,N21,VIIRS,h,2.0NRT,,17.15,N,VIIRS_NOAA21_NRT,367.0,306.06,YES,,HIGH
-3.0284,105.58658,,0.42,0.45,2026-09-26,1841,N21,VIIRS,h,2.0NRT,,9.38,N,VIIRS_NOAA21_NRT,367.0,303.36,YES,,LOW
-3.02783,105.58287,,0.42,0.45,2026-09-26,1841,N21,VIIRS,n,2.0NRT,,9.38,N,VIIRS_NOAA21_NRT,337.83,296.27,YES,,LOW
-3.02656,105.60206,,0.42,0.45,2026-09-26,1841,N21,VIIRS,n,2.0NRT,,6.53,N,VIIRS_NOAA21_NRT,305.84,292.34,YES,,LOW
-3.0265,105.08209,,0.39,0.44,2026-09-26,1841,N21,VIIRS,n,2.0NRT,,1.79,N,VIIRS_NOAA21_NRT,303.38,291.99,NO,0.044,MONITORING
-3.02599,105.59834,,0.42,0.45,2026-09-26,1841,N21,VIIRS,n,2.0NRT,,6.53,N,VIIRS_NOAA21_NRT,332.5,296.89,YES,,LOW
-3.02541,105.59463,,0.42,0.45,2026-09-26,1841,N21,VIIRS,h,2.0NRT,,17.15,N,VIIRS_NOAA21_NRT,367.0,302.82,YES,,HIGH
-3.02484,105.59091,,0.42,0.45,2026-09-26,1841,N21,VIIRS,h,2.0NRT,,17.15,N,VIIRS_NOAA21_NRT,367.0,304.05,YES,,HIGH
-3.02427,105.58721,,0.42,0.45,2026-09-26,1841,N21,VIIRS,n,2.0NRT,,9.38,N,VIIRS_NOAA21_NRT,338.29,296.06,YES,,LOW
-3.02371,105.5835,,0.42,0.45,2026-09-26,1841,N21,VIIRS,n,2.0NRT,,9.38,N,VIIRS_NOAA21_NRT,320.66,293.85,YES,,LOW
-3.02129,105.59526,,0.42,0.45,2026-09-26,1841,N21,VIIRS,n,2.0NRT,,1.21,N,VIIRS_NOAA21_NRT,307.08,292.41,YES,,LOW
-3.02072,105.59155,,0.42,0.45,2026-09-26,1841,N21,VIIRS,n,2.0NRT,,1.21,N,VIIRS_NOAA21_NRT,302.79,292.15,YES,,LOW
-2.94233,105.13428,,0.39,0.44,2026-09-26,1841,N21,VIIRS,n,2.0NRT,,0.91,N,VIIRS_NOAA21_NRT,310.63,291.47,NO,0.199,MONITORING
-2.86817,104.72864,,0.55,0.43,2026-09-26,1841,N21,VIIRS,n,2.0NRT,,0.81,N,VIIRS_NOAA21_NRT,303.63,291.56,NO,24.018,MONITORING
-2.86428,104.72924,,0.55,0.43,2026-09-26,1841,N21,VIIRS,n,2.0NRT,,9.39,N,VIIRS_NOAA21_NRT,344.87,293.89,NO,24.409,MONITORING
-2.80761,105.1758,,0.39,0.44,2026-09-26,1841,N21,VIIRS,n,2.0NRT,,1.02,N,VIIRS_NOAA21_NRT,303.99,292.23,NO,8.113,MONITORING
-2.80708,105.17232,,0.39,0.44,2026-09-26,1841,N21,VIIRS,n,2.0NRT,,1.59,N,VIIRS_NOAA21_NRT,310.9,293.26,NO,8.442,MONITORING
-2.80256,105.16946,,0.39,0.44,2026-09-26,1841,N21,VIIRS,n,2.0NRT,,1.59,N,VIIRS_NOAA21_NRT,309.2,292.9,NO,8.242,MONITORING
-2.79961,105.17702,,0.39,0.44,2026-09-26,1841,N21,VIIRS,n,2.0NRT,,1.79,N,VIIRS_NOAA21_NRT,305.93,292.74,NO,7.462,MONITORING
-2.75199,105.28019,,0.39,0.44,2026-09-26,1841,N21,VIIRS,n,2.0NRT,,1.32,N,VIIRS_NOAA21_NRT,304.47,294.05,YES,,LOW
-2.71891,106.08153,,0.44,0.46,2026-09-26,1841,N21,VIIRS,n,2.0NRT,,0.62,N,VIIRS_NOAA21_NRT,302.93,291.65,NO,28.513,MONITORING
-2.71505,106.14301,,0.45,0.47,2026-09-26,1841,N21,VIIRS,n,2.0NRT,,1.17,N,VIIRS_NOAA21_NRT,303.13,291.91,NO,31.709,MONITORING
-2.69434,106.15034,,0.45,0.47,2026-09-26,1841,N21,VIIRS,n,2.0NRT,,0.42,N,VIIRS_NOAA21_NRT,303.16,291.8,NO,34.139,MONITORING
-2.66492,106.21018,,0.45,0.47,2026-09-26,1841,N21,VIIRS,n,2.0NRT,,2.18,N,VIIRS_NOAA21_NRT,316.78,292.8,NO,40.2,MONITORING
-3.91457,105.26892,,0.55,0.68,2026-09-27,540,N21,VIIRS,n,2.0NRT,,4.45,D,VIIRS_NOAA21_NRT,333.94,272.13,NO,2.182,MONITORING
-3.80753,105.49368,,0.53,0.67,2026-09-27,540,N21,VIIRS,n,2.0NRT,,8.83,D,VIIRS_NOAA21_NRT,331.73,270.45,YES,,LOW
-3.80411,105.47393,,0.53,0.67,2026-09-27,540,N21,VIIRS,n,2.0NRT,,6.46,D,VIIRS_NOAA21_NRT,331.59,268.31,YES,,LOW
-3.80206,105.48814,,0.53,0.67,2026-09-27,540,N21,VIIRS,n,2.0NRT,,8.83,D,VIIRS_NOAA21_NRT,352.36,270.47,YES,,LOW
-3.80137,105.49287,,0.53,0.67,2026-09-27,540,N21,VIIRS,n,2.0NRT,,8.83,D,VIIRS_NOAA21_NRT,330.02,270.55,YES,,LOW
-3.79589,105.48734,,0.53,0.67,2026-09-27,540,N21,VIIRS,n,2.0NRT,,8.0,D,VIIRS_NOAA21_NRT,339.91,269.14,YES,,LOW
-3.74311,105.46113,,0.53,0.67,2026-09-27,540,N21,VIIRS,n,2.0NRT,,13.4,D,VIIRS_NOAA21_NRT,340.6,267.7,YES,,HIGH
-3.74245,105.46587,,0.53,0.67,2026-09-27,540,N21,VIIRS,n,2.0NRT,,13.4,D,VIIRS_NOAA21_NRT,346.84,268.9,YES,,HIGH
-3.74178,105.47061,,0.53,0.67,2026-09-27,540,N21,VIIRS,n,2.0NRT,,15.1,D,VIIRS_NOAA21_NRT,339.03,267.92,YES,,HIGH
-3.73827,105.45081,,0.53,0.67,2026-09-27,540,N21,VIIRS,n,2.0NRT,,20.17,D,VIIRS_NOAA21_NRT,328.16,267.06,YES,,HIGH
-3.73761,105.45558,,0.53,0.67,2026-09-27,540,N21,VIIRS,n,2.0NRT,,20.17,D,VIIRS_NOAA21_NRT,342.69,268.97,YES,,HIGH
-3.73694,105.46033,,0.53,0.67,2026-09-27,540,N21,VIIRS,n,2.0NRT,,23.85,D,VIIRS_NOAA21_NRT,351.43,267.17,YES,,HIGH
-3.73628,105.46507,,0.53,0.67,2026-09-27,540,N21,VIIRS,n,2.0NRT,,23.85,D,VIIRS_NOAA21_NRT,329.93,265.57,YES,,HIGH
-3.73276,105.44525,,0.54,0.67,2026-09-27,540,N21,VIIRS,n,2.0NRT,,23.52,D,VIIRS_NOAA21_NRT,338.58,266.62,YES,,HIGH
-3.7321,105.45,,0.53,0.67,2026-09-27,540,N21,VIIRS,l,2.0NRT,,20.17,D,VIIRS_NOAA21_NRT,355.82,269.06,YES,,HIGH
-3.73144,105.45478,,0.53,0.67,2026-09-27,540,N21,VIIRS,l,2.0NRT,,20.17,D,VIIRS_NOAA21_NRT,355.9,267.96,YES,,HIGH
-3.73077,105.45953,,0.53,0.67,2026-09-27,540,N21,VIIRS,l,2.0NRT,,23.85,D,VIIRS_NOAA21_NRT,355.82,266.55,YES,,HIGH
-4.22838,105.3604,,0.39,0.36,2026-09-27,1824,N21,VIIRS,n,2.0NRT,,0.65,N,VIIRS_NOAA21_NRT,302.96,266.2,NO,33.508,MONITORING
-4.22785,105.35693,,0.39,0.36,2026-09-27,1824,N21,VIIRS,n,2.0NRT,,0.65,N,VIIRS_NOAA21_NRT,300.21,266.52,NO,33.209,MONITORING
-3.74269,105.47481,,0.39,0.36,2026-09-27,1824,N21,VIIRS,n,2.0NRT,,11.03,N,VIIRS_NOAA21_NRT,345.04,255.15,YES,,HIGH
-3.74215,105.47134,,0.39,0.36,2026-09-27,1824,N21,VIIRS,n,2.0NRT,,9.57,N,VIIRS_NOAA21_NRT,333.55,253.34,YES,,LOW
-3.73391,105.46198,,0.39,0.36,2026-09-27,1824,N21,VIIRS,n,2.0NRT,,12.22,N,VIIRS_NOAA21_NRT,338.05,255.05,YES,,HIGH
-3.73337,105.45852,,0.39,0.36,2026-09-27,1824,N21,VIIRS,n,2.0NRT,,11.69,N,VIIRS_NOAA21_NRT,330.82,254.24,YES,,HIGH
-3.72952,105.45556,,0.39,0.36,2026-09-27,1824,N21,VIIRS,n,2.0NRT,,6.9,N,VIIRS_NOAA21_NRT,322.8,248.17,YES,,LOW
-3.72513,105.44914,,0.39,0.36,2026-09-27,1824,N21,VIIRS,n,2.0NRT,,7.32,N,VIIRS_NOAA21_NRT,321.62,244.36,YES,,LOW
-3.47531,104.91318,,0.38,0.36,2026-09-27,1824,N21,VIIRS,n,2.0NRT,,7.23,N,VIIRS_NOAA21_NRT,322.95,243.09,YES,,LOW
-3.47255,104.91711,,0.38,0.36,2026-09-27,1824,N21,VIIRS,n,2.0NRT,,9.22,N,VIIRS_NOAA21_NRT,335.93,244.38,YES,,LOW
-3.47202,104.91368,,0.38,0.36,2026-09-27,1824,N21,VIIRS,n,2.0NRT,,7.23,N,VIIRS_NOAA21_NRT,347.44,245.3,YES,,LOW
-3.46868,104.91846,,0.38,0.36,2026-09-27,1824,N21,VIIRS,n,2.0NRT,,6.6,N,VIIRS_NOAA21_NRT,332.9,243.74,YES,,LOW
-3.46814,104.91502,,0.38,0.36,2026-09-27,1824,N21,VIIRS,n,2.0NRT,,18.78,N,VIIRS_NOAA21_NRT,354.98,245.39,YES,,HIGH
-3.41427,105.1764,,0.38,0.36,2026-09-27,1824,N21,VIIRS,n,2.0NRT,,3.48,N,VIIRS_NOAA21_NRT,327.69,242.64,YES,,LOW
-3.41374,105.17297,,0.38,0.36,2026-09-27,1824,N21,VIIRS,n,2.0NRT,,3.48,N,VIIRS_NOAA21_NRT,320.48,242.4,YES,,LOW
-3.41097,105.17691,,0.38,0.36,2026-09-27,1824,N21,VIIRS,n,2.0NRT,,3.48,N,VIIRS_NOAA21_NRT,326.27,242.42,YES,,LOW
-3.28994,105.27668,,0.39,0.36,2026-09-27,1824,N21,VIIRS,n,2.0NRT,,5.18,N,VIIRS_NOAA21_NRT,326.39,253.74,YES,,LOW
-3.2861,105.27375,,0.39,0.36,2026-09-27,1824,N21,VIIRS,n,2.0NRT,,8.18,N,VIIRS_NOAA21_NRT,339.64,253.9,YES,,LOW
-3.19884,104.84439,,0.38,0.36,2026-09-27,1824,N21,VIIRS,n,2.0NRT,,2.72,N,VIIRS_NOAA21_NRT,341.07,274.08,YES,,LOW
-3.19831,104.84096,,0.38,0.36,2026-09-27,1824,N21,VIIRS,n,2.0NRT,,2.72,N,VIIRS_NOAA21_NRT,318.12,271.54,YES,,LOW
-3.19554,104.84489,,0.38,0.36,2026-09-27,1824,N21,VIIRS,n,2.0NRT,,2.72,N,VIIRS_NOAA21_NRT,300.58,270.41,YES,,LOW
-3.19501,104.84146,,0.38,0.36,2026-09-27,1824,N21,VIIRS,n,2.0NRT,,2.72,N,VIIRS_NOAA21_NRT,303.92,269.76,YES,,LOW
-3.14766,105.08469,,0.38,0.36,2026-09-27,1824,N21,VIIRS,n,2.0NRT,,5.76,N,VIIRS_NOAA21_NRT,335.05,255.14,YES,,LOW
-3.14712,105.08127,,0.38,0.36,2026-09-27,1824,N21,VIIRS,n,2.0NRT,,5.76,N,VIIRS_NOAA21_NRT,332.45,255.98,YES,,LOW
-3.14489,105.08864,,0.38,0.36,2026-09-27,1824,N21,VIIRS,n,2.0NRT,,4.52,N,VIIRS_NOAA21_NRT,321.5,253.23,YES,,LOW
-3.14436,105.0852,,0.38,0.36,2026-09-27,1824,N21,VIIRS,n,2.0NRT,,5.76,N,VIIRS_NOAA21_NRT,351.91,259.39,YES,,LOW
-3.14382,105.08177,,0.38,0.36,2026-09-27,1824,N21,VIIRS,n,2.0NRT,,5.76,N,VIIRS_NOAA21_NRT,320.21,256.04,YES,,LOW
-3.01861,104.79907,,0.38,0.36,2026-09-27,1824,N21,VIIRS,n,2.0NRT,,0.85,N,VIIRS_NOAA21_NRT,302.15,271.66,NO,5.985,MONITORING
-3.0152,104.80331,,0.38,0.36,2026-09-27,1824,N21,VIIRS,n,2.0NRT,,1.28,N,VIIRS_NOAA21_NRT,301.57,274.44,NO,6.359,MONITORING
-3.01466,104.79989,,0.38,0.36,2026-09-27,1824,N21,VIIRS,n,2.0NRT,,1.28,N,VIIRS_NOAA21_NRT,316.06,274.06,NO,6.423,MONITORING
-2.95519,105.16016,,0.38,0.36,2026-09-27,1824,N21,VIIRS,n,2.0NRT,,0.44,N,VIIRS_NOAA21_NRT,296.38,270.4,NO,1.874,MONITORING
-2.91292,104.81908,,0.38,0.36,2026-09-27,1824,N21,VIIRS,n,2.0NRT,,0.82,N,VIIRS_NOAA21_NRT,306.73,280.2,NO,17.768,MONITORING
-2.91238,104.81565,,0.38,0.36,2026-09-27,1824,N21,VIIRS,n,2.0NRT,,0.82,N,VIIRS_NOAA21_NRT,302.21,280.61,NO,17.815,MONITORING
-2.87409,104.70557,,0.38,0.36,2026-09-27,1824,N21,VIIRS,n,2.0NRT,,1.54,N,VIIRS_NOAA21_NRT,312.82,272.89,NO,24.35,MONITORING
-2.84967,104.76559,,0.38,0.36,2026-09-27,1824,N21,VIIRS,n,2.0NRT,,1.28,N,VIIRS_NOAA21_NRT,307.3,275.83,NO,25.088,MONITORING
-2.84914,104.76216,,0.38,0.36,2026-09-27,1824,N21,VIIRS,n,2.0NRT,,1.28,N,VIIRS_NOAA21_NRT,303.56,275.04,NO,25.203,MONITORING
-2.84583,104.76267,,0.38,0.36,2026-09-27,1824,N21,VIIRS,n,2.0NRT,,1.35,N,VIIRS_NOAA21_NRT,307.7,273.39,NO,25.559,MONITORING
-2.80508,105.17699,,0.38,0.36,2026-09-27,1824,N21,VIIRS,n,2.0NRT,,0.75,N,VIIRS_NOAA21_NRT,296.15,270.83,NO,7.958,MONITORING
-2.80178,105.17751,,0.38,0.36,2026-09-27,1824,N21,VIIRS,n,2.0NRT,,0.66,N,VIIRS_NOAA21_NRT,296.84,270.77,NO,7.624,MONITORING
-2.80125,105.17407,,0.38,0.36,2026-09-27,1824,N21,VIIRS,n,2.0NRT,,0.83,N,VIIRS_NOAA21_NRT,302.26,270.13,NO,7.806,MONITORING
-2.80071,105.17065,,0.38,0.36,2026-09-27,1824,N21,VIIRS,n,2.0NRT,,0.83,N,VIIRS_NOAA21_NRT,304.62,269.11,NO,7.999,MONITORING
-2.80018,105.16721,,0.38,0.36,2026-09-27,1824,N21,VIIRS,n,2.0NRT,,1.17,N,VIIRS_NOAA21_NRT,297.43,268.9,NO,8.208,MONITORING
-2.79741,105.17116,,0.38,0.36,2026-09-27,1824,N21,VIIRS,n,2.0NRT,,0.83,N,VIIRS_NOAA21_NRT,299.31,269.27,NO,7.684,MONITORING
-2.79465,105.17509,,0.38,0.36,2026-09-27,1824,N21,VIIRS,n,2.0NRT,,0.97,N,VIIRS_NOAA21_NRT,296.98,269.3,NO,7.164,MONITORING
-2.72957,106.11339,,0.39,0.36,2026-09-27,1824,N21,VIIRS,n,2.0NRT,,0.64,N,VIIRS_NOAA21_NRT,302.85,278.35,NO,28.866,MONITORING
-2.61289,105.90993,,0.39,0.36,2026-09-27,1824,N21,VIIRS,n,2.0NRT,,0.61,N,VIIRS_NOAA21_NRT,304.61,281.43,NO,16.468,MONITORING
-4.18287,105.64483,,0.39,0.59,2026-09-28,701,N21,VIIRS,n,2.0NRT,,18.22,D,VIIRS_NOAA21_NRT,338.46,292.08,NO,8.142,MONITORING
-4.17863,105.63701,,0.39,0.59,2026-09-28,701,N21,VIIRS,n,2.0NRT,,19.01,D,VIIRS_NOAA21_NRT,348.35,291.73,NO,8.533,MONITORING
-4.17804,105.64047,,0.39,0.59,2026-09-28,701,N21,VIIRS,h,2.0NRT,,18.22,D,VIIRS_NOAA21_NRT,367.0,295.02,NO,8.182,MONITORING
-4.13609,105.15391,,0.36,0.57,2026-09-28,701,N21,VIIRS,n,2.0NRT,,2.5,D,VIIRS_NOAA21_NRT,338.92,289.19,NO,9.97,MONITORING
-4.08854,105.40237,,0.37,0.58,2026-09-28,701,N21,VIIRS,n,2.0NRT,,11.29,D,VIIRS_NOAA21_NRT,354.81,288.61,NO,22.831,MONITORING
-4.08798,105.40569,,0.38,0.58,2026-09-28,701,N21,VIIRS,l,2.0NRT,,11.29,D,VIIRS_NOAA21_NRT,355.85,287.47,NO,22.456,MONITORING
-4.08508,105.40039,,0.38,0.58,2026-09-28,701,N21,VIIRS,n,2.0NRT,,33.62,D,VIIRS_NOAA21_NRT,350.09,292.01,NO,22.981,MONITORING
-4.08453,105.40375,,0.38,0.58,2026-09-28,701,N21,VIIRS,l,2.0NRT,,33.62,D,VIIRS_NOAA21_NRT,355.88,288.06,NO,22.602,MONITORING
-4.08399,105.40708,,0.38,0.58,2026-09-28,701,N21,VIIRS,n,2.0NRT,,9.81,D,VIIRS_NOAA21_NRT,341.71,286.22,NO,22.226,MONITORING
-4.08379,105.39809,,0.37,0.58,2026-09-28,701,N21,VIIRS,n,2.0NRT,,25.03,D,VIIRS_NOAA21_NRT,346.21,287.33,NO,23.21,MONITORING
-4.08322,105.40144,,0.37,0.58,2026-09-28,701,N21,VIIRS,h,2.0NRT,,39.77,D,VIIRS_NOAA21_NRT,367.0,290.47,NO,22.832,MONITORING
-4.07769,105.46622,,0.38,0.59,2026-09-28,701,N21,VIIRS,n,2.0NRT,,3.01,D,VIIRS_NOAA21_NRT,330.7,289.54,NO,15.621,MONITORING
-4.05381,105.45743,,0.38,0.59,2026-09-28,701,N21,VIIRS,n,2.0NRT,,6.5,D,VIIRS_NOAA21_NRT,343.32,289.81,NO,16.317,MONITORING
-4.05326,105.46082,,0.38,0.59,2026-09-28,701,N21,VIIRS,n,2.0NRT,,6.5,D,VIIRS_NOAA21_NRT,338.44,291.68,NO,15.939,MONITORING
-4.03743,105.42345,,0.38,0.59,2026-09-28,701,N21,VIIRS,h,2.0NRT,,16.63,D,VIIRS_NOAA21_NRT,367.0,293.5,NO,19.551,MONITORING
-4.03687,105.42683,,0.38,0.59,2026-09-28,701,N21,VIIRS,n,2.0NRT,,13.27,D,VIIRS_NOAA21_NRT,333.51,292.11,NO,19.283,MONITORING
-4.03208,105.42257,,0.38,0.59,2026-09-28,701,N21,VIIRS,n,2.0NRT,,16.63,D,VIIRS_NOAA21_NRT,335.3,291.05,NO,19.126,MONITORING
-4.03152,105.42593,,0.38,0.59,2026-09-28,701,N21,VIIRS,n,2.0NRT,,13.27,D,VIIRS_NOAA21_NRT,351.59,292.0,NO,18.854,MONITORING
-3.96572,104.74067,,0.34,0.56,2026-09-28,701,N21,VIIRS,n,2.0NRT,,10.24,D,VIIRS_NOAA21_NRT,350.09,292.11,NO,12.743,MONITORING
-3.96522,104.74372,,0.34,0.56,2026-09-28,701,N21,VIIRS,n,2.0NRT,,13.24,D,VIIRS_NOAA21_NRT,350.71,291.75,NO,12.399,MONITORING
-3.96354,104.74056,,0.34,0.56,2026-09-28,701,N21,VIIRS,h,2.0NRT,,10.84,D,VIIRS_NOAA21_NRT,367.0,292.19,NO,12.729,MONITORING
-3.96302,104.74361,,0.34,0.56,2026-09-28,701,N21,VIIRS,n,2.0NRT,,12.13,D,VIIRS_NOAA21_NRT,346.79,291.91,NO,12.385,MONITORING
-3.90216,105.22874,,0.37,0.58,2026-09-28,701,N21,VIIRS,n,2.0NRT,,5.67,D,VIIRS_NOAA21_NRT,335.82,288.18,NO,0.722,MONITORING
-3.79236,105.40244,,0.38,0.59,2026-09-28,701,N21,VIIRS,n,2.0NRT,,4.96,D,VIIRS_NOAA21_NRT,331.7,292.52,NO,1.624,MONITORING
-3.77682,105.56187,,0.39,0.59,2026-09-28,701,N21,VIIRS,n,2.0NRT,,8.58,D,VIIRS_NOAA21_NRT,333.25,289.46,YES,,LOW
-3.76672,105.39121,,0.38,0.59,2026-09-28,701,N21,VIIRS,n,2.0NRT,,4.84,D,VIIRS_NOAA21_NRT,334.85,287.12,YES,,LOW
-3.76526,105.27964,,0.37,0.58,2026-09-28,701,N21,VIIRS,n,2.0NRT,,5.51,D,VIIRS_NOAA21_NRT,343.79,290.7,YES,,LOW
-3.76423,105.37345,,0.38,0.59,2026-09-28,701,N21,VIIRS,n,2.0NRT,,11.61,D,VIIRS_NOAA21_NRT,353.37,290.0,YES,,HIGH
-3.76357,105.28056,,0.37,0.58,2026-09-28,701,N21,VIIRS,n,2.0NRT,,7.9,D,VIIRS_NOAA21_NRT,331.6,290.54,YES,,LOW
-3.75452,105.44753,,0.38,0.59,2026-09-28,701,N21,VIIRS,n,2.0NRT,,8.87,D,VIIRS_NOAA21_NRT,337.54,289.31,YES,,LOW
-3.74617,105.71195,,0.4,0.6,2026-09-28,701,N21,VIIRS,n,2.0NRT,,8.29,D,VIIRS_NOAA21_NRT,335.48,286.36,YES,,LOW
-3.7439,105.46075,,0.38,0.59,2026-09-28,701,N21,VIIRS,n,2.0NRT,,4.93,D,VIIRS_NOAA21_NRT,339.1,288.69,YES,,LOW
-3.74331,105.46416,,0.38,0.59,2026-09-28,701,N21,VIIRS,n,2.0NRT,,4.93,D,VIIRS_NOAA21_NRT,333.98,287.83,YES,,LOW
-3.74155,105.45938,,0.38,0.59,2026-09-28,701,N21,VIIRS,n,2.0NRT,,8.42,D,VIIRS_NOAA21_NRT,341.91,290.0,YES,,LOW
-3.741,105.46279,,0.38,0.59,2026-09-28,701,N21,VIIRS,n,2.0NRT,,8.42,D,VIIRS_NOAA21_NRT,334.76,289.39,YES,,LOW
-3.73794,105.46325,,0.38,0.59,2026-09-28,701,N21,VIIRS,n,2.0NRT,,17.43,D,VIIRS_NOAA21_NRT,331.5,288.22,YES,,HIGH
-3.736,105.57274,,0.39,0.59,2026-09-28,701,N21,VIIRS,n,2.0NRT,,4.01,D,VIIRS_NOAA21_NRT,334.89,290.32,YES,,LOW
-3.73561,105.46188,,0.38,0.59,2026-09-28,701,N21,VIIRS,n,2.0NRT,,8.42,D,VIIRS_NOAA21_NRT,341.33,289.79,YES,,LOW
-3.73506,105.46532,,0.38,0.59,2026-09-28,701,N21,VIIRS,n,2.0NRT,,14.35,D,VIIRS_NOAA21_NRT,351.77,288.47,YES,,HIGH
-3.73197,105.46577,,0.38,0.59,2026-09-28,701,N21,VIIRS,n,2.0NRT,,11.55,D,VIIRS_NOAA21_NRT,338.64,287.0,YES,,HIGH
-3.7284,105.40463,,0.38,0.59,2026-09-28,701,N21,VIIRS,n,2.0NRT,,9.13,D,VIIRS_NOAA21_NRT,336.69,288.76,YES,,LOW
-3.72785,105.40803,,0.38,0.59,2026-09-28,701,N21,VIIRS,l,2.0NRT,,15.63,D,VIIRS_NOAA21_NRT,355.7,290.32,YES,,HIGH
-3.70177,105.74142,,0.4,0.6,2026-09-28,701,N21,VIIRS,n,2.0NRT,,19.37,D,VIIRS_NOAA21_NRT,339.41,282.5,YES,,HIGH
-3.70146,105.74075,,0.4,0.6,2026-09-28,701,N21,VIIRS,n,2.0NRT,,7.35,D,VIIRS_NOAA21_NRT,344.21,281.99,YES,,LOW
-3.69655,105.73624,,0.4,0.6,2026-09-28,701,N21,VIIRS,n,2.0NRT,,5.54,D,VIIRS_NOAA21_NRT,336.68,279.96,YES,,LOW
-3.69481,105.74696,,0.4,0.6,2026-09-28,701,N21,VIIRS,n,2.0NRT,,6.96,D,VIIRS_NOAA21_NRT,342.54,281.25,YES,,LOW
-3.68932,105.74601,,0.4,0.6,2026-09-28,701,N21,VIIRS,n,2.0NRT,,6.96,D,VIIRS_NOAA21_NRT,339.9,280.68,YES,,LOW
-3.68716,105.16331,,0.37,0.58,2026-09-28,701,N21,VIIRS,l,2.0NRT,,32.63,D,VIIRS_NOAA21_NRT,355.7,289.15,YES,,HIGH
-3.68686,105.16161,,0.37,0.58,2026-09-28,701,N21,VIIRS,n,2.0NRT,,21.82,D,VIIRS_NOAA21_NRT,347.13,286.81,YES,,HIGH
-3.68663,105.16659,,0.37,0.58,2026-09-28,701,N21,VIIRS,h,2.0NRT,,27.11,D,VIIRS_NOAA21_NRT,367.0,291.26,YES,,HIGH
-3.68631,105.16488,,0.37,0.58,2026-09-28,701,N21,VIIRS,n,2.0NRT,,21.82,D,VIIRS_NOAA21_NRT,355.55,292.28,YES,,HIGH
-3.6861,105.16986,,0.37,0.58,2026-09-28,701,N21,VIIRS,l,2.0NRT,,27.11,D,VIIRS_NOAA21_NRT,355.7,288.44,YES,,HIGH
-3.68575,105.16814,,0.37,0.58,2026-09-28,701,N21,VIIRS,h,2.0NRT,,23.55,D,VIIRS_NOAA21_NRT,367.0,290.33,YES,,HIGH
-3.6852,105.17142,,0.37,0.58,2026-09-28,701,N21,VIIRS,n,2.0NRT,,23.55,D,VIIRS_NOAA21_NRT,345.4,286.81,YES,,HIGH
-3.62645,105.51792,,0.39,0.59,2026-09-28,701,N21,VIIRS,n,2.0NRT,,3.69,D,VIIRS_NOAA21_NRT,336.86,287.29,YES,,LOW
-3.55146,104.68404,,0.34,0.56,2026-09-28,701,N21,VIIRS,n,2.0NRT,,3.38,D,VIIRS_NOAA21_NRT,332.54,292.82,YES,,LOW
-3.55004,105.63001,,0.4,0.6,2026-09-28,701,N21,VIIRS,n,2.0NRT,,4.73,D,VIIRS_NOAA21_NRT,333.49,291.24,YES,,LOW
-3.54862,104.68466,,0.34,0.56,2026-09-28,701,N21,VIIRS,n,2.0NRT,,2.46,D,VIIRS_NOAA21_NRT,339.94,294.08,YES,,LOW
-3.52607,104.835,,0.35,0.57,2026-09-28,701,N21,VIIRS,n,2.0NRT,,9.94,D,VIIRS_NOAA21_NRT,347.0,292.48,YES,,LOW
-3.52484,104.83284,,0.35,0.57,2026-09-28,701,N21,VIIRS,n,2.0NRT,,5.76,D,VIIRS_NOAA21_NRT,350.95,292.05,YES,,LOW
-3.47473,104.91174,,0.36,0.57,2026-09-28,701,N21,VIIRS,n,2.0NRT,,46.21,D,VIIRS_NOAA21_NRT,337.77,297.81,YES,,HIGH
-3.47422,104.91491,,0.36,0.57,2026-09-28,701,N21,VIIRS,h,2.0NRT,,46.21,D,VIIRS_NOAA21_NRT,367.0,301.16,YES,,HIGH
-3.46952,104.9109,,0.36,0.57,2026-09-28,701,N21,VIIRS,n,2.0NRT,,46.21,D,VIIRS_NOAA21_NRT,355.24,292.84,YES,,HIGH
-3.469,104.91407,,0.36,0.57,2026-09-28,701,N21,VIIRS,n,2.0NRT,,46.21,D,VIIRS_NOAA21_NRT,342.82,307.13,YES,,HIGH
-3.46849,104.91721,,0.36,0.57,2026-09-28,701,N21,VIIRS,n,2.0NRT,,57.55,D,VIIRS_NOAA21_NRT,351.33,304.79,YES,,HIGH
-3.46797,104.92038,,0.36,0.57,2026-09-28,701,N21,VIIRS,h,2.0NRT,,57.55,D,VIIRS_NOAA21_NRT,367.0,297.6,YES,,HIGH
-3.46379,104.91321,,0.36,0.57,2026-09-28,701,N21,VIIRS,l,2.0NRT,,19.19,D,VIIRS_NOAA21_NRT,355.58,296.16,YES,,HIGH
-3.46327,104.91637,,0.36,0.57,2026-09-28,701,N21,VIIRS,n,2.0NRT,,8.12,D,VIIRS_NOAA21_NRT,349.21,293.96,YES,,LOW
-3.46275,104.91953,,0.36,0.57,2026-09-28,701,N21,VIIRS,n,2.0NRT,,8.12,D,VIIRS_NOAA21_NRT,332.96,293.42,YES,,LOW
-3.45839,105.704,,0.4,0.6,2026-09-28,701,N21,VIIRS,n,2.0NRT,,4.91,D,VIIRS_NOAA21_NRT,330.19,288.06,YES,,LOW
-3.45779,105.70762,,0.4,0.6,2026-09-28,701,N21,VIIRS,n,2.0NRT,,6.26,D,VIIRS_NOAA21_NRT,330.03,287.7,YES,,LOW
-3.39918,105.40764,,0.39,0.59,2026-09-28,701,N21,VIIRS,h,2.0NRT,,24.59,D,VIIRS_NOAA21_NRT,367.0,291.64,YES,,HIGH
-3.39862,105.41107,,0.39,0.59,2026-09-28,701,N21,VIIRS,h,2.0NRT,,24.59,D,VIIRS_NOAA21_NRT,367.0,291.06,YES,,HIGH
-3.39805,105.41452,,0.39,0.59,2026-09-28,701,N21,VIIRS,n,2.0NRT,,8.29,D,VIIRS_NOAA21_NRT,338.44,291.45,YES,,LOW
-3.39379,105.40675,,0.39,0.59,2026-09-28,701,N21,VIIRS,n,2.0NRT,,7.77,D,VIIRS_NOAA21_NRT,348.77,288.29,YES,,LOW
-3.37761,105.40405,,0.39,0.59,2026-09-28,701,N21,VIIRS,n,2.0NRT,,10.57,D,VIIRS_NOAA21_NRT,348.77,288.85,YES,,HIGH
-3.37562,105.38258,,0.38,0.59,2026-09-28,701,N21,VIIRS,n,2.0NRT,,11.57,D,VIIRS_NOAA21_NRT,348.04,282.85,YES,,HIGH
-3.37505,105.386,,0.38,0.59,2026-09-28,701,N21,VIIRS,l,2.0NRT,,11.57,D,VIIRS_NOAA21_NRT,355.59,284.97,YES,,HIGH
-3.37221,105.40316,,0.39,0.59,2026-09-28,701,N21,VIIRS,n,2.0NRT,,4.56,D,VIIRS_NOAA21_NRT,333.36,287.46,YES,,LOW
-3.36541,105.37738,,0.38,0.59,2026-09-28,701,N21,VIIRS,n,2.0NRT,,3.56,D,VIIRS_NOAA21_NRT,331.88,282.03,YES,,LOW
-3.31699,105.50085,,0.39,0.59,2026-09-28,701,N21,VIIRS,n,2.0NRT,,7.3,D,VIIRS_NOAA21_NRT,341.26,291.69,YES,,LOW
-3.3164,105.50434,,0.39,0.6,2026-09-28,701,N21,VIIRS,n,2.0NRT,,7.3,D,VIIRS_NOAA21_NRT,347.19,290.51,YES,,LOW
-3.31559,105.49978,,0.39,0.6,2026-09-28,701,N21,VIIRS,n,2.0NRT,,3.88,D,VIIRS_NOAA21_NRT,333.7,289.35,YES,,LOW
-3.31502,105.50328,,0.39,0.6,2026-09-28,701,N21,VIIRS,n,2.0NRT,,3.88,D,VIIRS_NOAA21_NRT,332.54,287.87,YES,,LOW
-3.31203,105.4526,,0.39,0.59,2026-09-28,701,N21,VIIRS,n,2.0NRT,,8.65,D,VIIRS_NOAA21_NRT,338.39,288.76,YES,,LOW
-3.31147,105.45608,,0.39,0.59,2026-09-28,701,N21,VIIRS,n,2.0NRT,,8.02,D,VIIRS_NOAA21_NRT,338.75,289.45,YES,,LOW
-3.30835,105.45293,,0.39,0.59,2026-09-28,701,N21,VIIRS,n,2.0NRT,,11.13,D,VIIRS_NOAA21_NRT,346.96,288.74,YES,,HIGH
-3.30776,105.45639,,0.39,0.59,2026-09-28,701,N21,VIIRS,n,2.0NRT,,17.43,D,VIIRS_NOAA21_NRT,331.24,287.86,YES,,HIGH
-3.30662,105.4517,,0.39,0.59,2026-09-28,701,N21,VIIRS,n,2.0NRT,,8.65,D,VIIRS_NOAA21_NRT,344.33,284.81,YES,,LOW
-3.30606,105.45518,,0.39,0.59,2026-09-28,701,N21,VIIRS,n,2.0NRT,,8.02,D,VIIRS_NOAA21_NRT,333.97,284.81,YES,,LOW
-3.30549,105.45866,,0.39,0.59,2026-09-28,701,N21,VIIRS,n,2.0NRT,,8.02,D,VIIRS_NOAA21_NRT,349.5,286.24,YES,,LOW
-3.30139,105.52708,,0.39,0.6,2026-09-28,701,N21,VIIRS,n,2.0NRT,,5.64,D,VIIRS_NOAA21_NRT,331.86,289.35,YES,,LOW
-3.30079,105.53059,,0.39,0.6,2026-09-28,701,N21,VIIRS,n,2.0NRT,,5.64,D,VIIRS_NOAA21_NRT,345.17,289.83,YES,,LOW
-3.30075,105.52256,,0.39,0.6,2026-09-28,701,N21,VIIRS,n,2.0NRT,,5.38,D,VIIRS_NOAA21_NRT,333.99,289.61,YES,,LOW
-3.30018,105.52608,,0.39,0.6,2026-09-28,701,N21,VIIRS,n,2.0NRT,,8.82,D,VIIRS_NOAA21_NRT,337.97,290.94,YES,,LOW
-3.29962,105.5296,,0.39,0.6,2026-09-28,701,N21,VIIRS,n,2.0NRT,,8.82,D,VIIRS_NOAA21_NRT,345.53,290.54,YES,,LOW
-3.29905,105.53311,,0.4,0.6,2026-09-28,701,N21,VIIRS,n,2.0NRT,,15.5,D,VIIRS_NOAA21_NRT,341.23,288.19,YES,,HIGH
-3.29825,105.09986,,0.37,0.58,2026-09-28,701,N21,VIIRS,n,2.0NRT,,8.28,D,VIIRS_NOAA21_NRT,341.92,294.53,YES,,LOW
-3.29654,105.52269,,0.39,0.6,2026-09-28,701,N21,VIIRS,n,2.0NRT,,8.86,D,VIIRS_NOAA21_NRT,342.47,290.16,YES,,LOW
-3.29531,105.52164,,0.39,0.6,2026-09-28,701,N21,VIIRS,n,2.0NRT,,5.38,D,VIIRS_NOAA21_NRT,330.73,288.31,YES,,LOW
-3.29475,105.5332,,0.39,0.6,2026-09-28,701,N21,VIIRS,n,2.0NRT,,8.1,D,VIIRS_NOAA21_NRT,335.39,288.83,YES,,LOW
-3.28572,105.55346,,0.4,0.6,2026-09-28,701,N21,VIIRS,n,2.0NRT,,14.34,D,VIIRS_NOAA21_NRT,350.52,289.36,YES,,HIGH
-3.28512,105.55699,,0.4,0.6,2026-09-28,701,N21,VIIRS,h,2.0NRT,,14.34,D,VIIRS_NOAA21_NRT,367.0,290.47,YES,,HIGH
-3.28472,105.55245,,0.4,0.6,2026-09-28,701,N21,VIIRS,n,2.0NRT,,11.38,D,VIIRS_NOAA21_NRT,339.19,288.04,YES,,HIGH
-3.28452,105.56051,,0.4,0.6,2026-09-28,701,N21,VIIRS,h,2.0NRT,,17.39,D,VIIRS_NOAA21_NRT,367.0,290.43,YES,,HIGH
-3.28415,105.55599,,0.4,0.6,2026-09-28,701,N21,VIIRS,h,2.0NRT,,11.38,D,VIIRS_NOAA21_NRT,367.0,290.29,YES,,HIGH
-3.28392,105.56404,,0.4,0.6,2026-09-28,701,N21,VIIRS,h,2.0NRT,,17.39,D,VIIRS_NOAA21_NRT,367.0,291.48,YES,,HIGH
-3.28358,105.55952,,0.4,0.6,2026-09-28,701,N21,VIIRS,n,2.0NRT,,15.3,D,VIIRS_NOAA21_NRT,355.6,289.47,YES,,HIGH
-3.283,105.56306,,0.4,0.6,2026-09-28,701,N21,VIIRS,h,2.0NRT,,15.3,D,VIIRS_NOAA21_NRT,367.0,290.98,YES,,HIGH
-3.25036,105.09908,,0.37,0.58,2026-09-28,701,N21,VIIRS,n,2.0NRT,,1.45,D,VIIRS_NOAA21_NRT,330.46,289.39,YES,,LOW
-3.22343,105.06423,,0.37,0.58,2026-09-28,701,N21,VIIRS,n,2.0NRT,,3.8,D,VIIRS_NOAA21_NRT,332.68,293.77,YES,,LOW
-3.19513,104.84483,,0.35,0.57,2026-09-28,701,N21,VIIRS,n,2.0NRT,,4.62,D,VIIRS_NOAA21_NRT,344.53,294.08,YES,,LOW
-3.19466,104.84323,,0.36,0.57,2026-09-28,701,N21,VIIRS,n,2.0NRT,,4.05,D,VIIRS_NOAA21_NRT,346.33,293.5,YES,,LOW
-3.0929,104.80507,,0.35,0.57,2026-09-28,701,N21,VIIRS,n,2.0NRT,,4.78,D,VIIRS_NOAA21_NRT,330.66,294.65,YES,,LOW
-3.08897,104.80309,,0.35,0.57,2026-09-28,701,N21,VIIRS,n,2.0NRT,,5.11,D,VIIRS_NOAA21_NRT,341.11,294.35,YES,,LOW
-3.04115,105.58913,,0.4,0.6,2026-09-28,701,N21,VIIRS,n,2.0NRT,,12.78,D,VIIRS_NOAA21_NRT,333.93,291.49,YES,,HIGH
-3.04057,105.59272,,0.4,0.6,2026-09-28,701,N21,VIIRS,n,2.0NRT,,7.54,D,VIIRS_NOAA21_NRT,338.19,292.68,YES,,LOW
-3.03998,105.59631,,0.4,0.6,2026-09-28,701,N21,VIIRS,n,2.0NRT,,7.54,D,VIIRS_NOAA21_NRT,330.3,291.76,YES,,LOW
-3.03449,105.5954,,0.4,0.6,2026-09-28,701,N21,VIIRS,n,2.0NRT,,7.54,D,VIIRS_NOAA21_NRT,340.82,292.05,YES,,LOW
-3.0339,105.59899,,0.4,0.6,2026-09-28,701,N21,VIIRS,n,2.0NRT,,12.81,D,VIIRS_NOAA21_NRT,336.18,291.33,YES,,HIGH
-3.024,105.0657,,0.37,0.58,2026-09-28,701,N21,VIIRS,n,2.0NRT,,9.65,D,VIIRS_NOAA21_NRT,354.38,294.66,NO,1.866,MONITORING
-3.01755,105.22746,,0.38,0.59,2026-09-28,701,N21,VIIRS,n,2.0NRT,,9.28,D,VIIRS_NOAA21_NRT,350.46,290.45,NO,0.895,MONITORING
-3.01461,105.22556,,0.38,0.59,2026-09-28,701,N21,VIIRS,n,2.0NRT,,6.26,D,VIIRS_NOAA21_NRT,347.85,289.16,NO,1.258,MONITORING
-3.01406,105.22896,,0.38,0.59,2026-09-28,701,N21,VIIRS,n,2.0NRT,,7.71,D,VIIRS_NOAA21_NRT,333.38,288.57,NO,1.039,MONITORING
-2.99369,105.08448,,0.37,0.58,2026-09-28,701,N21,VIIRS,n,2.0NRT,,4.79,D,VIIRS_NOAA21_NRT,333.94,293.87,NO,0.273,MONITORING
-2.98906,105.04639,,0.37,0.58,2026-09-28,701,N21,VIIRS,n,2.0NRT,,6.15,D,VIIRS_NOAA21_NRT,348.26,293.44,NO,4.285,MONITORING
-2.97431,105.13596,,0.38,0.58,2026-09-28,701,N21,VIIRS,n,2.0NRT,,11.81,D,VIIRS_NOAA21_NRT,337.84,293.0,YES,,HIGH
-2.97321,105.14263,,0.38,0.58,2026-09-28,701,N21,VIIRS,n,2.0NRT,,7.27,D,VIIRS_NOAA21_NRT,339.79,294.22,YES,,LOW
-2.97265,105.14599,,0.38,0.58,2026-09-28,701,N21,VIIRS,n,2.0NRT,,5.33,D,VIIRS_NOAA21_NRT,331.83,293.79,YES,,LOW
-2.9721,105.14935,,0.38,0.58,2026-09-28,701,N21,VIIRS,n,2.0NRT,,5.33,D,VIIRS_NOAA21_NRT,337.07,293.31,NO,0.065,MONITORING
-2.97063,105.12508,,0.37,0.58,2026-09-28,701,N21,VIIRS,n,2.0NRT,,23.8,D,VIIRS_NOAA21_NRT,354.64,293.13,YES,,HIGH
-2.97007,105.12842,,0.37,0.58,2026-09-28,701,N21,VIIRS,h,2.0NRT,,23.8,D,VIIRS_NOAA21_NRT,367.0,294.47,YES,,HIGH
-2.96952,105.13176,,0.37,0.58,2026-09-28,701,N21,VIIRS,n,2.0NRT,,11.81,D,VIIRS_NOAA21_NRT,353.99,294.79,YES,,HIGH
-2.96842,105.13846,,0.38,0.58,2026-09-28,701,N21,VIIRS,n,2.0NRT,,7.27,D,VIIRS_NOAA21_NRT,331.72,294.84,YES,,LOW
-2.9653,105.12421,,0.37,0.58,2026-09-28,701,N21,VIIRS,h,2.0NRT,,34.62,D,VIIRS_NOAA21_NRT,367.0,296.81,YES,,HIGH
-2.9651,105.15855,,0.38,0.58,2026-09-28,701,N21,VIIRS,n,2.0NRT,,5.01,D,VIIRS_NOAA21_NRT,336.83,294.18,NO,1.303,MONITORING
-2.96455,105.1619,,0.38,0.58,2026-09-28,701,N21,VIIRS,n,2.0NRT,,5.01,D,VIIRS_NOAA21_NRT,339.29,294.04,NO,1.672,MONITORING
-2.96273,105.10669,,0.37,0.58,2026-09-28,701,N21,VIIRS,n,2.0NRT,,5.47,D,VIIRS_NOAA21_NRT,335.7,293.89,NO,0.155,MONITORING
-2.95921,105.16101,,0.38,0.58,2026-09-28,701,N21,VIIRS,n,2.0NRT,,4.72,D,VIIRS_NOAA21_NRT,330.67,294.45,NO,1.798,MONITORING
-2.95764,105.2371,,0.38,0.59,2026-09-28,701,N21,VIIRS,n,2.0NRT,,7.09,D,VIIRS_NOAA21_NRT,331.15,293.09,NO,3.792,MONITORING
-2.95564,105.21585,,0.38,0.59,2026-09-28,701,N21,VIIRS,n,2.0NRT,,4.55,D,VIIRS_NOAA21_NRT,330.02,289.59,NO,5.805,MONITORING
-2.95498,105.15343,,0.38,0.58,2026-09-28,701,N21,VIIRS,n,2.0NRT,,9.35,D,VIIRS_NOAA21_NRT,341.45,294.55,NO,1.184,MONITORING
-2.95387,105.16013,,0.38,0.58,2026-09-28,701,N21,VIIRS,n,2.0NRT,,4.72,D,VIIRS_NOAA21_NRT,337.89,294.85,NO,1.924,MONITORING
-2.95339,105.22942,,0.38,0.59,2026-09-28,701,N21,VIIRS,n,2.0NRT,,10.05,D,VIIRS_NOAA21_NRT,335.05,292.37,NO,4.737,MONITORING
-2.95283,105.23282,,0.38,0.59,2026-09-28,701,N21,VIIRS,n,2.0NRT,,7.09,D,VIIRS_NOAA21_NRT,343.46,292.16,NO,4.508,MONITORING
-2.95186,105.13917,,0.38,0.58,2026-09-28,701,N21,VIIRS,n,2.0NRT,,8.82,D,VIIRS_NOAA21_NRT,330.29,293.51,YES,,LOW
-2.95019,105.14922,,0.38,0.58,2026-09-28,701,N21,VIIRS,h,2.0NRT,,9.89,D,VIIRS_NOAA21_NRT,367.0,294.96,NO,0.929,MONITORING
-2.94716,105.20055,,0.38,0.59,2026-09-28,701,N21,VIIRS,n,2.0NRT,,6.53,D,VIIRS_NOAA21_NRT,331.26,291.68,NO,6.385,MONITORING
-2.94709,105.13493,,0.38,0.58,2026-09-28,701,N21,VIIRS,h,2.0NRT,,8.82,D,VIIRS_NOAA21_NRT,367.0,293.69,YES,,LOW
-2.94293,105.19292,,0.38,0.59,2026-09-28,701,N21,VIIRS,n,2.0NRT,,5.37,D,VIIRS_NOAA21_NRT,330.46,293.47,NO,5.768,MONITORING
-2.94206,105.16512,,0.38,0.59,2026-09-28,701,N21,VIIRS,n,2.0NRT,,2.6,D,VIIRS_NOAA21_NRT,331.11,293.77,NO,2.909,MONITORING
-2.93925,105.16206,,0.38,0.59,2026-09-28,701,N21,VIIRS,h,2.0NRT,,5.41,D,VIIRS_NOAA21_NRT,367.0,293.72,NO,2.742,MONITORING
-2.93871,105.16542,,0.38,0.59,2026-09-28,701,N21,VIIRS,n,2.0NRT,,5.41,D,VIIRS_NOAA21_NRT,336.59,294.23,NO,3.098,MONITORING
-2.93813,105.18867,,0.38,0.59,2026-09-28,701,N21,VIIRS,n,2.0NRT,,5.37,D,VIIRS_NOAA21_NRT,347.96,294.53,NO,5.514,MONITORING
-2.93766,105.13762,,0.38,0.58,2026-09-28,701,N21,VIIRS,n,2.0NRT,,5.31,D,VIIRS_NOAA21_NRT,340.84,293.75,NO,0.838,MONITORING
-2.93728,105.16088,,0.38,0.59,2026-09-28,701,N21,VIIRS,n,2.0NRT,,4.44,D,VIIRS_NOAA21_NRT,339.71,292.01,NO,2.75,MONITORING
-2.93672,105.16424,,0.38,0.59,2026-09-28,701,N21,VIIRS,n,2.0NRT,,4.44,D,VIIRS_NOAA21_NRT,337.76,294.01,NO,3.098,MONITORING
-2.93549,105.18565,,0.38,0.59,2026-09-28,701,N21,VIIRS,n,2.0NRT,,10.6,D,VIIRS_NOAA21_NRT,335.66,293.33,NO,5.303,MONITORING
-2.93495,105.18903,,0.38,0.59,2026-09-28,701,N21,VIIRS,h,2.0NRT,,9.89,D,VIIRS_NOAA21_NRT,367.0,295.2,NO,5.675,MONITORING
-2.9339,105.16116,,0.38,0.59,2026-09-28,701,N21,VIIRS,n,2.0NRT,,5.41,D,VIIRS_NOAA21_NRT,333.0,293.24,NO,2.983,MONITORING
-2.93278,105.1878,,0.38,0.59,2026-09-28,701,N21,VIIRS,h,2.0NRT,,15.33,D,VIIRS_NOAA21_NRT,367.0,294.72,NO,5.637,MONITORING
-2.93193,105.16001,,0.38,0.59,2026-09-28,701,N21,VIIRS,n,2.0NRT,,4.44,D,VIIRS_NOAA21_NRT,335.08,293.96,NO,3.008,MONITORING
-2.93172,105.20934,,0.38,0.59,2026-09-28,701,N21,VIIRS,n,2.0NRT,,7.91,D,VIIRS_NOAA21_NRT,335.79,289.79,NO,7.667,MONITORING
-2.93165,105.19454,,0.38,0.59,2026-09-28,701,N21,VIIRS,n,2.0NRT,,5.54,D,VIIRS_NOAA21_NRT,330.37,293.51,NO,6.381,MONITORING
-2.9296,105.18814,,0.38,0.59,2026-09-28,701,N21,VIIRS,n,2.0NRT,,9.89,D,VIIRS_NOAA21_NRT,333.8,293.83,NO,5.814,MONITORING
-2.92883,105.21143,,0.38,0.59,2026-09-28,701,N21,VIIRS,n,2.0NRT,,4.75,D,VIIRS_NOAA21_NRT,338.7,289.81,NO,7.283,MONITORING
-2.91672,105.18517,,0.38,0.59,2026-09-28,701,N21,VIIRS,n,2.0NRT,,3.14,D,VIIRS_NOAA21_NRT,332.43,290.01,NO,6.27,MONITORING
-2.91353,105.18547,,0.38,0.59,2026-09-28,701,N21,VIIRS,n,2.0NRT,,5.69,D,VIIRS_NOAA21_NRT,352.02,291.08,NO,6.505,MONITORING
-2.89997,105.23554,,0.38,0.59,2026-09-28,701,N21,VIIRS,h,2.0NRT,,24.45,D,VIIRS_NOAA21_NRT,367.0,291.62,NO,3.233,MONITORING
-2.8946,105.23466,,0.38,0.59,2026-09-28,701,N21,VIIRS,h,2.0NRT,,10.33,D,VIIRS_NOAA21_NRT,367.0,292.21,NO,3.028,MONITORING
-2.88008,106.21436,,0.45,0.63,2026-09-28,701,N21,VIIRS,n,2.0NRT,,11.22,D,VIIRS_NOAA21_NRT,339.6,291.77,NO,22.509,MONITORING
-2.87864,106.21384,,0.45,0.63,2026-09-28,701,N21,VIIRS,n,2.0NRT,,10.63,D,VIIRS_NOAA21_NRT,343.47,291.76,NO,22.548,MONITORING
-2.87105,104.74483,,0.35,0.57,2026-09-28,701,N21,VIIRS,n,2.0NRT,,2.55,D,VIIRS_NOAA21_NRT,330.49,289.43,NO,23.199,MONITORING
-2.86699,105.16743,,0.38,0.59,2026-09-28,701,N21,VIIRS,n,2.0NRT,,8.01,D,VIIRS_NOAA21_NRT,345.09,293.02,NO,9.326,MONITORING
-2.86164,105.16655,,0.38,0.59,2026-09-28,701,N21,VIIRS,n,2.0NRT,,7.71,D,VIIRS_NOAA21_NRT,352.99,293.96,NO,9.827,MONITORING
-2.85684,105.16232,,0.38,0.59,2026-09-28,701,N21,VIIRS,n,2.0NRT,,7.71,D,VIIRS_NOAA21_NRT,334.16,293.18,NO,10.149,MONITORING
-2.85629,105.16569,,0.38,0.59,2026-09-28,701,N21,VIIRS,h,2.0NRT,,7.71,D,VIIRS_NOAA21_NRT,367.0,293.53,NO,10.135,MONITORING
-2.84447,105.17067,,0.38,0.59,2026-09-28,701,N21,VIIRS,n,2.0NRT,,7.52,D,VIIRS_NOAA21_NRT,332.37,294.22,NO,9.626,MONITORING
-2.84145,104.76267,,0.36,0.57,2026-09-28,701,N21,VIIRS,n,2.0NRT,,3.67,D,VIIRS_NOAA21_NRT,339.84,291.48,NO,26.041,MONITORING
-2.83967,105.16643,,0.38,0.59,2026-09-28,701,N21,VIIRS,n,2.0NRT,,4.77,D,VIIRS_NOAA21_NRT,346.1,293.78,NO,9.847,MONITORING
-2.83911,105.16978,,0.38,0.59,2026-09-28,701,N21,VIIRS,n,2.0NRT,,4.77,D,VIIRS_NOAA21_NRT,348.84,293.37,NO,9.478,MONITORING
-2.83829,105.20793,,0.38,0.59,2026-09-28,701,N21,VIIRS,n,2.0NRT,,5.55,D,VIIRS_NOAA21_NRT,330.68,292.7,NO,5.694,MONITORING
-2.83773,105.21131,,0.38,0.59,2026-09-28,701,N21,VIIRS,n,2.0NRT,,5.55,D,VIIRS_NOAA21_NRT,338.55,292.46,NO,5.355,MONITORING
-2.83559,106.11723,,0.44,0.62,2026-09-28,701,N21,VIIRS,n,2.0NRT,,4.37,D,VIIRS_NOAA21_NRT,330.53,291.75,NO,18.552,MONITORING
-2.83065,105.15456,,0.38,0.59,2026-09-28,701,N21,VIIRS,n,2.0NRT,,2.07,D,VIIRS_NOAA21_NRT,332.11,293.75,NO,10.805,MONITORING
-2.81669,106.08986,,0.44,0.62,2026-09-28,701,N21,VIIRS,n,2.0NRT,,11.43,D,VIIRS_NOAA21_NRT,347.73,292.39,NO,18.932,MONITORING
-2.8095,105.18233,,0.38,0.59,2026-09-28,701,N21,VIIRS,n,2.0NRT,,4.78,D,VIIRS_NOAA21_NRT,333.86,291.21,NO,7.391,MONITORING
-2.80319,105.99595,,0.43,0.62,2026-09-28,701,N21,VIIRS,n,2.0NRT,,8.29,D,VIIRS_NOAA21_NRT,334.29,292.53,NO,16.17,MONITORING
-2.79447,105.97865,,0.43,0.62,2026-09-28,701,N21,VIIRS,n,2.0NRT,,6.85,D,VIIRS_NOAA21_NRT,344.17,292.06,NO,16.749,MONITORING
-2.79382,105.98254,,0.43,0.62,2026-09-28,701,N21,VIIRS,n,2.0NRT,,6.85,D,VIIRS_NOAA21_NRT,340.42,294.07,NO,16.884,MONITORING
-2.79138,105.98023,,0.43,0.62,2026-09-28,701,N21,VIIRS,n,2.0NRT,,12.73,D,VIIRS_NOAA21_NRT,339.38,293.08,NO,17.115,MONITORING
-2.78798,105.1256,,0.38,0.59,2026-09-28,701,N21,VIIRS,n,2.0NRT,,8.04,D,VIIRS_NOAA21_NRT,334.86,293.05,NO,10.87,MONITORING
-2.78318,105.12137,,0.38,0.59,2026-09-28,701,N21,VIIRS,n,2.0NRT,,2.32,D,VIIRS_NOAA21_NRT,332.1,291.49,NO,10.972,MONITORING
-2.77663,106.0154,,0.43,0.62,2026-09-28,701,N21,VIIRS,n,2.0NRT,,5.52,D,VIIRS_NOAA21_NRT,336.99,292.07,NO,19.631,MONITORING
-2.77445,106.01314,,0.44,0.62,2026-09-28,701,N21,VIIRS,n,2.0NRT,,4.29,D,VIIRS_NOAA21_NRT,334.33,291.52,NO,19.783,MONITORING
-2.77319,106.02089,,0.44,0.62,2026-09-28,701,N21,VIIRS,n,2.0NRT,,6.94,D,VIIRS_NOAA21_NRT,333.47,291.88,NO,20.196,MONITORING
-2.76753,106.01992,,0.44,0.62,2026-09-28,701,N21,VIIRS,n,2.0NRT,,5.95,D,VIIRS_NOAA21_NRT,332.19,292.02,NO,20.754,MONITORING
-2.75413,106.14832,,0.44,0.63,2026-09-28,701,N21,VIIRS,n,2.0NRT,,8.24,D,VIIRS_NOAA21_NRT,344.29,292.22,NO,28.155,MONITORING
-2.74653,106.14937,,0.45,0.63,2026-09-28,701,N21,VIIRS,n,2.0NRT,,3.8,D,VIIRS_NOAA21_NRT,332.39,290.74,NO,28.948,MONITORING
-2.55683,106.18324,,0.45,0.63,2026-09-28,701,N21,VIIRS,n,2.0NRT,,3.4,D,VIIRS_NOAA21_NRT,330.66,291.75,NO,47.048,MONITORING
-2.46927,106.2065,,0.45,0.63,2026-09-28,701,N21,VIIRS,n,2.0NRT,,11.01,D,VIIRS_NOAA21_NRT,347.12,293.59,NO,53.146,MONITORING
-2.46768,104.63869,,0.35,0.57,2026-09-28,701,N21,VIIRS,n,2.0NRT,,3.37,D,VIIRS_NOAA21_NRT,332.07,293.12,NO,62.689,MONITORING
-2.46298,104.6347,,0.35,0.57,2026-09-28,701,N21,VIIRS,n,2.0NRT,,5.49,D,VIIRS_NOAA21_NRT,336.71,293.23,NO,63.275,MONITORING
-2.46248,104.63785,,0.35,0.57,2026-09-28,701,N21,VIIRS,n,2.0NRT,,6.58,D,VIIRS_NOAA21_NRT,339.02,294.12,NO,62.96,MONITORING
-2.44733,105.44711,,0.4,0.6,2026-09-28,701,N21,VIIRS,n,2.0NRT,,39.44,D,VIIRS_NOAA21_NRT,340.48,294.74,NO,0.603,MONITORING
-2.44699,105.44646,,0.4,0.6,2026-09-28,701,N21,VIIRS,n,2.0NRT,,4.58,D,VIIRS_NOAA21_NRT,348.83,295.31,NO,0.598,MONITORING
-2.44208,105.44197,,0.4,0.6,2026-09-28,701,N21,VIIRS,n,2.0NRT,,36.9,D,VIIRS_NOAA21_NRT,330.4,296.39,NO,0.958,MONITORING
-2.44184,105.44624,,0.4,0.6,2026-09-28,701,N21,VIIRS,h,2.0NRT,,39.44,D,VIIRS_NOAA21_NRT,367.0,296.63,NO,1.102,MONITORING
-2.4415,105.44556,,0.4,0.6,2026-09-28,701,N21,VIIRS,h,2.0NRT,,36.9,D,VIIRS_NOAA21_NRT,367.0,297.72,NO,1.112,MONITORING
-2.43365,105.38929,,0.4,0.6,2026-09-28,701,N21,VIIRS,n,2.0NRT,,4.17,D,VIIRS_NOAA21_NRT,349.61,298.77,NO,1.691,MONITORING
-2.4313,106.15046,,0.45,0.63,2026-09-28,701,N21,VIIRS,h,2.0NRT,,26.93,D,VIIRS_NOAA21_NRT,367.0,293.82,NO,49.896,MONITORING
-2.43044,106.14812,,0.45,0.63,2026-09-28,701,N21,VIIRS,h,2.0NRT,,13.81,D,VIIRS_NOAA21_NRT,367.0,292.32,NO,49.735,MONITORING
-2.42979,106.15215,,0.45,0.63,2026-09-28,701,N21,VIIRS,n,2.0NRT,,13.81,D,VIIRS_NOAA21_NRT,335.64,291.62,NO,50.146,MONITORING
-4.08062,105.39008,,0.52,0.41,2026-09-28,1804,N21,VIIRS,n,2.0NRT,,1.5,N,VIIRS_NOAA21_NRT,307.1,290.98,NO,24.04,MONITORING
-3.89427,105.85402,,0.49,0.4,2026-09-28,1804,N21,VIIRS,n,2.0NRT,,0.74,N,VIIRS_NOAA21_NRT,303.38,291.57,YES,,LOW
-3.85766,104.66846,,0.38,0.44,2026-09-28,1804,N21,VIIRS,n,2.0NRT,,0.8,N,VIIRS_NOAA21_NRT,306.29,290.83,NO,18.745,MONITORING
-3.81158,105.20914,,0.54,0.42,2026-09-28,1804,N21,VIIRS,n,2.0NRT,,1.62,N,VIIRS_NOAA21_NRT,307.65,291.22,YES,,LOW
-3.81017,105.2111,,0.54,0.42,2026-09-28,1804,N21,VIIRS,n,2.0NRT,,2.93,N,VIIRS_NOAA21_NRT,307.15,291.51,YES,,LOW
-3.80698,105.20496,,0.54,0.42,2026-09-28,1804,N21,VIIRS,n,2.0NRT,,1.62,N,VIIRS_NOAA21_NRT,306.97,291.59,YES,,LOW
-3.79776,105.19662,,0.54,0.42,2026-09-28,1804,N21,VIIRS,n,2.0NRT,,1.1,N,VIIRS_NOAA21_NRT,303.81,291.36,YES,,LOW
-3.79304,105.5808,,0.51,0.41,2026-09-28,1804,N21,VIIRS,n,2.0NRT,,1.97,N,VIIRS_NOAA21_NRT,305.51,292.88,YES,,LOW
-3.79081,105.20261,,0.54,0.42,2026-09-28,1804,N21,VIIRS,n,2.0NRT,,2.45,N,VIIRS_NOAA21_NRT,312.29,292.31,YES,,LOW
-3.78928,105.5814,,0.51,0.41,2026-09-28,1804,N21,VIIRS,n,2.0NRT,,1.97,N,VIIRS_NOAA21_NRT,306.42,293.19,YES,,LOW
-3.78329,105.56831,,0.51,0.41,2026-09-28,1804,N21,VIIRS,n,2.0NRT,,2.8,N,VIIRS_NOAA21_NRT,327.23,296.98,YES,,LOW
-3.78254,105.56374,,0.51,0.41,2026-09-28,1804,N21,VIIRS,n,2.0NRT,,2.8,N,VIIRS_NOAA21_NRT,309.0,293.61,YES,,LOW
-3.7818,105.55917,,0.51,0.41,2026-09-28,1804,N21,VIIRS,n,2.0NRT,,3.74,N,VIIRS_NOAA21_NRT,305.77,293.37,YES,,LOW
-3.77878,105.56433,,0.51,0.41,2026-09-28,1804,N21,VIIRS,n,2.0NRT,,2.8,N,VIIRS_NOAA21_NRT,306.39,293.2,YES,,LOW
-3.77803,105.55976,,0.51,0.41,2026-09-28,1804,N21,VIIRS,n,2.0NRT,,3.74,N,VIIRS_NOAA21_NRT,335.31,297.92,YES,,LOW
-3.77729,105.55519,,0.51,0.41,2026-09-28,1804,N21,VIIRS,n,2.0NRT,,3.74,N,VIIRS_NOAA21_NRT,315.54,294.19,YES,,LOW
-3.77501,105.56493,,0.51,0.41,2026-09-28,1804,N21,VIIRS,n,2.0NRT,,5.1,N,VIIRS_NOAA21_NRT,310.09,293.59,YES,,LOW
-3.77426,105.56036,,0.51,0.41,2026-09-28,1804,N21,VIIRS,n,2.0NRT,,6.68,N,VIIRS_NOAA21_NRT,342.22,299.69,YES,,LOW
-3.77352,105.55579,,0.51,0.41,2026-09-28,1804,N21,VIIRS,n,2.0NRT,,6.68,N,VIIRS_NOAA21_NRT,343.17,299.09,YES,,LOW
-3.77277,105.55121,,0.51,0.41,2026-09-28,1804,N21,VIIRS,n,2.0NRT,,2.63,N,VIIRS_NOAA21_NRT,306.46,293.26,YES,,LOW
-3.77124,105.56552,,0.51,0.41,2026-09-28,1804,N21,VIIRS,n,2.0NRT,,5.1,N,VIIRS_NOAA21_NRT,338.22,297.87,YES,,LOW
-3.77049,105.56095,,0.51,0.41,2026-09-28,1804,N21,VIIRS,n,2.0NRT,,6.68,N,VIIRS_NOAA21_NRT,323.92,295.88,YES,,LOW
-3.76974,105.55638,,0.51,0.41,2026-09-28,1804,N21,VIIRS,n,2.0NRT,,6.68,N,VIIRS_NOAA21_NRT,327.04,297.01,YES,,LOW
-3.769,105.5518,,0.51,0.41,2026-09-28,1804,N21,VIIRS,n,2.0NRT,,2.63,N,VIIRS_NOAA21_NRT,320.1,295.8,YES,,LOW
-3.76825,105.54723,,0.51,0.41,2026-09-28,1804,N21,VIIRS,n,2.0NRT,,2.63,N,VIIRS_NOAA21_NRT,312.18,294.69,YES,,LOW
-3.76822,105.57068,,0.51,0.41,2026-09-28,1804,N21,VIIRS,n,2.0NRT,,19.73,N,VIIRS_NOAA21_NRT,328.43,293.25,YES,,HIGH
-3.76747,105.56611,,0.51,0.41,2026-09-28,1804,N21,VIIRS,h,2.0NRT,,19.73,N,VIIRS_NOAA21_NRT,367.0,311.07,YES,,HIGH
-3.76747,105.56888,,0.51,0.41,2026-09-28,1804,N21,VIIRS,n,2.0NRT,,21.64,N,VIIRS_NOAA21_NRT,345.65,299.97,YES,,HIGH
-3.76675,105.53806,,0.51,0.41,2026-09-28,1804,N21,VIIRS,n,2.0NRT,,2.84,N,VIIRS_NOAA21_NRT,313.48,293.05,YES,,LOW
-3.76675,105.56429,,0.51,0.41,2026-09-28,1804,N21,VIIRS,h,2.0NRT,,21.64,N,VIIRS_NOAA21_NRT,367.0,309.28,YES,,HIGH
-3.76672,105.56154,,0.51,0.41,2026-09-28,1804,N21,VIIRS,n,2.0NRT,,7.88,N,VIIRS_NOAA21_NRT,345.82,302.94,YES,,LOW
-3.76603,105.55972,,0.51,0.41,2026-09-28,1804,N21,VIIRS,n,2.0NRT,,5.82,N,VIIRS_NOAA21_NRT,330.12,296.96,YES,,LOW
-3.76597,105.55698,,0.51,0.41,2026-09-28,1804,N21,VIIRS,n,2.0NRT,,7.88,N,VIIRS_NOAA21_NRT,334.56,298.39,YES,,LOW
-3.76531,105.55514,,0.51,0.41,2026-09-28,1804,N21,VIIRS,n,2.0NRT,,5.82,N,VIIRS_NOAA21_NRT,333.4,298.81,YES,,LOW
-3.76523,105.5524,,0.51,0.41,2026-09-28,1804,N21,VIIRS,n,2.0NRT,,4.1,N,VIIRS_NOAA21_NRT,328.99,297.82,YES,,LOW
-3.76459,105.55055,,0.51,0.41,2026-09-28,1804,N21,VIIRS,n,2.0NRT,,4.69,N,VIIRS_NOAA21_NRT,330.58,298.41,YES,,LOW
-3.76448,105.54782,,0.51,0.41,2026-09-28,1804,N21,VIIRS,n,2.0NRT,,4.1,N,VIIRS_NOAA21_NRT,318.1,295.98,YES,,LOW
-3.76373,105.54324,,0.51,0.41,2026-09-28,1804,N21,VIIRS,n,2.0NRT,,1.87,N,VIIRS_NOAA21_NRT,312.77,294.19,YES,,LOW
-3.76315,105.54137,,0.51,0.41,2026-09-28,1804,N21,VIIRS,n,2.0NRT,,3.45,N,VIIRS_NOAA21_NRT,320.9,295.26,YES,,LOW
-3.76297,105.53866,,0.51,0.41,2026-09-28,1804,N21,VIIRS,n,2.0NRT,,1.87,N,VIIRS_NOAA21_NRT,315.22,293.85,YES,,LOW
-3.76295,105.56213,,0.51,0.41,2026-09-28,1804,N21,VIIRS,n,2.0NRT,,7.88,N,VIIRS_NOAA21_NRT,320.9,294.48,YES,,LOW
-3.76226,105.56031,,0.51,0.41,2026-09-28,1804,N21,VIIRS,n,2.0NRT,,5.82,N,VIIRS_NOAA21_NRT,326.82,295.6,YES,,LOW
-3.7622,105.55757,,0.51,0.41,2026-09-28,1804,N21,VIIRS,n,2.0NRT,,7.88,N,VIIRS_NOAA21_NRT,327.34,296.54,YES,,LOW
-3.76154,105.55574,,0.51,0.41,2026-09-28,1804,N21,VIIRS,n,2.0NRT,,5.82,N,VIIRS_NOAA21_NRT,323.17,296.13,YES,,LOW
-3.76145,105.55299,,0.51,0.41,2026-09-28,1804,N21,VIIRS,n,2.0NRT,,4.1,N,VIIRS_NOAA21_NRT,326.2,297.18,YES,,LOW
-3.76082,105.55115,,0.51,0.41,2026-09-28,1804,N21,VIIRS,n,2.0NRT,,4.69,N,VIIRS_NOAA21_NRT,328.08,297.7,YES,,LOW
-3.7607,105.54841,,0.51,0.41,2026-09-28,1804,N21,VIIRS,n,2.0NRT,,4.1,N,VIIRS_NOAA21_NRT,316.54,295.85,YES,,LOW
-3.7601,105.54655,,0.51,0.41,2026-09-28,1804,N21,VIIRS,n,2.0NRT,,4.69,N,VIIRS_NOAA21_NRT,306.94,294.32,YES,,LOW
-3.75995,105.54383,,0.51,0.41,2026-09-28,1804,N21,VIIRS,n,2.0NRT,,1.87,N,VIIRS_NOAA21_NRT,307.07,294.04,YES,,LOW
-3.75937,105.54197,,0.51,0.41,2026-09-28,1804,N21,VIIRS,n,2.0NRT,,3.45,N,VIIRS_NOAA21_NRT,309.99,293.82,YES,,LOW
-3.7592,105.53925,,0.51,0.41,2026-09-28,1804,N21,VIIRS,n,2.0NRT,,1.87,N,VIIRS_NOAA21_NRT,306.46,292.86,YES,,LOW
-3.75777,105.55634,,0.51,0.41,2026-09-28,1804,N21,VIIRS,n,2.0NRT,,2.17,N,VIIRS_NOAA21_NRT,306.14,293.04,YES,,LOW
-3.75768,105.55359,,0.51,0.41,2026-09-28,1804,N21,VIIRS,n,2.0NRT,,2.9,N,VIIRS_NOAA21_NRT,325.11,296.32,YES,,LOW
-3.75705,105.55175,,0.51,0.41,2026-09-28,1804,N21,VIIRS,n,2.0NRT,,2.61,N,VIIRS_NOAA21_NRT,325.66,296.56,YES,,LOW
-3.75693,105.549,,0.51,0.41,2026-09-28,1804,N21,VIIRS,n,2.0NRT,,2.9,N,VIIRS_NOAA21_NRT,312.39,294.77,YES,,LOW
-3.75632,105.54716,,0.51,0.41,2026-09-28,1804,N21,VIIRS,n,2.0NRT,,2.61,N,VIIRS_NOAA21_NRT,307.95,293.99,YES,,LOW
-3.75544,105.49268,,0.52,0.41,2026-09-28,1804,N21,VIIRS,n,2.0NRT,,1.94,N,VIIRS_NOAA21_NRT,315.43,292.45,YES,,LOW
-3.75519,105.4907,,0.52,0.41,2026-09-28,1804,N21,VIIRS,n,2.0NRT,,3.27,N,VIIRS_NOAA21_NRT,318.06,293.29,YES,,LOW
-3.75468,105.48806,,0.52,0.41,2026-09-28,1804,N21,VIIRS,n,2.0NRT,,2.12,N,VIIRS_NOAA21_NRT,304.93,292.16,YES,,LOW
-3.754,105.55692,,0.51,0.41,2026-09-28,1804,N21,VIIRS,n,2.0NRT,,2.17,N,VIIRS_NOAA21_NRT,311.14,293.34,YES,,LOW
-3.75391,105.55418,,0.51,0.41,2026-09-28,1804,N21,VIIRS,n,2.0NRT,,2.9,N,VIIRS_NOAA21_NRT,316.93,294.95,YES,,LOW
-3.75327,105.55235,,0.51,0.41,2026-09-28,1804,N21,VIIRS,n,2.0NRT,,2.61,N,VIIRS_NOAA21_NRT,311.26,294.38,YES,,LOW
-3.75316,105.5496,,0.51,0.41,2026-09-28,1804,N21,VIIRS,n,2.0NRT,,2.9,N,VIIRS_NOAA21_NRT,313.5,295.31,YES,,LOW
-3.75255,105.54775,,0.51,0.41,2026-09-28,1804,N21,VIIRS,n,2.0NRT,,2.61,N,VIIRS_NOAA21_NRT,310.92,294.63,YES,,LOW
-3.75182,105.54317,,0.51,0.41,2026-09-28,1804,N21,VIIRS,n,2.0NRT,,4.04,N,VIIRS_NOAA21_NRT,305.44,293.22,YES,,LOW
-3.75166,105.49329,,0.52,0.41,2026-09-28,1804,N21,VIIRS,n,2.0NRT,,1.94,N,VIIRS_NOAA21_NRT,309.13,292.27,YES,,LOW
-3.75165,105.54043,,0.51,0.41,2026-09-28,1804,N21,VIIRS,n,2.0NRT,,6.25,N,VIIRS_NOAA21_NRT,322.11,296.17,YES,,LOW
-3.75141,105.4913,,0.52,0.41,2026-09-28,1804,N21,VIIRS,n,2.0NRT,,3.27,N,VIIRS_NOAA21_NRT,319.93,292.8,YES,,LOW
-3.7511,105.53857,,0.51,0.41,2026-09-28,1804,N21,VIIRS,n,2.0NRT,,4.04,N,VIIRS_NOAA21_NRT,329.26,297.71,YES,,LOW
-3.7509,105.48866,,0.52,0.41,2026-09-28,1804,N21,VIIRS,n,2.0NRT,,2.12,N,VIIRS_NOAA21_NRT,313.86,292.89,YES,,LOW
-3.7509,105.53585,,0.51,0.41,2026-09-28,1804,N21,VIIRS,n,2.0NRT,,3.14,N,VIIRS_NOAA21_NRT,315.93,293.73,YES,,LOW
-3.75068,105.48668,,0.52,0.41,2026-09-28,1804,N21,VIIRS,n,2.0NRT,,2.76,N,VIIRS_NOAA21_NRT,304.81,292.43,YES,,LOW
-3.75022,105.55753,,0.51,0.41,2026-09-28,1804,N21,VIIRS,n,2.0NRT,,1.74,N,VIIRS_NOAA21_NRT,305.49,292.84,YES,,LOW
-3.7495,105.55294,,0.51,0.41,2026-09-28,1804,N21,VIIRS,n,2.0NRT,,2.27,N,VIIRS_NOAA21_NRT,305.7,293.29,YES,,LOW
-3.74938,105.47942,,0.52,0.41,2026-09-28,1804,N21,VIIRS,n,2.0NRT,,2.57,N,VIIRS_NOAA21_NRT,311.77,293.16,YES,,LOW
-3.74922,105.47742,,0.52,0.41,2026-09-28,1804,N21,VIIRS,n,2.0NRT,,5.36,N,VIIRS_NOAA21_NRT,320.67,294.59,YES,,LOW
-3.74862,105.4748,,0.52,0.41,2026-09-28,1804,N21,VIIRS,n,2.0NRT,,2.57,N,VIIRS_NOAA21_NRT,308.08,292.95,YES,,LOW
-3.74805,105.54375,,0.51,0.41,2026-09-28,1804,N21,VIIRS,n,2.0NRT,,5.18,N,VIIRS_NOAA21_NRT,312.08,293.92,YES,,LOW
-3.74732,105.53917,,0.51,0.41,2026-09-28,1804,N21,VIIRS,n,2.0NRT,,5.18,N,VIIRS_NOAA21_NRT,320.89,295.28,YES,,LOW
-3.747,105.29747,,0.53,0.42,2026-09-28,1804,N21,VIIRS,n,2.0NRT,,2.55,N,VIIRS_NOAA21_NRT,309.11,291.54,YES,,LOW
-3.74483,105.4754,,0.52,0.41,2026-09-28,1804,N21,VIIRS,n,2.0NRT,,13.62,N,VIIRS_NOAA21_NRT,336.92,296.53,YES,,HIGH
-3.7447,105.47339,,0.52,0.41,2026-09-28,1804,N21,VIIRS,n,2.0NRT,,13.93,N,VIIRS_NOAA21_NRT,338.57,297.93,YES,,HIGH
-3.74428,105.54435,,0.51,0.41,2026-09-28,1804,N21,VIIRS,n,2.0NRT,,5.18,N,VIIRS_NOAA21_NRT,304.87,292.26,YES,,LOW
-3.74407,105.47076,,0.52,0.41,2026-09-28,1804,N21,VIIRS,n,2.0NRT,,10.98,N,VIIRS_NOAA21_NRT,335.96,298.06,YES,,HIGH
-3.74397,105.46875,,0.52,0.41,2026-09-28,1804,N21,VIIRS,n,2.0NRT,,8.7,N,VIIRS_NOAA21_NRT,337.53,299.31,YES,,LOW
-3.74355,105.53977,,0.51,0.41,2026-09-28,1804,N21,VIIRS,n,2.0NRT,,5.18,N,VIIRS_NOAA21_NRT,350.73,300.19,YES,,LOW
-3.74331,105.46613,,0.52,0.41,2026-09-28,1804,N21,VIIRS,n,2.0NRT,,10.98,N,VIIRS_NOAA21_NRT,341.29,300.15,YES,,HIGH
-3.74324,105.46412,,0.52,0.41,2026-09-28,1804,N21,VIIRS,n,2.0NRT,,8.7,N,VIIRS_NOAA21_NRT,339.82,299.7,YES,,LOW
-3.74255,105.4615,,0.52,0.41,2026-09-28,1804,N21,VIIRS,n,2.0NRT,,5.26,N,VIIRS_NOAA21_NRT,344.41,299.91,YES,,LOW
-3.74251,105.45947,,0.52,0.42,2026-09-28,1804,N21,VIIRS,n,2.0NRT,,5.02,N,VIIRS_NOAA21_NRT,342.94,299.31,YES,,LOW
-3.74179,105.45686,,0.52,0.41,2026-09-28,1804,N21,VIIRS,n,2.0NRT,,5.26,N,VIIRS_NOAA21_NRT,327.26,296.49,YES,,LOW
-3.74178,105.45482,,0.52,0.42,2026-09-28,1804,N21,VIIRS,n,2.0NRT,,5.02,N,VIIRS_NOAA21_NRT,323.47,295.91,YES,,LOW
-3.74164,105.47862,,0.52,0.41,2026-09-28,1804,N21,VIIRS,n,2.0NRT,,13.93,N,VIIRS_NOAA21_NRT,315.51,292.23,YES,,HIGH
-3.74105,105.476,,0.52,0.41,2026-09-28,1804,N21,VIIRS,n,2.0NRT,,13.62,N,VIIRS_NOAA21_NRT,346.48,300.01,YES,,HIGH
-3.74103,105.45222,,0.52,0.42,2026-09-28,1804,N21,VIIRS,n,2.0NRT,,3.78,N,VIIRS_NOAA21_NRT,317.34,293.93,YES,,LOW
-3.74091,105.47399,,0.52,0.41,2026-09-28,1804,N21,VIIRS,h,2.0NRT,,13.93,N,VIIRS_NOAA21_NRT,367.0,304.76,YES,,HIGH
-3.74028,105.47137,,0.52,0.41,2026-09-28,1804,N21,VIIRS,n,2.0NRT,,10.98,N,VIIRS_NOAA21_NRT,352.77,302.42,YES,,HIGH
-3.74018,105.46935,,0.52,0.41,2026-09-28,1804,N21,VIIRS,n,2.0NRT,,8.7,N,VIIRS_NOAA21_NRT,347.63,300.19,YES,,LOW
-3.73977,105.54037,,0.51,0.41,2026-09-28,1804,N21,VIIRS,n,2.0NRT,,11.55,N,VIIRS_NOAA21_NRT,347.64,298.07,YES,,HIGH
-3.73952,105.46674,,0.52,0.41,2026-09-28,1804,N21,VIIRS,n,2.0NRT,,10.98,N,VIIRS_NOAA21_NRT,330.85,296.76,YES,,HIGH
-3.73945,105.46472,,0.52,0.41,2026-09-28,1804,N21,VIIRS,n,2.0NRT,,8.7,N,VIIRS_NOAA21_NRT,317.3,294.85,YES,,LOW
-3.73905,105.53577,,0.51,0.41,2026-09-28,1804,N21,VIIRS,n,2.0NRT,,4.99,N,VIIRS_NOAA21_NRT,324.4,293.3,YES,,LOW
-3.73876,105.4621,,0.52,0.41,2026-09-28,1804,N21,VIIRS,n,2.0NRT,,5.26,N,VIIRS_NOAA21_NRT,315.46,294.65,YES,,LOW
-3.73872,105.46008,,0.52,0.42,2026-09-28,1804,N21,VIIRS,n,2.0NRT,,5.02,N,VIIRS_NOAA21_NRT,316.22,294.9,YES,,LOW
-3.738,105.45747,,0.52,0.41,2026-09-28,1804,N21,VIIRS,n,2.0NRT,,5.26,N,VIIRS_NOAA21_NRT,313.41,294.64,YES,,LOW
-3.73798,105.45542,,0.52,0.42,2026-09-28,1804,N21,VIIRS,n,2.0NRT,,5.02,N,VIIRS_NOAA21_NRT,317.6,295.4,YES,,LOW
-3.73725,105.45078,,0.52,0.42,2026-09-28,1804,N21,VIIRS,n,2.0NRT,,4.0,N,VIIRS_NOAA21_NRT,313.49,293.87,YES,,LOW
-3.73723,105.45283,,0.52,0.42,2026-09-28,1804,N21,VIIRS,n,2.0NRT,,3.78,N,VIIRS_NOAA21_NRT,320.67,295.77,YES,,LOW
-3.73639,105.46996,,0.52,0.41,2026-09-28,1804,N21,VIIRS,n,2.0NRT,,14.54,N,VIIRS_NOAA21_NRT,313.94,292.27,YES,,HIGH
-3.73566,105.46532,,0.52,0.41,2026-09-28,1804,N21,VIIRS,n,2.0NRT,,14.54,N,VIIRS_NOAA21_NRT,353.31,301.58,YES,,HIGH
-3.73492,105.46067,,0.52,0.42,2026-09-28,1804,N21,VIIRS,n,2.0NRT,,12.42,N,VIIRS_NOAA21_NRT,330.72,296.17,YES,,HIGH
-3.73419,105.45602,,0.52,0.42,2026-09-28,1804,N21,VIIRS,n,2.0NRT,,12.42,N,VIIRS_NOAA21_NRT,327.74,295.72,YES,,HIGH
-3.73345,105.45137,,0.52,0.42,2026-09-28,1804,N21,VIIRS,n,2.0NRT,,6.05,N,VIIRS_NOAA21_NRT,330.69,294.9,YES,,LOW
-3.73272,105.44672,,0.52,0.42,2026-09-28,1804,N21,VIIRS,n,2.0NRT,,6.05,N,VIIRS_NOAA21_NRT,322.2,293.47,YES,,LOW
-3.73198,105.44206,,0.52,0.42,2026-09-28,1804,N21,VIIRS,n,2.0NRT,,4.58,N,VIIRS_NOAA21_NRT,308.27,292.31,YES,,LOW
-3.73186,105.46592,,0.52,0.41,2026-09-28,1804,N21,VIIRS,n,2.0NRT,,14.54,N,VIIRS_NOAA21_NRT,348.23,297.73,YES,,HIGH
-3.73113,105.46127,,0.52,0.42,2026-09-28,1804,N21,VIIRS,h,2.0NRT,,12.42,N,VIIRS_NOAA21_NRT,367.0,302.69,YES,,HIGH
-3.73039,105.45663,,0.52,0.42,2026-09-28,1804,N21,VIIRS,n,2.0NRT,,12.42,N,VIIRS_NOAA21_NRT,345.15,297.18,YES,,HIGH
-3.72966,105.45198,,0.52,0.42,2026-09-28,1804,N21,VIIRS,n,2.0NRT,,6.05,N,VIIRS_NOAA21_NRT,326.79,293.97,YES,,LOW
-3.72892,105.44732,,0.52,0.42,2026-09-28,1804,N21,VIIRS,n,2.0NRT,,6.05,N,VIIRS_NOAA21_NRT,336.05,296.5,YES,,LOW
-3.72818,105.44267,,0.52,0.42,2026-09-28,1804,N21,VIIRS,n,2.0NRT,,4.58,N,VIIRS_NOAA21_NRT,343.63,297.48,YES,,LOW
-3.72807,105.46652,,0.52,0.41,2026-09-28,1804,N21,VIIRS,n,2.0NRT,,6.45,N,VIIRS_NOAA21_NRT,316.8,291.68,YES,,LOW
-3.72745,105.438,,0.52,0.42,2026-09-28,1804,N21,VIIRS,n,2.0NRT,,4.58,N,VIIRS_NOAA21_NRT,306.28,291.65,YES,,LOW
-3.72734,105.46188,,0.52,0.42,2026-09-28,1804,N21,VIIRS,n,2.0NRT,,17.71,N,VIIRS_NOAA21_NRT,351.75,299.54,YES,,HIGH
-3.7266,105.45723,,0.52,0.42,2026-09-28,1804,N21,VIIRS,n,2.0NRT,,17.71,N,VIIRS_NOAA21_NRT,324.79,293.67,YES,,HIGH
-3.72586,105.45258,,0.52,0.42,2026-09-28,1804,N21,VIIRS,n,2.0NRT,,10.08,N,VIIRS_NOAA21_NRT,348.12,298.84,YES,,HIGH
-3.72512,105.44792,,0.52,0.42,2026-09-28,1804,N21,VIIRS,n,2.0NRT,,10.08,N,VIIRS_NOAA21_NRT,351.77,299.07,YES,,HIGH
-3.72439,105.44327,,0.52,0.42,2026-09-28,1804,N21,VIIRS,n,2.0NRT,,9.19,N,VIIRS_NOAA21_NRT,338.92,294.93,YES,,LOW
-3.7228,105.45783,,0.52,0.42,2026-09-28,1804,N21,VIIRS,n,2.0NRT,,17.71,N,VIIRS_NOAA21_NRT,304.64,291.49,YES,,HIGH
-3.72207,105.45318,,0.52,0.42,2026-09-28,1804,N21,VIIRS,n,2.0NRT,,10.08,N,VIIRS_NOAA21_NRT,335.26,293.98,YES,,HIGH
-3.72133,105.44852,,0.52,0.42,2026-09-28,1804,N21,VIIRS,n,2.0NRT,,10.08,N,VIIRS_NOAA21_NRT,324.84,292.8,YES,,HIGH
-3.70275,105.74148,,0.5,0.41,2026-09-28,1804,N21,VIIRS,n,2.0NRT,,1.32,N,VIIRS_NOAA21_NRT,306.81,291.3,YES,,LOW
-3.69975,105.74654,,0.5,0.41,2026-09-28,1804,N21,VIIRS,n,2.0NRT,,1.32,N,VIIRS_NOAA21_NRT,310.91,291.52,YES,,LOW
-3.69824,105.54694,,0.51,0.41,2026-09-28,1804,N21,VIIRS,n,2.0NRT,,1.78,N,VIIRS_NOAA21_NRT,304.86,291.96,YES,,LOW
-3.69676,105.53777,,0.52,0.41,2026-09-28,1804,N21,VIIRS,n,2.0NRT,,1.66,N,VIIRS_NOAA21_NRT,306.38,291.74,YES,,LOW
-3.68926,105.17184,,0.54,0.42,2026-09-28,1804,N21,VIIRS,n,2.0NRT,,1.52,N,VIIRS_NOAA21_NRT,306.3,290.96,YES,,LOW
-3.68856,105.74833,,0.5,0.41,2026-09-28,1804,N21,VIIRS,n,2.0NRT,,1.87,N,VIIRS_NOAA21_NRT,314.72,291.78,YES,,LOW
-3.68782,105.74384,,0.5,0.41,2026-09-28,1804,N21,VIIRS,n,2.0NRT,,1.87,N,VIIRS_NOAA21_NRT,309.8,292.33,YES,,LOW
-3.68742,105.33374,,0.53,0.42,2026-09-28,1804,N21,VIIRS,n,2.0NRT,,2.03,N,VIIRS_NOAA21_NRT,304.24,291.36,YES,,LOW
-3.68661,105.74658,,0.5,0.41,2026-09-28,1804,N21,VIIRS,n,2.0NRT,,3.85,N,VIIRS_NOAA21_NRT,322.61,292.86,YES,,LOW
-3.68359,105.33434,,0.53,0.42,2026-09-28,1804,N21,VIIRS,n,2.0NRT,,2.29,N,VIIRS_NOAA21_NRT,306.04,291.02,YES,,LOW
-3.67218,105.77637,,0.5,0.41,2026-09-28,1804,N21,VIIRS,n,2.0NRT,,1.04,N,VIIRS_NOAA21_NRT,305.31,292.64,YES,,LOW
-3.66704,105.68721,,0.51,0.41,2026-09-28,1804,N21,VIIRS,n,2.0NRT,,2.51,N,VIIRS_NOAA21_NRT,316.7,291.73,YES,,LOW
-3.66619,105.68987,,0.51,0.41,2026-09-28,1804,N21,VIIRS,n,2.0NRT,,1.72,N,VIIRS_NOAA21_NRT,314.02,291.77,YES,,LOW
-3.63383,105.31796,,0.53,0.42,2026-09-28,1804,N21,VIIRS,n,2.0NRT,,0.96,N,VIIRS_NOAA21_NRT,302.97,290.7,YES,,LOW
-3.61632,105.2986,,0.53,0.42,2026-09-28,1804,N21,VIIRS,n,2.0NRT,,2.71,N,VIIRS_NOAA21_NRT,309.09,291.63,YES,,LOW
-3.6146,105.29661,,0.53,0.42,2026-09-28,1804,N21,VIIRS,n,2.0NRT,,1.01,N,VIIRS_NOAA21_NRT,306.85,291.63,YES,,LOW
-3.61077,105.29722,,0.53,0.42,2026-09-28,1804,N21,VIIRS,n,2.0NRT,,1.01,N,VIIRS_NOAA21_NRT,302.87,291.28,YES,,LOW
-3.59232,105.61302,,0.51,0.41,2026-09-28,1804,N21,VIIRS,n,2.0NRT,,0.82,N,VIIRS_NOAA21_NRT,304.11,291.58,YES,,LOW
-3.58553,105.61879,,0.51,0.41,2026-09-28,1804,N21,VIIRS,n,2.0NRT,,1.7,N,VIIRS_NOAA21_NRT,303.71,292.24,YES,,LOW
-3.57577,105.60627,,0.51,0.41,2026-09-28,1804,N21,VIIRS,n,2.0NRT,,1.18,N,VIIRS_NOAA21_NRT,303.3,292.14,YES,,LOW
-3.57129,105.7037,,0.51,0.41,2026-09-28,1804,N21,VIIRS,n,2.0NRT,,2.79,N,VIIRS_NOAA21_NRT,304.49,292.94,YES,,LOW
-3.56875,105.70513,,0.51,0.41,2026-09-28,1804,N21,VIIRS,n,2.0NRT,,2.29,N,VIIRS_NOAA21_NRT,304.84,292.85,YES,,LOW
-3.53193,104.86426,,0.57,0.43,2026-09-28,1804,N21,VIIRS,n,2.0NRT,,4.09,N,VIIRS_NOAA21_NRT,329.58,291.54,YES,,LOW
-3.53113,104.85919,,0.57,0.43,2026-09-28,1804,N21,VIIRS,n,2.0NRT,,4.09,N,VIIRS_NOAA21_NRT,310.63,290.86,YES,,LOW
-3.53107,104.86243,,0.57,0.43,2026-09-28,1804,N21,VIIRS,n,2.0NRT,,7.94,N,VIIRS_NOAA21_NRT,334.28,291.96,YES,,LOW
-3.51522,104.6926,,0.39,0.44,2026-09-28,1804,N21,VIIRS,n,2.0NRT,,1.12,N,VIIRS_NOAA21_NRT,303.49,291.72,YES,,LOW
-3.51402,105.2264,,0.54,0.42,2026-09-28,1804,N21,VIIRS,n,2.0NRT,,1.46,N,VIIRS_NOAA21_NRT,303.64,291.31,YES,,LOW
-3.49558,105.71102,,0.51,0.41,2026-09-28,1804,N21,VIIRS,n,2.0NRT,,1.3,N,VIIRS_NOAA21_NRT,303.94,292.24,YES,,LOW
-3.49535,105.58965,,0.51,0.41,2026-09-28,1804,N21,VIIRS,n,2.0NRT,,3.68,N,VIIRS_NOAA21_NRT,327.95,292.54,YES,,LOW
-3.47948,104.78993,,0.38,0.43,2026-09-28,1804,N21,VIIRS,n,2.0NRT,,2.58,N,VIIRS_NOAA21_NRT,321.91,291.35,YES,,LOW
-3.47532,104.91463,,0.56,0.43,2026-09-28,1804,N21,VIIRS,n,2.0NRT,,40.26,N,VIIRS_NOAA21_NRT,341.31,294.2,YES,,HIGH
-3.4745,104.90959,,0.56,0.43,2026-09-28,1804,N21,VIIRS,n,2.0NRT,,40.26,N,VIIRS_NOAA21_NRT,346.8,294.0,YES,,HIGH
-3.47138,104.91526,,0.56,0.43,2026-09-28,1804,N21,VIIRS,n,2.0NRT,,40.26,N,VIIRS_NOAA21_NRT,339.33,300.4,YES,,HIGH
-3.47056,104.91022,,0.56,0.43,2026-09-28,1804,N21,VIIRS,n,2.0NRT,,40.26,N,VIIRS_NOAA21_NRT,340.64,303.58,YES,,HIGH
-3.46826,104.92091,,0.56,0.43,2026-09-28,1804,N21,VIIRS,n,2.0NRT,,11.24,N,VIIRS_NOAA21_NRT,343.4,295.68,YES,,HIGH
-3.46744,104.91588,,0.56,0.43,2026-09-28,1804,N21,VIIRS,n,2.0NRT,,31.64,N,VIIRS_NOAA21_NRT,350.32,303.3,YES,,HIGH
-3.46662,104.91084,,0.56,0.43,2026-09-28,1804,N21,VIIRS,n,2.0NRT,,31.64,N,VIIRS_NOAA21_NRT,331.83,295.55,YES,,HIGH
-3.4666,105.1628,,0.55,0.42,2026-09-28,1804,N21,VIIRS,n,2.0NRT,,2.21,N,VIIRS_NOAA21_NRT,306.04,291.03,YES,,LOW
-3.46583,105.15794,,0.55,0.42,2026-09-28,1804,N21,VIIRS,n,2.0NRT,,2.34,N,VIIRS_NOAA21_NRT,304.52,291.42,YES,,LOW
-3.46432,104.92153,,0.56,0.43,2026-09-28,1804,N21,VIIRS,n,2.0NRT,,11.24,N,VIIRS_NOAA21_NRT,310.94,290.84,YES,,HIGH
-3.4635,104.9165,,0.56,0.43,2026-09-28,1804,N21,VIIRS,n,2.0NRT,,31.64,N,VIIRS_NOAA21_NRT,341.39,294.16,YES,,HIGH
-3.45659,105.70785,,0.51,0.41,2026-09-28,1804,N21,VIIRS,n,2.0NRT,,1.8,N,VIIRS_NOAA21_NRT,312.63,292.53,YES,,LOW
-3.45585,105.70332,,0.51,0.41,2026-09-28,1804,N21,VIIRS,n,2.0NRT,,1.8,N,VIIRS_NOAA21_NRT,309.74,292.57,YES,,LOW
-3.45524,105.7061,,0.51,0.41,2026-09-28,1804,N21,VIIRS,n,2.0NRT,,3.44,N,VIIRS_NOAA21_NRT,317.54,293.51,YES,,LOW
-3.43327,105.20289,,0.54,0.42,2026-09-28,1804,N21,VIIRS,n,2.0NRT,,5.34,N,VIIRS_NOAA21_NRT,332.66,293.87,YES,,LOW
-3.43249,105.19804,,0.54,0.42,2026-09-28,1804,N21,VIIRS,n,2.0NRT,,5.34,N,VIIRS_NOAA21_NRT,313.45,292.98,YES,,LOW
-3.4294,105.2035,,0.54,0.42,2026-09-28,1804,N21,VIIRS,n,2.0NRT,,4.74,N,VIIRS_NOAA21_NRT,320.79,292.06,YES,,LOW
-3.42394,105.16953,,0.55,0.42,2026-09-28,1804,N21,VIIRS,n,2.0NRT,,9.41,N,VIIRS_NOAA21_NRT,326.13,292.71,YES,,LOW
-3.42006,105.17014,,0.55,0.42,2026-09-28,1804,N21,VIIRS,n,2.0NRT,,9.41,N,VIIRS_NOAA21_NRT,346.33,297.19,YES,,LOW
-3.41927,105.16527,,0.55,0.42,2026-09-28,1804,N21,VIIRS,n,2.0NRT,,7.21,N,VIIRS_NOAA21_NRT,329.68,293.39,YES,,LOW
-3.41618,105.17075,,0.55,0.42,2026-09-28,1804,N21,VIIRS,n,2.0NRT,,3.35,N,VIIRS_NOAA21_NRT,330.11,294.81,YES,,LOW
-3.41309,105.17622,,0.55,0.42,2026-09-28,1804,N21,VIIRS,n,2.0NRT,,3.35,N,VIIRS_NOAA21_NRT,312.93,293.0,YES,,LOW
-3.4123,105.17136,,0.55,0.42,2026-09-28,1804,N21,VIIRS,n,2.0NRT,,3.35,N,VIIRS_NOAA21_NRT,304.17,292.21,YES,,LOW
-3.40921,105.17683,,0.55,0.42,2026-09-28,1804,N21,VIIRS,n,2.0NRT,,6.68,N,VIIRS_NOAA21_NRT,334.15,294.95,YES,,LOW
-3.37778,105.2635,,0.54,0.42,2026-09-28,1804,N21,VIIRS,n,2.0NRT,,1.71,N,VIIRS_NOAA21_NRT,306.08,291.4,YES,,LOW
-3.37392,105.2641,,0.54,0.42,2026-09-28,1804,N21,VIIRS,n,2.0NRT,,1.71,N,VIIRS_NOAA21_NRT,304.2,291.85,YES,,LOW
-3.37316,105.25928,,0.54,0.42,2026-09-28,1804,N21,VIIRS,n,2.0NRT,,2.92,N,VIIRS_NOAA21_NRT,313.36,292.28,YES,,LOW
-3.35232,105.25268,,0.54,0.42,2026-09-28,1804,N21,VIIRS,n,2.0NRT,,1.58,N,VIIRS_NOAA21_NRT,304.54,291.54,YES,,LOW
-3.35222,105.35094,,0.53,0.42,2026-09-28,1804,N21,VIIRS,n,2.0NRT,,1.8,N,VIIRS_NOAA21_NRT,308.58,292.36,YES,,LOW
-3.35155,105.24786,,0.54,0.42,2026-09-28,1804,N21,VIIRS,n,2.0NRT,,1.58,N,VIIRS_NOAA21_NRT,307.95,291.43,YES,,LOW
-3.31528,105.29305,,0.54,0.42,2026-09-28,1804,N21,VIIRS,n,2.0NRT,,1.37,N,VIIRS_NOAA21_NRT,303.69,291.8,YES,,LOW
-3.31278,105.17937,,0.55,0.42,2026-09-28,1804,N21,VIIRS,n,2.0NRT,,6.82,N,VIIRS_NOAA21_NRT,337.32,292.88,YES,,LOW
-3.3122,105.29844,,0.54,0.42,2026-09-28,1804,N21,VIIRS,n,2.0NRT,,3.56,N,VIIRS_NOAA21_NRT,320.06,292.35,YES,,LOW
-3.312,105.17448,,0.55,0.42,2026-09-28,1804,N21,VIIRS,n,2.0NRT,,6.82,N,VIIRS_NOAA21_NRT,331.85,292.77,YES,,LOW
-3.31143,105.29364,,0.54,0.42,2026-09-28,1804,N21,VIIRS,n,2.0NRT,,3.56,N,VIIRS_NOAA21_NRT,310.73,292.57,YES,,LOW
-3.30969,105.18484,,0.55,0.42,2026-09-28,1804,N21,VIIRS,n,2.0NRT,,2.67,N,VIIRS_NOAA21_NRT,311.09,290.85,YES,,LOW
-3.3089,105.17998,,0.55,0.42,2026-09-28,1804,N21,VIIRS,n,2.0NRT,,8.68,N,VIIRS_NOAA21_NRT,338.29,293.44,YES,,LOW
-3.30248,105.4557,,0.53,0.42,2026-09-28,1804,N21,VIIRS,n,2.0NRT,,2.63,N,VIIRS_NOAA21_NRT,303.95,292.85,YES,,LOW
-3.30122,104.6635,,0.39,0.44,2026-09-28,1804,N21,VIIRS,n,2.0NRT,,2.25,N,VIIRS_NOAA21_NRT,310.75,291.65,NO,14.67,MONITORING
-3.30053,105.25095,,0.54,0.42,2026-09-28,1804,N21,VIIRS,n,2.0NRT,,0.75,N,VIIRS_NOAA21_NRT,304.41,291.3,YES,,LOW
-3.30014,105.10089,,0.55,0.43,2026-09-28,1804,N21,VIIRS,n,2.0NRT,,4.77,N,VIIRS_NOAA21_NRT,324.25,292.01,YES,,LOW
-3.29745,105.25639,,0.54,0.42,2026-09-28,1804,N21,VIIRS,n,2.0NRT,,1.07,N,VIIRS_NOAA21_NRT,302.7,291.53,YES,,LOW
-3.29721,104.66415,,0.39,0.44,2026-09-28,1804,N21,VIIRS,n,2.0NRT,,2.25,N,VIIRS_NOAA21_NRT,313.45,291.24,NO,14.461,MONITORING
-3.29703,105.10644,,0.55,0.43,2026-09-28,1804,N21,VIIRS,n,2.0NRT,,1.92,N,VIIRS_NOAA21_NRT,304.88,291.39,YES,,LOW
-3.29631,105.12672,,0.55,0.43,2026-09-28,1804,N21,VIIRS,n,2.0NRT,,1.4,N,VIIRS_NOAA21_NRT,301.61,290.6,YES,,LOW
-3.29624,105.1015,,0.55,0.43,2026-09-28,1804,N21,VIIRS,n,2.0NRT,,5.15,N,VIIRS_NOAA21_NRT,323.22,294.06,YES,,LOW
-3.29552,105.12182,,0.55,0.43,2026-09-28,1804,N21,VIIRS,n,2.0NRT,,1.69,N,VIIRS_NOAA21_NRT,305.63,291.03,YES,,LOW
-3.28901,105.27746,,0.54,0.42,2026-09-28,1804,N21,VIIRS,n,2.0NRT,,6.17,N,VIIRS_NOAA21_NRT,330.58,294.7,YES,,LOW
-3.28822,105.27264,,0.54,0.42,2026-09-28,1804,N21,VIIRS,n,2.0NRT,,1.72,N,VIIRS_NOAA21_NRT,305.67,292.63,YES,,LOW
-3.28767,105.28009,,0.54,0.42,2026-09-28,1804,N21,VIIRS,n,2.0NRT,,8.75,N,VIIRS_NOAA21_NRT,320.97,292.46,YES,,LOW
-3.28692,105.27528,,0.54,0.42,2026-09-28,1804,N21,VIIRS,n,2.0NRT,,8.75,N,VIIRS_NOAA21_NRT,346.2,298.13,YES,,LOW
-3.28515,105.27805,,0.54,0.42,2026-09-28,1804,N21,VIIRS,n,2.0NRT,,9.76,N,VIIRS_NOAA21_NRT,331.41,294.5,YES,,LOW
-3.28436,105.27325,,0.54,0.42,2026-09-28,1804,N21,VIIRS,n,2.0NRT,,11.02,N,VIIRS_NOAA21_NRT,345.88,299.33,YES,,HIGH
-3.2836,105.55227,,0.52,0.42,2026-09-28,1804,N21,VIIRS,n,2.0NRT,,3.0,N,VIIRS_NOAA21_NRT,313.6,293.32,YES,,LOW
-3.28312,105.1439,,0.55,0.43,2026-09-28,1804,N21,VIIRS,n,2.0NRT,,1.98,N,VIIRS_NOAA21_NRT,307.32,290.45,YES,,LOW
-3.28306,105.27589,,0.54,0.42,2026-09-28,1804,N21,VIIRS,n,2.0NRT,,8.75,N,VIIRS_NOAA21_NRT,346.24,296.05,YES,,LOW
-3.2823,105.27107,,0.54,0.42,2026-09-28,1804,N21,VIIRS,n,2.0NRT,,8.88,N,VIIRS_NOAA21_NRT,330.03,294.39,YES,,LOW
-3.28202,105.56678,,0.52,0.41,2026-09-28,1804,N21,VIIRS,n,2.0NRT,,1.78,N,VIIRS_NOAA21_NRT,304.48,291.57,YES,,LOW
-3.2805,105.27386,,0.54,0.42,2026-09-28,1804,N21,VIIRS,n,2.0NRT,,11.02,N,VIIRS_NOAA21_NRT,322.63,292.47,YES,,HIGH
-3.28003,105.14941,,0.55,0.43,2026-09-28,1804,N21,VIIRS,n,2.0NRT,,1.62,N,VIIRS_NOAA21_NRT,309.06,291.18,YES,,LOW
-3.27923,105.14451,,0.55,0.43,2026-09-28,1804,N21,VIIRS,n,2.0NRT,,2.89,N,VIIRS_NOAA21_NRT,325.61,292.64,YES,,LOW
-3.27534,105.14511,,0.55,0.43,2026-09-28,1804,N21,VIIRS,n,2.0NRT,,2.89,N,VIIRS_NOAA21_NRT,308.69,291.37,YES,,LOW
-3.27454,105.14021,,0.55,0.43,2026-09-28,1804,N21,VIIRS,n,2.0NRT,,2.89,N,VIIRS_NOAA21_NRT,305.73,291.63,YES,,LOW
-3.26865,105.1586,,0.55,0.43,2026-09-28,1804,N21,VIIRS,n,2.0NRT,,0.78,N,VIIRS_NOAA21_NRT,302.57,291.06,YES,,LOW
-3.26747,104.97336,,0.56,0.43,2026-09-28,1804,N21,VIIRS,n,2.0NRT,,2.25,N,VIIRS_NOAA21_NRT,317.3,291.66,YES,,LOW
-3.2607,105.25964,,0.54,0.42,2026-09-28,1804,N21,VIIRS,n,2.0NRT,,10.8,N,VIIRS_NOAA21_NRT,315.6,292.37,YES,,HIGH
-3.25683,105.26023,,0.54,0.42,2026-09-28,1804,N21,VIIRS,n,2.0NRT,,10.8,N,VIIRS_NOAA21_NRT,350.81,298.15,YES,,HIGH
-3.25606,105.25539,,0.54,0.42,2026-09-28,1804,N21,VIIRS,n,2.0NRT,,1.66,N,VIIRS_NOAA21_NRT,304.87,292.28,YES,,LOW
-3.25296,105.26083,,0.54,0.42,2026-09-28,1804,N21,VIIRS,n,2.0NRT,,3.72,N,VIIRS_NOAA21_NRT,323.13,292.42,YES,,LOW
-3.23983,105.22813,,0.54,0.42,2026-09-28,1804,N21,VIIRS,n,2.0NRT,,2.47,N,VIIRS_NOAA21_NRT,303.7,291.09,YES,,LOW
-3.23906,105.22328,,0.54,0.42,2026-09-28,1804,N21,VIIRS,n,2.0NRT,,2.47,N,VIIRS_NOAA21_NRT,304.91,290.99,YES,,LOW
-3.23829,105.21841,,0.55,0.42,2026-09-28,1804,N21,VIIRS,n,2.0NRT,,1.73,N,VIIRS_NOAA21_NRT,307.62,291.98,YES,,LOW
-3.23596,105.22874,,0.54,0.42,2026-09-28,1804,N21,VIIRS,n,2.0NRT,,2.47,N,VIIRS_NOAA21_NRT,328.96,293.85,YES,,LOW
-3.23209,105.22939,,0.54,0.42,2026-09-28,1804,N21,VIIRS,n,2.0NRT,,2.02,N,VIIRS_NOAA21_NRT,313.99,292.29,YES,,LOW
-3.23122,104.9739,,0.56,0.43,2026-09-28,1804,N21,VIIRS,n,2.0NRT,,1.25,N,VIIRS_NOAA21_NRT,303.51,291.59,YES,,LOW
-3.23119,104.97098,,0.56,0.43,2026-09-28,1804,N21,VIIRS,n,2.0NRT,,2.99,N,VIIRS_NOAA21_NRT,304.15,291.97,YES,,LOW
-3.22811,104.97954,,0.56,0.43,2026-09-28,1804,N21,VIIRS,n,2.0NRT,,1.96,N,VIIRS_NOAA21_NRT,303.32,291.44,YES,,LOW
-3.18835,104.66353,,0.39,0.44,2026-09-28,1804,N21,VIIRS,n,2.0NRT,,0.95,N,VIIRS_NOAA21_NRT,308.52,291.3,NO,15.039,MONITORING
-3.1587,105.40164,,0.53,0.42,2026-09-28,1804,N21,VIIRS,n,2.0NRT,,8.23,N,VIIRS_NOAA21_NRT,342.21,295.66,YES,,LOW
-3.15795,105.3969,,0.53,0.42,2026-09-28,1804,N21,VIIRS,n,2.0NRT,,3.52,N,VIIRS_NOAA21_NRT,308.08,292.23,YES,,LOW
-3.1484,105.0844,,0.56,0.43,2026-09-28,1804,N21,VIIRS,n,2.0NRT,,11.31,N,VIIRS_NOAA21_NRT,327.42,293.64,YES,,HIGH
-3.14827,105.08147,,0.56,0.43,2026-09-28,1804,N21,VIIRS,n,2.0NRT,,8.04,N,VIIRS_NOAA21_NRT,336.3,295.55,YES,,LOW
-3.14799,105.38381,,0.53,0.42,2026-09-28,1804,N21,VIIRS,n,2.0NRT,,2.03,N,VIIRS_NOAA21_NRT,308.18,291.75,YES,,LOW
-3.14762,105.07944,,0.56,0.43,2026-09-28,1804,N21,VIIRS,n,2.0NRT,,7.43,N,VIIRS_NOAA21_NRT,328.84,294.35,YES,,LOW
-3.14526,105.08997,,0.56,0.43,2026-09-28,1804,N21,VIIRS,n,2.0NRT,,11.31,N,VIIRS_NOAA21_NRT,336.19,294.76,YES,,HIGH
-3.14516,105.08702,,0.56,0.43,2026-09-28,1804,N21,VIIRS,n,2.0NRT,,13.58,N,VIIRS_NOAA21_NRT,353.35,298.39,YES,,HIGH
-3.14451,105.05953,,0.56,0.43,2026-09-28,1804,N21,VIIRS,n,2.0NRT,,1.97,N,VIIRS_NOAA21_NRT,308.46,292.2,YES,,LOW
-3.14448,105.08501,,0.56,0.43,2026-09-28,1804,N21,VIIRS,n,2.0NRT,,11.31,N,VIIRS_NOAA21_NRT,349.71,300.3,YES,,HIGH
-3.14435,105.08209,,0.56,0.43,2026-09-28,1804,N21,VIIRS,n,2.0NRT,,3.77,N,VIIRS_NOAA21_NRT,322.59,295.08,YES,,LOW
-3.1442,105.05665,,0.56,0.43,2026-09-28,1804,N21,VIIRS,n,2.0NRT,,1.78,N,VIIRS_NOAA21_NRT,303.87,291.66,YES,,LOW
-3.14207,105.09261,,0.56,0.43,2026-09-28,1804,N21,VIIRS,n,2.0NRT,,13.58,N,VIIRS_NOAA21_NRT,302.65,290.65,YES,,HIGH
-3.14135,105.09061,,0.56,0.43,2026-09-28,1804,N21,VIIRS,n,2.0NRT,,8.01,N,VIIRS_NOAA21_NRT,332.05,292.04,YES,,LOW
-3.14125,105.08765,,0.56,0.43,2026-09-28,1804,N21,VIIRS,n,2.0NRT,,13.58,N,VIIRS_NOAA21_NRT,347.38,298.62,YES,,HIGH
-3.14057,105.08565,,0.56,0.43,2026-09-28,1804,N21,VIIRS,n,2.0NRT,,8.01,N,VIIRS_NOAA21_NRT,333.05,294.64,YES,,LOW
-3.14044,105.08273,,0.56,0.43,2026-09-28,1804,N21,VIIRS,n,2.0NRT,,3.77,N,VIIRS_NOAA21_NRT,308.05,292.76,YES,,LOW
-3.12022,105.10918,,0.56,0.43,2026-09-28,1804,N21,VIIRS,n,2.0NRT,,4.91,N,VIIRS_NOAA21_NRT,333.76,294.58,YES,,LOW
-3.11943,105.10422,,0.56,0.43,2026-09-28,1804,N21,VIIRS,n,2.0NRT,,3.05,N,VIIRS_NOAA21_NRT,311.91,291.59,YES,,LOW
-3.11631,105.10979,,0.56,0.43,2026-09-28,1804,N21,VIIRS,n,2.0NRT,,4.91,N,VIIRS_NOAA21_NRT,309.65,292.19,YES,,LOW
-3.11552,105.10483,,0.56,0.43,2026-09-28,1804,N21,VIIRS,n,2.0NRT,,3.05,N,VIIRS_NOAA21_NRT,319.33,293.19,YES,,LOW
-3.11161,105.10545,,0.56,0.43,2026-09-28,1804,N21,VIIRS,n,2.0NRT,,2.29,N,VIIRS_NOAA21_NRT,306.06,291.68,YES,,LOW
-3.10085,105.21308,,0.55,0.43,2026-09-28,1804,N21,VIIRS,n,2.0NRT,,2.95,N,VIIRS_NOAA21_NRT,308.1,292.89,NO,0.404,MONITORING
-3.09857,104.70299,,0.39,0.44,2026-09-28,1804,N21,VIIRS,n,2.0NRT,,0.4,N,VIIRS_NOAA21_NRT,303.77,290.56,NO,10.045,MONITORING
-3.09386,105.21918,,0.55,0.42,2026-09-28,1804,N21,VIIRS,n,2.0NRT,,4.73,N,VIIRS_NOAA21_NRT,315.69,293.14,YES,,LOW
-3.05902,105.07803,,0.56,0.43,2026-09-28,1804,N21,VIIRS,n,2.0NRT,,1.84,N,VIIRS_NOAA21_NRT,306.11,291.8,NO,0.652,MONITORING
-3.0499,104.87124,,0.38,0.43,2026-09-28,1804,N21,VIIRS,n,2.0NRT,,1.04,N,VIIRS_NOAA21_NRT,310.1,290.81,NO,5.312,MONITORING
-3.04434,105.58624,,0.52,0.42,2026-09-28,1804,N21,VIIRS,n,2.0NRT,,2.18,N,VIIRS_NOAA21_NRT,306.03,293.38,YES,,LOW
-3.04204,105.59613,,0.52,0.42,2026-09-28,1804,N21,VIIRS,n,2.0NRT,,3.74,N,VIIRS_NOAA21_NRT,311.16,294.33,YES,,LOW
-3.04129,105.59148,,0.52,0.42,2026-09-28,1804,N21,VIIRS,n,2.0NRT,,3.74,N,VIIRS_NOAA21_NRT,328.61,297.51,YES,,LOW
-3.04054,105.58683,,0.52,0.42,2026-09-28,1804,N21,VIIRS,n,2.0NRT,,2.61,N,VIIRS_NOAA21_NRT,314.4,294.99,YES,,LOW
-3.03899,105.60137,,0.52,0.42,2026-09-28,1804,N21,VIIRS,n,2.0NRT,,6.38,N,VIIRS_NOAA21_NRT,323.06,297.06,YES,,LOW
-3.03824,105.59673,,0.52,0.42,2026-09-28,1804,N21,VIIRS,n,2.0NRT,,3.74,N,VIIRS_NOAA21_NRT,323.84,297.49,YES,,LOW
-3.03749,105.59207,,0.52,0.42,2026-09-28,1804,N21,VIIRS,n,2.0NRT,,3.74,N,VIIRS_NOAA21_NRT,319.81,296.24,YES,,LOW
-3.03674,105.58743,,0.52,0.42,2026-09-28,1804,N21,VIIRS,n,2.0NRT,,2.61,N,VIIRS_NOAA21_NRT,310.08,294.49,YES,,LOW
-3.03519,105.60197,,0.52,0.42,2026-09-28,1804,N21,VIIRS,n,2.0NRT,,2.62,N,VIIRS_NOAA21_NRT,320.2,295.65,YES,,LOW
-3.03444,105.59732,,0.52,0.42,2026-09-28,1804,N21,VIIRS,n,2.0NRT,,4.98,N,VIIRS_NOAA21_NRT,327.39,298.32,YES,,LOW
-3.03369,105.59267,,0.52,0.42,2026-09-28,1804,N21,VIIRS,n,2.0NRT,,4.98,N,VIIRS_NOAA21_NRT,314.14,295.26,YES,,LOW
-3.03294,105.58803,,0.52,0.42,2026-09-28,1804,N21,VIIRS,n,2.0NRT,,3.1,N,VIIRS_NOAA21_NRT,315.28,295.05,YES,,LOW
-3.03219,105.58337,,0.52,0.42,2026-09-28,1804,N21,VIIRS,n,2.0NRT,,3.1,N,VIIRS_NOAA21_NRT,310.91,294.55,YES,,LOW
-3.0314,105.60256,,0.52,0.42,2026-09-28,1804,N21,VIIRS,n,2.0NRT,,2.62,N,VIIRS_NOAA21_NRT,308.82,292.49,YES,,LOW
-3.03064,105.59792,,0.52,0.42,2026-09-28,1804,N21,VIIRS,n,2.0NRT,,4.98,N,VIIRS_NOAA21_NRT,329.41,298.51,YES,,LOW
-3.02989,105.59326,,0.52,0.42,2026-09-28,1804,N21,VIIRS,n,2.0NRT,,4.98,N,VIIRS_NOAA21_NRT,331.0,298.76,YES,,LOW
-3.02914,105.58862,,0.52,0.42,2026-09-28,1804,N21,VIIRS,n,2.0NRT,,3.1,N,VIIRS_NOAA21_NRT,323.82,296.61,YES,,LOW
-3.02839,105.58396,,0.52,0.42,2026-09-28,1804,N21,VIIRS,n,2.0NRT,,3.1,N,VIIRS_NOAA21_NRT,320.76,295.58,YES,,LOW
-3.02765,105.08295,,0.56,0.43,2026-09-28,1804,N21,VIIRS,n,2.0NRT,,2.15,N,VIIRS_NOAA21_NRT,305.22,291.83,YES,,LOW
-3.02684,105.59851,,0.52,0.42,2026-09-28,1804,N21,VIIRS,n,2.0NRT,,5.26,N,VIIRS_NOAA21_NRT,322.76,296.38,YES,,LOW
-3.02609,105.59386,,0.52,0.42,2026-09-28,1804,N21,VIIRS,n,2.0NRT,,5.26,N,VIIRS_NOAA21_NRT,337.97,300.42,YES,,LOW
-3.02534,105.58921,,0.52,0.42,2026-09-28,1804,N21,VIIRS,n,2.0NRT,,4.68,N,VIIRS_NOAA21_NRT,335.35,299.02,YES,,LOW
-3.02458,105.58456,,0.52,0.42,2026-09-28,1804,N21,VIIRS,n,2.0NRT,,4.68,N,VIIRS_NOAA21_NRT,326.53,296.1,YES,,LOW
-3.02229,105.59445,,0.52,0.42,2026-09-28,1804,N21,VIIRS,n,2.0NRT,,5.26,N,VIIRS_NOAA21_NRT,314.15,293.4,YES,,LOW
-3.02154,105.58981,,0.52,0.42,2026-09-28,1804,N21,VIIRS,n,2.0NRT,,4.68,N,VIIRS_NOAA21_NRT,306.86,292.21,YES,,LOW
-3.00776,104.63519,,0.4,0.44,2026-09-28,1804,N21,VIIRS,n,2.0NRT,,15.4,N,VIIRS_NOAA21_NRT,353.92,293.21,NO,19.404,MONITORING
-2.97879,104.87593,,0.38,0.44,2026-09-28,1804,N21,VIIRS,n,2.0NRT,,1.28,N,VIIRS_NOAA21_NRT,314.89,290.45,NO,11.764,MONITORING
-2.87894,106.21374,,0.48,0.4,2026-09-28,1804,N21,VIIRS,n,2.0NRT,,1.83,N,VIIRS_NOAA21_NRT,310.89,293.12,NO,22.52,MONITORING
-2.87197,104.7471,,0.39,0.44,2026-09-28,1804,N21,VIIRS,n,2.0NRT,,1.32,N,VIIRS_NOAA21_NRT,311.67,291.52,NO,23.037,MONITORING
-2.85711,104.76752,,0.39,0.44,2026-09-28,1804,N21,VIIRS,n,2.0NRT,,1.16,N,VIIRS_NOAA21_NRT,303.24,290.64,NO,24.237,MONITORING
-2.79571,105.1678,,0.56,0.43,2026-09-28,1804,N21,VIIRS,n,2.0NRT,,1.67,N,VIIRS_NOAA21_NRT,305.15,293.13,NO,7.801,MONITORING
-2.79253,105.12234,,0.56,0.43,2026-09-28,1804,N21,VIIRS,n,2.0NRT,,1.41,N,VIIRS_NOAA21_NRT,307.43,291.63,NO,11.46,MONITORING
-2.7918,105.16842,,0.56,0.43,2026-09-28,1804,N21,VIIRS,n,2.0NRT,,1.67,N,VIIRS_NOAA21_NRT,305.78,292.67,NO,7.447,MONITORING
-2.79173,105.11735,,0.56,0.43,2026-09-28,1804,N21,VIIRS,n,2.0NRT,,3.2,N,VIIRS_NOAA21_NRT,308.18,292.22,NO,11.863,MONITORING
-2.78781,105.11797,,0.56,0.43,2026-09-28,1804,N21,VIIRS,n,2.0NRT,,3.86,N,VIIRS_NOAA21_NRT,305.15,292.91,NO,11.566,MONITORING
-2.75238,105.99052,,0.5,0.41,2026-09-28,1804,N21,VIIRS,n,2.0NRT,,1.37,N,VIIRS_NOAA21_NRT,305.61,294.01,NO,21.585,MONITORING
-2.69014,105.5827,,0.53,0.42,2026-09-28,1804,N21,VIIRS,n,2.0NRT,,1.53,N,VIIRS_NOAA21_NRT,310.0,291.01,YES,,LOW
-2.67793,106.13197,,0.49,0.4,2026-09-28,1804,N21,VIIRS,n,2.0NRT,,1.85,N,VIIRS_NOAA21_NRT,313.91,291.98,NO,34.977,MONITORING
-2.66093,106.20988,,0.49,0.4,2026-09-28,1804,N21,VIIRS,n,2.0NRT,,0.8,N,VIIRS_NOAA21_NRT,303.99,292.23,NO,40.57,MONITORING
-2.65174,104.99632,,0.57,0.43,2026-09-28,1804,N21,VIIRS,n,2.0NRT,,1.21,N,VIIRS_NOAA21_NRT,303.72,290.81,NO,19.76,MONITORING
-2.44567,105.4409,,0.54,0.42,2026-09-28,1804,N21,VIIRS,n,2.0NRT,,2.73,N,VIIRS_NOAA21_NRT,308.46,293.78,NO,0.546,MONITORING
-2.44489,105.43607,,0.54,0.42,2026-09-28,1804,N21,VIIRS,n,2.0NRT,,7.68,N,VIIRS_NOAA21_NRT,311.94,294.12,NO,0.596,MONITORING
-2.44452,105.4436,,0.54,0.42,2026-09-28,1804,N21,VIIRS,n,2.0NRT,,7.4,N,VIIRS_NOAA21_NRT,318.22,295.59,NO,0.725,MONITORING
-2.4441,105.43122,,0.54,0.42,2026-09-28,1804,N21,VIIRS,n,2.0NRT,,7.68,N,VIIRS_NOAA21_NRT,345.03,296.64,NO,0.577,MONITORING
-2.44377,105.43877,,0.54,0.42,2026-09-28,1804,N21,VIIRS,n,2.0NRT,,7.4,N,VIIRS_NOAA21_NRT,319.96,295.79,NO,0.727,MONITORING
-2.44332,105.42639,,0.54,0.42,2026-09-28,1804,N21,VIIRS,n,2.0NRT,,10.34,N,VIIRS_NOAA21_NRT,337.8,294.34,NO,0.564,MONITORING
-2.44302,105.43391,,0.54,0.42,2026-09-28,1804,N21,VIIRS,n,2.0NRT,,10.45,N,VIIRS_NOAA21_NRT,323.82,295.68,NO,0.837,MONITORING
-2.44259,105.4463,,0.54,0.42,2026-09-28,1804,N21,VIIRS,n,2.0NRT,,8.07,N,VIIRS_NOAA21_NRT,321.8,295.17,NO,1.027,MONITORING
-2.44226,105.42906,,0.54,0.42,2026-09-28,1804,N21,VIIRS,n,2.0NRT,,10.45,N,VIIRS_NOAA21_NRT,356.0,298.88,NO,0.707,MONITORING
-2.4418,105.44148,,0.54,0.42,2026-09-28,1804,N21,VIIRS,n,2.0NRT,,8.07,N,VIIRS_NOAA21_NRT,336.67,298.78,NO,0.981,MONITORING
-2.44151,105.42423,,0.54,0.42,2026-09-28,1804,N21,VIIRS,n,2.0NRT,,50.43,N,VIIRS_NOAA21_NRT,330.7,293.79,NO,0.799,MONITORING
-2.44102,105.43666,,0.54,0.42,2026-09-28,1804,N21,VIIRS,n,2.0NRT,,7.79,N,VIIRS_NOAA21_NRT,329.07,297.2,NO,1.018,MONITORING
-2.44065,105.44419,,0.54,0.42,2026-09-28,1804,N21,VIIRS,n,2.0NRT,,7.4,N,VIIRS_NOAA21_NRT,352.08,301.94,NO,1.158,MONITORING
-2.44023,105.43182,,0.54,0.42,2026-09-28,1804,N21,VIIRS,n,2.0NRT,,7.79,N,VIIRS_NOAA21_NRT,327.72,295.9,NO,1.002,MONITORING
-2.4399,105.43936,,0.54,0.42,2026-09-28,1804,N21,VIIRS,n,2.0NRT,,7.4,N,VIIRS_NOAA21_NRT,336.82,299.11,NO,1.163,MONITORING
-2.43945,105.42699,,0.54,0.42,2026-09-28,1804,N21,VIIRS,n,2.0NRT,,47.16,N,VIIRS_NOAA21_NRT,350.73,299.8,NO,0.995,MONITORING
-2.43915,105.43452,,0.54,0.42,2026-09-28,1804,N21,VIIRS,n,2.0NRT,,10.45,N,VIIRS_NOAA21_NRT,335.22,298.58,NO,1.236,MONITORING
-2.43872,105.44689,,0.54,0.42,2026-09-28,1804,N21,VIIRS,n,2.0NRT,,8.07,N,VIIRS_NOAA21_NRT,343.24,296.68,NO,1.453,MONITORING
-2.43866,105.42216,,0.54,0.42,2026-09-28,1804,N21,VIIRS,n,2.0NRT,,47.16,N,VIIRS_NOAA21_NRT,352.92,301.65,NO,1.171,MONITORING
-2.43839,105.42966,,0.54,0.42,2026-09-28,1804,N21,VIIRS,n,2.0NRT,,10.45,N,VIIRS_NOAA21_NRT,338.49,297.9,NO,1.143,MONITORING
-2.43793,105.44208,,0.54,0.42,2026-09-28,1804,N21,VIIRS,n,2.0NRT,,8.07,N,VIIRS_NOAA21_NRT,334.93,297.74,NO,1.417,MONITORING
-2.43787,105.41731,,0.54,0.42,2026-09-28,1804,N21,VIIRS,n,2.0NRT,,6.94,N,VIIRS_NOAA21_NRT,310.91,293.06,NO,1.2,MONITORING
-2.43764,105.42482,,0.54,0.42,2026-09-28,1804,N21,VIIRS,n,2.0NRT,,50.43,N,VIIRS_NOAA21_NRT,340.35,310.79,NO,1.211,MONITORING
-2.43715,105.43726,,0.54,0.42,2026-09-28,1804,N21,VIIRS,n,2.0NRT,,7.79,N,VIIRS_NOAA21_NRT,336.73,299.33,NO,1.447,MONITORING
-2.43688,105.41998,,0.54,0.42,2026-09-28,1804,N21,VIIRS,n,2.0NRT,,50.43,N,VIIRS_NOAA21_NRT,346.16,306.41,NO,1.362,MONITORING
-2.43678,105.44478,,0.54,0.42,2026-09-28,1804,N21,VIIRS,n,2.0NRT,,6.77,N,VIIRS_NOAA21_NRT,329.99,293.33,NO,1.593,MONITORING
-2.43636,105.43241,,0.54,0.42,2026-09-28,1804,N21,VIIRS,n,2.0NRT,,7.79,N,VIIRS_NOAA21_NRT,346.74,301.96,NO,1.433,MONITORING
-2.43603,105.43995,,0.54,0.42,2026-09-28,1804,N21,VIIRS,n,2.0NRT,,6.77,N,VIIRS_NOAA21_NRT,336.9,297.12,NO,1.599,MONITORING
-2.43557,105.42758,,0.54,0.42,2026-09-28,1804,N21,VIIRS,n,2.0NRT,,47.16,N,VIIRS_NOAA21_NRT,352.25,304.15,NO,1.429,MONITORING
-2.43527,105.43511,,0.54,0.42,2026-09-28,1804,N21,VIIRS,n,2.0NRT,,13.41,N,VIIRS_NOAA21_NRT,347.77,301.64,NO,1.652,MONITORING
-2.43479,105.42275,,0.54,0.42,2026-09-28,1804,N21,VIIRS,n,2.0NRT,,47.16,N,VIIRS_NOAA21_NRT,352.08,312.15,NO,1.565,MONITORING
-2.43452,105.43027,,0.54,0.42,2026-09-28,1804,N21,VIIRS,n,2.0NRT,,13.41,N,VIIRS_NOAA21_NRT,349.4,300.96,NO,1.579,MONITORING
-2.434,105.41791,,0.54,0.42,2026-09-28,1804,N21,VIIRS,n,2.0NRT,,6.94,N,VIIRS_NOAA21_NRT,334.2,295.69,NO,1.636,MONITORING
-2.43376,105.42543,,0.54,0.42,2026-09-28,1804,N21,VIIRS,h,2.0NRT,,23.04,N,VIIRS_NOAA21_NRT,367.0,305.72,NO,1.634,MONITORING
-2.43328,105.43785,,0.54,0.42,2026-09-28,1804,N21,VIIRS,n,2.0NRT,,11.95,N,VIIRS_NOAA21_NRT,345.19,298.57,NO,1.88,MONITORING
-2.43321,105.41306,,0.54,0.42,2026-09-28,1804,N21,VIIRS,n,2.0NRT,,6.94,N,VIIRS_NOAA21_NRT,311.18,293.52,NO,1.743,MONITORING
-2.43301,105.42059,,0.54,0.42,2026-09-28,1804,N21,VIIRS,h,2.0NRT,,23.04,N,VIIRS_NOAA21_NRT,367.0,300.62,NO,1.797,MONITORING
-2.43249,105.43301,,0.54,0.42,2026-09-28,1804,N21,VIIRS,n,2.0NRT,,11.95,N,VIIRS_NOAA21_NRT,354.07,301.68,NO,1.867,MONITORING
-2.4317,105.42818,,0.54,0.42,2026-09-28,1804,N21,VIIRS,n,2.0NRT,,6.44,N,VIIRS_NOAA21_NRT,342.77,298.45,NO,1.863,MONITORING
-2.43149,105.41087,,0.54,0.42,2026-09-28,1804,N21,VIIRS,n,2.0NRT,,5.27,N,VIIRS_NOAA21_NRT,312.99,293.89,NO,1.978,MONITORING
-2.4314,105.43571,,0.54,0.42,2026-09-28,1804,N21,VIIRS,n,2.0NRT,,13.41,N,VIIRS_NOAA21_NRT,347.43,296.8,NO,2.075,MONITORING
-2.43091,105.42335,,0.54,0.42,2026-09-28,1804,N21,VIIRS,n,2.0NRT,,6.44,N,VIIRS_NOAA21_NRT,326.84,296.45,NO,1.977,MONITORING
-2.43065,105.43088,,0.54,0.42,2026-09-28,1804,N21,VIIRS,n,2.0NRT,,13.41,N,VIIRS_NOAA21_NRT,351.24,297.48,NO,2.015,MONITORING
-2.43012,105.4185,,0.54,0.42,2026-09-28,1804,N21,VIIRS,n,2.0NRT,,3.34,N,VIIRS_NOAA21_NRT,314.17,294.06,NO,2.073,MONITORING
-2.42862,105.43362,,0.54,0.42,2026-09-28,1804,N21,VIIRS,n,2.0NRT,,11.95,N,VIIRS_NOAA21_NRT,332.61,293.72,NO,2.302,MONITORING
-2.42783,105.42879,,0.54,0.42,2026-09-28,1804,N21,VIIRS,n,2.0NRT,,6.44,N,VIIRS_NOAA21_NRT,325.0,294.06,NO,2.297,MONITORING
-2.40044,104.98718,,0.39,0.44,2026-09-28,1804,N21,VIIRS,n,2.0NRT,,0.65,N,VIIRS_NOAA21_NRT,304.21,290.84,NO,30.797,MONITORING
-4.24281,105.45411,,0.54,0.42,2026-09-29,644,N21,VIIRS,n,2.0NRT,,33.28,D,VIIRS_NOAA21_NRT,342.48,303.36,NO,26.929,MONITORING
-4.24203,105.45896,,0.54,0.42,2026-09-29,644,N21,VIIRS,n,2.0NRT,,13.04,D,VIIRS_NOAA21_NRT,333.84,301.44,NO,26.522,MONITORING
-4.21878,105.47233,,0.55,0.42,2026-09-29,644,N21,VIIRS,n,2.0NRT,,12.5,D,VIIRS_NOAA21_NRT,335.27,302.13,NO,23.57,MONITORING
-4.21255,105.46133,,0.54,0.42,2026-09-29,644,N21,VIIRS,n,2.0NRT,,2.75,D,VIIRS_NOAA21_NRT,332.4,301.71,NO,23.858,MONITORING
-4.1816,105.63332,,0.56,0.43,2026-09-29,644,N21,VIIRS,n,2.0NRT,,21.17,D,VIIRS_NOAA21_NRT,348.07,304.64,NO,9.06,MONITORING
-4.18081,105.63832,,0.56,0.43,2026-09-29,644,N21,VIIRS,n,2.0NRT,,21.17,D,VIIRS_NOAA21_NRT,338.57,301.91,NO,8.559,MONITORING
-4.17991,105.34197,,0.54,0.42,2026-09-29,644,N21,VIIRS,n,2.0NRT,,20.72,D,VIIRS_NOAA21_NRT,348.39,306.31,NO,28.828,MONITORING
-4.17914,105.34679,,0.54,0.42,2026-09-29,644,N21,VIIRS,n,2.0NRT,,20.72,D,VIIRS_NOAA21_NRT,337.2,303.62,NO,29.247,MONITORING
-4.17837,105.35159,,0.54,0.42,2026-09-29,644,N21,VIIRS,h,2.0NRT,,16.94,D,VIIRS_NOAA21_NRT,367.0,306.62,NO,29.668,MONITORING
-4.1776,105.35641,,0.54,0.42,2026-09-29,644,N21,VIIRS,n,2.0NRT,,16.94,D,VIIRS_NOAA21_NRT,348.56,304.86,NO,30.095,MONITORING
-4.17452,105.351,,0.54,0.42,2026-09-29,644,N21,VIIRS,n,2.0NRT,,7.19,D,VIIRS_NOAA21_NRT,337.18,304.8,NO,29.402,MONITORING
-4.16989,105.35519,,0.54,0.42,2026-09-29,644,N21,VIIRS,n,2.0NRT,,7.19,D,VIIRS_NOAA21_NRT,345.01,304.23,NO,29.569,MONITORING
-4.16604,105.35458,,0.54,0.42,2026-09-29,644,N21,VIIRS,n,2.0NRT,,5.74,D,VIIRS_NOAA21_NRT,339.65,306.31,NO,29.313,MONITORING
-4.16141,105.35877,,0.54,0.42,2026-09-29,644,N21,VIIRS,n,2.0NRT,,9.67,D,VIIRS_NOAA21_NRT,342.96,306.75,NO,29.504,MONITORING
-4.15372,105.33294,,0.54,0.42,2026-09-29,644,N21,VIIRS,n,2.0NRT,,4.84,D,VIIRS_NOAA21_NRT,338.46,302.4,NO,26.543,MONITORING
-4.14909,105.33714,,0.54,0.42,2026-09-29,644,N21,VIIRS,n,2.0NRT,,23.21,D,VIIRS_NOAA21_NRT,348.75,306.57,NO,26.739,MONITORING
-4.14751,105.33398,,0.54,0.42,2026-09-29,644,N21,VIIRS,n,2.0NRT,,27.89,D,VIIRS_NOAA21_NRT,339.07,304.42,NO,26.346,MONITORING
-4.14524,105.33654,,0.54,0.42,2026-09-29,644,N21,VIIRS,n,2.0NRT,,54.99,D,VIIRS_NOAA21_NRT,344.74,308.5,NO,26.499,MONITORING
-4.14366,105.33337,,0.54,0.42,2026-09-29,644,N21,VIIRS,n,2.0NRT,,27.89,D,VIIRS_NOAA21_NRT,352.69,306.31,NO,26.105,MONITORING
-4.14292,105.33819,,0.54,0.42,2026-09-29,644,N21,VIIRS,n,2.0NRT,,47.24,D,VIIRS_NOAA21_NRT,338.12,304.24,NO,26.561,MONITORING
-4.14216,105.33115,,0.54,0.42,2026-09-29,644,N21,VIIRS,n,2.0NRT,,24.85,D,VIIRS_NOAA21_NRT,343.99,305.43,NO,25.811,MONITORING
-4.12505,105.30093,,0.53,0.42,2026-09-29,644,N21,VIIRS,n,2.0NRT,,4.31,D,VIIRS_NOAA21_NRT,336.07,302.71,NO,21.962,MONITORING
-4.1243,105.30572,,0.53,0.42,2026-09-29,644,N21,VIIRS,n,2.0NRT,,11.39,D,VIIRS_NOAA21_NRT,339.91,303.41,NO,22.421,MONITORING
-4.10997,105.67841,,0.56,0.43,2026-09-29,644,N21,VIIRS,n,2.0NRT,,4.32,D,VIIRS_NOAA21_NRT,335.95,299.64,NO,1.536,MONITORING
-4.09292,105.3797,,0.54,0.42,2026-09-29,644,N21,VIIRS,n,2.0NRT,,18.33,D,VIIRS_NOAA21_NRT,346.92,303.93,NO,25.401,MONITORING
-4.09135,105.36458,,0.54,0.42,2026-09-29,644,N21,VIIRS,n,2.0NRT,,8.72,D,VIIRS_NOAA21_NRT,344.09,303.1,NO,24.456,MONITORING
-4.09072,105.44406,,0.55,0.42,2026-09-29,644,N21,VIIRS,n,2.0NRT,,12.31,D,VIIRS_NOAA21_NRT,346.37,302.03,NO,18.341,MONITORING
-4.08834,105.40873,,0.54,0.42,2026-09-29,644,N21,VIIRS,n,2.0NRT,,6.46,D,VIIRS_NOAA21_NRT,339.27,303.65,NO,22.131,MONITORING
-4.08761,105.43855,,0.55,0.42,2026-09-29,644,N21,VIIRS,n,2.0NRT,,12.31,D,VIIRS_NOAA21_NRT,348.98,306.52,NO,18.861,MONITORING
-4.08684,105.44344,,0.55,0.42,2026-09-29,644,N21,VIIRS,n,2.0NRT,,12.31,D,VIIRS_NOAA21_NRT,350.42,305.97,NO,18.311,MONITORING
-4.08676,105.39359,,0.54,0.42,2026-09-29,644,N21,VIIRS,n,2.0NRT,,8.57,D,VIIRS_NOAA21_NRT,337.56,306.56,NO,23.759,MONITORING
-4.08607,105.44833,,0.55,0.42,2026-09-29,644,N21,VIIRS,n,2.0NRT,,2.97,D,VIIRS_NOAA21_NRT,332.27,299.92,NO,17.761,MONITORING
-4.08373,105.43794,,0.55,0.42,2026-09-29,644,N21,VIIRS,n,2.0NRT,,9.38,D,VIIRS_NOAA21_NRT,341.58,307.28,NO,18.84,MONITORING
-4.08366,105.38812,,0.54,0.42,2026-09-29,644,N21,VIIRS,n,2.0NRT,,10.17,D,VIIRS_NOAA21_NRT,347.05,305.94,NO,24.305,MONITORING
-4.08296,105.44283,,0.55,0.42,2026-09-29,644,N21,VIIRS,n,2.0NRT,,9.38,D,VIIRS_NOAA21_NRT,348.11,303.13,NO,18.29,MONITORING
-4.0829,105.39297,,0.54,0.42,2026-09-29,644,N21,VIIRS,n,2.0NRT,,10.17,D,VIIRS_NOAA21_NRT,339.76,306.3,NO,23.758,MONITORING
-4.08219,105.44771,,0.55,0.42,2026-09-29,644,N21,VIIRS,n,2.0NRT,,2.88,D,VIIRS_NOAA21_NRT,335.76,300.35,NO,17.74,MONITORING
-4.07833,105.47215,,0.55,0.43,2026-09-29,644,N21,VIIRS,n,2.0NRT,,5.84,D,VIIRS_NOAA21_NRT,331.61,299.14,NO,14.988,MONITORING
-4.07132,105.44096,,0.55,0.42,2026-09-29,644,N21,VIIRS,n,2.0NRT,,9.05,D,VIIRS_NOAA21_NRT,339.1,304.51,NO,18.289,MONITORING
-4.06744,105.44035,,0.55,0.42,2026-09-29,644,N21,VIIRS,n,2.0NRT,,5.46,D,VIIRS_NOAA21_NRT,335.25,302.54,NO,18.308,MONITORING
-4.05963,105.53982,,0.55,0.43,2026-09-29,644,N21,VIIRS,n,2.0NRT,,5.62,D,VIIRS_NOAA21_NRT,335.68,301.05,NO,7.207,MONITORING
-4.05494,105.54415,,0.55,0.43,2026-09-29,644,N21,VIIRS,n,2.0NRT,,5.89,D,VIIRS_NOAA21_NRT,330.17,299.74,NO,6.675,MONITORING
-4.05401,105.16129,,0.53,0.42,2026-09-29,644,N21,VIIRS,n,2.0NRT,,1.64,D,VIIRS_NOAA21_NRT,330.85,301.55,NO,4.685,MONITORING
-4.05352,105.15844,,0.53,0.42,2026-09-29,644,N21,VIIRS,n,2.0NRT,,9.53,D,VIIRS_NOAA21_NRT,334.95,302.8,NO,4.363,MONITORING
-4.05124,105.22089,,0.53,0.42,2026-09-29,644,N21,VIIRS,n,2.0NRT,,3.88,D,VIIRS_NOAA21_NRT,336.01,304.95,NO,11.14,MONITORING
-4.05019,105.16069,,0.53,0.42,2026-09-29,644,N21,VIIRS,n,2.0NRT,,5.2,D,VIIRS_NOAA21_NRT,334.99,301.98,NO,4.526,MONITORING
-4.04713,105.54291,,0.55,0.43,2026-09-29,644,N21,VIIRS,n,2.0NRT,,3.58,D,VIIRS_NOAA21_NRT,331.23,298.9,NO,6.809,MONITORING
-3.96892,105.57966,,0.56,0.43,2026-09-29,644,N21,VIIRS,l,2.0NRT,,3.67,D,VIIRS_NOAA21_NRT,330.99,304.56,NO,1.953,MONITORING
-3.9508,105.6694,,0.57,0.43,2026-09-29,644,N21,VIIRS,n,2.0NRT,,7.88,D,VIIRS_NOAA21_NRT,334.9,299.95,YES,,LOW
-3.94229,105.1308,,0.53,0.42,2026-09-29,644,N21,VIIRS,h,2.0NRT,,68.87,D,VIIRS_NOAA21_NRT,367.0,305.45,YES,,HIGH
-3.94156,105.13551,,0.53,0.42,2026-09-29,644,N21,VIIRS,n,2.0NRT,,6.02,D,VIIRS_NOAA21_NRT,332.08,299.87,YES,,LOW
-3.9392,105.12548,,0.53,0.42,2026-09-29,644,N21,VIIRS,n,2.0NRT,,16.43,D,VIIRS_NOAA21_NRT,344.07,300.11,YES,,HIGH
-3.93847,105.13019,,0.53,0.42,2026-09-29,644,N21,VIIRS,n,2.0NRT,,16.43,D,VIIRS_NOAA21_NRT,355.26,301.65,YES,,HIGH
-3.91564,105.89279,,0.39,0.44,2026-09-29,644,N21,VIIRS,n,2.0NRT,,7.35,D,VIIRS_NOAA21_NRT,342.01,300.34,YES,,LOW
-3.89027,105.84604,,0.39,0.44,2026-09-29,644,N21,VIIRS,n,2.0NRT,,9.15,D,VIIRS_NOAA21_NRT,346.05,301.88,YES,,LOW
-3.88861,105.85641,,0.39,0.44,2026-09-29,644,N21,VIIRS,n,2.0NRT,,5.29,D,VIIRS_NOAA21_NRT,340.53,301.14,YES,,LOW
-3.88695,105.8668,,0.39,0.44,2026-09-29,644,N21,VIIRS,n,2.0NRT,,3.33,D,VIIRS_NOAA21_NRT,332.01,302.0,YES,,LOW
-3.88295,105.86617,,0.39,0.44,2026-09-29,644,N21,VIIRS,n,2.0NRT,,1.97,D,VIIRS_NOAA21_NRT,332.94,295.57,YES,,LOW
-3.87469,105.26109,,0.54,0.42,2026-09-29,644,N21,VIIRS,n,2.0NRT,,9.94,D,VIIRS_NOAA21_NRT,343.19,307.11,YES,,LOW
-3.8745,105.89336,,0.39,0.44,2026-09-29,644,N21,VIIRS,n,2.0NRT,,8.24,D,VIIRS_NOAA21_NRT,342.88,302.43,YES,,LOW
-3.87393,105.26587,,0.54,0.42,2026-09-29,644,N21,VIIRS,n,2.0NRT,,9.94,D,VIIRS_NOAA21_NRT,338.62,307.08,YES,,LOW
-3.84124,104.98289,,0.52,0.41,2026-09-29,644,N21,VIIRS,n,2.0NRT,,35.63,D,VIIRS_NOAA21_NRT,343.31,303.05,YES,,HIGH
-3.83513,105.58611,,0.56,0.43,2026-09-29,644,N21,VIIRS,n,2.0NRT,,8.6,D,VIIRS_NOAA21_NRT,337.83,303.34,YES,,LOW
-3.83313,105.24959,,0.54,0.42,2026-09-29,644,N21,VIIRS,n,2.0NRT,,8.97,D,VIIRS_NOAA21_NRT,337.62,304.28,YES,,LOW
-3.83154,105.24664,,0.54,0.42,2026-09-29,644,N21,VIIRS,n,2.0NRT,,9.25,D,VIIRS_NOAA21_NRT,333.65,302.8,YES,,LOW
-3.83124,105.55986,,0.56,0.43,2026-09-29,644,N21,VIIRS,n,2.0NRT,,8.74,D,VIIRS_NOAA21_NRT,335.88,302.61,YES,,LOW
-3.8312,105.58548,,0.56,0.43,2026-09-29,644,N21,VIIRS,n,2.0NRT,,8.6,D,VIIRS_NOAA21_NRT,335.49,302.44,YES,,LOW
-3.82853,105.22927,,0.53,0.42,2026-09-29,644,N21,VIIRS,n,2.0NRT,,7.52,D,VIIRS_NOAA21_NRT,340.06,297.64,YES,,LOW
-3.82776,105.23404,,0.53,0.42,2026-09-29,644,N21,VIIRS,n,2.0NRT,,6.53,D,VIIRS_NOAA21_NRT,332.67,299.27,YES,,LOW
-3.82607,105.23106,,0.53,0.42,2026-09-29,644,N21,VIIRS,n,2.0NRT,,12.31,D,VIIRS_NOAA21_NRT,342.41,300.05,YES,,HIGH
-3.82466,105.25316,,0.54,0.42,2026-09-29,644,N21,VIIRS,n,2.0NRT,,3.07,D,VIIRS_NOAA21_NRT,332.45,298.24,YES,,LOW
-3.82419,105.55363,,0.56,0.43,2026-09-29,644,N21,VIIRS,n,2.0NRT,,8.56,D,VIIRS_NOAA21_NRT,330.84,299.44,YES,,LOW
-3.8234,105.55862,,0.56,0.43,2026-09-29,644,N21,VIIRS,n,2.0NRT,,8.56,D,VIIRS_NOAA21_NRT,338.92,302.15,YES,,LOW
-3.8226,105.56361,,0.56,0.43,2026-09-29,644,N21,VIIRS,n,2.0NRT,,10.5,D,VIIRS_NOAA21_NRT,339.5,301.35,YES,,HIGH
-3.81868,105.56299,,0.56,0.43,2026-09-29,644,N21,VIIRS,n,2.0NRT,,10.5,D,VIIRS_NOAA21_NRT,350.44,302.99,YES,,HIGH
-3.81428,105.44039,,0.55,0.43,2026-09-29,644,N21,VIIRS,n,2.0NRT,,9.32,D,VIIRS_NOAA21_NRT,338.32,300.88,YES,,LOW
-3.81315,105.57236,,0.56,0.43,2026-09-29,644,N21,VIIRS,n,2.0NRT,,7.64,D,VIIRS_NOAA21_NRT,338.17,303.94,YES,,LOW
-3.81025,105.4903,,0.55,0.43,2026-09-29,644,N21,VIIRS,n,2.0NRT,,12.75,D,VIIRS_NOAA21_NRT,339.27,301.79,YES,,HIGH
-3.80866,105.5002,,0.55,0.43,2026-09-29,644,N21,VIIRS,n,2.0NRT,,9.08,D,VIIRS_NOAA21_NRT,349.71,304.67,YES,,LOW
-3.80483,105.47424,,0.55,0.43,2026-09-29,644,N21,VIIRS,n,2.0NRT,,6.53,D,VIIRS_NOAA21_NRT,333.52,302.06,YES,,LOW
-3.80403,105.47917,,0.55,0.43,2026-09-29,644,N21,VIIRS,n,2.0NRT,,36.68,D,VIIRS_NOAA21_NRT,349.7,316.05,YES,,HIGH
-3.80395,105.50452,,0.55,0.43,2026-09-29,644,N21,VIIRS,l,2.0NRT,,9.08,D,VIIRS_NOAA21_NRT,330.09,304.23,YES,,LOW
-3.80092,105.47362,,0.55,0.43,2026-09-29,644,N21,VIIRS,n,2.0NRT,,6.53,D,VIIRS_NOAA21_NRT,335.66,304.52,YES,,LOW
-3.80013,105.47855,,0.55,0.43,2026-09-29,644,N21,VIIRS,n,2.0NRT,,36.68,D,VIIRS_NOAA21_NRT,340.06,305.32,YES,,HIGH
-3.80008,105.47604,,0.55,0.43,2026-09-29,644,N21,VIIRS,n,2.0NRT,,13.92,D,VIIRS_NOAA21_NRT,337.25,304.09,YES,,HIGH
-3.80004,105.50391,,0.55,0.43,2026-09-29,644,N21,VIIRS,n,2.0NRT,,12.21,D,VIIRS_NOAA21_NRT,336.11,303.41,YES,,HIGH
-3.79782,105.46806,,0.55,0.43,2026-09-29,644,N21,VIIRS,n,2.0NRT,,12.87,D,VIIRS_NOAA21_NRT,340.9,299.77,YES,,HIGH
-3.79702,105.47301,,0.55,0.43,2026-09-29,644,N21,VIIRS,n,2.0NRT,,12.87,D,VIIRS_NOAA21_NRT,344.73,303.78,YES,,HIGH
-3.79702,105.49586,,0.55,0.43,2026-09-29,644,N21,VIIRS,n,2.0NRT,,15.95,D,VIIRS_NOAA21_NRT,337.08,302.78,YES,,HIGH
-3.79694,105.47047,,0.55,0.43,2026-09-29,644,N21,VIIRS,n,2.0NRT,,13.92,D,VIIRS_NOAA21_NRT,342.89,300.09,YES,,HIGH
-3.79693,105.49834,,0.55,0.43,2026-09-29,644,N21,VIIRS,n,2.0NRT,,12.21,D,VIIRS_NOAA21_NRT,347.93,304.09,YES,,HIGH
-3.79625,105.50082,,0.56,0.43,2026-09-29,644,N21,VIIRS,n,2.0NRT,,7.98,D,VIIRS_NOAA21_NRT,341.39,301.57,YES,,LOW
-3.79622,105.47794,,0.55,0.43,2026-09-29,644,N21,VIIRS,n,2.0NRT,,16.25,D,VIIRS_NOAA21_NRT,346.55,301.2,YES,,HIGH
-3.79617,105.47542,,0.55,0.43,2026-09-29,644,N21,VIIRS,n,2.0NRT,,13.92,D,VIIRS_NOAA21_NRT,346.66,301.78,YES,,HIGH
-3.79583,105.57988,,0.56,0.43,2026-09-29,644,N21,VIIRS,n,2.0NRT,,17.61,D,VIIRS_NOAA21_NRT,340.31,305.23,YES,,HIGH
-3.79542,105.48288,,0.55,0.43,2026-09-29,644,N21,VIIRS,n,2.0NRT,,16.25,D,VIIRS_NOAA21_NRT,339.5,302.5,YES,,HIGH
-3.79541,105.48037,,0.55,0.43,2026-09-29,644,N21,VIIRS,n,2.0NRT,,14.2,D,VIIRS_NOAA21_NRT,345.14,301.4,YES,,HIGH
-3.79464,105.48532,,0.55,0.43,2026-09-29,644,N21,VIIRS,n,2.0NRT,,14.2,D,VIIRS_NOAA21_NRT,353.0,305.18,YES,,HIGH
-3.79462,105.48782,,0.55,0.43,2026-09-29,644,N21,VIIRS,n,2.0NRT,,16.92,D,VIIRS_NOAA21_NRT,354.27,307.27,YES,,HIGH
-3.79388,105.49027,,0.55,0.43,2026-09-29,644,N21,VIIRS,n,2.0NRT,,15.95,D,VIIRS_NOAA21_NRT,350.16,306.33,YES,,HIGH
-3.79382,105.49277,,0.55,0.43,2026-09-29,644,N21,VIIRS,n,2.0NRT,,16.92,D,VIIRS_NOAA21_NRT,344.09,302.22,YES,,HIGH
-3.79311,105.49523,,0.55,0.43,2026-09-29,644,N21,VIIRS,n,2.0NRT,,15.95,D,VIIRS_NOAA21_NRT,348.2,301.28,YES,,HIGH
-3.79302,105.49772,,0.55,0.43,2026-09-29,644,N21,VIIRS,n,2.0NRT,,16.47,D,VIIRS_NOAA21_NRT,341.4,300.96,YES,,HIGH
-3.79152,105.48226,,0.55,0.43,2026-09-29,644,N21,VIIRS,n,2.0NRT,,16.25,D,VIIRS_NOAA21_NRT,345.56,307.3,YES,,HIGH
-3.7915,105.47974,,0.55,0.43,2026-09-29,644,N21,VIIRS,n,2.0NRT,,19.4,D,VIIRS_NOAA21_NRT,332.39,297.41,YES,,HIGH
-3.79073,105.48469,,0.55,0.43,2026-09-29,644,N21,VIIRS,n,2.0NRT,,19.4,D,VIIRS_NOAA21_NRT,355.47,307.57,YES,,HIGH
-3.79071,105.48721,,0.55,0.43,2026-09-29,644,N21,VIIRS,n,2.0NRT,,16.92,D,VIIRS_NOAA21_NRT,350.6,303.7,YES,,HIGH
-3.78717,105.58365,,0.56,0.43,2026-09-29,644,N21,VIIRS,n,2.0NRT,,10.8,D,VIIRS_NOAA21_NRT,344.14,303.86,YES,,HIGH
-3.78566,105.568,,0.56,0.43,2026-09-29,644,N21,VIIRS,n,2.0NRT,,12.3,D,VIIRS_NOAA21_NRT,338.59,308.31,YES,,HIGH
-3.78546,105.57065,,0.56,0.43,2026-09-29,644,N21,VIIRS,l,2.0NRT,,11.0,D,VIIRS_NOAA21_NRT,336.41,307.3,YES,,HIGH
-3.7844,105.44824,,0.55,0.43,2026-09-29,644,N21,VIIRS,n,2.0NRT,,6.96,D,VIIRS_NOAA21_NRT,333.39,298.54,YES,,LOW
-3.78231,105.56501,,0.56,0.43,2026-09-29,644,N21,VIIRS,l,2.0NRT,,15.34,D,VIIRS_NOAA21_NRT,338.36,309.19,YES,,HIGH
-3.78174,105.56738,,0.56,0.43,2026-09-29,644,N21,VIIRS,n,2.0NRT,,8.02,D,VIIRS_NOAA21_NRT,342.61,310.72,YES,,LOW
-3.77916,105.55938,,0.56,0.43,2026-09-29,644,N21,VIIRS,n,2.0NRT,,12.41,D,VIIRS_NOAA21_NRT,344.16,307.74,YES,,HIGH
-3.77862,105.56174,,0.56,0.43,2026-09-29,644,N21,VIIRS,n,2.0NRT,,19.23,D,VIIRS_NOAA21_NRT,341.71,308.36,YES,,HIGH
-3.77848,105.73812,,0.57,0.43,2026-09-29,644,N21,VIIRS,n,2.0NRT,,6.32,D,VIIRS_NOAA21_NRT,330.51,299.05,YES,,LOW
-3.77551,105.55613,,0.56,0.43,2026-09-29,644,N21,VIIRS,n,2.0NRT,,9.96,D,VIIRS_NOAA21_NRT,348.79,308.73,YES,,LOW
-3.77523,105.55875,,0.56,0.43,2026-09-29,644,N21,VIIRS,h,2.0NRT,,12.41,D,VIIRS_NOAA21_NRT,367.0,315.13,YES,,HIGH
-3.7747,105.56113,,0.56,0.43,2026-09-29,644,N21,VIIRS,h,2.0NRT,,9.96,D,VIIRS_NOAA21_NRT,367.0,316.66,YES,,LOW
-3.77446,105.56376,,0.56,0.43,2026-09-29,644,N21,VIIRS,n,2.0NRT,,12.41,D,VIIRS_NOAA21_NRT,344.69,313.7,YES,,HIGH
-3.77209,105.55312,,0.56,0.43,2026-09-29,644,N21,VIIRS,n,2.0NRT,,7.4,D,VIIRS_NOAA21_NRT,341.55,309.52,YES,,LOW
-3.77158,105.5555,,0.56,0.43,2026-09-29,644,N21,VIIRS,n,2.0NRT,,9.96,D,VIIRS_NOAA21_NRT,350.52,313.4,YES,,LOW
-3.77131,105.55812,,0.56,0.43,2026-09-29,644,N21,VIIRS,n,2.0NRT,,16.53,D,VIIRS_NOAA21_NRT,346.59,312.33,YES,,HIGH
-3.77077,105.56051,,0.56,0.43,2026-09-29,644,N21,VIIRS,n,2.0NRT,,9.96,D,VIIRS_NOAA21_NRT,343.21,311.4,YES,,LOW
-3.77053,105.56313,,0.56,0.43,2026-09-29,644,N21,VIIRS,n,2.0NRT,,16.53,D,VIIRS_NOAA21_NRT,351.62,316.24,YES,,HIGH
-3.76996,105.56551,,0.56,0.43,2026-09-29,644,N21,VIIRS,h,2.0NRT,,15.45,D,VIIRS_NOAA21_NRT,367.0,321.61,YES,,HIGH
-3.76975,105.56814,,0.56,0.43,2026-09-29,644,N21,VIIRS,n,2.0NRT,,20.74,D,VIIRS_NOAA21_NRT,350.56,315.1,YES,,HIGH
-3.76914,105.57051,,0.56,0.43,2026-09-29,644,N21,VIIRS,n,2.0NRT,,15.45,D,VIIRS_NOAA21_NRT,335.5,304.88,YES,,HIGH
-3.76894,105.54749,,0.56,0.43,2026-09-29,644,N21,VIIRS,l,2.0NRT,,7.4,D,VIIRS_NOAA21_NRT,334.58,308.54,YES,,LOW
-3.76816,105.55249,,0.56,0.43,2026-09-29,644,N21,VIIRS,n,2.0NRT,,7.4,D,VIIRS_NOAA21_NRT,344.02,311.95,YES,,LOW
-3.76738,105.5575,,0.56,0.43,2026-09-29,644,N21,VIIRS,n,2.0NRT,,16.53,D,VIIRS_NOAA21_NRT,350.66,314.6,YES,,HIGH
-3.7666,105.56251,,0.56,0.43,2026-09-29,644,N21,VIIRS,n,2.0NRT,,16.53,D,VIIRS_NOAA21_NRT,354.01,320.25,YES,,HIGH
-3.76657,105.53688,,0.56,0.43,2026-09-29,644,N21,VIIRS,n,2.0NRT,,12.97,D,VIIRS_NOAA21_NRT,351.47,304.86,YES,,HIGH
-3.76638,105.38503,,0.55,0.42,2026-09-29,644,N21,VIIRS,n,2.0NRT,,6.59,D,VIIRS_NOAA21_NRT,334.27,298.93,YES,,LOW
-3.76582,105.56751,,0.56,0.43,2026-09-29,644,N21,VIIRS,n,2.0NRT,,20.74,D,VIIRS_NOAA21_NRT,348.56,311.7,YES,,HIGH
-3.76579,105.54187,,0.56,0.43,2026-09-29,644,N21,VIIRS,n,2.0NRT,,12.97,D,VIIRS_NOAA21_NRT,338.46,307.65,YES,,HIGH
-3.76487,105.41993,,0.55,0.43,2026-09-29,644,N21,VIIRS,n,2.0NRT,,42.87,D,VIIRS_NOAA21_NRT,339.9,303.17,YES,,HIGH
-3.7648,105.36977,,0.55,0.42,2026-09-29,644,N21,VIIRS,n,2.0NRT,,13.0,D,VIIRS_NOAA21_NRT,340.08,300.52,YES,,HIGH
-3.76423,105.55186,,0.56,0.43,2026-09-29,644,N21,VIIRS,n,2.0NRT,,9.79,D,VIIRS_NOAA21_NRT,349.68,313.28,YES,,LOW
-3.7641,105.42485,,0.55,0.43,2026-09-29,644,N21,VIIRS,n,2.0NRT,,13.93,D,VIIRS_NOAA21_NRT,338.9,299.24,YES,,HIGH
-3.76366,105.75422,,0.38,0.43,2026-09-29,644,N21,VIIRS,n,2.0NRT,,5.86,D,VIIRS_NOAA21_NRT,342.26,304.39,YES,,LOW
-3.76345,105.55686,,0.56,0.43,2026-09-29,644,N21,VIIRS,n,2.0NRT,,9.02,D,VIIRS_NOAA21_NRT,348.91,313.4,YES,,LOW
-3.76267,105.56187,,0.56,0.43,2026-09-29,644,N21,VIIRS,n,2.0NRT,,9.02,D,VIIRS_NOAA21_NRT,341.73,307.05,YES,,LOW
-3.76187,105.54124,,0.56,0.43,2026-09-29,644,N21,VIIRS,n,2.0NRT,,12.97,D,VIIRS_NOAA21_NRT,352.44,308.75,YES,,HIGH
-3.76178,105.4396,,0.55,0.43,2026-09-29,644,N21,VIIRS,n,2.0NRT,,10.01,D,VIIRS_NOAA21_NRT,342.9,298.97,YES,,HIGH
-3.76109,105.54623,,0.56,0.43,2026-09-29,644,N21,VIIRS,l,2.0NRT,,9.79,D,VIIRS_NOAA21_NRT,332.5,307.07,YES,,LOW
-3.76031,105.55124,,0.56,0.43,2026-09-29,644,N21,VIIRS,n,2.0NRT,,9.79,D,VIIRS_NOAA21_NRT,348.62,311.2,YES,,LOW
-3.7602,105.42423,,0.55,0.43,2026-09-29,644,N21,VIIRS,n,2.0NRT,,4.62,D,VIIRS_NOAA21_NRT,334.58,298.09,YES,,LOW
-3.75953,105.55624,,0.56,0.43,2026-09-29,644,N21,VIIRS,l,2.0NRT,,9.02,D,VIIRS_NOAA21_NRT,333.93,306.07,YES,,LOW
-3.75865,105.43406,,0.55,0.43,2026-09-29,644,N21,VIIRS,l,2.0NRT,,34.23,D,VIIRS_NOAA21_NRT,303.89,304.3,YES,,HIGH
-3.75795,105.54062,,0.56,0.43,2026-09-29,644,N21,VIIRS,n,2.0NRT,,23.74,D,VIIRS_NOAA21_NRT,354.38,304.4,YES,,HIGH
-3.75788,105.43898,,0.55,0.43,2026-09-29,644,N21,VIIRS,n,2.0NRT,,34.23,D,VIIRS_NOAA21_NRT,342.75,303.55,YES,,HIGH
-3.75717,105.54562,,0.56,0.43,2026-09-29,644,N21,VIIRS,n,2.0NRT,,7.21,D,VIIRS_NOAA21_NRT,335.83,305.51,YES,,LOW
-3.75638,105.55061,,0.56,0.43,2026-09-29,644,N21,VIIRS,n,2.0NRT,,7.21,D,VIIRS_NOAA21_NRT,342.7,308.33,YES,,LOW
-3.7556,105.55562,,0.56,0.43,2026-09-29,644,N21,VIIRS,l,2.0NRT,,7.92,D,VIIRS_NOAA21_NRT,333.96,305.07,YES,,LOW
-3.75401,105.48899,,0.55,0.43,2026-09-29,644,N21,VIIRS,n,2.0NRT,,6.25,D,VIIRS_NOAA21_NRT,334.35,301.48,YES,,LOW
-3.75398,105.43835,,0.55,0.43,2026-09-29,644,N21,VIIRS,n,2.0NRT,,34.23,D,VIIRS_NOAA21_NRT,336.29,298.09,YES,,HIGH
-3.75318,105.39295,,0.55,0.42,2026-09-29,644,N21,VIIRS,n,2.0NRT,,5.99,D,VIIRS_NOAA21_NRT,336.33,301.5,YES,,LOW
-3.75246,105.54999,,0.56,0.43,2026-09-29,644,N21,VIIRS,l,2.0NRT,,7.21,D,VIIRS_NOAA21_NRT,334.0,305.86,YES,,LOW
-3.75167,105.55499,,0.56,0.43,2026-09-29,644,N21,VIIRS,n,2.0NRT,,7.92,D,VIIRS_NOAA21_NRT,343.09,305.99,YES,,LOW
-3.7501,105.53937,,0.56,0.43,2026-09-29,644,N21,VIIRS,n,2.0NRT,,13.36,D,VIIRS_NOAA21_NRT,353.47,309.79,YES,,HIGH
-3.7501,105.565,,0.56,0.43,2026-09-29,644,N21,VIIRS,l,2.0NRT,,3.8,D,VIIRS_NOAA21_NRT,332.48,302.69,YES,,LOW
-3.75005,105.71258,,0.57,0.43,2026-09-29,644,N21,VIIRS,n,2.0NRT,,7.57,D,VIIRS_NOAA21_NRT,333.08,299.27,YES,,LOW
-3.74932,105.54436,,0.56,0.43,2026-09-29,644,N21,VIIRS,l,2.0NRT,,10.99,D,VIIRS_NOAA21_NRT,331.1,302.65,YES,,HIGH
-3.74775,105.47783,,0.55,0.43,2026-09-29,644,N21,VIIRS,l,2.0NRT,,8.6,D,VIIRS_NOAA21_NRT,330.41,302.72,YES,,LOW
-3.74769,105.70985,,0.57,0.43,2026-09-29,644,N21,VIIRS,n,2.0NRT,,9.53,D,VIIRS_NOAA21_NRT,333.33,299.54,YES,,LOW
-3.7469,105.71496,,0.57,0.43,2026-09-29,644,N21,VIIRS,n,2.0NRT,,9.53,D,VIIRS_NOAA21_NRT,341.71,302.44,YES,,LOW
-3.74618,105.53874,,0.56,0.43,2026-09-29,644,N21,VIIRS,n,2.0NRT,,13.36,D,VIIRS_NOAA21_NRT,342.82,302.86,YES,,HIGH
-3.74609,105.71194,,0.57,0.43,2026-09-29,644,N21,VIIRS,n,2.0NRT,,7.57,D,VIIRS_NOAA21_NRT,348.31,301.22,YES,,LOW
-3.74541,105.44204,,0.55,0.43,2026-09-29,644,N21,VIIRS,n,2.0NRT,,6.95,D,VIIRS_NOAA21_NRT,332.83,297.88,YES,,LOW
-3.74541,105.46732,,0.55,0.43,2026-09-29,644,N21,VIIRS,n,2.0NRT,,10.99,D,VIIRS_NOAA21_NRT,340.67,304.05,YES,,HIGH
-3.74539,105.54375,,0.56,0.43,2026-09-29,644,N21,VIIRS,n,2.0NRT,,10.99,D,VIIRS_NOAA21_NRT,343.43,304.69,YES,,HIGH
-3.74463,105.47227,,0.55,0.43,2026-09-29,644,N21,VIIRS,n,2.0NRT,,12.97,D,VIIRS_NOAA21_NRT,344.64,306.46,YES,,HIGH
-3.74384,105.47721,,0.55,0.43,2026-09-29,644,N21,VIIRS,n,2.0NRT,,12.97,D,VIIRS_NOAA21_NRT,346.69,304.73,YES,,HIGH
-3.74307,105.45683,,0.55,0.43,2026-09-29,644,N21,VIIRS,n,2.0NRT,,5.16,D,VIIRS_NOAA21_NRT,335.39,303.63,YES,,LOW
-3.74229,105.46176,,0.55,0.43,2026-09-29,644,N21,VIIRS,n,2.0NRT,,10.99,D,VIIRS_NOAA21_NRT,353.3,310.58,YES,,HIGH
-3.74226,105.53811,,0.56,0.43,2026-09-29,644,N21,VIIRS,n,2.0NRT,,30.77,D,VIIRS_NOAA21_NRT,355.09,308.72,YES,,HIGH
-3.7415,105.4667,,0.55,0.43,2026-09-29,644,N21,VIIRS,n,2.0NRT,,10.99,D,VIIRS_NOAA21_NRT,348.16,307.88,YES,,HIGH
-3.74147,105.54311,,0.56,0.43,2026-09-29,644,N21,VIIRS,n,2.0NRT,,21.69,D,VIIRS_NOAA21_NRT,340.87,305.44,YES,,HIGH
-3.74074,105.396,,0.55,0.43,2026-09-29,644,N21,VIIRS,n,2.0NRT,,4.51,D,VIIRS_NOAA21_NRT,334.7,298.34,YES,,LOW
-3.74072,105.47164,,0.55,0.43,2026-09-29,644,N21,VIIRS,n,2.0NRT,,12.97,D,VIIRS_NOAA21_NRT,353.69,309.85,YES,,HIGH
-3.73994,105.47659,,0.55,0.43,2026-09-29,644,N21,VIIRS,n,2.0NRT,,12.97,D,VIIRS_NOAA21_NRT,345.5,301.97,YES,,HIGH
-3.73916,105.4562,,0.55,0.43,2026-09-29,644,N21,VIIRS,n,2.0NRT,,9.54,D,VIIRS_NOAA21_NRT,341.38,305.47,YES,,LOW
-3.73838,105.46114,,0.55,0.43,2026-09-29,644,N21,VIIRS,l,2.0NRT,,14.43,D,VIIRS_NOAA21_NRT,331.87,302.83,YES,,HIGH
-3.73834,105.53749,,0.56,0.43,2026-09-29,644,N21,VIIRS,n,2.0NRT,,30.77,D,VIIRS_NOAA21_NRT,347.96,302.64,YES,,HIGH
-3.7376,105.46608,,0.55,0.43,2026-09-29,644,N21,VIIRS,n,2.0NRT,,14.43,D,VIIRS_NOAA21_NRT,346.22,305.59,YES,,HIGH
-3.73753,105.56809,,0.56,0.43,2026-09-29,644,N21,VIIRS,n,2.0NRT,,7.9,D,VIIRS_NOAA21_NRT,337.74,299.91,YES,,LOW
-3.73681,105.47102,,0.55,0.43,2026-09-29,644,N21,VIIRS,n,2.0NRT,,6.77,D,VIIRS_NOAA21_NRT,333.35,298.94,YES,,LOW
-3.73526,105.45558,,0.55,0.43,2026-09-29,644,N21,VIIRS,n,2.0NRT,,9.54,D,VIIRS_NOAA21_NRT,338.72,305.6,YES,,LOW
-3.73448,105.46052,,0.55,0.43,2026-09-29,644,N21,VIIRS,n,2.0NRT,,14.43,D,VIIRS_NOAA21_NRT,344.02,306.17,YES,,HIGH
-3.73369,105.46545,,0.55,0.43,2026-09-29,644,N21,VIIRS,n,2.0NRT,,14.43,D,VIIRS_NOAA21_NRT,354.57,312.56,YES,,HIGH
-3.73291,105.4704,,0.55,0.43,2026-09-29,644,N21,VIIRS,n,2.0NRT,,6.77,D,VIIRS_NOAA21_NRT,332.83,298.73,YES,,LOW
-3.73214,105.45003,,0.55,0.43,2026-09-29,644,N21,VIIRS,n,2.0NRT,,18.13,D,VIIRS_NOAA21_NRT,338.39,301.61,YES,,HIGH
-3.73136,105.45496,,0.55,0.43,2026-09-29,644,N21,VIIRS,n,2.0NRT,,18.13,D,VIIRS_NOAA21_NRT,346.99,305.34,YES,,HIGH
-3.73057,105.4599,,0.55,0.43,2026-09-29,644,N21,VIIRS,h,2.0NRT,,49.77,D,VIIRS_NOAA21_NRT,367.0,312.46,YES,,HIGH
-3.72979,105.46483,,0.55,0.43,2026-09-29,644,N21,VIIRS,n,2.0NRT,,49.77,D,VIIRS_NOAA21_NRT,350.28,308.84,YES,,HIGH
-3.72903,105.44448,,0.55,0.43,2026-09-29,644,N21,VIIRS,n,2.0NRT,,15.09,D,VIIRS_NOAA21_NRT,352.19,306.07,YES,,HIGH
-3.72824,105.44941,,0.55,0.43,2026-09-29,644,N21,VIIRS,n,2.0NRT,,18.13,D,VIIRS_NOAA21_NRT,349.51,306.32,YES,,HIGH
-3.72746,105.45435,,0.55,0.43,2026-09-29,644,N21,VIIRS,n,2.0NRT,,18.13,D,VIIRS_NOAA21_NRT,348.02,312.04,YES,,HIGH
-3.72667,105.45928,,0.55,0.43,2026-09-29,644,N21,VIIRS,l,2.0NRT,,49.77,D,VIIRS_NOAA21_NRT,367.0,329.71,YES,,HIGH
-3.72588,105.46421,,0.55,0.43,2026-09-29,644,N21,VIIRS,h,2.0NRT,,49.77,D,VIIRS_NOAA21_NRT,367.0,307.6,YES,,HIGH
-3.72513,105.44386,,0.55,0.43,2026-09-29,644,N21,VIIRS,n,2.0NRT,,12.33,D,VIIRS_NOAA21_NRT,345.05,304.19,YES,,HIGH
-3.72434,105.44879,,0.55,0.43,2026-09-29,644,N21,VIIRS,h,2.0NRT,,18.31,D,VIIRS_NOAA21_NRT,367.0,311.27,YES,,HIGH
-3.72423,105.52502,,0.56,0.43,2026-09-29,644,N21,VIIRS,n,2.0NRT,,9.91,D,VIIRS_NOAA21_NRT,335.44,299.31,YES,,LOW
-3.72355,105.45371,,0.55,0.43,2026-09-29,644,N21,VIIRS,n,2.0NRT,,18.31,D,VIIRS_NOAA21_NRT,351.4,308.15,YES,,HIGH
-3.72344,105.53,,0.56,0.43,2026-09-29,644,N21,VIIRS,n,2.0NRT,,8.62,D,VIIRS_NOAA21_NRT,340.62,299.19,YES,,LOW
-3.72277,105.45866,,0.55,0.43,2026-09-29,644,N21,VIIRS,n,2.0NRT,,6.14,D,VIIRS_NOAA21_NRT,333.47,299.42,YES,,LOW
-3.71947,104.72331,,0.5,0.41,2026-09-29,644,N21,VIIRS,n,2.0NRT,,6.08,D,VIIRS_NOAA21_NRT,331.4,299.51,NO,4.291,MONITORING
-3.71728,105.4679,,0.55,0.43,2026-09-29,644,N21,VIIRS,n,2.0NRT,,5.61,D,VIIRS_NOAA21_NRT,330.22,299.75,YES,,LOW
-3.70953,105.44138,,0.55,0.43,2026-09-29,644,N21,VIIRS,n,2.0NRT,,5.02,D,VIIRS_NOAA21_NRT,336.67,300.89,YES,,LOW
-3.70726,105.73412,,0.38,0.43,2026-09-29,644,N21,VIIRS,n,2.0NRT,,9.83,D,VIIRS_NOAA21_NRT,341.03,296.41,YES,,LOW
-3.70672,105.73754,,0.38,0.43,2026-09-29,644,N21,VIIRS,h,2.0NRT,,14.78,D,VIIRS_NOAA21_NRT,367.0,301.88,YES,,HIGH
-3.70618,105.74098,,0.38,0.43,2026-09-29,644,N21,VIIRS,h,2.0NRT,,14.78,D,VIIRS_NOAA21_NRT,367.0,300.72,YES,,HIGH
-3.70563,105.74441,,0.38,0.43,2026-09-29,644,N21,VIIRS,h,2.0NRT,,11.55,D,VIIRS_NOAA21_NRT,367.0,300.01,YES,,HIGH
-3.70509,105.74783,,0.38,0.43,2026-09-29,644,N21,VIIRS,h,2.0NRT,,11.55,D,VIIRS_NOAA21_NRT,367.0,298.8,YES,,HIGH
-3.70329,105.7335,,0.38,0.43,2026-09-29,644,N21,VIIRS,h,2.0NRT,,15.74,D,VIIRS_NOAA21_NRT,367.0,304.25,YES,,HIGH
-3.70274,105.73692,,0.38,0.43,2026-09-29,644,N21,VIIRS,n,2.0NRT,,18.09,D,VIIRS_NOAA21_NRT,350.71,302.31,YES,,HIGH
-3.70259,105.41002,,0.55,0.43,2026-09-29,644,N21,VIIRS,n,2.0NRT,,6.12,D,VIIRS_NOAA21_NRT,334.02,297.99,YES,,LOW
-3.70203,105.40788,,0.55,0.43,2026-09-29,644,N21,VIIRS,n,2.0NRT,,9.48,D,VIIRS_NOAA21_NRT,334.83,299.65,YES,,LOW
-3.69931,105.73286,,0.38,0.43,2026-09-29,644,N21,VIIRS,h,2.0NRT,,15.74,D,VIIRS_NOAA21_NRT,367.0,302.48,YES,,HIGH
-3.69889,105.40237,,0.55,0.43,2026-09-29,644,N21,VIIRS,l,2.0NRT,,4.21,D,VIIRS_NOAA21_NRT,330.02,301.59,YES,,LOW
-3.6968,105.52059,,0.56,0.43,2026-09-29,644,N21,VIIRS,n,2.0NRT,,10.21,D,VIIRS_NOAA21_NRT,343.46,300.0,YES,,HIGH
-3.69559,105.40392,,0.55,0.43,2026-09-29,644,N21,VIIRS,n,2.0NRT,,13.02,D,VIIRS_NOAA21_NRT,341.73,301.81,YES,,HIGH
-3.695,105.40174,,0.55,0.43,2026-09-29,644,N21,VIIRS,n,2.0NRT,,6.75,D,VIIRS_NOAA21_NRT,337.33,299.71,YES,,LOW
-3.69479,105.73566,,0.38,0.43,2026-09-29,644,N21,VIIRS,n,2.0NRT,,6.51,D,VIIRS_NOAA21_NRT,334.67,299.79,YES,,LOW
-3.69245,105.3412,,0.54,0.42,2026-09-29,644,N21,VIIRS,n,2.0NRT,,4.0,D,VIIRS_NOAA21_NRT,330.08,299.61,YES,,LOW
-3.68864,105.7487,,0.38,0.43,2026-09-29,644,N21,VIIRS,n,2.0NRT,,6.68,D,VIIRS_NOAA21_NRT,344.46,299.31,YES,,LOW
-3.68676,105.50681,,0.56,0.43,2026-09-29,644,N21,VIIRS,n,2.0NRT,,16.86,D,VIIRS_NOAA21_NRT,345.94,300.49,YES,,HIGH
-3.68664,105.50877,,0.56,0.43,2026-09-29,644,N21,VIIRS,n,2.0NRT,,16.79,D,VIIRS_NOAA21_NRT,330.75,299.67,YES,,HIGH
-3.68621,105.33024,,0.54,0.42,2026-09-29,644,N21,VIIRS,l,2.0NRT,,4.14,D,VIIRS_NOAA21_NRT,330.35,303.05,YES,,LOW
-3.67861,105.70944,,0.57,0.43,2026-09-29,644,N21,VIIRS,n,2.0NRT,,4.55,D,VIIRS_NOAA21_NRT,333.05,298.52,YES,,LOW
-3.67314,105.71822,,0.38,0.43,2026-09-29,644,N21,VIIRS,l,2.0NRT,,4.03,D,VIIRS_NOAA21_NRT,331.66,303.62,YES,,LOW
-3.6721,105.26844,,0.54,0.42,2026-09-29,644,N21,VIIRS,n,2.0NRT,,10.01,D,VIIRS_NOAA21_NRT,339.03,302.06,YES,,HIGH
-3.67175,105.77778,,0.39,0.44,2026-09-29,644,N21,VIIRS,n,2.0NRT,,5.73,D,VIIRS_NOAA21_NRT,336.38,299.9,YES,,LOW
-3.66776,105.77715,,0.39,0.44,2026-09-29,644,N21,VIIRS,n,2.0NRT,,5.73,D,VIIRS_NOAA21_NRT,345.1,299.37,YES,,LOW
-3.66377,105.77653,,0.39,0.44,2026-09-29,644,N21,VIIRS,h,2.0NRT,,8.95,D,VIIRS_NOAA21_NRT,367.0,300.84,YES,,LOW
-3.66335,105.58003,,0.56,0.43,2026-09-29,644,N21,VIIRS,n,2.0NRT,,5.75,D,VIIRS_NOAA21_NRT,333.34,300.18,YES,,LOW
-3.66272,105.58186,,0.56,0.43,2026-09-29,644,N21,VIIRS,n,2.0NRT,,10.58,D,VIIRS_NOAA21_NRT,336.32,301.56,YES,,HIGH
-3.64791,105.79877,,0.39,0.44,2026-09-29,644,N21,VIIRS,n,2.0NRT,,2.91,D,VIIRS_NOAA21_NRT,335.73,298.1,YES,,LOW
-3.63974,105.47382,,0.56,0.43,2026-09-29,644,N21,VIIRS,n,2.0NRT,,29.97,D,VIIRS_NOAA21_NRT,350.54,302.36,YES,,HIGH
-3.61569,105.29916,,0.54,0.42,2026-09-29,644,N21,VIIRS,l,2.0NRT,,7.9,D,VIIRS_NOAA21_NRT,330.76,305.15,YES,,LOW
-3.61142,105.70481,,0.38,0.43,2026-09-29,644,N21,VIIRS,n,2.0NRT,,4.18,D,VIIRS_NOAA21_NRT,341.39,299.95,YES,,LOW
-3.59388,105.61053,,0.57,0.43,2026-09-29,644,N21,VIIRS,n,2.0NRT,,17.87,D,VIIRS_NOAA21_NRT,344.55,299.95,YES,,HIGH
-3.59113,105.80759,,0.39,0.44,2026-09-29,644,N21,VIIRS,n,2.0NRT,,8.53,D,VIIRS_NOAA21_NRT,341.93,299.7,YES,,LOW
-3.58993,105.60992,,0.57,0.43,2026-09-29,644,N21,VIIRS,n,2.0NRT,,3.8,D,VIIRS_NOAA21_NRT,333.36,297.01,YES,,LOW
-3.56501,105.56696,,0.56,0.43,2026-09-29,644,N21,VIIRS,l,2.0NRT,,8.82,D,VIIRS_NOAA21_NRT,330.53,304.07,YES,,LOW
-3.53655,105.66406,,0.57,0.43,2026-09-29,644,N21,VIIRS,n,2.0NRT,,6.86,D,VIIRS_NOAA21_NRT,337.27,300.26,YES,,LOW
-3.5255,105.66479,,0.57,0.43,2026-09-29,644,N21,VIIRS,n,2.0NRT,,9.6,D,VIIRS_NOAA21_NRT,333.72,299.82,YES,,LOW
-3.51798,105.23119,,0.54,0.42,2026-09-29,644,N21,VIIRS,n,2.0NRT,,4.68,D,VIIRS_NOAA21_NRT,335.68,302.41,YES,,LOW
-3.51721,105.23601,,0.54,0.42,2026-09-29,644,N21,VIIRS,n,2.0NRT,,4.68,D,VIIRS_NOAA21_NRT,334.5,303.18,YES,,LOW
-3.51596,105.67377,,0.57,0.43,2026-09-29,644,N21,VIIRS,n,2.0NRT,,7.88,D,VIIRS_NOAA21_NRT,342.11,301.86,YES,,LOW
-3.5149,105.22576,,0.54,0.42,2026-09-29,644,N21,VIIRS,n,2.0NRT,,8.0,D,VIIRS_NOAA21_NRT,333.0,302.55,YES,,LOW
-3.51439,104.69382,,0.5,0.41,2026-09-29,644,N21,VIIRS,l,2.0NRT,,7.11,D,VIIRS_NOAA21_NRT,330.98,301.5,YES,,LOW
-3.51412,105.23058,,0.54,0.42,2026-09-29,644,N21,VIIRS,n,2.0NRT,,4.68,D,VIIRS_NOAA21_NRT,333.28,299.72,YES,,LOW
-3.51277,105.22752,,0.54,0.42,2026-09-29,644,N21,VIIRS,n,2.0NRT,,8.15,D,VIIRS_NOAA21_NRT,336.55,301.26,YES,,LOW
-3.51104,105.22515,,0.54,0.42,2026-09-29,644,N21,VIIRS,l,2.0NRT,,7.84,D,VIIRS_NOAA21_NRT,330.8,303.01,YES,,LOW
-3.51026,105.22997,,0.54,0.42,2026-09-29,644,N21,VIIRS,n,2.0NRT,,8.5,D,VIIRS_NOAA21_NRT,330.1,298.01,YES,,LOW
-3.50891,105.22691,,0.54,0.42,2026-09-29,644,N21,VIIRS,n,2.0NRT,,8.15,D,VIIRS_NOAA21_NRT,346.25,303.82,YES,,LOW
-3.50817,105.23174,,0.54,0.42,2026-09-29,644,N21,VIIRS,n,2.0NRT,,6.12,D,VIIRS_NOAA21_NRT,331.19,297.21,YES,,LOW
-3.50802,105.67252,,0.57,0.43,2026-09-29,644,N21,VIIRS,n,2.0NRT,,14.27,D,VIIRS_NOAA21_NRT,337.46,301.64,YES,,HIGH
-3.50718,105.22454,,0.54,0.42,2026-09-29,644,N21,VIIRS,n,2.0NRT,,7.84,D,VIIRS_NOAA21_NRT,342.92,305.37,YES,,LOW
-3.5064,105.22935,,0.54,0.42,2026-09-29,644,N21,VIIRS,n,2.0NRT,,8.5,D,VIIRS_NOAA21_NRT,350.15,303.15,YES,,LOW
-3.50599,105.78964,,0.39,0.44,2026-09-29,644,N21,VIIRS,n,2.0NRT,,4.42,D,VIIRS_NOAA21_NRT,342.35,298.18,YES,,LOW
-3.50505,105.2263,,0.54,0.42,2026-09-29,644,N21,VIIRS,n,2.0NRT,,16.16,D,VIIRS_NOAA21_NRT,349.43,304.89,YES,,HIGH
-3.50431,105.23112,,0.54,0.42,2026-09-29,644,N21,VIIRS,n,2.0NRT,,10.14,D,VIIRS_NOAA21_NRT,340.36,303.05,YES,,HIGH
-3.50332,105.22394,,0.54,0.42,2026-09-29,644,N21,VIIRS,l,2.0NRT,,7.9,D,VIIRS_NOAA21_NRT,331.77,305.42,YES,,LOW
-3.50008,105.67123,,0.57,0.43,2026-09-29,644,N21,VIIRS,l,2.0NRT,,7.53,D,VIIRS_NOAA21_NRT,330.22,301.42,YES,,LOW
-3.49291,105.71667,,0.38,0.44,2026-09-29,644,N21,VIIRS,n,2.0NRT,,4.1,D,VIIRS_NOAA21_NRT,331.73,297.69,YES,,LOW
-3.49054,105.78362,,0.39,0.44,2026-09-29,644,N21,VIIRS,l,2.0NRT,,6.18,D,VIIRS_NOAA21_NRT,330.9,302.58,YES,,LOW
-3.48414,105.20817,,0.54,0.42,2026-09-29,644,N21,VIIRS,l,2.0NRT,,6.22,D,VIIRS_NOAA21_NRT,332.24,303.3,YES,,LOW
-3.48304,105.3173,,0.55,0.42,2026-09-29,644,N21,VIIRS,n,2.0NRT,,18.94,D,VIIRS_NOAA21_NRT,343.65,299.5,YES,,HIGH
-3.47953,105.21237,,0.54,0.42,2026-09-29,644,N21,VIIRS,n,2.0NRT,,6.22,D,VIIRS_NOAA21_NRT,336.49,300.76,YES,,LOW
-3.47592,104.912,,0.52,0.41,2026-09-29,644,N21,VIIRS,n,2.0NRT,,30.59,D,VIIRS_NOAA21_NRT,339.01,298.52,YES,,HIGH
-3.47518,104.91663,,0.52,0.41,2026-09-29,644,N21,VIIRS,n,2.0NRT,,11.77,D,VIIRS_NOAA21_NRT,340.79,302.66,YES,,HIGH
-3.47213,104.91142,,0.52,0.41,2026-09-29,644,N21,VIIRS,n,2.0NRT,,30.59,D,VIIRS_NOAA21_NRT,350.35,311.25,YES,,HIGH
-3.47181,105.21115,,0.54,0.42,2026-09-29,644,N21,VIIRS,n,2.0NRT,,11.1,D,VIIRS_NOAA21_NRT,332.06,300.52,YES,,HIGH
-3.47139,104.91604,,0.52,0.41,2026-09-29,644,N21,VIIRS,n,2.0NRT,,11.77,D,VIIRS_NOAA21_NRT,348.27,305.64,YES,,HIGH
-3.47065,104.92065,,0.52,0.41,2026-09-29,644,N21,VIIRS,n,2.0NRT,,11.77,D,VIIRS_NOAA21_NRT,334.69,299.32,YES,,HIGH
-3.46938,105.17628,,0.54,0.42,2026-09-29,644,N21,VIIRS,n,2.0NRT,,5.27,D,VIIRS_NOAA21_NRT,333.44,297.04,YES,,LOW
-3.46871,105.20572,,0.54,0.42,2026-09-29,644,N21,VIIRS,n,2.0NRT,,7.67,D,VIIRS_NOAA21_NRT,345.58,302.29,YES,,LOW
-3.46795,105.21054,,0.54,0.42,2026-09-29,644,N21,VIIRS,n,2.0NRT,,7.67,D,VIIRS_NOAA21_NRT,334.25,300.74,YES,,LOW
-3.46779,105.16132,,0.54,0.42,2026-09-29,644,N21,VIIRS,n,2.0NRT,,7.59,D,VIIRS_NOAA21_NRT,332.13,299.64,YES,,LOW
-3.4676,104.91544,,0.52,0.41,2026-09-29,644,N21,VIIRS,n,2.0NRT,,21.68,D,VIIRS_NOAA21_NRT,352.67,313.71,YES,,HIGH
-3.46686,104.92007,,0.52,0.41,2026-09-29,644,N21,VIIRS,n,2.0NRT,,21.68,D,VIIRS_NOAA21_NRT,349.24,308.45,YES,,HIGH
-3.46485,105.20511,,0.54,0.42,2026-09-29,644,N21,VIIRS,n,2.0NRT,,7.67,D,VIIRS_NOAA21_NRT,342.22,301.95,YES,,LOW
-3.46394,105.16071,,0.54,0.42,2026-09-29,644,N21,VIIRS,n,2.0NRT,,7.59,D,VIIRS_NOAA21_NRT,346.82,297.57,YES,,LOW
-3.46381,104.91486,,0.52,0.41,2026-09-29,644,N21,VIIRS,n,2.0NRT,,21.68,D,VIIRS_NOAA21_NRT,342.04,301.15,YES,,HIGH
-3.46307,104.91948,,0.52,0.41,2026-09-29,644,N21,VIIRS,n,2.0NRT,,21.68,D,VIIRS_NOAA21_NRT,334.54,300.66,YES,,HIGH
-3.45713,105.2039,,0.54,0.42,2026-09-29,644,N21,VIIRS,l,2.0NRT,,5.69,D,VIIRS_NOAA21_NRT,330.49,303.02,YES,,LOW
-3.45474,105.70004,,0.38,0.44,2026-09-29,644,N21,VIIRS,n,2.0NRT,,17.04,D,VIIRS_NOAA21_NRT,349.55,302.29,YES,,HIGH
-3.45419,105.70348,,0.38,0.44,2026-09-29,644,N21,VIIRS,n,2.0NRT,,12.81,D,VIIRS_NOAA21_NRT,335.31,299.23,YES,,HIGH
-3.45076,105.6994,,0.38,0.44,2026-09-29,644,N21,VIIRS,n,2.0NRT,,6.38,D,VIIRS_NOAA21_NRT,340.26,298.38,YES,,LOW
-3.44632,105.19726,,0.54,0.42,2026-09-29,644,N21,VIIRS,n,2.0NRT,,9.52,D,VIIRS_NOAA21_NRT,341.42,300.07,YES,,LOW
-3.44247,105.19665,,0.54,0.42,2026-09-29,644,N21,VIIRS,n,2.0NRT,,9.52,D,VIIRS_NOAA21_NRT,343.04,302.29,YES,,LOW
-3.4417,105.20146,,0.54,0.42,2026-09-29,644,N21,VIIRS,n,2.0NRT,,11.03,D,VIIRS_NOAA21_NRT,333.7,300.66,YES,,HIGH
-3.43924,104.7251,,0.51,0.41,2026-09-29,644,N21,VIIRS,n,2.0NRT,,14.27,D,VIIRS_NOAA21_NRT,345.14,299.8,NO,3.037,MONITORING
-3.43399,105.20024,,0.54,0.42,2026-09-29,644,N21,VIIRS,n,2.0NRT,,6.51,D,VIIRS_NOAA21_NRT,333.85,303.29,YES,,LOW
-3.43322,105.20505,,0.54,0.42,2026-09-29,644,N21,VIIRS,n,2.0NRT,,6.51,D,VIIRS_NOAA21_NRT,338.74,300.19,YES,,LOW
-3.42936,105.20444,,0.54,0.42,2026-09-29,644,N21,VIIRS,n,2.0NRT,,12.34,D,VIIRS_NOAA21_NRT,348.23,302.71,YES,,HIGH
-3.42686,104.85404,,0.51,0.41,2026-09-29,644,N21,VIIRS,n,2.0NRT,,5.65,D,VIIRS_NOAA21_NRT,331.57,301.44,YES,,LOW
-3.4255,105.20383,,0.54,0.42,2026-09-29,644,N21,VIIRS,n,2.0NRT,,12.34,D,VIIRS_NOAA21_NRT,347.42,301.28,YES,,HIGH
-3.42318,105.1936,,0.54,0.42,2026-09-29,644,N21,VIIRS,n,2.0NRT,,6.38,D,VIIRS_NOAA21_NRT,336.08,300.93,YES,,LOW
-3.42317,105.16899,,0.54,0.42,2026-09-29,644,N21,VIIRS,n,2.0NRT,,45.59,D,VIIRS_NOAA21_NRT,349.08,312.85,YES,,HIGH
-3.42241,105.19841,,0.54,0.42,2026-09-29,644,N21,VIIRS,n,2.0NRT,,12.29,D,VIIRS_NOAA21_NRT,352.77,302.57,YES,,HIGH
-3.4224,105.17379,,0.54,0.42,2026-09-29,644,N21,VIIRS,n,2.0NRT,,45.59,D,VIIRS_NOAA21_NRT,336.03,299.83,YES,,HIGH
-3.42085,105.15882,,0.54,0.42,2026-09-29,644,N21,VIIRS,n,2.0NRT,,13.48,D,VIIRS_NOAA21_NRT,332.4,296.44,YES,,HIGH
-3.42008,105.1636,,0.54,0.42,2026-09-29,644,N21,VIIRS,h,2.0NRT,,13.48,D,VIIRS_NOAA21_NRT,367.0,304.19,YES,,HIGH
-3.41933,105.19299,,0.54,0.42,2026-09-29,644,N21,VIIRS,n,2.0NRT,,6.38,D,VIIRS_NOAA21_NRT,345.98,301.02,YES,,LOW
-3.41932,105.16838,,0.54,0.42,2026-09-29,644,N21,VIIRS,n,2.0NRT,,16.41,D,VIIRS_NOAA21_NRT,344.29,301.83,YES,,HIGH
-3.417,105.15821,,0.54,0.42,2026-09-29,644,N21,VIIRS,n,2.0NRT,,13.48,D,VIIRS_NOAA21_NRT,335.84,297.39,YES,,HIGH
-3.41624,105.18758,,0.54,0.42,2026-09-29,644,N21,VIIRS,n,2.0NRT,,3.69,D,VIIRS_NOAA21_NRT,330.74,299.94,YES,,LOW
-3.41623,105.16299,,0.54,0.42,2026-09-29,644,N21,VIIRS,n,2.0NRT,,13.48,D,VIIRS_NOAA21_NRT,335.23,299.14,YES,,HIGH
-3.41547,105.19238,,0.54,0.42,2026-09-29,644,N21,VIIRS,n,2.0NRT,,3.69,D,VIIRS_NOAA21_NRT,332.13,299.15,YES,,LOW
-3.4147,105.15994,,0.54,0.42,2026-09-29,644,N21,VIIRS,n,2.0NRT,,16.34,D,VIIRS_NOAA21_NRT,347.77,300.4,YES,,HIGH
-3.41397,105.16473,,0.54,0.42,2026-09-29,644,N21,VIIRS,n,2.0NRT,,16.34,D,VIIRS_NOAA21_NRT,339.1,297.9,YES,,HIGH
-3.41315,105.15761,,0.54,0.42,2026-09-29,644,N21,VIIRS,n,2.0NRT,,23.72,D,VIIRS_NOAA21_NRT,331.71,297.74,YES,,HIGH
-3.41238,105.16238,,0.54,0.42,2026-09-29,644,N21,VIIRS,n,2.0NRT,,23.72,D,VIIRS_NOAA21_NRT,354.4,303.82,YES,,HIGH
-3.41238,105.18697,,0.54,0.42,2026-09-29,644,N21,VIIRS,n,2.0NRT,,3.69,D,VIIRS_NOAA21_NRT,333.82,298.56,YES,,LOW
-3.41085,105.15932,,0.54,0.42,2026-09-29,644,N21,VIIRS,n,2.0NRT,,16.34,D,VIIRS_NOAA21_NRT,345.85,299.85,YES,,HIGH
-3.41012,105.16412,,0.54,0.42,2026-09-29,644,N21,VIIRS,n,2.0NRT,,16.34,D,VIIRS_NOAA21_NRT,347.15,297.44,YES,,HIGH
-3.4093,105.18155,,0.54,0.42,2026-09-29,644,N21,VIIRS,n,2.0NRT,,14.4,D,VIIRS_NOAA21_NRT,341.08,300.11,YES,,HIGH
-3.40864,105.17373,,0.54,0.42,2026-09-29,644,N21,VIIRS,n,2.0NRT,,9.89,D,VIIRS_NOAA21_NRT,334.32,299.72,YES,,LOW
-3.4079,105.17854,,0.54,0.42,2026-09-29,644,N21,VIIRS,n,2.0NRT,,14.09,D,VIIRS_NOAA21_NRT,340.3,299.81,YES,,HIGH
-3.40776,105.16656,,0.54,0.42,2026-09-29,644,N21,VIIRS,n,2.0NRT,,10.54,D,VIIRS_NOAA21_NRT,335.53,296.75,YES,,HIGH
-3.40699,105.17136,,0.54,0.42,2026-09-29,644,N21,VIIRS,n,2.0NRT,,10.54,D,VIIRS_NOAA21_NRT,346.86,299.6,YES,,HIGH
-3.40552,105.16831,,0.54,0.42,2026-09-29,644,N21,VIIRS,n,2.0NRT,,11.19,D,VIIRS_NOAA21_NRT,343.87,296.61,YES,,HIGH
-3.40133,105.40521,,0.55,0.43,2026-09-29,644,N21,VIIRS,n,2.0NRT,,16.51,D,VIIRS_NOAA21_NRT,351.41,301.52,YES,,HIGH
-3.40054,105.41016,,0.55,0.43,2026-09-29,644,N21,VIIRS,h,2.0NRT,,16.51,D,VIIRS_NOAA21_NRT,367.0,303.59,YES,,HIGH
-3.39975,105.41512,,0.56,0.43,2026-09-29,644,N21,VIIRS,n,2.0NRT,,16.94,D,VIIRS_NOAA21_NRT,352.52,303.39,YES,,HIGH
-3.39082,105.54708,,0.57,0.43,2026-09-29,644,N21,VIIRS,n,2.0NRT,,12.14,D,VIIRS_NOAA21_NRT,350.68,296.97,YES,,HIGH
-3.3896,105.40337,,0.55,0.43,2026-09-29,644,N21,VIIRS,n,2.0NRT,,6.14,D,VIIRS_NOAA21_NRT,333.55,298.35,YES,,LOW
-3.38696,105.31445,,0.55,0.43,2026-09-29,644,N21,VIIRS,n,2.0NRT,,3.2,D,VIIRS_NOAA21_NRT,331.54,299.91,YES,,LOW
-3.38688,105.54646,,0.57,0.43,2026-09-29,644,N21,VIIRS,h,2.0NRT,,12.14,D,VIIRS_NOAA21_NRT,367.0,302.57,YES,,HIGH
-3.38607,105.55151,,0.57,0.43,2026-09-29,644,N21,VIIRS,n,2.0NRT,,12.14,D,VIIRS_NOAA21_NRT,340.56,297.96,YES,,HIGH
-3.38569,105.40275,,0.55,0.43,2026-09-29,644,N21,VIIRS,n,2.0NRT,,6.14,D,VIIRS_NOAA21_NRT,336.65,301.56,YES,,LOW
-3.37898,105.26315,,0.54,0.42,2026-09-29,644,N21,VIIRS,n,2.0NRT,,3.74,D,VIIRS_NOAA21_NRT,336.01,300.38,YES,,LOW
-3.37823,105.26802,,0.54,0.42,2026-09-29,644,N21,VIIRS,n,2.0NRT,,3.74,D,VIIRS_NOAA21_NRT,332.99,300.56,YES,,LOW
-3.37747,105.2729,,0.55,0.42,2026-09-29,644,N21,VIIRS,n,2.0NRT,,4.92,D,VIIRS_NOAA21_NRT,332.77,299.23,YES,,LOW
-3.37671,105.27779,,0.55,0.42,2026-09-29,644,N21,VIIRS,l,2.0NRT,,4.92,D,VIIRS_NOAA21_NRT,331.05,301.4,YES,,LOW
-3.3751,105.26254,,0.54,0.42,2026-09-29,644,N21,VIIRS,n,2.0NRT,,6.93,D,VIIRS_NOAA21_NRT,337.98,302.9,YES,,LOW
-3.37476,105.39595,,0.55,0.43,2026-09-29,644,N21,VIIRS,n,2.0NRT,,8.33,D,VIIRS_NOAA21_NRT,338.52,300.75,YES,,LOW
-3.37405,105.39825,,0.55,0.43,2026-09-29,644,N21,VIIRS,n,2.0NRT,,6.45,D,VIIRS_NOAA21_NRT,335.69,301.56,YES,,LOW
-3.37271,105.53387,,0.56,0.43,2026-09-29,644,N21,VIIRS,n,2.0NRT,,24.56,D,VIIRS_NOAA21_NRT,354.5,303.14,YES,,HIGH
-3.3719,105.53892,,0.57,0.43,2026-09-29,644,N21,VIIRS,n,2.0NRT,,24.56,D,VIIRS_NOAA21_NRT,349.63,300.9,YES,,HIGH
-3.37123,105.26192,,0.54,0.42,2026-09-29,644,N21,VIIRS,n,2.0NRT,,6.93,D,VIIRS_NOAA21_NRT,345.24,302.1,YES,,LOW
-3.36877,105.53326,,0.56,0.43,2026-09-29,644,N21,VIIRS,l,2.0NRT,,103.18,D,VIIRS_NOAA21_NRT,340.81,311.24,YES,,HIGH
-3.36195,105.27045,,0.55,0.42,2026-09-29,644,N21,VIIRS,n,2.0NRT,,4.64,D,VIIRS_NOAA21_NRT,332.76,300.55,YES,,LOW
-3.35362,105.34943,,0.55,0.43,2026-09-29,644,N21,VIIRS,l,2.0NRT,,5.86,D,VIIRS_NOAA21_NRT,331.46,304.83,YES,,LOW
-3.34297,104.84559,,0.52,0.41,2026-09-29,644,N21,VIIRS,l,2.0NRT,,4.85,D,VIIRS_NOAA21_NRT,332.04,303.47,YES,,LOW
-3.33612,105.76202,,0.39,0.44,2026-09-29,644,N21,VIIRS,n,2.0NRT,,7.67,D,VIIRS_NOAA21_NRT,341.78,301.57,YES,,LOW
-3.33269,105.50945,,0.56,0.43,2026-09-29,644,N21,VIIRS,l,2.0NRT,,10.56,D,VIIRS_NOAA21_NRT,330.5,302.49,YES,,HIGH
-3.33212,105.76139,,0.39,0.44,2026-09-29,644,N21,VIIRS,n,2.0NRT,,6.93,D,VIIRS_NOAA21_NRT,342.18,301.8,YES,,LOW
-3.32245,105.49752,,0.56,0.43,2026-09-29,644,N21,VIIRS,n,2.0NRT,,20.67,D,VIIRS_NOAA21_NRT,339.73,302.66,YES,,HIGH
-3.31852,105.44553,,0.56,0.43,2026-09-29,644,N21,VIIRS,n,2.0NRT,,24.57,D,VIIRS_NOAA21_NRT,332.69,300.65,YES,,HIGH
-3.31851,105.2936,,0.55,0.42,2026-09-29,644,N21,VIIRS,n,2.0NRT,,7.98,D,VIIRS_NOAA21_NRT,333.3,301.23,YES,,LOW
-3.31774,105.45053,,0.56,0.43,2026-09-29,644,N21,VIIRS,n,2.0NRT,,24.57,D,VIIRS_NOAA21_NRT,354.69,308.07,YES,,HIGH
-3.31695,105.45553,,0.56,0.43,2026-09-29,644,N21,VIIRS,n,2.0NRT,,12.11,D,VIIRS_NOAA21_NRT,354.53,304.47,YES,,HIGH
-3.31694,105.50696,,0.56,0.43,2026-09-29,644,N21,VIIRS,n,2.0NRT,,11.64,D,VIIRS_NOAA21_NRT,343.99,302.23,YES,,HIGH
-3.31617,105.46053,,0.56,0.43,2026-09-29,644,N21,VIIRS,n,2.0NRT,,12.11,D,VIIRS_NOAA21_NRT,343.77,302.64,YES,,HIGH
-3.31538,105.46553,,0.56,0.43,2026-09-29,644,N21,VIIRS,n,2.0NRT,,4.36,D,VIIRS_NOAA21_NRT,331.36,298.97,YES,,LOW
-3.31463,105.29298,,0.55,0.42,2026-09-29,644,N21,VIIRS,n,2.0NRT,,6.84,D,VIIRS_NOAA21_NRT,337.94,300.52,YES,,LOW
-3.31385,105.29787,,0.55,0.43,2026-09-29,644,N21,VIIRS,n,2.0NRT,,6.84,D,VIIRS_NOAA21_NRT,331.55,299.55,YES,,LOW
-3.31381,105.44991,,0.56,0.43,2026-09-29,644,N21,VIIRS,n,2.0NRT,,12.56,D,VIIRS_NOAA21_NRT,344.11,301.03,YES,,HIGH
-3.31379,105.5013,,0.56,0.43,2026-09-29,644,N21,VIIRS,n,2.0NRT,,10.04,D,VIIRS_NOAA21_NRT,342.33,301.18,YES,,HIGH
-3.31306,105.17836,,0.54,0.42,2026-09-29,644,N21,VIIRS,h,2.0NRT,,43.95,D,VIIRS_NOAA21_NRT,367.0,302.29,YES,,HIGH
-3.30996,105.29727,,0.55,0.43,2026-09-29,644,N21,VIIRS,n,2.0NRT,,6.84,D,VIIRS_NOAA21_NRT,335.52,301.44,YES,,LOW
-3.30842,105.18257,,0.54,0.42,2026-09-29,644,N21,VIIRS,n,2.0NRT,,34.36,D,VIIRS_NOAA21_NRT,343.5,305.38,YES,,HIGH
-3.30517,105.45366,,0.56,0.43,2026-09-29,644,N21,VIIRS,n,2.0NRT,,8.41,D,VIIRS_NOAA21_NRT,337.78,299.52,YES,,LOW
-3.30508,105.53094,,0.57,0.43,2026-09-29,644,N21,VIIRS,h,2.0NRT,,22.77,D,VIIRS_NOAA21_NRT,367.0,301.21,YES,,HIGH
-3.30429,105.536,,0.57,0.43,2026-09-29,644,N21,VIIRS,n,2.0NRT,,5.57,D,VIIRS_NOAA21_NRT,332.63,298.47,YES,,LOW
-3.30193,105.52527,,0.57,0.43,2026-09-29,644,N21,VIIRS,h,2.0NRT,,22.96,D,VIIRS_NOAA21_NRT,367.0,304.46,YES,,HIGH
-3.30144,105.25089,,0.54,0.42,2026-09-29,644,N21,VIIRS,n,2.0NRT,,5.91,D,VIIRS_NOAA21_NRT,332.28,299.81,YES,,LOW
-3.30114,105.53032,,0.57,0.43,2026-09-29,644,N21,VIIRS,n,2.0NRT,,22.96,D,VIIRS_NOAA21_NRT,341.55,302.19,YES,,HIGH
-3.30066,105.25575,,0.54,0.42,2026-09-29,644,N21,VIIRS,n,2.0NRT,,5.91,D,VIIRS_NOAA21_NRT,339.43,300.67,YES,,LOW
-3.30034,105.53537,,0.57,0.43,2026-09-29,644,N21,VIIRS,h,2.0NRT,,13.89,D,VIIRS_NOAA21_NRT,367.0,304.18,YES,,HIGH
-3.30027,105.09553,,0.53,0.42,2026-09-29,644,N21,VIIRS,n,2.0NRT,,11.22,D,VIIRS_NOAA21_NRT,351.12,303.19,YES,,HIGH
-3.29958,105.51455,,0.56,0.43,2026-09-29,644,N21,VIIRS,n,2.0NRT,,13.44,D,VIIRS_NOAA21_NRT,338.55,297.15,YES,,HIGH
-3.29954,105.54043,,0.57,0.43,2026-09-29,644,N21,VIIRS,n,2.0NRT,,13.89,D,VIIRS_NOAA21_NRT,332.2,298.26,YES,,HIGH
-3.29953,105.1003,,0.53,0.42,2026-09-29,644,N21,VIIRS,n,2.0NRT,,11.22,D,VIIRS_NOAA21_NRT,345.43,300.56,YES,,HIGH
-3.2987,104.6588,,0.5,0.41,2026-09-29,644,N21,VIIRS,n,2.0NRT,,13.02,D,VIIRS_NOAA21_NRT,336.0,301.46,NO,15.079,MONITORING
-3.29834,105.24542,,0.54,0.42,2026-09-29,644,N21,VIIRS,n,2.0NRT,,23.08,D,VIIRS_NOAA21_NRT,350.37,309.13,YES,,HIGH
-3.29799,104.66331,,0.5,0.41,2026-09-29,644,N21,VIIRS,h,2.0NRT,,13.02,D,VIIRS_NOAA21_NRT,367.0,305.97,NO,14.576,MONITORING
-3.29757,105.25028,,0.54,0.42,2026-09-29,644,N21,VIIRS,n,2.0NRT,,14.92,D,VIIRS_NOAA21_NRT,333.73,300.15,YES,,HIGH
-3.29715,105.55563,,0.57,0.43,2026-09-29,644,N21,VIIRS,n,2.0NRT,,17.21,D,VIIRS_NOAA21_NRT,345.61,297.48,YES,,HIGH
-3.29658,105.11941,,0.54,0.42,2026-09-29,644,N21,VIIRS,n,2.0NRT,,12.73,D,VIIRS_NOAA21_NRT,344.24,299.29,YES,,HIGH
-3.29643,105.09492,,0.53,0.42,2026-09-29,644,N21,VIIRS,n,2.0NRT,,11.22,D,VIIRS_NOAA21_NRT,337.14,300.22,YES,,HIGH
-3.29584,105.12418,,0.54,0.42,2026-09-29,644,N21,VIIRS,l,2.0NRT,,9.75,D,VIIRS_NOAA21_NRT,330.18,302.57,YES,,LOW
-3.29525,105.23995,,0.54,0.42,2026-09-29,644,N21,VIIRS,n,2.0NRT,,23.08,D,VIIRS_NOAA21_NRT,332.4,299.31,YES,,HIGH
-3.29496,104.6582,,0.5,0.41,2026-09-29,644,N21,VIIRS,n,2.0NRT,,13.02,D,VIIRS_NOAA21_NRT,335.99,298.8,NO,15.023,MONITORING
-3.29447,105.2448,,0.54,0.42,2026-09-29,644,N21,VIIRS,n,2.0NRT,,23.08,D,VIIRS_NOAA21_NRT,342.19,300.35,YES,,HIGH
-3.29425,104.6627,,0.5,0.41,2026-09-29,644,N21,VIIRS,n,2.0NRT,,13.02,D,VIIRS_NOAA21_NRT,338.9,303.54,NO,14.52,MONITORING
-3.29319,105.55502,,0.57,0.43,2026-09-29,644,N21,VIIRS,n,2.0NRT,,17.21,D,VIIRS_NOAA21_NRT,345.64,298.17,YES,,HIGH
-3.29285,104.89197,,0.52,0.41,2026-09-29,644,N21,VIIRS,n,2.0NRT,,5.06,D,VIIRS_NOAA21_NRT,333.64,300.44,YES,,LOW
-3.2925,105.50826,,0.56,0.43,2026-09-29,644,N21,VIIRS,n,2.0NRT,,17.55,D,VIIRS_NOAA21_NRT,345.99,296.02,YES,,HIGH
-3.28985,105.67954,,0.39,0.44,2026-09-29,644,N21,VIIRS,n,2.0NRT,,4.62,D,VIIRS_NOAA21_NRT,341.19,301.09,YES,,LOW
-3.28899,105.27893,,0.55,0.42,2026-09-29,644,N21,VIIRS,n,2.0NRT,,4.68,D,VIIRS_NOAA21_NRT,331.26,300.81,YES,,LOW
-3.28819,105.2766,,0.55,0.42,2026-09-29,644,N21,VIIRS,n,2.0NRT,,36.78,D,VIIRS_NOAA21_NRT,341.23,304.39,YES,,HIGH
-3.28431,105.27597,,0.55,0.42,2026-09-29,644,N21,VIIRS,n,2.0NRT,,36.78,D,VIIRS_NOAA21_NRT,346.8,311.85,YES,,HIGH
-3.28368,105.5639,,0.57,0.43,2026-09-29,644,N21,VIIRS,n,2.0NRT,,8.74,D,VIIRS_NOAA21_NRT,343.69,301.46,YES,,LOW
-3.28287,105.56898,,0.57,0.43,2026-09-29,644,N21,VIIRS,n,2.0NRT,,8.74,D,VIIRS_NOAA21_NRT,340.29,299.99,YES,,LOW
-3.28201,105.2728,,0.55,0.42,2026-09-29,644,N21,VIIRS,n,2.0NRT,,15.58,D,VIIRS_NOAA21_NRT,342.02,301.56,YES,,HIGH
-3.28132,105.14152,,0.54,0.42,2026-09-29,644,N21,VIIRS,n,2.0NRT,,15.73,D,VIIRS_NOAA21_NRT,344.51,302.88,YES,,HIGH
-3.28122,105.2777,,0.55,0.42,2026-09-29,644,N21,VIIRS,n,2.0NRT,,75.06,D,VIIRS_NOAA21_NRT,347.03,300.86,YES,,HIGH
-3.28057,105.14632,,0.54,0.42,2026-09-29,644,N21,VIIRS,n,2.0NRT,,15.73,D,VIIRS_NOAA21_NRT,342.19,299.45,YES,,HIGH
-3.27972,105.56329,,0.57,0.43,2026-09-29,644,N21,VIIRS,n,2.0NRT,,10.64,D,VIIRS_NOAA21_NRT,346.57,298.96,YES,,HIGH
-3.27892,105.56837,,0.57,0.43,2026-09-29,644,N21,VIIRS,n,2.0NRT,,10.64,D,VIIRS_NOAA21_NRT,336.09,298.59,YES,,HIGH
-3.2773,105.57855,,0.57,0.43,2026-09-29,644,N21,VIIRS,n,2.0NRT,,8.28,D,VIIRS_NOAA21_NRT,334.7,299.74,YES,,LOW
-3.27572,104.95136,,0.52,0.42,2026-09-29,644,N21,VIIRS,n,2.0NRT,,13.46,D,VIIRS_NOAA21_NRT,337.92,300.46,YES,,HIGH
-3.27499,104.95604,,0.52,0.42,2026-09-29,644,N21,VIIRS,n,2.0NRT,,12.82,D,VIIRS_NOAA21_NRT,340.08,301.44,YES,,HIGH
-3.27425,104.96072,,0.52,0.42,2026-09-29,644,N21,VIIRS,n,2.0NRT,,12.82,D,VIIRS_NOAA21_NRT,352.03,300.46,YES,,HIGH
-3.27278,104.97009,,0.52,0.42,2026-09-29,644,N21,VIIRS,n,2.0NRT,,22.72,D,VIIRS_NOAA21_NRT,347.48,296.96,YES,,HIGH
-3.27191,104.95076,,0.52,0.42,2026-09-29,644,N21,VIIRS,h,2.0NRT,,13.46,D,VIIRS_NOAA21_NRT,367.0,303.27,YES,,HIGH
-3.27118,104.95544,,0.52,0.42,2026-09-29,644,N21,VIIRS,n,2.0NRT,,12.82,D,VIIRS_NOAA21_NRT,338.42,299.4,YES,,HIGH
-3.27044,104.96012,,0.52,0.42,2026-09-29,644,N21,VIIRS,n,2.0NRT,,12.82,D,VIIRS_NOAA21_NRT,345.55,301.97,YES,,HIGH
-3.2697,104.96481,,0.52,0.42,2026-09-29,644,N21,VIIRS,n,2.0NRT,,22.72,D,VIIRS_NOAA21_NRT,343.7,301.25,YES,,HIGH
-3.26896,104.96949,,0.52,0.42,2026-09-29,644,N21,VIIRS,n,2.0NRT,,22.72,D,VIIRS_NOAA21_NRT,352.57,301.81,YES,,HIGH
-3.26822,104.97418,,0.53,0.42,2026-09-29,644,N21,VIIRS,n,2.0NRT,,8.47,D,VIIRS_NOAA21_NRT,342.61,302.39,YES,,LOW
-3.26748,104.97887,,0.53,0.42,2026-09-29,644,N21,VIIRS,n,2.0NRT,,8.47,D,VIIRS_NOAA21_NRT,333.66,297.67,YES,,LOW
-3.26663,104.95953,,0.52,0.42,2026-09-29,644,N21,VIIRS,n,2.0NRT,,24.13,D,VIIRS_NOAA21_NRT,355.04,304.66,YES,,HIGH
-3.26589,104.96421,,0.52,0.42,2026-09-29,644,N21,VIIRS,n,2.0NRT,,20.09,D,VIIRS_NOAA21_NRT,350.55,304.64,YES,,HIGH
-3.26515,104.96889,,0.52,0.42,2026-09-29,644,N21,VIIRS,n,2.0NRT,,20.09,D,VIIRS_NOAA21_NRT,347.95,305.29,YES,,HIGH
-3.26441,104.97358,,0.53,0.42,2026-09-29,644,N21,VIIRS,n,2.0NRT,,14.98,D,VIIRS_NOAA21_NRT,339.88,303.22,YES,,HIGH
-3.26367,104.97828,,0.53,0.42,2026-09-29,644,N21,VIIRS,n,2.0NRT,,14.98,D,VIIRS_NOAA21_NRT,331.82,300.45,YES,,HIGH
-3.26282,104.95892,,0.52,0.42,2026-09-29,644,N21,VIIRS,n,2.0NRT,,24.13,D,VIIRS_NOAA21_NRT,350.79,302.98,YES,,HIGH
-3.26059,104.97298,,0.53,0.42,2026-09-29,644,N21,VIIRS,n,2.0NRT,,14.98,D,VIIRS_NOAA21_NRT,338.42,299.95,YES,,HIGH
-3.25863,105.26191,,0.55,0.42,2026-09-29,644,N21,VIIRS,h,2.0NRT,,31.13,D,VIIRS_NOAA21_NRT,367.0,308.59,YES,,HIGH
-3.25475,105.26131,,0.55,0.42,2026-09-29,644,N21,VIIRS,n,2.0NRT,,31.13,D,VIIRS_NOAA21_NRT,351.51,307.11,YES,,HIGH
-3.25399,105.26618,,0.55,0.42,2026-09-29,644,N21,VIIRS,n,2.0NRT,,41.88,D,VIIRS_NOAA21_NRT,338.32,305.47,YES,,HIGH
-3.25395,104.84322,,0.52,0.41,2026-09-29,644,N21,VIIRS,n,2.0NRT,,9.64,D,VIIRS_NOAA21_NRT,332.9,297.28,YES,,LOW
-3.25284,105.14687,,0.54,0.42,2026-09-29,644,N21,VIIRS,n,2.0NRT,,9.5,D,VIIRS_NOAA21_NRT,342.95,300.34,YES,,LOW
-3.25096,105.64168,,0.38,0.43,2026-09-29,644,N21,VIIRS,n,2.0NRT,,8.49,D,VIIRS_NOAA21_NRT,338.28,298.19,YES,,LOW
-3.25086,105.2607,,0.55,0.42,2026-09-29,644,N21,VIIRS,n,2.0NRT,,46.84,D,VIIRS_NOAA21_NRT,354.08,306.92,YES,,HIGH
-3.25041,105.6451,,0.38,0.43,2026-09-29,644,N21,VIIRS,n,2.0NRT,,8.49,D,VIIRS_NOAA21_NRT,344.71,300.22,YES,,LOW
-3.2501,105.26557,,0.55,0.42,2026-09-29,644,N21,VIIRS,n,2.0NRT,,17.16,D,VIIRS_NOAA21_NRT,338.54,303.67,YES,,HIGH
-3.24807,105.10196,,0.53,0.42,2026-09-29,644,N21,VIIRS,n,2.0NRT,,12.81,D,VIIRS_NOAA21_NRT,346.28,301.94,YES,,HIGH
-3.24498,105.09659,,0.53,0.42,2026-09-29,644,N21,VIIRS,n,2.0NRT,,12.45,D,VIIRS_NOAA21_NRT,333.53,298.56,YES,,HIGH
-3.24189,105.09121,,0.53,0.42,2026-09-29,644,N21,VIIRS,n,2.0NRT,,5.5,D,VIIRS_NOAA21_NRT,334.49,300.6,YES,,LOW
-3.24113,105.09598,,0.53,0.42,2026-09-29,644,N21,VIIRS,n,2.0NRT,,12.45,D,VIIRS_NOAA21_NRT,347.32,300.37,YES,,HIGH
-3.23835,105.21381,,0.54,0.42,2026-09-29,644,N21,VIIRS,n,2.0NRT,,18.57,D,VIIRS_NOAA21_NRT,348.81,302.38,YES,,HIGH
-3.23758,105.21869,,0.54,0.42,2026-09-29,644,N21,VIIRS,h,2.0NRT,,18.57,D,VIIRS_NOAA21_NRT,367.0,305.89,YES,,HIGH
-3.23605,105.2284,,0.54,0.42,2026-09-29,644,N21,VIIRS,n,2.0NRT,,17.85,D,VIIRS_NOAA21_NRT,343.57,304.94,YES,,HIGH
-3.23547,105.33365,,0.55,0.43,2026-09-29,644,N21,VIIRS,n,2.0NRT,,11.5,D,VIIRS_NOAA21_NRT,336.34,303.53,YES,,HIGH
-3.22857,104.97758,,0.53,0.42,2026-09-29,644,N21,VIIRS,l,2.0NRT,,9.87,D,VIIRS_NOAA21_NRT,333.23,304.69,YES,,LOW
-3.22263,105.06379,,0.53,0.42,2026-09-29,644,N21,VIIRS,n,2.0NRT,,5.8,D,VIIRS_NOAA21_NRT,341.33,304.54,YES,,LOW
-3.22187,105.06855,,0.53,0.42,2026-09-29,644,N21,VIIRS,l,2.0NRT,,5.8,D,VIIRS_NOAA21_NRT,332.34,302.48,YES,,LOW
-3.2188,105.06318,,0.53,0.42,2026-09-29,644,N21,VIIRS,l,2.0NRT,,8.38,D,VIIRS_NOAA21_NRT,331.96,303.74,YES,,LOW
-3.21518,105.33547,,0.55,0.43,2026-09-29,644,N21,VIIRS,n,2.0NRT,,4.89,D,VIIRS_NOAA21_NRT,335.45,302.25,YES,,LOW
-3.17541,104.77606,,0.51,0.41,2026-09-29,644,N21,VIIRS,n,2.0NRT,,3.34,D,VIIRS_NOAA21_NRT,335.35,297.21,NO,2.759,MONITORING
-3.17163,104.77547,,0.51,0.41,2026-09-29,644,N21,VIIRS,n,2.0NRT,,7.52,D,VIIRS_NOAA21_NRT,340.68,300.5,NO,2.998,MONITORING
-3.16917,105.34581,,0.55,0.43,2026-09-29,644,N21,VIIRS,n,2.0NRT,,7.51,D,VIIRS_NOAA21_NRT,334.4,302.38,YES,,LOW
-3.15177,105.27738,,0.55,0.43,2026-09-29,644,N21,VIIRS,n,2.0NRT,,5.11,D,VIIRS_NOAA21_NRT,333.38,300.37,YES,,LOW
-3.1504,105.33776,,0.55,0.43,2026-09-29,644,N21,VIIRS,n,2.0NRT,,8.0,D,VIIRS_NOAA21_NRT,336.67,301.87,YES,,LOW
-3.14787,105.27679,,0.55,0.43,2026-09-29,644,N21,VIIRS,n,2.0NRT,,10.26,D,VIIRS_NOAA21_NRT,341.56,302.44,YES,,HIGH
-3.14571,105.08792,,0.54,0.42,2026-09-29,644,N21,VIIRS,n,2.0NRT,,27.65,D,VIIRS_NOAA21_NRT,354.51,303.95,YES,,HIGH
-3.14335,105.33159,,0.55,0.43,2026-09-29,644,N21,VIIRS,n,2.0NRT,,5.81,D,VIIRS_NOAA21_NRT,332.61,300.57,YES,,LOW
-3.14258,105.33653,,0.55,0.43,2026-09-29,644,N21,VIIRS,n,2.0NRT,,5.81,D,VIIRS_NOAA21_NRT,339.82,303.52,YES,,LOW
-3.14186,105.0873,,0.54,0.42,2026-09-29,644,N21,VIIRS,n,2.0NRT,,27.65,D,VIIRS_NOAA21_NRT,350.07,307.9,YES,,HIGH
-3.11958,105.10344,,0.54,0.42,2026-09-29,644,N21,VIIRS,n,2.0NRT,,10.21,D,VIIRS_NOAA21_NRT,346.77,305.5,YES,,HIGH
-3.11882,105.10823,,0.54,0.42,2026-09-29,644,N21,VIIRS,n,2.0NRT,,7.74,D,VIIRS_NOAA21_NRT,350.08,307.88,YES,,LOW
-3.11806,105.11302,,0.54,0.42,2026-09-29,644,N21,VIIRS,n,2.0NRT,,7.74,D,VIIRS_NOAA21_NRT,336.12,303.2,YES,,LOW
-3.116,105.32729,,0.55,0.43,2026-09-29,644,N21,VIIRS,n,2.0NRT,,12.73,D,VIIRS_NOAA21_NRT,338.16,303.6,YES,,HIGH
-3.11573,105.10284,,0.54,0.42,2026-09-29,644,N21,VIIRS,l,2.0NRT,,10.21,D,VIIRS_NOAA21_NRT,331.45,302.46,YES,,HIGH
-3.11522,105.33223,,0.55,0.43,2026-09-29,644,N21,VIIRS,n,2.0NRT,,12.73,D,VIIRS_NOAA21_NRT,347.68,305.33,YES,,HIGH
-3.11497,105.10762,,0.54,0.42,2026-09-29,644,N21,VIIRS,n,2.0NRT,,7.74,D,VIIRS_NOAA21_NRT,335.88,301.86,YES,,LOW
-3.1142,105.11243,,0.54,0.42,2026-09-29,644,N21,VIIRS,n,2.0NRT,,7.74,D,VIIRS_NOAA21_NRT,338.93,303.27,YES,,LOW
-3.11188,105.10223,,0.54,0.42,2026-09-29,644,N21,VIIRS,n,2.0NRT,,5.93,D,VIIRS_NOAA21_NRT,339.65,303.98,YES,,LOW
-3.11111,105.10703,,0.54,0.42,2026-09-29,644,N21,VIIRS,l,2.0NRT,,6.93,D,VIIRS_NOAA21_NRT,331.92,302.46,YES,,LOW
-3.11035,105.11182,,0.54,0.42,2026-09-29,644,N21,VIIRS,n,2.0NRT,,6.93,D,VIIRS_NOAA21_NRT,340.01,302.1,YES,,LOW
-3.10879,105.09683,,0.54,0.42,2026-09-29,644,N21,VIIRS,l,2.0NRT,,5.93,D,VIIRS_NOAA21_NRT,332.09,303.95,YES,,LOW
-3.10811,105.20052,,0.54,0.42,2026-09-29,644,N21,VIIRS,n,2.0NRT,,5.21,D,VIIRS_NOAA21_NRT,332.39,298.22,NO,0.517,MONITORING
-3.10802,105.10162,,0.54,0.42,2026-09-29,644,N21,VIIRS,l,2.0NRT,,5.93,D,VIIRS_NOAA21_NRT,333.11,304.18,YES,,LOW
-3.10649,105.11121,,0.54,0.42,2026-09-29,644,N21,VIIRS,n,2.0NRT,,6.93,D,VIIRS_NOAA21_NRT,340.95,301.49,YES,,LOW
-3.10341,105.10581,,0.54,0.42,2026-09-29,644,N21,VIIRS,n,2.0NRT,,7.67,D,VIIRS_NOAA21_NRT,341.76,302.09,YES,,LOW
-3.10262,105.08604,,0.54,0.42,2026-09-29,644,N21,VIIRS,n,2.0NRT,,13.76,D,VIIRS_NOAA21_NRT,341.13,300.06,YES,,HIGH
-3.10185,105.09084,,0.54,0.42,2026-09-29,644,N21,VIIRS,h,2.0NRT,,13.76,D,VIIRS_NOAA21_NRT,367.0,304.91,YES,,HIGH
-3.10107,105.07111,,0.53,0.42,2026-09-29,644,N21,VIIRS,n,2.0NRT,,13.65,D,VIIRS_NOAA21_NRT,346.68,301.27,NO,0.221,MONITORING
-3.10032,105.10042,,0.54,0.42,2026-09-29,644,N21,VIIRS,n,2.0NRT,,11.01,D,VIIRS_NOAA21_NRT,330.93,300.59,YES,,HIGH
-3.10024,105.08766,,0.54,0.42,2026-09-29,644,N21,VIIRS,n,2.0NRT,,10.11,D,VIIRS_NOAA21_NRT,348.5,301.8,YES,,HIGH
-3.09959,105.22913,,0.55,0.42,2026-09-29,644,N21,VIIRS,n,2.0NRT,,7.94,D,VIIRS_NOAA21_NRT,340.86,301.64,YES,,LOW
-3.09951,105.09245,,0.54,0.42,2026-09-29,644,N21,VIIRS,n,2.0NRT,,10.11,D,VIIRS_NOAA21_NRT,349.13,300.9,YES,,HIGH
-3.09933,105.06792,,0.53,0.42,2026-09-29,644,N21,VIIRS,n,2.0NRT,,12.54,D,VIIRS_NOAA21_NRT,344.5,304.87,NO,0.497,MONITORING
-3.09878,105.11,,0.54,0.42,2026-09-29,644,N21,VIIRS,n,2.0NRT,,7.67,D,VIIRS_NOAA21_NRT,341.31,302.06,YES,,LOW
-3.0986,105.07269,,0.54,0.42,2026-09-29,644,N21,VIIRS,n,2.0NRT,,12.54,D,VIIRS_NOAA21_NRT,335.99,302.04,NO,0.531,MONITORING
-3.09804,105.10204,,0.54,0.42,2026-09-29,644,N21,VIIRS,n,2.0NRT,,3.93,D,VIIRS_NOAA21_NRT,331.4,299.86,YES,,LOW
-3.09802,105.11479,,0.54,0.42,2026-09-29,644,N21,VIIRS,l,2.0NRT,,8.29,D,VIIRS_NOAA21_NRT,333.39,303.74,YES,,LOW
-3.09722,105.07053,,0.53,0.42,2026-09-29,644,N21,VIIRS,l,2.0NRT,,13.65,D,VIIRS_NOAA21_NRT,332.55,303.49,NO,0.652,MONITORING
-3.09713,105.08224,,0.54,0.42,2026-09-29,644,N21,VIIRS,n,2.0NRT,,2.38,D,VIIRS_NOAA21_NRT,332.85,298.48,NO,0.215,MONITORING
-3.09657,105.11166,,0.54,0.42,2026-09-29,644,N21,VIIRS,n,2.0NRT,,35.13,D,VIIRS_NOAA21_NRT,350.99,307.81,YES,,HIGH
-3.09647,105.0998,,0.54,0.42,2026-09-29,644,N21,VIIRS,l,2.0NRT,,5.11,D,VIIRS_NOAA21_NRT,330.95,301.6,YES,,LOW
-3.09639,105.08705,,0.54,0.42,2026-09-29,644,N21,VIIRS,n,2.0NRT,,10.11,D,VIIRS_NOAA21_NRT,346.64,301.38,YES,,HIGH
-3.09583,105.11646,,0.54,0.42,2026-09-29,644,N21,VIIRS,l,2.0NRT,,2.45,D,VIIRS_NOAA21_NRT,333.19,303.97,YES,,LOW
-3.0957,105.1046,,0.54,0.42,2026-09-29,644,N21,VIIRS,l,2.0NRT,,32.55,D,VIIRS_NOAA21_NRT,331.05,301.08,YES,,HIGH
-3.09496,104.69479,,0.51,0.41,2026-09-29,644,N21,VIIRS,h,2.0NRT,,20.17,D,VIIRS_NOAA21_NRT,367.0,303.37,NO,11.015,MONITORING
-3.09493,105.10939,,0.54,0.42,2026-09-29,644,N21,VIIRS,l,2.0NRT,,32.55,D,VIIRS_NOAA21_NRT,341.99,312.02,YES,,HIGH
-3.09493,105.20843,,0.54,0.42,2026-09-29,644,N21,VIIRS,n,2.0NRT,,9.8,D,VIIRS_NOAA21_NRT,338.39,300.68,NO,0.904,MONITORING
-3.09492,105.08484,,0.54,0.42,2026-09-29,644,N21,VIIRS,n,2.0NRT,,28.61,D,VIIRS_NOAA21_NRT,353.15,303.9,YES,,HIGH
-3.09416,105.1142,,0.54,0.42,2026-09-29,644,N21,VIIRS,l,2.0NRT,,5.13,D,VIIRS_NOAA21_NRT,331.4,303.57,YES,,LOW
-3.09345,105.10624,,0.54,0.42,2026-09-29,644,N21,VIIRS,n,2.0NRT,,35.13,D,VIIRS_NOAA21_NRT,338.23,303.06,YES,,HIGH
-3.09338,105.21817,,0.55,0.42,2026-09-29,644,N21,VIIRS,n,2.0NRT,,10.17,D,VIIRS_NOAA21_NRT,345.01,304.35,YES,,HIGH
-3.09271,105.11105,,0.54,0.42,2026-09-29,644,N21,VIIRS,n,2.0NRT,,35.13,D,VIIRS_NOAA21_NRT,338.0,303.5,YES,,HIGH
-3.09254,105.08644,,0.54,0.42,2026-09-29,644,N21,VIIRS,n,2.0NRT,,11.87,D,VIIRS_NOAA21_NRT,339.51,303.06,YES,,HIGH
-3.09108,105.10879,,0.54,0.42,2026-09-29,644,N21,VIIRS,n,2.0NRT,,32.55,D,VIIRS_NOAA21_NRT,332.49,302.07,YES,,HIGH
-3.09028,105.2127,,0.55,0.42,2026-09-29,644,N21,VIIRS,n,2.0NRT,,10.17,D,VIIRS_NOAA21_NRT,339.61,304.92,NO,0.454,MONITORING
-3.08959,105.10563,,0.54,0.42,2026-09-29,644,N21,VIIRS,n,2.0NRT,,2.03,D,VIIRS_NOAA21_NRT,335.43,300.87,YES,,LOW
-3.08795,105.20235,,0.54,0.42,2026-09-29,644,N21,VIIRS,n,2.0NRT,,8.53,D,VIIRS_NOAA21_NRT,340.95,304.77,NO,1.613,MONITORING
-3.08718,105.20721,,0.54,0.42,2026-09-29,644,N21,VIIRS,n,2.0NRT,,8.53,D,VIIRS_NOAA21_NRT,337.65,306.09,NO,1.084,MONITORING
-3.086,105.02676,,0.53,0.42,2026-09-29,644,N21,VIIRS,n,2.0NRT,,7.83,D,VIIRS_NOAA21_NRT,340.41,302.73,NO,3.69,MONITORING
-3.0833,105.20661,,0.54,0.42,2026-09-29,644,N21,VIIRS,n,2.0NRT,,8.53,D,VIIRS_NOAA21_NRT,346.07,304.59,NO,1.155,MONITORING
-3.0829,105.02142,,0.53,0.42,2026-09-29,644,N21,VIIRS,n,2.0NRT,,68.74,D,VIIRS_NOAA21_NRT,351.92,307.49,NO,4.311,MONITORING
-3.08251,105.21148,,0.55,0.42,2026-09-29,644,N21,VIIRS,n,2.0NRT,,14.33,D,VIIRS_NOAA21_NRT,334.08,303.59,NO,0.606,MONITORING
-3.08216,105.02616,,0.53,0.42,2026-09-29,644,N21,VIIRS,n,2.0NRT,,7.83,D,VIIRS_NOAA21_NRT,335.76,301.96,NO,4.091,MONITORING
-3.08172,105.2085,,0.55,0.42,2026-09-29,644,N21,VIIRS,n,2.0NRT,,7.45,D,VIIRS_NOAA21_NRT,334.88,303.23,NO,0.934,MONITORING
-3.08097,105.21339,,0.55,0.42,2026-09-29,644,N21,VIIRS,l,2.0NRT,,4.32,D,VIIRS_NOAA21_NRT,330.72,301.42,NO,0.403,MONITORING
-3.07863,105.21088,,0.55,0.42,2026-09-29,644,N21,VIIRS,n,2.0NRT,,13.9,D,VIIRS_NOAA21_NRT,341.86,301.78,NO,0.744,MONITORING
-3.07862,105.07445,,0.54,0.42,2026-09-29,644,N21,VIIRS,n,2.0NRT,,17.1,D,VIIRS_NOAA21_NRT,340.03,305.0,NO,1.161,MONITORING
-3.07784,105.20789,,0.55,0.42,2026-09-29,644,N21,VIIRS,n,2.0NRT,,7.45,D,VIIRS_NOAA21_NRT,334.24,300.79,NO,1.086,MONITORING
-3.07759,105.03031,,0.53,0.42,2026-09-29,644,N21,VIIRS,n,2.0NRT,,8.15,D,VIIRS_NOAA21_NRT,342.98,302.95,NO,4.289,MONITORING
-3.07709,105.21278,,0.55,0.42,2026-09-29,644,N21,VIIRS,n,2.0NRT,,4.32,D,VIIRS_NOAA21_NRT,331.75,301.27,NO,0.586,MONITORING
-3.07634,105.21766,,0.55,0.42,2026-09-29,644,N21,VIIRS,l,2.0NRT,,4.32,D,VIIRS_NOAA21_NRT,331.77,303.47,NO,0.063,MONITORING
-3.07597,105.01546,,0.53,0.42,2026-09-29,644,N21,VIIRS,l,2.0NRT,,4.07,D,VIIRS_NOAA21_NRT,331.24,302.89,NO,5.327,MONITORING
-3.07477,105.07384,,0.54,0.42,2026-09-29,644,N21,VIIRS,n,2.0NRT,,17.1,D,VIIRS_NOAA21_NRT,342.14,299.77,NO,1.206,MONITORING
-3.07213,105.01485,,0.53,0.42,2026-09-29,644,N21,VIIRS,n,2.0NRT,,3.77,D,VIIRS_NOAA21_NRT,336.54,302.43,NO,5.713,MONITORING
-3.07139,105.01959,,0.53,0.42,2026-09-29,644,N21,VIIRS,n,2.0NRT,,3.77,D,VIIRS_NOAA21_NRT,336.99,299.82,NO,5.497,MONITORING
-3.07092,105.07323,,0.54,0.42,2026-09-29,644,N21,VIIRS,n,2.0NRT,,8.02,D,VIIRS_NOAA21_NRT,337.8,301.46,NO,1.263,MONITORING
-3.0708,104.67705,,0.51,0.41,2026-09-29,644,N21,VIIRS,n,2.0NRT,,7.56,D,VIIRS_NOAA21_NRT,342.83,297.09,NO,13.326,MONITORING
-3.07018,105.07802,,0.54,0.42,2026-09-29,644,N21,VIIRS,n,2.0NRT,,8.02,D,VIIRS_NOAA21_NRT,332.34,298.41,NO,0.729,MONITORING
-3.06978,105.00476,,0.53,0.42,2026-09-29,644,N21,VIIRS,n,2.0NRT,,6.31,D,VIIRS_NOAA21_NRT,338.89,302.57,NO,6.619,MONITORING
-3.06882,105.1122,,0.54,0.42,2026-09-29,644,N21,VIIRS,n,2.0NRT,,26.6,D,VIIRS_NOAA21_NRT,348.55,304.5,YES,,HIGH
-3.06808,105.11701,,0.54,0.42,2026-09-29,644,N21,VIIRS,n,2.0NRT,,26.6,D,VIIRS_NOAA21_NRT,332.87,302.31,YES,,HIGH
-3.06743,104.99468,,0.53,0.42,2026-09-29,644,N21,VIIRS,n,2.0NRT,,6.95,D,VIIRS_NOAA21_NRT,333.29,300.21,NO,7.591,MONITORING
-3.06708,105.07263,,0.54,0.42,2026-09-29,644,N21,VIIRS,n,2.0NRT,,8.02,D,VIIRS_NOAA21_NRT,342.98,302.48,NO,1.322,MONITORING
-3.06633,105.07742,,0.54,0.42,2026-09-29,644,N21,VIIRS,n,2.0NRT,,8.02,D,VIIRS_NOAA21_NRT,344.06,299.78,NO,0.787,MONITORING
-3.06595,105.00415,,0.53,0.42,2026-09-29,644,N21,VIIRS,n,2.0NRT,,17.59,D,VIIRS_NOAA21_NRT,348.41,301.78,NO,6.986,MONITORING
-3.06248,105.07681,,0.54,0.42,2026-09-29,644,N21,VIIRS,n,2.0NRT,,11.01,D,VIIRS_NOAA21_NRT,347.88,301.75,NO,0.83,MONITORING
-3.06212,104.73172,,0.51,0.41,2026-09-29,644,N21,VIIRS,n,2.0NRT,,4.13,D,VIIRS_NOAA21_NRT,342.42,304.1,NO,7.357,MONITORING
-3.06139,104.73629,,0.51,0.41,2026-09-29,644,N21,VIIRS,n,2.0NRT,,5.85,D,VIIRS_NOAA21_NRT,336.29,304.69,NO,6.869,MONITORING
-3.05456,105.0267,,0.53,0.42,2026-09-29,644,N21,VIIRS,n,2.0NRT,,3.41,D,VIIRS_NOAA21_NRT,334.97,301.95,NO,6.356,MONITORING
-3.05372,104.71169,,0.51,0.41,2026-09-29,644,N21,VIIRS,n,2.0NRT,,6.97,D,VIIRS_NOAA21_NRT,334.56,302.43,NO,9.723,MONITORING
-3.0537,105.00709,,0.53,0.42,2026-09-29,644,N21,VIIRS,n,2.0NRT,,11.72,D,VIIRS_NOAA21_NRT,342.43,304.37,NO,7.904,MONITORING
-3.05069,105.61269,,0.38,0.44,2026-09-29,644,N21,VIIRS,l,2.0NRT,,7.48,D,VIIRS_NOAA21_NRT,332.72,306.64,YES,,LOW
-3.05062,105.00175,,0.53,0.42,2026-09-29,644,N21,VIIRS,n,2.0NRT,,5.12,D,VIIRS_NOAA21_NRT,337.8,303.66,NO,8.515,MONITORING
-3.04987,105.00648,,0.53,0.42,2026-09-29,644,N21,VIIRS,n,2.0NRT,,5.12,D,VIIRS_NOAA21_NRT,335.71,304.38,NO,8.305,MONITORING
-3.04912,105.01124,,0.53,0.42,2026-09-29,644,N21,VIIRS,n,2.0NRT,,3.7,D,VIIRS_NOAA21_NRT,339.95,302.89,NO,8.023,MONITORING
-3.04848,105.04037,,0.53,0.42,2026-09-29,644,N21,VIIRS,n,2.0NRT,,17.51,D,VIIRS_NOAA21_NRT,338.36,303.96,NO,4.785,MONITORING
-3.04725,105.60863,,0.38,0.44,2026-09-29,644,N21,VIIRS,l,2.0NRT,,8.05,D,VIIRS_NOAA21_NRT,333.49,304.5,YES,,LOW
-3.04678,105.00114,,0.53,0.42,2026-09-29,644,N21,VIIRS,l,2.0NRT,,5.12,D,VIIRS_NOAA21_NRT,331.32,305.91,NO,8.91,MONITORING
-3.04604,105.00589,,0.53,0.42,2026-09-29,644,N21,VIIRS,n,2.0NRT,,5.12,D,VIIRS_NOAA21_NRT,340.12,306.22,NO,8.589,MONITORING
-3.04601,105.59086,,0.38,0.43,2026-09-29,644,N21,VIIRS,n,2.0NRT,,14.81,D,VIIRS_NOAA21_NRT,344.05,302.7,YES,,HIGH
-3.04464,105.03976,,0.53,0.42,2026-09-29,644,N21,VIIRS,n,2.0NRT,,28.72,D,VIIRS_NOAA21_NRT,343.17,306.78,NO,4.818,MONITORING
-3.04389,105.04453,,0.53,0.42,2026-09-29,644,N21,VIIRS,n,2.0NRT,,28.72,D,VIIRS_NOAA21_NRT,347.59,308.35,NO,4.282,MONITORING
-3.04382,105.60457,,0.38,0.44,2026-09-29,644,N21,VIIRS,l,2.0NRT,,10.13,D,VIIRS_NOAA21_NRT,333.86,307.38,YES,,HIGH
-3.04146,105.01003,,0.53,0.42,2026-09-29,644,N21,VIIRS,n,2.0NRT,,8.05,D,VIIRS_NOAA21_NRT,333.35,302.35,NO,8.101,MONITORING
-3.04039,105.60051,,0.38,0.43,2026-09-29,644,N21,VIIRS,n,2.0NRT,,5.14,D,VIIRS_NOAA21_NRT,338.82,307.16,YES,,LOW
-3.03984,105.60394,,0.38,0.44,2026-09-29,644,N21,VIIRS,n,2.0NRT,,5.14,D,VIIRS_NOAA21_NRT,338.8,307.43,YES,,LOW
-3.03921,105.02428,,0.53,0.42,2026-09-29,644,N21,VIIRS,n,2.0NRT,,59.47,D,VIIRS_NOAA21_NRT,337.41,305.66,NO,6.509,MONITORING
-3.03762,105.00943,,0.53,0.42,2026-09-29,644,N21,VIIRS,n,2.0NRT,,8.05,D,VIIRS_NOAA21_NRT,338.41,301.9,NO,8.158,MONITORING
-3.03687,105.01418,,0.53,0.42,2026-09-29,644,N21,VIIRS,n,2.0NRT,,8.05,D,VIIRS_NOAA21_NRT,349.88,301.24,NO,7.627,MONITORING
-3.03641,105.59988,,0.38,0.43,2026-09-29,644,N21,VIIRS,n,2.0NRT,,5.14,D,VIIRS_NOAA21_NRT,343.03,307.02,YES,,LOW
-3.03612,105.01893,,0.53,0.42,2026-09-29,644,N21,VIIRS,n,2.0NRT,,59.47,D,VIIRS_NOAA21_NRT,353.16,310.47,NO,7.097,MONITORING
-3.03586,105.60331,,0.38,0.44,2026-09-29,644,N21,VIIRS,n,2.0NRT,,5.14,D,VIIRS_NOAA21_NRT,338.16,307.09,YES,,LOW
-3.03462,105.02843,,0.53,0.42,2026-09-29,644,N21,VIIRS,n,2.0NRT,,13.15,D,VIIRS_NOAA21_NRT,339.8,302.46,NO,6.036,MONITORING
-3.03387,105.0332,,0.53,0.42,2026-09-29,644,N21,VIIRS,n,2.0NRT,,13.15,D,VIIRS_NOAA21_NRT,340.39,304.07,NO,5.503,MONITORING
-3.03303,105.01358,,0.53,0.42,2026-09-29,644,N21,VIIRS,n,2.0NRT,,57.01,D,VIIRS_NOAA21_NRT,355.19,308.05,NO,7.685,MONITORING
-3.03298,105.59583,,0.38,0.43,2026-09-29,644,N21,VIIRS,n,2.0NRT,,6.26,D,VIIRS_NOAA21_NRT,337.01,299.72,YES,,LOW
-3.03243,105.59925,,0.38,0.43,2026-09-29,644,N21,VIIRS,n,2.0NRT,,6.29,D,VIIRS_NOAA21_NRT,347.04,308.09,YES,,LOW
-3.03188,105.60268,,0.38,0.44,2026-09-29,644,N21,VIIRS,n,2.0NRT,,6.29,D,VIIRS_NOAA21_NRT,338.49,306.73,YES,,LOW
-3.03078,105.02783,,0.53,0.42,2026-09-29,644,N21,VIIRS,n,2.0NRT,,12.14,D,VIIRS_NOAA21_NRT,355.2,299.67,NO,6.094,MONITORING
-3.02995,105.00822,,0.53,0.42,2026-09-29,644,N21,VIIRS,n,2.0NRT,,57.01,D,VIIRS_NOAA21_NRT,332.58,299.55,NO,8.274,MONITORING
-3.02955,105.59177,,0.38,0.43,2026-09-29,644,N21,VIIRS,n,2.0NRT,,6.26,D,VIIRS_NOAA21_NRT,339.55,303.86,YES,,LOW
-3.029,105.5952,,0.38,0.43,2026-09-29,644,N21,VIIRS,n,2.0NRT,,6.26,D,VIIRS_NOAA21_NRT,351.06,309.64,YES,,LOW
-3.02845,105.59863,,0.38,0.43,2026-09-29,644,N21,VIIRS,n,2.0NRT,,6.29,D,VIIRS_NOAA21_NRT,349.22,309.07,YES,,LOW
-3.02844,105.01772,,0.53,0.42,2026-09-29,644,N21,VIIRS,n,2.0NRT,,7.12,D,VIIRS_NOAA21_NRT,334.71,299.22,NO,7.213,MONITORING
-3.0279,105.60205,,0.38,0.44,2026-09-29,644,N21,VIIRS,l,2.0NRT,,6.29,D,VIIRS_NOAA21_NRT,332.14,305.64,YES,,LOW
-3.02632,105.08093,,0.54,0.42,2026-09-29,644,N21,VIIRS,n,2.0NRT,,13.01,D,VIIRS_NOAA21_NRT,330.21,301.0,NO,0.173,MONITORING
-3.02613,105.58772,,0.38,0.43,2026-09-29,644,N21,VIIRS,n,2.0NRT,,8.39,D,VIIRS_NOAA21_NRT,336.53,299.39,YES,,LOW
-3.02557,105.59114,,0.38,0.43,2026-09-29,644,N21,VIIRS,n,2.0NRT,,9.09,D,VIIRS_NOAA21_NRT,343.94,307.09,YES,,LOW
-3.02502,105.59457,,0.38,0.43,2026-09-29,644,N21,VIIRS,n,2.0NRT,,9.09,D,VIIRS_NOAA21_NRT,350.29,309.29,YES,,LOW
-3.02447,105.598,,0.38,0.43,2026-09-29,644,N21,VIIRS,n,2.0NRT,,8.38,D,VIIRS_NOAA21_NRT,343.6,305.91,YES,,LOW
-3.02398,105.07076,,0.54,0.42,2026-09-29,644,N21,VIIRS,n,2.0NRT,,14.58,D,VIIRS_NOAA21_NRT,338.54,302.69,NO,1.303,MONITORING
-3.02323,105.07554,,0.54,0.42,2026-09-29,644,N21,VIIRS,n,2.0NRT,,28.61,D,VIIRS_NOAA21_NRT,331.41,300.63,NO,0.77,MONITORING
-3.02247,105.08033,,0.54,0.42,2026-09-29,644,N21,VIIRS,h,2.0NRT,,28.61,D,VIIRS_NOAA21_NRT,367.0,301.64,NO,0.236,MONITORING
-3.02171,105.08511,,0.54,0.42,2026-09-29,644,N21,VIIRS,n,2.0NRT,,8.85,D,VIIRS_NOAA21_NRT,332.78,298.76,YES,,LOW
-3.01937,105.07494,,0.54,0.42,2026-09-29,644,N21,VIIRS,n,2.0NRT,,28.61,D,VIIRS_NOAA21_NRT,337.6,302.27,NO,0.832,MONITORING
-3.01862,105.07973,,0.54,0.42,2026-09-29,644,N21,VIIRS,n,2.0NRT,,28.61,D,VIIRS_NOAA21_NRT,353.76,304.79,NO,0.298,MONITORING
-3.01786,105.08452,,0.54,0.42,2026-09-29,644,N21,VIIRS,n,2.0NRT,,8.85,D,VIIRS_NOAA21_NRT,333.78,299.6,YES,,LOW
-3.01628,105.06955,,0.54,0.42,2026-09-29,644,N21,VIIRS,n,2.0NRT,,5.32,D,VIIRS_NOAA21_NRT,333.97,298.43,NO,1.432,MONITORING
-3.01035,105.2323,,0.55,0.43,2026-09-29,644,N21,VIIRS,n,2.0NRT,,13.22,D,VIIRS_NOAA21_NRT,335.83,300.57,NO,1.226,MONITORING
-3.00958,105.23718,,0.55,0.43,2026-09-29,644,N21,VIIRS,n,2.0NRT,,13.22,D,VIIRS_NOAA21_NRT,342.19,301.79,NO,1.018,MONITORING
-3.00647,105.23169,,0.55,0.43,2026-09-29,644,N21,VIIRS,n,2.0NRT,,12.93,D,VIIRS_NOAA21_NRT,347.53,299.89,NO,1.655,MONITORING
-2.99868,105.20541,,0.55,0.42,2026-09-29,644,N21,VIIRS,n,2.0NRT,,5.36,D,VIIRS_NOAA21_NRT,333.75,299.81,NO,4.119,MONITORING
-2.99782,105.0863,,0.54,0.42,2026-09-29,644,N21,VIIRS,n,2.0NRT,,8.37,D,VIIRS_NOAA21_NRT,335.34,300.4,YES,,LOW
-2.99636,105.24515,,0.55,0.43,2026-09-29,644,N21,VIIRS,n,2.0NRT,,12.37,D,VIIRS_NOAA21_NRT,337.4,302.35,NO,1.363,MONITORING
-2.98087,105.0689,,0.54,0.42,2026-09-29,644,N21,VIIRS,n,2.0NRT,,4.49,D,VIIRS_NOAA21_NRT,337.42,299.83,NO,2.492,MONITORING
-2.97925,105.06651,,0.54,0.42,2026-09-29,644,N21,VIIRS,n,2.0NRT,,2.8,D,VIIRS_NOAA21_NRT,331.7,298.47,NO,2.813,MONITORING
-2.97825,105.88512,,0.4,0.44,2026-09-29,644,N21,VIIRS,n,2.0NRT,,9.36,D,VIIRS_NOAA21_NRT,344.14,302.88,YES,,LOW
-2.97698,105.14227,,0.54,0.42,2026-09-29,644,N21,VIIRS,n,2.0NRT,,14.23,D,VIIRS_NOAA21_NRT,345.06,298.52,YES,,HIGH
-2.97658,105.13518,,0.54,0.42,2026-09-29,644,N21,VIIRS,n,2.0NRT,,7.68,D,VIIRS_NOAA21_NRT,335.15,298.13,YES,,LOW
-2.9762,105.1471,,0.54,0.42,2026-09-29,644,N21,VIIRS,n,2.0NRT,,10.63,D,VIIRS_NOAA21_NRT,337.2,298.18,YES,,HIGH
-2.97584,105.14001,,0.54,0.42,2026-09-29,644,N21,VIIRS,n,2.0NRT,,11.49,D,VIIRS_NOAA21_NRT,351.96,299.61,YES,,HIGH
-2.97509,105.14486,,0.54,0.42,2026-09-29,644,N21,VIIRS,n,2.0NRT,,11.49,D,VIIRS_NOAA21_NRT,344.75,299.87,YES,,HIGH
-2.97466,105.132,,0.54,0.42,2026-09-29,644,N21,VIIRS,n,2.0NRT,,11.0,D,VIIRS_NOAA21_NRT,337.26,297.04,YES,,HIGH
-2.97435,105.14973,,0.54,0.42,2026-09-29,644,N21,VIIRS,n,2.0NRT,,10.74,D,VIIRS_NOAA21_NRT,342.15,300.25,NO,0.013,MONITORING
-2.97388,105.13683,,0.54,0.42,2026-09-29,644,N21,VIIRS,n,2.0NRT,,16.11,D,VIIRS_NOAA21_NRT,348.07,301.48,YES,,HIGH
-2.97374,104.70143,,0.51,0.41,2026-09-29,644,N21,VIIRS,n,2.0NRT,,3.98,D,VIIRS_NOAA21_NRT,335.13,300.85,NO,15.312,MONITORING
-2.9736,105.15457,,0.54,0.42,2026-09-29,644,N21,VIIRS,n,2.0NRT,,10.74,D,VIIRS_NOAA21_NRT,344.73,299.61,NO,0.545,MONITORING
-2.97271,105.13459,,0.54,0.42,2026-09-29,644,N21,VIIRS,n,2.0NRT,,7.68,D,VIIRS_NOAA21_NRT,343.01,300.06,YES,,LOW
-2.97183,105.11464,,0.54,0.42,2026-09-29,644,N21,VIIRS,n,2.0NRT,,4.11,D,VIIRS_NOAA21_NRT,331.26,296.0,YES,,LOW
-2.97155,105.15135,,0.54,0.42,2026-09-29,644,N21,VIIRS,n,2.0NRT,,11.67,D,VIIRS_NOAA21_NRT,341.31,302.26,NO,0.294,MONITORING
-2.97077,105.15619,,0.54,0.42,2026-09-29,644,N21,VIIRS,n,2.0NRT,,13.48,D,VIIRS_NOAA21_NRT,338.74,299.27,NO,0.828,MONITORING
-2.96999,105.16104,,0.54,0.42,2026-09-29,644,N21,VIIRS,h,2.0NRT,,13.48,D,VIIRS_NOAA21_NRT,367.0,300.74,NO,1.362,MONITORING
-2.96898,105.15883,,0.54,0.42,2026-09-29,644,N21,VIIRS,h,2.0NRT,,24.93,D,VIIRS_NOAA21_NRT,367.0,303.44,NO,1.174,MONITORING
-2.96823,105.16369,,0.54,0.42,2026-09-29,644,N21,VIIRS,n,2.0NRT,,24.93,D,VIIRS_NOAA21_NRT,348.89,300.83,NO,1.709,MONITORING
-2.96796,105.11403,,0.54,0.42,2026-09-29,644,N21,VIIRS,n,2.0NRT,,4.11,D,VIIRS_NOAA21_NRT,337.48,296.54,YES,,LOW
-2.9669,105.15559,,0.54,0.42,2026-09-29,644,N21,VIIRS,n,2.0NRT,,13.48,D,VIIRS_NOAA21_NRT,346.16,302.32,NO,0.923,MONITORING
-2.96675,105.25558,,0.55,0.43,2026-09-29,644,N21,VIIRS,n,2.0NRT,,12.75,D,VIIRS_NOAA21_NRT,342.27,299.04,NO,1.748,MONITORING
-2.96611,105.16043,,0.54,0.42,2026-09-29,644,N21,VIIRS,n,2.0NRT,,13.48,D,VIIRS_NOAA21_NRT,346.48,303.26,NO,1.457,MONITORING
-2.96585,105.15337,,0.54,0.42,2026-09-29,644,N21,VIIRS,n,2.0NRT,,4.54,D,VIIRS_NOAA21_NRT,330.48,300.05,NO,0.735,MONITORING
-2.96533,105.16528,,0.54,0.42,2026-09-29,644,N21,VIIRS,n,2.0NRT,,15.92,D,VIIRS_NOAA21_NRT,334.49,299.05,NO,1.991,MONITORING
-2.96511,105.15821,,0.54,0.42,2026-09-29,644,N21,VIIRS,n,2.0NRT,,7.73,D,VIIRS_NOAA21_NRT,331.36,300.83,NO,1.267,MONITORING
-2.96436,105.16308,,0.54,0.42,2026-09-29,644,N21,VIIRS,n,2.0NRT,,7.73,D,VIIRS_NOAA21_NRT,348.26,300.47,NO,1.802,MONITORING
-2.9641,105.11342,,0.54,0.42,2026-09-29,644,N21,VIIRS,n,2.0NRT,,19.27,D,VIIRS_NOAA21_NRT,346.65,299.14,YES,,HIGH
-2.96364,105.25007,,0.55,0.43,2026-09-29,644,N21,VIIRS,n,2.0NRT,,16.35,D,VIIRS_NOAA21_NRT,346.85,301.42,NO,2.36,MONITORING
-2.96048,105.16246,,0.54,0.42,2026-09-29,644,N21,VIIRS,n,2.0NRT,,7.73,D,VIIRS_NOAA21_NRT,332.8,299.86,NO,1.896,MONITORING
-2.95743,105.23904,,0.55,0.43,2026-09-29,644,N21,VIIRS,n,2.0NRT,,15.61,D,VIIRS_NOAA21_NRT,340.84,299.6,NO,3.661,MONITORING
-2.94763,104.89164,,0.52,0.42,2026-09-29,644,N21,VIIRS,n,2.0NRT,,4.63,D,VIIRS_NOAA21_NRT,330.94,295.47,NO,15.652,MONITORING
-2.94186,105.15455,,0.54,0.42,2026-09-29,644,N21,VIIRS,n,2.0NRT,,9.95,D,VIIRS_NOAA21_NRT,347.94,298.08,NO,1.881,MONITORING
-2.93807,105.17887,,0.55,0.42,2026-09-29,644,N21,VIIRS,n,2.0NRT,,10.55,D,VIIRS_NOAA21_NRT,346.15,296.8,NO,4.495,MONITORING
-2.90713,105.24927,,0.55,0.43,2026-09-29,644,N21,VIIRS,n,2.0NRT,,10.4,D,VIIRS_NOAA21_NRT,343.6,301.85,NO,2.478,MONITORING
-2.90645,104.83428,,0.52,0.42,2026-09-29,644,N21,VIIRS,n,2.0NRT,,11.48,D,VIIRS_NOAA21_NRT,336.79,300.54,NO,18.62,MONITORING
-2.90541,105.13392,,0.54,0.42,2026-09-29,644,N21,VIIRS,n,2.0NRT,,8.11,D,VIIRS_NOAA21_NRT,339.46,302.03,NO,4.104,MONITORING
-2.90325,105.27392,,0.55,0.43,2026-09-29,644,N21,VIIRS,n,2.0NRT,,18.15,D,VIIRS_NOAA21_NRT,347.39,302.57,NO,0.677,MONITORING
-2.90165,105.2333,,0.55,0.43,2026-09-29,644,N21,VIIRS,n,2.0NRT,,12.74,D,VIIRS_NOAA21_NRT,344.35,299.95,NO,3.543,MONITORING
-2.90088,105.23821,,0.55,0.43,2026-09-29,644,N21,VIIRS,n,2.0NRT,,22.43,D,VIIRS_NOAA21_NRT,349.83,303.59,NO,3.036,MONITORING
-2.89857,105.27824,,0.55,0.43,2026-09-29,644,N21,VIIRS,n,2.0NRT,,27.04,D,VIIRS_NOAA21_NRT,342.18,306.49,NO,0.715,MONITORING
-2.88998,105.28197,,0.55,0.43,2026-09-29,644,N21,VIIRS,n,2.0NRT,,17.19,D,VIIRS_NOAA21_NRT,336.92,304.01,NO,0.63,MONITORING
-2.8892,105.28691,,0.55,0.43,2026-09-29,644,N21,VIIRS,n,2.0NRT,,13.34,D,VIIRS_NOAA21_NRT,335.12,301.93,NO,0.201,MONITORING
-2.8814,105.23515,,0.55,0.43,2026-09-29,644,N21,VIIRS,n,2.0NRT,,8.89,D,VIIRS_NOAA21_NRT,340.12,298.73,NO,2.638,MONITORING
-2.88061,105.24006,,0.55,0.43,2026-09-29,644,N21,VIIRS,n,2.0NRT,,8.89,D,VIIRS_NOAA21_NRT,340.46,300.86,NO,2.087,MONITORING
-2.87828,105.22963,,0.55,0.43,2026-09-29,644,N21,VIIRS,n,2.0NRT,,9.85,D,VIIRS_NOAA21_NRT,349.08,299.42,NO,3.228,MONITORING
-2.87695,104.74896,,0.52,0.41,2026-09-29,644,N21,VIIRS,n,2.0NRT,,3.64,D,VIIRS_NOAA21_NRT,331.06,300.34,NO,22.449,MONITORING
-2.87666,106.21121,,0.42,0.45,2026-09-29,644,N21,VIIRS,n,2.0NRT,,19.92,D,VIIRS_NOAA21_NRT,330.98,295.36,NO,22.427,MONITORING
-2.87517,105.22411,,0.55,0.43,2026-09-29,644,N21,VIIRS,n,2.0NRT,,8.67,D,VIIRS_NOAA21_NRT,338.68,300.89,NO,3.794,MONITORING
-2.87515,105.24929,,0.55,0.43,2026-09-29,644,N21,VIIRS,n,2.0NRT,,12.7,D,VIIRS_NOAA21_NRT,337.27,304.04,NO,1.017,MONITORING
-2.87461,104.73916,,0.52,0.41,2026-09-29,644,N21,VIIRS,n,2.0NRT,,6.36,D,VIIRS_NOAA21_NRT,345.34,298.98,NO,22.984,MONITORING
-2.87388,104.74377,,0.52,0.41,2026-09-29,644,N21,VIIRS,n,2.0NRT,,6.36,D,VIIRS_NOAA21_NRT,332.02,299.31,NO,22.924,MONITORING
-2.87316,104.74837,,0.52,0.41,2026-09-29,644,N21,VIIRS,h,2.0NRT,,11.0,D,VIIRS_NOAA21_NRT,367.0,302.5,NO,22.875,MONITORING
-2.86938,104.74778,,0.52,0.41,2026-09-29,644,N21,VIIRS,n,2.0NRT,,11.0,D,VIIRS_NOAA21_NRT,337.36,299.76,NO,23.3,MONITORING
-2.86866,104.75239,,0.52,0.41,2026-09-29,644,N21,VIIRS,n,2.0NRT,,11.0,D,VIIRS_NOAA21_NRT,335.32,300.43,NO,23.263,MONITORING
-2.86671,105.16981,,0.55,0.42,2026-09-29,644,N21,VIIRS,n,2.0NRT,,6.14,D,VIIRS_NOAA21_NRT,337.37,298.35,NO,9.472,MONITORING
-2.86181,104.74659,,0.52,0.41,2026-09-29,644,N21,VIIRS,n,2.0NRT,,16.0,D,VIIRS_NOAA21_NRT,343.02,295.44,NO,24.151,MONITORING
-2.86109,104.7512,,0.52,0.41,2026-09-29,644,N21,VIIRS,n,2.0NRT,,16.0,D,VIIRS_NOAA21_NRT,334.53,295.81,NO,24.115,MONITORING
-2.85757,105.20344,,0.55,0.43,2026-09-29,644,N21,VIIRS,n,2.0NRT,,13.1,D,VIIRS_NOAA21_NRT,340.99,304.44,NO,5.931,MONITORING
-2.85656,105.15821,,0.55,0.42,2026-09-29,644,N21,VIIRS,n,2.0NRT,,5.55,D,VIIRS_NOAA21_NRT,336.07,300.91,NO,10.032,MONITORING
-2.85506,105.16797,,0.55,0.42,2026-09-29,644,N21,VIIRS,n,2.0NRT,,17.55,D,VIIRS_NOAA21_NRT,345.31,300.78,NO,9.886,MONITORING
-2.85416,105.20575,,0.55,0.43,2026-09-29,644,N21,VIIRS,n,2.0NRT,,16.31,D,VIIRS_NOAA21_NRT,344.43,302.4,NO,5.694,MONITORING
-2.85268,105.15761,,0.55,0.42,2026-09-29,644,N21,VIIRS,n,2.0NRT,,5.55,D,VIIRS_NOAA21_NRT,339.45,301.09,NO,10.426,MONITORING
-2.85118,105.16736,,0.55,0.42,2026-09-29,644,N21,VIIRS,h,2.0NRT,,17.55,D,VIIRS_NOAA21_NRT,367.0,306.41,NO,9.98,MONITORING
-2.84989,104.65087,,0.51,0.41,2026-09-29,644,N21,VIIRS,n,2.0NRT,,14.37,D,VIIRS_NOAA21_NRT,342.52,298.99,NO,29.674,MONITORING
-2.84916,104.65543,,0.51,0.41,2026-09-29,644,N21,VIIRS,n,2.0NRT,,14.37,D,VIIRS_NOAA21_NRT,334.61,297.65,NO,29.467,MONITORING
-2.84685,104.64573,,0.51,0.41,2026-09-29,644,N21,VIIRS,n,2.0NRT,,3.33,D,VIIRS_NOAA21_NRT,333.05,296.08,NO,30.272,MONITORING
-2.84612,104.65028,,0.51,0.41,2026-09-29,644,N21,VIIRS,n,2.0NRT,,14.37,D,VIIRS_NOAA21_NRT,349.67,298.76,NO,30.062,MONITORING
-2.84159,105.10116,,0.54,0.42,2026-09-29,644,N21,VIIRS,n,2.0NRT,,14.19,D,VIIRS_NOAA21_NRT,347.6,300.3,NO,11.501,MONITORING
-2.84007,106.12099,,0.42,0.45,2026-09-29,644,N21,VIIRS,n,2.0NRT,,6.1,D,VIIRS_NOAA21_NRT,331.72,294.94,NO,18.334,MONITORING
-2.83877,105.1704,,0.55,0.42,2026-09-29,644,N21,VIIRS,n,2.0NRT,,4.55,D,VIIRS_NOAA21_NRT,336.45,302.74,NO,9.399,MONITORING
-2.83821,105.22553,,0.55,0.43,2026-09-29,644,N21,VIIRS,n,2.0NRT,,25.54,D,VIIRS_NOAA21_NRT,346.46,304.75,NO,4.023,MONITORING
-2.83467,106.15457,,0.42,0.45,2026-09-29,644,N21,VIIRS,n,2.0NRT,,21.87,D,VIIRS_NOAA21_NRT,341.99,297.81,NO,20.961,MONITORING
-2.83041,105.2243,,0.55,0.43,2026-09-29,644,N21,VIIRS,n,2.0NRT,,7.9,D,VIIRS_NOAA21_NRT,338.42,301.67,NO,3.719,MONITORING
-2.82696,105.11869,,0.54,0.42,2026-09-29,644,N21,VIIRS,n,2.0NRT,,11.98,D,VIIRS_NOAA21_NRT,341.11,302.67,NO,12.803,MONITORING
-2.82575,105.22861,,0.55,0.43,2026-09-29,644,N21,VIIRS,n,2.0NRT,,15.49,D,VIIRS_NOAA21_NRT,345.97,303.84,NO,3.017,MONITORING
-2.81961,105.26811,,0.55,0.43,2026-09-29,644,N21,VIIRS,n,2.0NRT,,20.96,D,VIIRS_NOAA21_NRT,346.94,306.34,NO,0.341,MONITORING
-2.81782,105.17712,,0.55,0.42,2026-09-29,644,N21,VIIRS,n,2.0NRT,,6.18,D,VIIRS_NOAA21_NRT,338.58,300.15,NO,8.057,MONITORING
-2.81541,105.14176,,0.54,0.42,2026-09-29,644,N21,VIIRS,n,2.0NRT,,14.75,D,VIIRS_NOAA21_NRT,339.02,301.1,NO,11.412,MONITORING
-2.81164,105.19118,,0.55,0.43,2026-09-29,644,N21,VIIRS,n,2.0NRT,,16.62,D,VIIRS_NOAA21_NRT,344.96,299.22,NO,6.422,MONITORING
-2.80852,105.18567,,0.55,0.43,2026-09-29,644,N21,VIIRS,n,2.0NRT,,16.62,D,VIIRS_NOAA21_NRT,338.81,299.47,NO,7.016,MONITORING
-2.80061,105.10962,,0.54,0.42,2026-09-29,644,N21,VIIRS,n,2.0NRT,,8.59,D,VIIRS_NOAA21_NRT,342.48,298.49,NO,13.135,MONITORING
-2.79919,105.19424,,0.55,0.43,2026-09-29,644,N21,VIIRS,n,2.0NRT,,17.49,D,VIIRS_NOAA21_NRT,337.1,303.32,NO,6.112,MONITORING
-2.79845,105.22432,,0.55,0.43,2026-09-29,644,N21,VIIRS,n,2.0NRT,,10.74,D,VIIRS_NOAA21_NRT,338.13,306.53,NO,2.844,MONITORING
-2.79604,105.16369,,0.55,0.42,2026-09-29,644,N21,VIIRS,n,2.0NRT,,6.16,D,VIIRS_NOAA21_NRT,336.45,302.58,NO,8.154,MONITORING
-2.79367,105.12841,,0.54,0.42,2026-09-29,644,N21,VIIRS,n,2.0NRT,,9.97,D,VIIRS_NOAA21_NRT,341.23,301.06,NO,10.999,MONITORING
-2.7929,105.13326,,0.54,0.42,2026-09-29,644,N21,VIIRS,n,2.0NRT,,17.1,D,VIIRS_NOAA21_NRT,338.7,303.49,NO,10.528,MONITORING
-2.79133,105.1181,,0.54,0.42,2026-09-29,644,N21,VIIRS,n,2.0NRT,,23.32,D,VIIRS_NOAA21_NRT,350.15,305.24,NO,11.769,MONITORING
-2.79057,105.12295,,0.54,0.42,2026-09-29,644,N21,VIIRS,n,2.0NRT,,7.93,D,VIIRS_NOAA21_NRT,331.79,301.17,NO,11.277,MONITORING
-2.78828,105.16246,,0.55,0.42,2026-09-29,644,N21,VIIRS,n,2.0NRT,,20.71,D,VIIRS_NOAA21_NRT,336.27,300.84,NO,7.691,MONITORING
-2.78746,105.11749,,0.54,0.42,2026-09-29,644,N21,VIIRS,n,2.0NRT,,23.32,D,VIIRS_NOAA21_NRT,347.69,301.25,NO,11.59,MONITORING
-2.78436,105.11205,,0.54,0.42,2026-09-29,644,N21,VIIRS,n,2.0NRT,,14.87,D,VIIRS_NOAA21_NRT,348.79,299.67,NO,11.934,MONITORING
-2.78126,105.10659,,0.54,0.42,2026-09-29,644,N21,VIIRS,n,2.0NRT,,13.1,D,VIIRS_NOAA21_NRT,343.62,299.13,NO,12.31,MONITORING
-2.7774,105.18079,,0.55,0.43,2026-09-29,644,N21,VIIRS,n,2.0NRT,,8.61,D,VIIRS_NOAA21_NRT,344.0,300.96,NO,5.348,MONITORING
-2.77662,105.18569,,0.55,0.43,2026-09-29,644,N21,VIIRS,n,2.0NRT,,8.61,D,VIIRS_NOAA21_NRT,335.86,302.65,NO,4.888,MONITORING
-2.77584,105.11568,,0.54,0.42,2026-09-29,644,N21,VIIRS,n,2.0NRT,,4.57,D,VIIRS_NOAA21_NRT,336.99,296.71,NO,11.136,MONITORING
-2.76806,105.18937,,0.55,0.43,2026-09-29,644,N21,VIIRS,n,2.0NRT,,7.74,D,VIIRS_NOAA21_NRT,336.42,301.71,NO,3.945,MONITORING
-2.76728,105.19427,,0.55,0.43,2026-09-29,644,N21,VIIRS,n,2.0NRT,,7.74,D,VIIRS_NOAA21_NRT,340.86,301.02,NO,3.478,MONITORING
-2.76338,105.19366,,0.55,0.43,2026-09-29,644,N21,VIIRS,n,2.0NRT,,12.55,D,VIIRS_NOAA21_NRT,341.6,301.31,NO,3.246,MONITORING
-2.7626,105.19857,,0.55,0.43,2026-09-29,644,N21,VIIRS,n,2.0NRT,,7.85,D,VIIRS_NOAA21_NRT,334.7,300.94,NO,2.773,MONITORING
-2.76022,105.23851,,0.55,0.43,2026-09-29,644,N21,VIIRS,l,2.0NRT,,86.27,D,VIIRS_NOAA21_NRT,337.34,309.97,NO,0.849,MONITORING
-2.75864,105.24838,,0.55,0.43,2026-09-29,644,N21,VIIRS,n,2.0NRT,,15.65,D,VIIRS_NOAA21_NRT,349.35,306.34,NO,0.589,MONITORING
-2.75335,105.12431,,0.54,0.42,2026-09-29,644,N21,VIIRS,n,2.0NRT,,8.14,D,VIIRS_NOAA21_NRT,336.37,298.4,NO,9.351,MONITORING
-2.75286,105.17927,,0.55,0.43,2026-09-29,644,N21,VIIRS,n,2.0NRT,,18.23,D,VIIRS_NOAA21_NRT,346.18,299.34,NO,3.737,MONITORING
-2.75022,105.11884,,0.54,0.42,2026-09-29,644,N21,VIIRS,n,2.0NRT,,8.14,D,VIIRS_NOAA21_NRT,331.47,297.06,NO,9.862,MONITORING
-2.75017,105.17654,,0.55,0.43,2026-09-29,644,N21,VIIRS,n,2.0NRT,,28.42,D,VIIRS_NOAA21_NRT,353.09,309.56,NO,3.813,MONITORING
-2.74973,105.17375,,0.55,0.43,2026-09-29,644,N21,VIIRS,n,2.0NRT,,65.7,D,VIIRS_NOAA21_NRT,338.34,305.89,NO,4.056,MONITORING
-2.74947,105.12371,,0.54,0.42,2026-09-29,644,N21,VIIRS,n,2.0NRT,,8.14,D,VIIRS_NOAA21_NRT,348.85,298.06,NO,9.315,MONITORING
-2.74897,105.17865,,0.55,0.43,2026-09-29,644,N21,VIIRS,n,2.0NRT,,18.23,D,VIIRS_NOAA21_NRT,347.62,301.9,NO,3.543,MONITORING
-2.74635,105.11824,,0.54,0.42,2026-09-29,644,N21,VIIRS,n,2.0NRT,,12.58,D,VIIRS_NOAA21_NRT,331.6,297.09,NO,9.848,MONITORING
-2.74628,105.17594,,0.55,0.43,2026-09-29,644,N21,VIIRS,n,2.0NRT,,28.42,D,VIIRS_NOAA21_NRT,347.34,299.68,NO,3.662,MONITORING
-2.74559,105.1231,,0.54,0.42,2026-09-29,644,N21,VIIRS,n,2.0NRT,,12.58,D,VIIRS_NOAA21_NRT,350.45,299.52,NO,9.3,MONITORING
-2.74549,105.18083,,0.55,0.43,2026-09-29,644,N21,VIIRS,n,2.0NRT,,28.42,D,VIIRS_NOAA21_NRT,344.39,301.29,NO,3.137,MONITORING
-2.74484,105.12796,,0.55,0.42,2026-09-29,644,N21,VIIRS,n,2.0NRT,,15.6,D,VIIRS_NOAA21_NRT,341.29,297.66,NO,8.753,MONITORING
-2.74433,105.18295,,0.55,0.43,2026-09-29,644,N21,VIIRS,n,2.0NRT,,14.35,D,VIIRS_NOAA21_NRT,339.84,300.96,NO,2.868,MONITORING
-2.74312,105.19553,,0.55,0.43,2026-09-29,644,N21,VIIRS,n,2.0NRT,,13.52,D,VIIRS_NOAA21_NRT,339.87,304.33,NO,1.665,MONITORING
-2.7427,105.16763,,0.55,0.43,2026-09-29,644,N21,VIIRS,n,2.0NRT,,17.87,D,VIIRS_NOAA21_NRT,350.37,301.64,NO,4.386,MONITORING
-2.74206,105.19767,,0.55,0.43,2026-09-29,644,N21,VIIRS,n,2.0NRT,,7.37,D,VIIRS_NOAA21_NRT,338.88,305.14,NO,1.419,MONITORING
-2.74194,105.17252,,0.55,0.43,2026-09-29,644,N21,VIIRS,n,2.0NRT,,17.87,D,VIIRS_NOAA21_NRT,347.66,302.15,NO,3.84,MONITORING
-2.74096,105.12736,,0.55,0.42,2026-09-29,644,N21,VIIRS,n,2.0NRT,,15.6,D,VIIRS_NOAA21_NRT,351.54,298.82,NO,8.758,MONITORING
-2.74021,105.13223,,0.55,0.42,2026-09-29,644,N21,VIIRS,n,2.0NRT,,15.6,D,VIIRS_NOAA21_NRT,340.71,296.36,NO,8.21,MONITORING
-2.73946,105.13709,,0.55,0.42,2026-09-29,644,N21,VIIRS,n,2.0NRT,,10.93,D,VIIRS_NOAA21_NRT,332.96,296.64,NO,7.663,MONITORING
-2.73816,105.19707,,0.55,0.43,2026-09-29,644,N21,VIIRS,n,2.0NRT,,7.37,D,VIIRS_NOAA21_NRT,343.77,307.04,NO,1.168,MONITORING
-2.73805,105.17191,,0.55,0.43,2026-09-29,644,N21,VIIRS,n,2.0NRT,,61.46,D,VIIRS_NOAA21_NRT,347.37,306.63,NO,3.803,MONITORING
-2.73795,105.14686,,0.55,0.42,2026-09-29,644,N21,VIIRS,l,2.0NRT,,24.49,D,VIIRS_NOAA21_NRT,355.12,298.23,NO,6.564,MONITORING
-2.73406,105.14624,,0.55,0.42,2026-09-29,644,N21,VIIRS,n,2.0NRT,,14.85,D,VIIRS_NOAA21_NRT,344.07,301.9,NO,6.6,MONITORING
-2.73331,105.15112,,0.55,0.42,2026-09-29,644,N21,VIIRS,n,2.0NRT,,14.85,D,VIIRS_NOAA21_NRT,336.92,300.69,NO,6.054,MONITORING
-2.73027,105.17069,,0.55,0.43,2026-09-29,644,N21,VIIRS,n,2.0NRT,,14.39,D,VIIRS_NOAA21_NRT,341.35,305.28,NO,3.875,MONITORING
-2.73018,105.14563,,0.55,0.42,2026-09-29,644,N21,VIIRS,n,2.0NRT,,14.85,D,VIIRS_NOAA21_NRT,337.13,302.88,NO,6.664,MONITORING
-2.72942,105.15051,,0.55,0.42,2026-09-29,644,N21,VIIRS,n,2.0NRT,,14.85,D,VIIRS_NOAA21_NRT,353.39,307.24,NO,6.124,MONITORING
-2.72866,105.1554,,0.55,0.42,2026-09-29,644,N21,VIIRS,n,2.0NRT,,11.33,D,VIIRS_NOAA21_NRT,342.47,303.37,NO,5.584,MONITORING
-2.7279,105.16029,,0.55,0.43,2026-09-29,644,N21,VIIRS,n,2.0NRT,,11.33,D,VIIRS_NOAA21_NRT,337.06,303.28,NO,5.047,MONITORING
-2.72081,105.12918,,0.55,0.42,2026-09-29,644,N21,VIIRS,n,2.0NRT,,23.99,D,VIIRS_NOAA21_NRT,342.73,304.79,NO,8.578,MONITORING
-2.72005,105.13405,,0.55,0.42,2026-09-29,644,N21,VIIRS,n,2.0NRT,,23.56,D,VIIRS_NOAA21_NRT,347.92,307.58,NO,8.055,MONITORING
-2.4802,106.2201,,0.43,0.46,2026-09-29,644,N21,VIIRS,n,2.0NRT,,6.08,D,VIIRS_NOAA21_NRT,341.31,299.3,NO,53.984,MONITORING
-2.46884,106.21046,,0.43,0.46,2026-09-29,644,N21,VIIRS,n,2.0NRT,,2.64,D,VIIRS_NOAA21_NRT,330.93,297.56,NO,53.562,MONITORING
-2.44635,105.41876,,0.57,0.43,2026-09-29,644,N21,VIIRS,n,2.0NRT,,13.63,D,VIIRS_NOAA21_NRT,346.18,296.27,NO,0.316,MONITORING
-2.44555,105.42389,,0.57,0.43,2026-09-29,644,N21,VIIRS,n,2.0NRT,,9.65,D,VIIRS_NOAA21_NRT,346.56,300.41,NO,0.391,MONITORING
-2.44475,105.42902,,0.57,0.43,2026-09-29,644,N21,VIIRS,n,2.0NRT,,9.65,D,VIIRS_NOAA21_NRT,335.58,300.56,NO,0.436,MONITORING
-2.44239,105.41815,,0.57,0.43,2026-09-29,644,N21,VIIRS,n,2.0NRT,,43.16,D,VIIRS_NOAA21_NRT,352.61,294.08,NO,0.717,MONITORING
-2.44193,105.44698,,0.38,0.43,2026-09-29,644,N21,VIIRS,n,2.0NRT,,3.31,D,VIIRS_NOAA21_NRT,338.46,293.58,NO,1.125,MONITORING
-2.44078,105.42841,,0.57,0.43,2026-09-29,644,N21,VIIRS,n,2.0NRT,,21.18,D,VIIRS_NOAA21_NRT,347.62,302.63,NO,0.857,MONITORING
-2.44011,105.43268,,0.38,0.43,2026-09-29,644,N21,VIIRS,n,2.0NRT,,7.96,D,VIIRS_NOAA21_NRT,350.34,303.6,NO,1.049,MONITORING
-2.44002,105.40733,,0.57,0.43,2026-09-29,644,N21,VIIRS,n,2.0NRT,,78.46,D,VIIRS_NOAA21_NRT,336.47,298.19,NO,1.276,MONITORING
-2.43957,105.4361,,0.38,0.43,2026-09-29,644,N21,VIIRS,n,2.0NRT,,7.96,D,VIIRS_NOAA21_NRT,339.11,302.02,NO,1.183,MONITORING
-2.43903,105.43951,,0.38,0.43,2026-09-29,644,N21,VIIRS,n,2.0NRT,,5.05,D,VIIRS_NOAA21_NRT,333.22,294.35,NO,1.262,MONITORING
-2.4368,105.42779,,0.57,0.43,2026-09-29,644,N21,VIIRS,h,2.0NRT,,21.18,D,VIIRS_NOAA21_NRT,367.0,307.39,NO,1.293,MONITORING
-2.43613,105.43206,,0.38,0.43,2026-09-29,644,N21,VIIRS,n,2.0NRT,,7.96,D,VIIRS_NOAA21_NRT,354.22,306.14,NO,1.448,MONITORING
-2.43606,105.40672,,0.57,0.43,2026-09-29,644,N21,VIIRS,n,2.0NRT,,161.52,D,VIIRS_NOAA21_NRT,331.19,304.42,NO,1.679,MONITORING
-2.4356,105.43548,,0.38,0.43,2026-09-29,644,N21,VIIRS,n,2.0NRT,,7.96,D,VIIRS_NOAA21_NRT,347.58,303.86,NO,1.631,MONITORING
-2.43506,105.4389,,0.38,0.43,2026-09-29,644,N21,VIIRS,n,2.0NRT,,5.05,D,VIIRS_NOAA21_NRT,342.85,300.02,NO,1.69,MONITORING
-2.43452,105.44231,,0.38,0.43,2026-09-29,644,N21,VIIRS,n,2.0NRT,,5.05,D,VIIRS_NOAA21_NRT,348.6,294.13,NO,1.796,MONITORING
-2.43398,105.44573,,0.38,0.43,2026-09-29,644,N21,VIIRS,n,2.0NRT,,4.59,D,VIIRS_NOAA21_NRT,342.56,295.13,NO,1.921,MONITORING
-2.43283,105.42717,,0.57,0.43,2026-09-29,644,N21,VIIRS,n,2.0NRT,,18.37,D,VIIRS_NOAA21_NRT,350.43,300.03,NO,1.733,MONITORING
-2.43216,105.43143,,0.38,0.43,2026-09-29,644,N21,VIIRS,n,2.0NRT,,10.59,D,VIIRS_NOAA21_NRT,342.06,297.52,NO,1.863,MONITORING
-2.43108,105.43827,,0.38,0.43,2026-09-29,644,N21,VIIRS,n,2.0NRT,,11.19,D,VIIRS_NOAA21_NRT,348.16,306.52,NO,2.127,MONITORING
-2.43054,105.44169,,0.38,0.43,2026-09-29,644,N21,VIIRS,n,2.0NRT,,11.19,D,VIIRS_NOAA21_NRT,339.71,301.31,NO,2.226,MONITORING
-2.42819,105.43082,,0.38,0.43,2026-09-29,644,N21,VIIRS,n,2.0NRT,,10.59,D,VIIRS_NOAA21_NRT,339.53,299.26,NO,2.284,MONITORING
-2.42437,105.32689,,0.57,0.43,2026-09-29,644,N21,VIIRS,n,2.0NRT,,10.48,D,VIIRS_NOAA21_NRT,337.38,299.12,NO,2.78,MONITORING
