latitude,longitude,brightness,scan,track,acq_date,acq_time,satellite,instrument,confidence,version,bright_t31,frp,daynight,sensor,bright_ti4,bright_ti5,INSIDE_AREA,DISTANCE_BOUNDARY_KM,PRIORITY
-2.98881,133.20239,314.97,1.02,1.01,2026-09-26,1151,Terra,MODIS,90,6.1NRT,288.73,13.32,N,MODIS_NRT,,,NO,4.747,MONITORING
-2.98756,133.21136,304.19,1.02,1.01,2026-09-26,1151,Terra,MODIS,59,6.1NRT,288.19,5.47,N,MODIS_NRT,,,NO,4.072,MONITORING
-2.98597,133.09259,307.39,1.02,1.01,2026-09-26,1151,Terra,MODIS,71,6.1NRT,290.97,6.91,N,MODIS_NRT,,,NO,9.592,MONITORING
-2.98472,133.10152,304.78,1.02,1.01,2026-09-26,1151,Terra,MODIS,47,6.1NRT,290.64,5.21,N,MODIS_NRT,,,NO,8.774,MONITORING
-2.97051,132.9304,304.21,1.01,1.01,2026-09-26,1151,Terra,MODIS,59,6.1NRT,291.71,4.1,N,MODIS_NRT,,,NO,25.646,MONITORING
-2.94482,133.98454,303.49,1.09,1.04,2026-09-26,1151,Terra,MODIS,29,6.1NRT,290.53,4.51,N,MODIS_NRT,,,NO,8.583,MONITORING
-2.94353,133.99388,304.89,1.09,1.04,2026-09-26,1151,Terra,MODIS,58,6.1NRT,292.77,5.42,N,MODIS_NRT,,,NO,7.591,MONITORING
-2.88274,133.1723,307.58,1.02,1.01,2026-09-26,1151,Terra,MODIS,17,6.1NRT,292.65,6.76,N,MODIS_NRT,,,NO,4.171,MONITORING
-2.87436,133.15579,311.35,1.02,1.01,2026-09-26,1151,Terra,MODIS,37,6.1NRT,292.6,8.9,N,MODIS_NRT,,,NO,5.25,MONITORING
-2.87313,133.16473,327.65,1.02,1.01,2026-09-26,1151,Terra,MODIS,100,6.1NRT,293.68,25.17,N,MODIS_NRT,,,NO,5.224,MONITORING
-2.85781,133.14435,316.67,1.02,1.01,2026-09-26,1151,Terra,MODIS,94,6.1NRT,292.84,12.43,N,MODIS_NRT,,,NO,7.384,MONITORING
-2.83486,133.11378,308.68,1.02,1.01,2026-09-26,1151,Terra,MODIS,40,6.1NRT,292.56,6.18,N,MODIS_NRT,,,NO,8.108,MONITORING
-2.83193,133.00432,304.44,1.02,1.01,2026-09-26,1151,Terra,MODIS,60,6.1NRT,292.73,4.46,N,MODIS_NRT,,,NO,13.922,MONITORING
-2.82897,132.61958,306.24,1.0,1.0,2026-09-26,1151,Terra,MODIS,25,6.1NRT,290.35,4.99,N,MODIS_NRT,,,NO,49.143,MONITORING
-2.81957,133.09343,308.0,1.02,1.01,2026-09-26,1151,Terra,MODIS,33,6.1NRT,292.01,6.02,N,MODIS_NRT,,,NO,8.439,MONITORING
-2.81928,132.68993,304.01,1.01,1.0,2026-09-26,1151,Terra,MODIS,58,6.1NRT,290.35,3.6,N,MODIS_NRT,,,NO,41.347,MONITORING
-2.81069,133.09219,316.02,1.02,1.01,2026-09-26,1151,Terra,MODIS,80,6.1NRT,292.02,12.4,N,MODIS_NRT,,,NO,7.889,MONITORING
-2.80944,133.10112,311.2,1.02,1.01,2026-09-26,1151,Terra,MODIS,41,6.1NRT,292.21,8.33,N,MODIS_NRT,,,NO,7.042,MONITORING
-2.80838,133.17395,304.98,1.02,1.01,2026-09-26,1151,Terra,MODIS,50,6.1NRT,293.63,3.72,N,MODIS_NRT,,,NO,2.503,MONITORING
-2.80762,133.37617,306.33,1.04,1.02,2026-09-26,1151,Terra,MODIS,21,6.1NRT,293.36,4.52,N,MODIS_NRT,,,YES,,LOW
-2.80714,133.18292,312.19,1.03,1.01,2026-09-26,1151,Terra,MODIS,84,6.1NRT,294.08,8.74,N,MODIS_NRT,,,NO,2.407,MONITORING
-2.79823,133.18169,313.81,1.03,1.01,2026-09-26,1151,Terra,MODIS,88,6.1NRT,293.82,9.78,N,MODIS_NRT,,,NO,1.416,MONITORING
-2.79699,133.19066,312.83,1.03,1.01,2026-09-26,1151,Terra,MODIS,86,6.1NRT,294.13,8.73,N,MODIS_NRT,,,NO,1.848,MONITORING
-2.79073,133.2356,306.78,1.03,1.01,2026-09-26,1151,Terra,MODIS,32,6.1NRT,293.75,4.08,N,MODIS_NRT,,,YES,,LOW
-2.76429,133.08884,304.5,1.02,1.01,2026-09-26,1151,Terra,MODIS,54,6.1NRT,293.09,5.32,N,MODIS_NRT,,,NO,2.997,MONITORING
-2.75712,133.2066,306.53,1.03,1.01,2026-09-26,1151,Terra,MODIS,68,6.1NRT,293.62,4.62,N,MODIS_NRT,,,YES,,LOW
-2.75487,133.28891,319.6,1.03,1.02,2026-09-26,1151,Terra,MODIS,99,6.1NRT,294.23,15.58,N,MODIS_NRT,,,YES,,HIGH
-2.75363,133.29797,318.67,1.03,1.02,2026-09-26,1151,Terra,MODIS,97,6.1NRT,294.66,14.6,N,MODIS_NRT,,,YES,,HIGH
-2.7447,133.29672,306.72,1.03,1.02,2026-09-26,1151,Terra,MODIS,69,6.1NRT,294.09,4.72,N,MODIS_NRT,,,YES,,LOW
-2.73596,133.36012,310.79,1.04,1.02,2026-09-26,1151,Terra,MODIS,81,6.1NRT,294.21,7.06,N,MODIS_NRT,,,YES,,LOW
-2.72951,133.34079,320.33,1.04,1.02,2026-09-26,1151,Terra,MODIS,100,6.1NRT,294.19,15.62,N,MODIS_NRT,,,YES,,HIGH
-2.72825,133.34985,315.11,1.04,1.02,2026-09-26,1151,Terra,MODIS,91,6.1NRT,294.56,10.16,N,MODIS_NRT,,,YES,,HIGH
-2.727,133.3589,317.52,1.04,1.02,2026-09-26,1151,Terra,MODIS,95,6.1NRT,294.38,12.5,N,MODIS_NRT,,,YES,,HIGH
-2.72575,133.368,310.43,1.04,1.02,2026-09-26,1151,Terra,MODIS,54,6.1NRT,294.19,6.59,N,MODIS_NRT,,,YES,,LOW
-2.72056,133.33954,323.71,1.04,1.02,2026-09-26,1151,Terra,MODIS,100,6.1NRT,294.83,19.5,N,MODIS_NRT,,,YES,,HIGH
-2.71931,133.3486,321.75,1.04,1.02,2026-09-26,1151,Terra,MODIS,100,6.1NRT,294.7,17.04,N,MODIS_NRT,,,YES,,HIGH
-2.71446,132.91223,304.33,1.01,1.01,2026-09-26,1151,Terra,MODIS,60,6.1NRT,292.94,4.06,N,MODIS_NRT,,,NO,14.576,MONITORING
-2.59002,133.28725,305.46,1.03,1.02,2026-09-26,1151,Terra,MODIS,64,6.1NRT,294.07,4.15,N,MODIS_NRT,,,YES,,LOW
-2.74901,133.29491,303.49,2.04,1.39,2026-09-26,1824,Aqua,MODIS,55,6.1NRT,290.75,13.37,N,MODIS_NRT,,,YES,,HIGH
-3.02628,132.99417,326.19,1.2,1.09,2026-09-27,642,Aqua,MODIS,81,6.1NRT,299.21,23.0,D,MODIS_NRT,,,NO,21.132,MONITORING
-3.02476,133.00459,325.08,1.2,1.09,2026-09-27,642,Aqua,MODIS,80,6.1NRT,298.74,21.11,D,MODIS_NRT,,,NO,20.055,MONITORING
-2.99612,133.20013,313.99,1.17,1.08,2026-09-27,642,Aqua,MODIS,55,6.1NRT,298.45,7.76,D,MODIS_NRT,,,NO,5.569,MONITORING
-2.99464,133.21025,316.71,1.17,1.08,2026-09-27,642,Aqua,MODIS,71,6.1NRT,298.25,10.75,D,MODIS_NRT,,,NO,4.791,MONITORING
-2.99218,133.09502,329.52,1.19,1.08,2026-09-27,642,Aqua,MODIS,84,6.1NRT,301.29,25.61,D,MODIS_NRT,,,NO,9.874,MONITORING
-2.99069,133.1053,339.31,1.18,1.08,2026-09-27,642,Aqua,MODIS,90,6.1NRT,300.83,43.97,D,MODIS_NRT,,,NO,8.982,MONITORING
-2.98672,133.19872,312.54,1.17,1.08,2026-09-27,642,Aqua,MODIS,15,6.1NRT,297.73,5.93,D,MODIS_NRT,,,NO,4.731,MONITORING
-2.96613,133.33972,310.98,1.15,1.07,2026-09-27,642,Aqua,MODIS,60,6.1NRT,298.16,5.18,D,MODIS_NRT,,,YES,,LOW
-2.95057,133.18292,314.2,1.17,1.08,2026-09-27,642,Aqua,MODIS,66,6.1NRT,297.88,8.19,D,MODIS_NRT,,,NO,1.65,MONITORING
-2.94289,133.62737,312.15,1.11,1.05,2026-09-27,642,Aqua,MODIS,63,6.1NRT,298.52,6.08,D,MODIS_NRT,,,YES,,LOW
-2.91883,133.53452,314.6,1.12,1.06,2026-09-27,642,Aqua,MODIS,68,6.1NRT,298.86,7.76,D,MODIS_NRT,,,YES,,LOW
-2.89195,133.59018,315.49,1.12,1.05,2026-09-27,642,Aqua,MODIS,58,6.1NRT,299.01,7.96,D,MODIS_NRT,,,YES,,LOW
-2.89055,133.59987,316.26,1.12,1.05,2026-09-27,642,Aqua,MODIS,63,6.1NRT,299.07,8.67,D,MODIS_NRT,,,YES,,LOW
-2.88916,133.60954,316.75,1.11,1.05,2026-09-27,642,Aqua,MODIS,58,6.1NRT,298.76,9.06,D,MODIS_NRT,,,YES,,LOW
-2.88823,133.17879,322.72,1.17,1.08,2026-09-27,642,Aqua,MODIS,73,6.1NRT,298.02,17.18,D,MODIS_NRT,,,NO,3.64,MONITORING
-2.87573,133.95822,317.13,1.08,1.04,2026-09-27,642,Aqua,MODIS,18,6.1NRT,296.99,8.91,D,MODIS_NRT,,,NO,7.112,MONITORING
-2.8722,133.61127,316.08,1.11,1.05,2026-09-27,642,Aqua,MODIS,71,6.1NRT,298.9,9.37,D,MODIS_NRT,,,YES,,LOW
-2.84401,133.41759,313.08,1.14,1.06,2026-09-27,642,Aqua,MODIS,66,6.1NRT,298.22,6.93,D,MODIS_NRT,,,YES,,LOW
-2.83553,133.10184,328.4,1.18,1.08,2026-09-27,642,Aqua,MODIS,79,6.1NRT,295.46,29.05,D,MODIS_NRT,,,NO,8.978,MONITORING
-2.83464,134.11357,306.74,1.06,1.03,2026-09-27,642,Aqua,MODIS,25,6.1NRT,289.84,9.52,D,MODIS_NRT,,,YES,,LOW
-2.83402,133.11208,315.02,1.18,1.08,2026-09-27,642,Aqua,MODIS,59,6.1NRT,295.56,12.52,D,MODIS_NRT,,,NO,8.144,MONITORING
-2.7591,133.29727,308.17,1.15,1.07,2026-09-27,642,Aqua,MODIS,32,6.1NRT,291.66,7.81,D,MODIS_NRT,,,YES,,LOW
-2.63713,132.9975,333.28,1.19,1.08,2026-09-27,642,Aqua,MODIS,86,6.1NRT,299.12,34.11,D,MODIS_NRT,,,NO,5.965,MONITORING
-2.63563,133.00783,330.7,1.19,1.08,2026-09-27,642,Aqua,MODIS,85,6.1NRT,298.12,29.39,D,MODIS_NRT,,,NO,5.355,MONITORING
-2.44214,133.13409,316.36,1.16,1.07,2026-09-27,642,Aqua,MODIS,50,6.1NRT,299.14,10.11,D,MODIS_NRT,,,YES,,HIGH
-2.44067,133.14417,312.7,1.16,1.07,2026-09-27,642,Aqua,MODIS,37,6.1NRT,298.08,6.54,D,MODIS_NRT,,,YES,,LOW
-1.92153,133.16441,314.78,1.14,1.07,2026-09-27,642,Aqua,MODIS,67,6.1NRT,299.51,8.31,D,MODIS_NRT,,,YES,,LOW
-2.98366,133.10587,316.26,2.55,1.54,2026-09-28,718,Aqua,MODIS,70,6.1NRT,297.28,31.76,D,MODIS_NRT,,,NO,8.353,MONITORING
-2.87191,133.15128,319.89,2.58,1.54,2026-09-28,718,Aqua,MODIS,72,6.1NRT,296.96,44.14,D,MODIS_NRT,,,NO,5.648,MONITORING
-2.84277,133.09424,315.7,2.56,1.54,2026-09-28,718,Aqua,MODIS,59,6.1NRT,296.33,27.14,D,MODIS_NRT,,,NO,10.142,MONITORING
-2.83859,133.10107,318.58,2.56,1.54,2026-09-28,718,Aqua,MODIS,58,6.1NRT,296.97,32.76,D,MODIS_NRT,,,NO,9.294,MONITORING
-3.00565,133.02634,321.54,1.14,1.07,2026-09-29,1838,Aqua,MODIS,100,6.1NRT,289.53,23.38,N,MODIS_NRT,,,NO,16.878,MONITORING
-2.99633,133.02771,333.79,1.14,1.07,2026-09-29,1838,Aqua,MODIS,100,6.1NRT,290.92,41.52,N,MODIS_NRT,,,NO,16.24,MONITORING
-2.99481,133.01776,307.39,1.15,1.07,2026-09-29,1838,Aqua,MODIS,71,6.1NRT,289.3,9.19,N,MODIS_NRT,,,NO,17.156,MONITORING
-2.987,133.02908,344.25,1.14,1.07,2026-09-29,1838,Aqua,MODIS,100,6.1NRT,290.46,61.75,N,MODIS_NRT,,,NO,15.646,MONITORING
-2.98549,133.01913,321.44,1.15,1.07,2026-09-29,1838,Aqua,MODIS,100,6.1NRT,290.43,22.86,N,MODIS_NRT,,,NO,16.595,MONITORING
-2.89293,133.98705,301.39,1.05,1.02,2026-09-29,1838,Aqua,MODIS,32,6.1NRT,287.38,4.15,N,MODIS_NRT,,,NO,6.57,MONITORING
-2.87212,133.61145,308.84,1.08,1.04,2026-09-29,1838,Aqua,MODIS,76,6.1NRT,289.26,8.11,N,MODIS_NRT,,,YES,,LOW
-2.8717,133.12389,303.71,1.13,1.06,2026-09-29,1838,Aqua,MODIS,57,6.1NRT,290.34,5.7,N,MODIS_NRT,,,NO,7.171,MONITORING
-2.87069,133.60207,302.65,1.08,1.04,2026-09-29,1838,Aqua,MODIS,21,6.1NRT,287.4,3.93,N,MODIS_NRT,,,YES,,LOW
-2.75069,133.29454,305.41,1.12,1.05,2026-09-29,1838,Aqua,MODIS,64,6.1NRT,292.12,6.61,N,MODIS_NRT,,,YES,,LOW
-3.06256,133.62054,311.62,1.1,1.05,2026-09-30,657,Aqua,MODIS,54,6.1NRT,298.55,6.0,D,MODIS_NRT,,,NO,2.982,MONITORING
-3.03098,133.15137,321.65,1.05,1.03,2026-09-30,657,Aqua,MODIS,77,6.1NRT,296.52,15.57,D,MODIS_NRT,,,NO,11.04,MONITORING
-3.00332,133.0912,321.53,1.05,1.02,2026-09-30,657,Aqua,MODIS,50,6.1NRT,289.66,14.12,D,MODIS_NRT,,,NO,11.073,MONITORING
-3.00196,133.10033,330.85,1.05,1.02,2026-09-30,657,Aqua,MODIS,0,6.1NRT,287.69,26.01,D,MODIS_NRT,,,NO,10.307,MONITORING
-2.99451,133.21176,331.2,1.06,1.03,2026-09-30,657,Aqua,MODIS,85,6.1NRT,297.59,27.02,D,MODIS_NRT,,,NO,4.69,MONITORING
-2.93798,133.52815,315.54,1.09,1.04,2026-09-30,657,Aqua,MODIS,56,6.1NRT,298.03,7.97,D,MODIS_NRT,,,YES,,LOW
-2.91251,132.82483,311.24,1.03,1.02,2026-09-30,657,Aqua,MODIS,60,6.1NRT,296.99,5.11,D,MODIS_NRT,,,NO,33.587,MONITORING
-2.8842,133.64043,317.28,1.1,1.05,2026-09-30,657,Aqua,MODIS,72,6.1NRT,297.5,10.74,D,MODIS_NRT,,,YES,,HIGH
-2.88368,132.95883,319.89,1.04,1.02,2026-09-30,657,Aqua,MODIS,71,6.1NRT,297.33,10.51,D,MODIS_NRT,,,NO,21.386,MONITORING
-2.88279,133.65004,313.2,1.11,1.05,2026-09-30,657,Aqua,MODIS,54,6.1NRT,295.86,7.16,D,MODIS_NRT,,,YES,,LOW
-2.88213,133.59113,323.23,1.1,1.05,2026-09-30,657,Aqua,MODIS,41,6.1NRT,297.43,14.5,D,MODIS_NRT,,,YES,,HIGH
-2.88071,133.60069,322.51,1.1,1.05,2026-09-30,657,Aqua,MODIS,73,6.1NRT,297.37,14.3,D,MODIS_NRT,,,YES,,HIGH
-2.8793,133.61028,322.4,1.1,1.05,2026-09-30,657,Aqua,MODIS,55,6.1NRT,297.47,13.5,D,MODIS_NRT,,,YES,,HIGH
-2.85846,133.25461,315.65,1.07,1.03,2026-09-30,657,Aqua,MODIS,70,6.1NRT,297.65,8.19,D,MODIS_NRT,,,NO,0.096,MONITORING
-2.82537,132.92236,324.3,1.04,1.02,2026-09-30,657,Aqua,MODIS,80,6.1NRT,297.51,17.01,D,MODIS_NRT,,,NO,19.026,MONITORING
-2.82402,132.93143,315.1,1.04,1.02,2026-09-30,657,Aqua,MODIS,63,6.1NRT,298.13,7.57,D,MODIS_NRT,,,NO,18.202,MONITORING
-2.81925,132.70348,308.28,1.03,1.01,2026-09-30,657,Aqua,MODIS,39,6.1NRT,295.28,5.44,D,MODIS_NRT,,,NO,39.916,MONITORING
-2.7234,133.3519,313.54,1.08,1.04,2026-09-30,657,Aqua,MODIS,60,6.1NRT,295.6,7.13,D,MODIS_NRT,,,YES,,LOW
-2.71218,132.93021,314.16,1.04,1.02,2026-09-30,657,Aqua,MODIS,66,6.1NRT,298.01,6.72,D,MODIS_NRT,,,NO,12.56,MONITORING
-2.66384,133.07208,313.77,1.05,1.03,2026-09-30,657,Aqua,MODIS,21,6.1NRT,297.66,6.62,D,MODIS_NRT,,,NO,0.433,MONITORING
-2.64593,133.06941,313.44,1.05,1.03,2026-09-30,657,Aqua,MODIS,19,6.1NRT,297.76,6.03,D,MODIS_NRT,,,YES,,LOW
-2.63135,132.98322,320.48,1.05,1.02,2026-09-30,657,Aqua,MODIS,40,6.1NRT,299.45,11.13,D,MODIS_NRT,,,NO,6.137,MONITORING
-2.59218,132.9894,323.31,1.05,1.02,2026-09-30,657,Aqua,MODIS,59,6.1NRT,297.8,13.28,D,MODIS_NRT,,,NO,2.245,MONITORING
-2.59083,132.99854,317.16,1.05,1.02,2026-09-30,657,Aqua,MODIS,46,6.1NRT,298.2,7.85,D,MODIS_NRT,,,NO,1.37,MONITORING
-2.18688,132.7319,311.56,1.04,1.02,2026-09-30,657,Aqua,MODIS,58,6.1NRT,299.93,5.13,D,MODIS_NRT,,,YES,,LOW
-1.98985,133.37646,326.96,1.1,1.04,2026-09-30,657,Aqua,MODIS,81,6.1NRT,300.4,22.15,D,MODIS_NRT,,,YES,,HIGH
-3.00536,133.10385,301.87,3.87,1.83,2026-09-30,1110,Terra,MODIS,15,6.1NRT,285.08,31.44,N,MODIS_NRT,,,NO,10.376,MONITORING
-3.06147,133.63185,,0.43,0.38,2026-09-26,453,N,VIIRS,n,2.0NRT,,2.85,D,VIIRS_SNPP_NRT,330.33,297.28,NO,3.865,MONITORING
-2.98615,133.10124,,0.42,0.37,2026-09-26,453,N,VIIRS,n,2.0NRT,,7.3,D,VIIRS_SNPP_NRT,343.9,299.49,NO,8.909,MONITORING
-2.98388,133.09329,,0.42,0.37,2026-09-26,453,N,VIIRS,n,2.0NRT,,40.26,D,VIIRS_SNPP_NRT,353.41,307.05,NO,9.38,MONITORING
-2.98154,133.10818,,0.42,0.37,2026-09-26,453,N,VIIRS,n,2.0NRT,,3.42,D,VIIRS_SNPP_NRT,332.56,299.1,NO,8.004,MONITORING
-2.98044,133.09276,,0.42,0.37,2026-09-26,453,N,VIIRS,n,2.0NRT,,10.56,D,VIIRS_SNPP_NRT,353.36,303.01,NO,9.179,MONITORING
-2.97027,133.95915,,0.45,0.39,2026-09-26,453,N,VIIRS,n,2.0NRT,,4.4,D,VIIRS_SNPP_NRT,334.1,297.63,NO,12.432,MONITORING
-2.96963,133.9632,,0.45,0.39,2026-09-26,453,N,VIIRS,n,2.0NRT,,3.43,D,VIIRS_SNPP_NRT,335.27,297.61,NO,12.012,MONITORING
-2.96606,133.96262,,0.45,0.39,2026-09-26,453,N,VIIRS,n,2.0NRT,,2.63,D,VIIRS_SNPP_NRT,330.46,296.8,NO,11.858,MONITORING
-2.95125,133.55151,,0.43,0.38,2026-09-26,453,N,VIIRS,n,2.0NRT,,3.85,D,VIIRS_SNPP_NRT,340.32,298.76,YES,,LOW
-2.9511,133.92609,,0.45,0.39,2026-09-26,453,N,VIIRS,n,2.0NRT,,3.12,D,VIIRS_SNPP_NRT,332.39,296.61,NO,14.806,MONITORING
-2.94835,133.5471,,0.43,0.38,2026-09-26,453,N,VIIRS,n,2.0NRT,,3.85,D,VIIRS_SNPP_NRT,331.32,298.17,YES,,LOW
-2.94309,133.99205,,0.45,0.39,2026-09-26,453,N,VIIRS,n,2.0NRT,,4.85,D,VIIRS_SNPP_NRT,334.71,297.27,NO,7.748,MONITORING
-2.943,133.95514,,0.45,0.39,2026-09-26,453,N,VIIRS,n,2.0NRT,,4.3,D,VIIRS_SNPP_NRT,331.73,297.52,NO,11.555,MONITORING
-2.94096,133.99217,,0.45,0.39,2026-09-26,453,N,VIIRS,n,2.0NRT,,3.67,D,VIIRS_SNPP_NRT,334.41,293.97,NO,7.631,MONITORING
-2.94005,133.95055,,0.45,0.39,2026-09-26,453,N,VIIRS,n,2.0NRT,,3.43,D,VIIRS_SNPP_NRT,334.77,297.5,NO,11.951,MONITORING
-2.92639,133.59555,,0.43,0.38,2026-09-26,453,N,VIIRS,n,2.0NRT,,3.58,D,VIIRS_SNPP_NRT,333.72,297.96,YES,,LOW
-2.92153,133.53506,,0.43,0.38,2026-09-26,453,N,VIIRS,n,2.0NRT,,3.81,D,VIIRS_SNPP_NRT,336.19,297.71,YES,,LOW
-2.91741,133.53841,,0.43,0.38,2026-09-26,453,N,VIIRS,n,2.0NRT,,6.97,D,VIIRS_SNPP_NRT,331.49,297.73,YES,,LOW
-2.91211,133.94215,,0.45,0.39,2026-09-26,453,N,VIIRS,n,2.0NRT,,5.25,D,VIIRS_SNPP_NRT,332.74,296.93,NO,10.538,MONITORING
-2.90854,133.94157,,0.45,0.39,2026-09-26,453,N,VIIRS,n,2.0NRT,,5.25,D,VIIRS_SNPP_NRT,342.74,296.7,NO,10.135,MONITORING
-2.90792,133.94557,,0.45,0.39,2026-09-26,453,N,VIIRS,n,2.0NRT,,9.44,D,VIIRS_SNPP_NRT,336.34,296.77,NO,10.133,MONITORING
-2.90659,133.97762,,0.45,0.39,2026-09-26,453,N,VIIRS,n,2.0NRT,,4.58,D,VIIRS_SNPP_NRT,334.83,295.78,NO,8.201,MONITORING
-2.90597,133.98161,,0.45,0.39,2026-09-26,453,N,VIIRS,n,2.0NRT,,4.58,D,VIIRS_SNPP_NRT,332.37,294.87,NO,7.784,MONITORING
-2.90533,133.9857,,0.45,0.39,2026-09-26,453,N,VIIRS,n,2.0NRT,,6.35,D,VIIRS_SNPP_NRT,333.51,297.58,NO,7.361,MONITORING
-2.90498,133.94101,,0.45,0.39,2026-09-26,453,N,VIIRS,n,2.0NRT,,2.66,D,VIIRS_SNPP_NRT,334.73,296.95,NO,9.734,MONITORING
-2.9036,133.97333,,0.45,0.39,2026-09-26,453,N,VIIRS,n,2.0NRT,,9.14,D,VIIRS_SNPP_NRT,345.52,298.02,NO,8.46,MONITORING
-2.90141,133.94043,,0.45,0.39,2026-09-26,453,N,VIIRS,n,2.0NRT,,2.66,D,VIIRS_SNPP_NRT,331.23,297.33,NO,9.331,MONITORING
-2.89784,133.9399,,0.45,0.39,2026-09-26,453,N,VIIRS,n,2.0NRT,,3.54,D,VIIRS_SNPP_NRT,335.57,297.68,NO,8.929,MONITORING
-2.88152,133.16978,,0.42,0.38,2026-09-26,453,N,VIIRS,n,2.0NRT,,12.48,D,VIIRS_SNPP_NRT,333.1,299.83,NO,4.283,MONITORING
-2.88093,133.17352,,0.42,0.38,2026-09-26,453,N,VIIRS,n,2.0NRT,,12.48,D,VIIRS_SNPP_NRT,346.26,301.07,NO,4.389,MONITORING
-2.87806,133.16925,,0.42,0.38,2026-09-26,453,N,VIIRS,n,2.0NRT,,12.48,D,VIIRS_SNPP_NRT,354.8,303.91,NO,4.666,MONITORING
-2.87748,133.173,,0.42,0.38,2026-09-26,453,N,VIIRS,n,2.0NRT,,12.48,D,VIIRS_SNPP_NRT,346.65,302.81,NO,4.763,MONITORING
-2.87461,133.16873,,0.42,0.38,2026-09-26,453,N,VIIRS,n,2.0NRT,,11.57,D,VIIRS_SNPP_NRT,354.76,304.49,NO,5.049,MONITORING
-2.87402,133.17249,,0.42,0.38,2026-09-26,453,N,VIIRS,n,2.0NRT,,11.57,D,VIIRS_SNPP_NRT,346.62,298.76,NO,5.14,MONITORING
-2.87115,133.16823,,0.42,0.38,2026-09-26,453,N,VIIRS,n,2.0NRT,,11.57,D,VIIRS_SNPP_NRT,343.59,297.52,NO,5.434,MONITORING
-2.86887,133.1602,,0.42,0.38,2026-09-26,453,N,VIIRS,n,2.0NRT,,2.89,D,VIIRS_SNPP_NRT,333.38,298.04,NO,5.751,MONITORING
-2.86828,133.16396,,0.42,0.38,2026-09-26,453,N,VIIRS,n,2.0NRT,,2.89,D,VIIRS_SNPP_NRT,332.83,294.59,NO,5.77,MONITORING
-2.85394,133.15012,,0.42,0.38,2026-09-26,453,N,VIIRS,n,2.0NRT,,21.34,D,VIIRS_SNPP_NRT,343.55,300.15,NO,7.612,MONITORING
-2.85049,132.9892,,0.41,0.37,2026-09-26,453,N,VIIRS,l,2.0NRT,,3.44,D,VIIRS_SNPP_NRT,332.17,302.47,NO,16.516,MONITORING
-2.85048,133.14958,,0.42,0.38,2026-09-26,453,N,VIIRS,n,2.0NRT,,21.34,D,VIIRS_SNPP_NRT,335.36,293.95,NO,7.746,MONITORING
-2.84235,133.27202,,0.42,0.38,2026-09-26,453,N,VIIRS,n,2.0NRT,,3.89,D,VIIRS_SNPP_NRT,330.86,297.1,YES,,LOW
-2.84068,133.27185,,0.42,0.38,2026-09-26,453,N,VIIRS,n,2.0NRT,,3.19,D,VIIRS_SNPP_NRT,335.04,297.5,YES,,LOW
-2.83732,133.00616,,0.41,0.37,2026-09-26,453,N,VIIRS,n,2.0NRT,,5.52,D,VIIRS_SNPP_NRT,343.56,298.34,NO,14.278,MONITORING
-2.83389,133.00565,,0.41,0.37,2026-09-26,453,N,VIIRS,n,2.0NRT,,2.78,D,VIIRS_SNPP_NRT,330.06,298.81,NO,14.007,MONITORING
-2.83331,133.00934,,0.41,0.37,2026-09-26,453,N,VIIRS,n,2.0NRT,,5.41,D,VIIRS_SNPP_NRT,341.43,298.82,NO,13.708,MONITORING
-2.83274,133.01306,,0.41,0.37,2026-09-26,453,N,VIIRS,n,2.0NRT,,5.41,D,VIIRS_SNPP_NRT,343.58,298.81,NO,13.414,MONITORING
-2.82806,133.11165,,0.42,0.37,2026-09-26,453,N,VIIRS,n,2.0NRT,,7.31,D,VIIRS_SNPP_NRT,349.73,299.24,NO,7.641,MONITORING
-2.82461,133.11111,,0.42,0.37,2026-09-26,453,N,VIIRS,n,2.0NRT,,2.06,D,VIIRS_SNPP_NRT,330.92,296.42,NO,7.383,MONITORING
-2.80126,132.98924,,0.41,0.37,2026-09-26,453,N,VIIRS,n,2.0NRT,,6.13,D,VIIRS_SNPP_NRT,334.99,299.45,NO,11.881,MONITORING
-2.77792,132.62462,,0.4,0.37,2026-09-26,453,N,VIIRS,n,2.0NRT,,4.51,D,VIIRS_SNPP_NRT,341.75,297.31,NO,47.138,MONITORING
-2.77617,133.33212,,0.43,0.38,2026-09-26,453,N,VIIRS,n,2.0NRT,,3.09,D,VIIRS_SNPP_NRT,330.15,296.84,YES,,LOW
-2.73597,133.36118,,0.43,0.38,2026-09-26,453,N,VIIRS,n,2.0NRT,,2.5,D,VIIRS_SNPP_NRT,334.3,293.24,YES,,LOW
-2.7249,133.36348,,0.43,0.38,2026-09-26,453,N,VIIRS,n,2.0NRT,,4.68,D,VIIRS_SNPP_NRT,335.19,295.74,YES,,LOW
-2.43904,133.14053,,0.42,0.38,2026-09-26,455,N,VIIRS,n,2.0NRT,,6.39,D,VIIRS_SNPP_NRT,347.22,299.62,YES,,LOW
-2.08118,133.67412,,0.45,0.39,2026-09-26,455,N,VIIRS,n,2.0NRT,,4.15,D,VIIRS_SNPP_NRT,335.98,297.53,YES,,LOW
-1.93061,133.22673,,0.43,0.38,2026-09-26,455,N,VIIRS,n,2.0NRT,,3.72,D,VIIRS_SNPP_NRT,330.8,297.4,YES,,LOW
-2.98838,133.10074,,0.55,0.68,2026-09-26,1556,N,VIIRS,n,2.0NRT,,1.64,N,VIIRS_SNPP_NRT,316.35,287.48,NO,9.127,MONITORING
-2.98753,133.09569,,0.55,0.68,2026-09-26,1556,N,VIIRS,n,2.0NRT,,1.64,N,VIIRS_SNPP_NRT,303.9,286.36,NO,9.456,MONITORING
-2.98667,133.09064,,0.55,0.68,2026-09-26,1556,N,VIIRS,n,2.0NRT,,1.4,N,VIIRS_SNPP_NRT,301.7,287.22,NO,9.806,MONITORING
-2.98654,133.20453,,0.54,0.68,2026-09-26,1556,N,VIIRS,n,2.0NRT,,2.47,N,VIIRS_SNPP_NRT,301.42,288.18,NO,4.405,MONITORING
-2.98119,133.09673,,0.55,0.68,2026-09-26,1556,N,VIIRS,n,2.0NRT,,1.64,N,VIIRS_SNPP_NRT,301.87,288.39,NO,8.894,MONITORING
-2.98033,133.09172,,0.55,0.68,2026-09-26,1556,N,VIIRS,n,2.0NRT,,1.4,N,VIIRS_SNPP_NRT,301.0,288.47,NO,9.262,MONITORING
-2.80553,133.18477,,0.55,0.68,2026-09-26,1556,N,VIIRS,n,2.0NRT,,1.23,N,VIIRS_SNPP_NRT,301.63,287.91,NO,2.297,MONITORING
-2.80319,133.18709,,0.55,0.68,2026-09-26,1556,N,VIIRS,n,2.0NRT,,1.38,N,VIIRS_SNPP_NRT,305.45,287.86,NO,2.169,MONITORING
-2.80233,133.18192,,0.55,0.68,2026-09-26,1556,N,VIIRS,n,2.0NRT,,1.38,N,VIIRS_SNPP_NRT,304.83,288.02,NO,1.861,MONITORING
-2.80048,133.09302,,0.55,0.68,2026-09-26,1556,N,VIIRS,n,2.0NRT,,1.13,N,VIIRS_SNPP_NRT,308.4,287.99,NO,6.881,MONITORING
-2.7992,133.18573,,0.55,0.68,2026-09-26,1556,N,VIIRS,n,2.0NRT,,1.23,N,VIIRS_SNPP_NRT,308.88,288.09,NO,1.709,MONITORING
-2.75639,133.29306,,0.54,0.68,2026-09-26,1556,N,VIIRS,n,2.0NRT,,4.58,N,VIIRS_SNPP_NRT,333.28,287.76,YES,,LOW
-2.75395,133.29442,,0.54,0.68,2026-09-26,1556,N,VIIRS,n,2.0NRT,,2.55,N,VIIRS_SNPP_NRT,328.26,287.82,YES,,LOW
-2.75314,133.28949,,0.54,0.68,2026-09-26,1556,N,VIIRS,n,2.0NRT,,2.55,N,VIIRS_SNPP_NRT,301.68,287.54,YES,,LOW
-2.72694,133.36462,,0.53,0.67,2026-09-26,1556,N,VIIRS,n,2.0NRT,,1.75,N,VIIRS_SNPP_NRT,304.16,287.15,YES,,LOW
-2.72351,133.36394,,0.53,0.67,2026-09-26,1556,N,VIIRS,n,2.0NRT,,0.94,N,VIIRS_SNPP_NRT,305.5,287.44,YES,,LOW
-2.4432,133.14305,,0.73,0.76,2026-09-26,1739,N,VIIRS,n,2.0NRT,,3.53,N,VIIRS_SNPP_NRT,322.64,285.53,YES,,LOW
-2.44221,133.13631,,0.73,0.76,2026-09-26,1739,N,VIIRS,n,2.0NRT,,3.53,N,VIIRS_SNPP_NRT,302.67,285.79,YES,,LOW
-2.43886,133.14287,,0.73,0.76,2026-09-26,1739,N,VIIRS,n,2.0NRT,,13.13,N,VIIRS_SNPP_NRT,351.5,285.84,YES,,HIGH
-2.43783,133.13608,,0.73,0.76,2026-09-26,1739,N,VIIRS,n,2.0NRT,,7.35,N,VIIRS_SNPP_NRT,311.72,285.71,YES,,LOW
-2.4368,133.12936,,0.73,0.76,2026-09-26,1739,N,VIIRS,n,2.0NRT,,7.35,N,VIIRS_SNPP_NRT,309.78,285.35,YES,,LOW
-2.43618,133.14455,,0.73,0.76,2026-09-26,1739,N,VIIRS,n,2.0NRT,,5.23,N,VIIRS_SNPP_NRT,328.66,285.8,NO,0.064,MONITORING
-2.43518,133.13776,,0.73,0.76,2026-09-26,1739,N,VIIRS,n,2.0NRT,,5.23,N,VIIRS_SNPP_NRT,306.05,285.52,NO,0.223,MONITORING
-2.4342,133.13101,,0.73,0.76,2026-09-26,1739,N,VIIRS,n,2.0NRT,,4.68,N,VIIRS_SNPP_NRT,307.7,285.75,NO,0.14,MONITORING
-2.98741,133.09204,,0.45,0.39,2026-09-27,436,N,VIIRS,l,2.0NRT,,8.43,D,VIIRS_SNPP_NRT,334.16,299.57,NO,9.745,MONITORING
-2.985,133.10803,,0.44,0.39,2026-09-27,436,N,VIIRS,l,2.0NRT,,19.94,D,VIIRS_SNPP_NRT,339.6,302.7,NO,8.302,MONITORING
-2.98326,133.0955,,0.45,0.39,2026-09-27,436,N,VIIRS,l,2.0NRT,,10.69,D,VIIRS_SNPP_NRT,337.8,301.0,NO,9.149,MONITORING
-2.98145,133.1075,,0.44,0.39,2026-09-27,436,N,VIIRS,l,2.0NRT,,13.16,D,VIIRS_SNPP_NRT,340.62,303.66,NO,8.049,MONITORING
-2.94884,133.17982,,0.44,0.38,2026-09-27,436,N,VIIRS,l,2.0NRT,,6.48,D,VIIRS_SNPP_NRT,338.11,296.56,NO,1.689,MONITORING
-2.83581,134.1187,,0.41,0.37,2026-09-27,436,N,VIIRS,n,2.0NRT,,7.42,D,VIIRS_SNPP_NRT,341.47,297.83,YES,,LOW
-2.83294,134.11462,,0.41,0.37,2026-09-27,436,N,VIIRS,n,2.0NRT,,9.47,D,VIIRS_SNPP_NRT,353.51,298.18,YES,,LOW
-2.83287,133.11003,,0.44,0.39,2026-09-27,436,N,VIIRS,l,2.0NRT,,32.97,D,VIIRS_SNPP_NRT,343.05,299.49,NO,8.175,MONITORING
-2.83187,134.12166,,0.41,0.37,2026-09-27,436,N,VIIRS,l,2.0NRT,,7.42,D,VIIRS_SNPP_NRT,335.91,297.27,YES,,LOW
-2.51736,132.65025,,0.46,0.39,2026-09-27,436,N,VIIRS,h,2.0NRT,,3.78,D,VIIRS_SNPP_NRT,367.0,295.1,NO,25.157,MONITORING
-2.51674,132.65439,,0.46,0.39,2026-09-27,436,N,VIIRS,h,2.0NRT,,2.93,D,VIIRS_SNPP_NRT,367.0,295.11,NO,24.992,MONITORING
-2.51611,132.65852,,0.46,0.39,2026-09-27,436,N,VIIRS,h,2.0NRT,,2.93,D,VIIRS_SNPP_NRT,367.0,295.05,NO,24.832,MONITORING
-2.51549,132.66267,,0.46,0.39,2026-09-27,436,N,VIIRS,h,2.0NRT,,3.58,D,VIIRS_SNPP_NRT,367.0,295.11,NO,24.674,MONITORING
-2.51486,132.66681,,0.46,0.39,2026-09-27,436,N,VIIRS,h,2.0NRT,,3.58,D,VIIRS_SNPP_NRT,367.0,295.05,NO,24.523,MONITORING
-2.51437,132.64557,,0.46,0.39,2026-09-27,436,N,VIIRS,h,2.0NRT,,3.78,D,VIIRS_SNPP_NRT,367.0,295.03,NO,24.923,MONITORING
-2.51375,132.6497,,0.46,0.39,2026-09-27,436,N,VIIRS,h,2.0NRT,,3.78,D,VIIRS_SNPP_NRT,367.0,294.93,NO,24.778,MONITORING
-2.51312,132.65385,,0.46,0.39,2026-09-27,436,N,VIIRS,h,2.0NRT,,2.93,D,VIIRS_SNPP_NRT,367.0,294.88,NO,24.61,MONITORING
-2.5125,132.65799,,0.46,0.39,2026-09-27,436,N,VIIRS,h,2.0NRT,,2.93,D,VIIRS_SNPP_NRT,367.0,294.84,NO,24.448,MONITORING
-2.51125,132.66628,,0.46,0.39,2026-09-27,436,N,VIIRS,h,2.0NRT,,3.58,D,VIIRS_SNPP_NRT,367.0,294.98,NO,24.137,MONITORING
-2.51075,132.64502,,0.46,0.39,2026-09-27,436,N,VIIRS,h,2.0NRT,,3.12,D,VIIRS_SNPP_NRT,367.0,295.03,NO,24.532,MONITORING
-2.51013,132.64917,,0.46,0.39,2026-09-27,436,N,VIIRS,h,2.0NRT,,3.12,D,VIIRS_SNPP_NRT,367.0,295.34,NO,24.399,MONITORING
-2.50726,132.61902,,0.46,0.39,2026-09-27,436,N,VIIRS,h,2.0NRT,,5.25,D,VIIRS_SNPP_NRT,367.0,294.93,NO,24.553,MONITORING
-2.50714,132.64449,,0.46,0.39,2026-09-27,436,N,VIIRS,h,2.0NRT,,3.12,D,VIIRS_SNPP_NRT,367.0,295.1,NO,24.143,MONITORING
-2.50664,132.62318,,0.46,0.39,2026-09-27,436,N,VIIRS,h,2.0NRT,,5.25,D,VIIRS_SNPP_NRT,367.0,294.76,NO,24.429,MONITORING
-2.50651,132.64862,,0.46,0.39,2026-09-27,436,N,VIIRS,h,2.0NRT,,3.12,D,VIIRS_SNPP_NRT,367.0,295.07,NO,24.01,MONITORING
-2.50601,132.62735,,0.46,0.39,2026-09-27,436,N,VIIRS,h,2.0NRT,,3.45,D,VIIRS_SNPP_NRT,367.0,294.83,NO,24.312,MONITORING
-2.50539,132.6315,,0.46,0.39,2026-09-27,436,N,VIIRS,h,2.0NRT,,3.45,D,VIIRS_SNPP_NRT,367.0,295.06,NO,24.204,MONITORING
-2.50477,132.63565,,0.46,0.39,2026-09-27,436,N,VIIRS,h,2.0NRT,,4.77,D,VIIRS_SNPP_NRT,367.0,294.93,NO,24.046,MONITORING
-2.50414,132.6398,,0.46,0.39,2026-09-27,436,N,VIIRS,h,2.0NRT,,4.77,D,VIIRS_SNPP_NRT,367.0,295.06,NO,23.895,MONITORING
-2.50352,132.64394,,0.46,0.39,2026-09-27,436,N,VIIRS,h,2.0NRT,,3.32,D,VIIRS_SNPP_NRT,367.0,295.18,NO,23.753,MONITORING
-2.5029,132.64809,,0.46,0.39,2026-09-27,436,N,VIIRS,h,2.0NRT,,3.32,D,VIIRS_SNPP_NRT,367.0,295.21,NO,23.619,MONITORING
-2.50227,132.65224,,0.46,0.39,2026-09-27,436,N,VIIRS,h,2.0NRT,,4.68,D,VIIRS_SNPP_NRT,367.0,295.33,NO,23.468,MONITORING
-2.50177,132.63097,,0.46,0.39,2026-09-27,436,N,VIIRS,h,2.0NRT,,3.45,D,VIIRS_SNPP_NRT,367.0,294.91,NO,23.807,MONITORING
-2.50165,132.65637,,0.46,0.39,2026-09-27,436,N,VIIRS,h,2.0NRT,,4.68,D,VIIRS_SNPP_NRT,367.0,295.36,NO,23.301,MONITORING
-2.49928,132.64755,,0.46,0.39,2026-09-27,436,N,VIIRS,h,2.0NRT,,3.32,D,VIIRS_SNPP_NRT,367.0,294.91,NO,23.227,MONITORING
-2.46121,132.67992,,0.46,0.39,2026-09-27,436,N,VIIRS,h,2.0NRT,,3.51,D,VIIRS_SNPP_NRT,367.0,294.96,NO,18.388,MONITORING
-2.4576,132.67938,,0.46,0.39,2026-09-27,436,N,VIIRS,h,2.0NRT,,3.51,D,VIIRS_SNPP_NRT,367.0,294.82,NO,18.0,MONITORING
-2.41699,132.69911,,0.46,0.39,2026-09-27,436,N,VIIRS,h,2.0NRT,,1.72,D,VIIRS_SNPP_NRT,367.0,295.1,NO,13.244,MONITORING
-2.41637,132.70323,,0.46,0.39,2026-09-27,436,N,VIIRS,h,2.0NRT,,1.72,D,VIIRS_SNPP_NRT,367.0,295.09,NO,13.146,MONITORING
-2.41339,132.69858,,0.46,0.39,2026-09-27,436,N,VIIRS,h,2.0NRT,,1.72,D,VIIRS_SNPP_NRT,367.0,294.86,NO,12.848,MONITORING
-2.41276,132.70268,,0.46,0.39,2026-09-27,436,N,VIIRS,h,2.0NRT,,1.72,D,VIIRS_SNPP_NRT,367.0,294.85,NO,12.747,MONITORING
-2.40952,132.74829,,0.46,0.39,2026-09-27,436,N,VIIRS,h,2.0NRT,,1.7,D,VIIRS_SNPP_NRT,367.0,294.89,NO,13.002,MONITORING
-2.4089,132.75238,,0.45,0.39,2026-09-27,436,N,VIIRS,h,2.0NRT,,1.7,D,VIIRS_SNPP_NRT,367.0,294.94,NO,13.079,MONITORING
-2.40592,132.74776,,0.46,0.39,2026-09-27,436,N,VIIRS,h,2.0NRT,,1.7,D,VIIRS_SNPP_NRT,367.0,294.81,NO,12.601,MONITORING
-2.4053,132.75185,,0.45,0.39,2026-09-27,436,N,VIIRS,h,2.0NRT,,1.7,D,VIIRS_SNPP_NRT,367.0,294.85,NO,12.681,MONITORING
-2.39638,132.73796,,0.46,0.39,2026-09-27,436,N,VIIRS,h,2.0NRT,,3.17,D,VIIRS_SNPP_NRT,367.0,295.1,NO,11.281,MONITORING
-2.39576,132.74207,,0.46,0.39,2026-09-27,436,N,VIIRS,h,2.0NRT,,3.17,D,VIIRS_SNPP_NRT,367.0,295.06,NO,11.334,MONITORING
-2.39514,132.74615,,0.46,0.39,2026-09-27,436,N,VIIRS,h,2.0NRT,,3.45,D,VIIRS_SNPP_NRT,367.0,294.99,NO,11.404,MONITORING
-2.39452,132.75023,,0.45,0.39,2026-09-27,436,N,VIIRS,h,2.0NRT,,3.45,D,VIIRS_SNPP_NRT,367.0,294.96,NO,11.492,MONITORING
-2.35446,132.72334,,0.46,0.39,2026-09-27,436,N,VIIRS,h,2.0NRT,,5.38,D,VIIRS_SNPP_NRT,367.0,294.86,NO,6.369,MONITORING
-2.35385,132.72745,,0.46,0.39,2026-09-27,436,N,VIIRS,h,2.0NRT,,5.38,D,VIIRS_SNPP_NRT,367.0,294.99,NO,6.4,MONITORING
-2.35324,132.73152,,0.46,0.39,2026-09-27,436,N,VIIRS,h,2.0NRT,,7.01,D,VIIRS_SNPP_NRT,367.0,294.96,NO,6.46,MONITORING
-2.35141,132.7438,,0.45,0.39,2026-09-27,436,N,VIIRS,h,2.0NRT,,7.17,D,VIIRS_SNPP_NRT,367.0,294.8,NO,6.816,MONITORING
-2.35086,132.72281,,0.46,0.39,2026-09-27,436,N,VIIRS,h,2.0NRT,,5.38,D,VIIRS_SNPP_NRT,367.0,294.76,NO,5.964,MONITORING
-2.35025,132.7269,,0.46,0.39,2026-09-27,436,N,VIIRS,h,2.0NRT,,5.38,D,VIIRS_SNPP_NRT,367.0,294.71,NO,5.996,MONITORING
-2.34964,132.73099,,0.46,0.39,2026-09-27,436,N,VIIRS,h,2.0NRT,,7.01,D,VIIRS_SNPP_NRT,367.0,294.95,NO,6.061,MONITORING
-2.34903,132.73508,,0.46,0.39,2026-09-27,436,N,VIIRS,h,2.0NRT,,7.01,D,VIIRS_SNPP_NRT,367.0,294.93,NO,6.16,MONITORING
-2.34842,132.73917,,0.46,0.39,2026-09-27,436,N,VIIRS,h,2.0NRT,,7.17,D,VIIRS_SNPP_NRT,367.0,294.9,NO,6.288,MONITORING
-2.34825,132.8141,,0.45,0.39,2026-09-27,436,N,VIIRS,h,2.0NRT,,2.72,D,VIIRS_SNPP_NRT,367.0,294.93,NO,11.29,MONITORING
-2.34782,132.74326,,0.45,0.39,2026-09-27,436,N,VIIRS,h,2.0NRT,,7.17,D,VIIRS_SNPP_NRT,367.0,294.75,NO,6.436,MONITORING
-2.34765,132.81816,,0.45,0.39,2026-09-27,436,N,VIIRS,h,2.0NRT,,2.72,D,VIIRS_SNPP_NRT,367.0,295.06,NO,10.941,MONITORING
-2.34726,132.72227,,0.46,0.39,2026-09-27,436,N,VIIRS,h,2.0NRT,,7.13,D,VIIRS_SNPP_NRT,367.0,294.71,NO,5.559,MONITORING
-2.34715,132.77235,,0.45,0.39,2026-09-27,436,N,VIIRS,h,2.0NRT,,5.6,D,VIIRS_SNPP_NRT,367.0,295.2,NO,8.411,MONITORING
-2.34665,132.72636,,0.46,0.39,2026-09-27,436,N,VIIRS,h,2.0NRT,,7.13,D,VIIRS_SNPP_NRT,367.0,294.87,NO,5.593,MONITORING
-2.34655,132.77643,,0.45,0.39,2026-09-27,436,N,VIIRS,h,2.0NRT,,5.6,D,VIIRS_SNPP_NRT,367.0,295.47,NO,8.703,MONITORING
-2.34605,132.73045,,0.46,0.39,2026-09-27,436,N,VIIRS,h,2.0NRT,,7.33,D,VIIRS_SNPP_NRT,367.0,294.85,NO,5.663,MONITORING
-2.34544,132.73454,,0.46,0.39,2026-09-27,436,N,VIIRS,h,2.0NRT,,7.33,D,VIIRS_SNPP_NRT,367.0,294.68,NO,5.769,MONITORING
-2.34483,132.73863,,0.46,0.39,2026-09-27,436,N,VIIRS,h,2.0NRT,,5.72,D,VIIRS_SNPP_NRT,367.0,294.71,NO,5.902,MONITORING
-2.34467,132.81357,,0.45,0.39,2026-09-27,436,N,VIIRS,l,2.0NRT,,2.72,D,VIIRS_SNPP_NRT,356.96,295.13,NO,11.037,MONITORING
-2.34422,132.74272,,0.45,0.39,2026-09-27,436,N,VIIRS,h,2.0NRT,,5.72,D,VIIRS_SNPP_NRT,367.0,294.58,NO,6.057,MONITORING
-2.34407,132.81763,,0.45,0.39,2026-09-27,436,N,VIIRS,h,2.0NRT,,2.72,D,VIIRS_SNPP_NRT,367.0,295.13,NO,10.681,MONITORING
-2.34356,132.77184,,0.45,0.39,2026-09-27,436,N,VIIRS,h,2.0NRT,,5.6,D,VIIRS_SNPP_NRT,367.0,295.04,NO,8.099,MONITORING
-2.34306,132.72581,,0.46,0.39,2026-09-27,436,N,VIIRS,h,2.0NRT,,7.13,D,VIIRS_SNPP_NRT,367.0,294.72,NO,5.191,MONITORING
-2.34296,132.77589,,0.45,0.39,2026-09-27,436,N,VIIRS,h,2.0NRT,,5.6,D,VIIRS_SNPP_NRT,367.0,295.21,NO,8.401,MONITORING
-2.34184,132.73401,,0.46,0.39,2026-09-27,436,N,VIIRS,h,2.0NRT,,7.33,D,VIIRS_SNPP_NRT,367.0,294.81,NO,5.379,MONITORING
-2.34124,132.73808,,0.46,0.39,2026-09-27,436,N,VIIRS,h,2.0NRT,,5.72,D,VIIRS_SNPP_NRT,367.0,294.58,NO,5.517,MONITORING
-2.34063,132.74219,,0.45,0.39,2026-09-27,436,N,VIIRS,h,2.0NRT,,5.72,D,VIIRS_SNPP_NRT,367.0,294.46,NO,5.684,MONITORING
-2.33998,132.7713,,0.45,0.39,2026-09-27,436,N,VIIRS,h,2.0NRT,,5.52,D,VIIRS_SNPP_NRT,367.0,295.0,NO,7.795,MONITORING
-2.33988,132.82115,,0.45,0.39,2026-09-27,436,N,VIIRS,h,2.0NRT,,10.6,D,VIIRS_SNPP_NRT,367.0,295.25,NO,10.072,MONITORING
-2.33937,132.77536,,0.45,0.39,2026-09-27,436,N,VIIRS,l,2.0NRT,,5.52,D,VIIRS_SNPP_NRT,357.16,294.97,NO,8.107,MONITORING
-2.33877,132.77943,,0.45,0.39,2026-09-27,436,N,VIIRS,l,2.0NRT,,11.99,D,VIIRS_SNPP_NRT,357.15,295.05,NO,8.435,MONITORING
-2.33695,132.79166,,0.45,0.39,2026-09-27,436,N,VIIRS,l,2.0NRT,,12.12,D,VIIRS_SNPP_NRT,357.16,295.16,NO,9.354,MONITORING
-2.33639,132.77075,,0.45,0.39,2026-09-27,436,N,VIIRS,h,2.0NRT,,5.52,D,VIIRS_SNPP_NRT,367.0,294.93,NO,7.498,MONITORING
-2.33635,132.7957,,0.45,0.39,2026-09-27,436,N,VIIRS,h,2.0NRT,,5.64,D,VIIRS_SNPP_NRT,367.0,295.09,NO,9.488,MONITORING
-2.3363,132.8206,,0.45,0.39,2026-09-27,436,N,VIIRS,h,2.0NRT,,10.6,D,VIIRS_SNPP_NRT,367.0,295.04,NO,9.823,MONITORING
-2.33578,132.77484,,0.45,0.39,2026-09-27,436,N,VIIRS,h,2.0NRT,,5.52,D,VIIRS_SNPP_NRT,367.0,295.04,NO,7.825,MONITORING
-2.33574,132.79977,,0.45,0.39,2026-09-27,436,N,VIIRS,h,2.0NRT,,5.64,D,VIIRS_SNPP_NRT,367.0,295.11,NO,9.604,MONITORING
-2.33518,132.7789,,0.45,0.39,2026-09-27,436,N,VIIRS,l,2.0NRT,,11.99,D,VIIRS_SNPP_NRT,357.18,295.11,NO,8.152,MONITORING
-2.33514,132.80383,,0.45,0.39,2026-09-27,436,N,VIIRS,h,2.0NRT,,5.82,D,VIIRS_SNPP_NRT,367.0,295.24,NO,9.709,MONITORING
-2.33454,132.80791,,0.45,0.39,2026-09-27,436,N,VIIRS,l,2.0NRT,,5.82,D,VIIRS_SNPP_NRT,357.16,295.06,NO,9.801,MONITORING
-2.33393,132.81197,,0.45,0.39,2026-09-27,436,N,VIIRS,h,2.0NRT,,5.97,D,VIIRS_SNPP_NRT,367.0,295.0,NO,9.893,MONITORING
-2.33337,132.79111,,0.45,0.39,2026-09-27,436,N,VIIRS,l,2.0NRT,,12.12,D,VIIRS_SNPP_NRT,357.17,295.04,NO,8.971,MONITORING
-2.33333,132.81602,,0.45,0.39,2026-09-27,436,N,VIIRS,l,2.0NRT,,5.97,D,VIIRS_SNPP_NRT,357.16,295.07,NO,9.932,MONITORING
-2.33276,132.79518,,0.45,0.39,2026-09-27,436,N,VIIRS,h,2.0NRT,,5.64,D,VIIRS_SNPP_NRT,367.0,295.11,NO,9.096,MONITORING
-2.33272,132.82008,,0.45,0.39,2026-09-27,436,N,VIIRS,h,2.0NRT,,5.6,D,VIIRS_SNPP_NRT,367.0,295.05,NO,9.58,MONITORING
-2.33216,132.79924,,0.45,0.39,2026-09-27,436,N,VIIRS,h,2.0NRT,,5.64,D,VIIRS_SNPP_NRT,367.0,294.86,NO,9.217,MONITORING
-2.33212,132.82413,,0.45,0.39,2026-09-27,436,N,VIIRS,h,2.0NRT,,5.6,D,VIIRS_SNPP_NRT,367.0,295.21,NO,9.215,MONITORING
-2.33156,132.8033,,0.45,0.39,2026-09-27,436,N,VIIRS,h,2.0NRT,,5.82,D,VIIRS_SNPP_NRT,367.0,294.8,NO,9.314,MONITORING
-2.33095,132.80737,,0.45,0.39,2026-09-27,436,N,VIIRS,h,2.0NRT,,5.82,D,VIIRS_SNPP_NRT,367.0,294.99,NO,9.404,MONITORING
-2.33035,132.81143,,0.45,0.39,2026-09-27,436,N,VIIRS,l,2.0NRT,,5.97,D,VIIRS_SNPP_NRT,357.18,294.89,NO,9.492,MONITORING
-2.32975,132.81549,,0.45,0.39,2026-09-27,436,N,VIIRS,h,2.0NRT,,5.97,D,VIIRS_SNPP_NRT,367.0,294.95,NO,9.529,MONITORING
-2.32915,132.81955,,0.45,0.39,2026-09-27,436,N,VIIRS,h,2.0NRT,,5.6,D,VIIRS_SNPP_NRT,367.0,294.98,NO,9.348,MONITORING
-2.32854,132.82361,,0.45,0.39,2026-09-27,436,N,VIIRS,h,2.0NRT,,5.6,D,VIIRS_SNPP_NRT,367.0,294.95,NO,8.973,MONITORING
-2.98405,133.09578,,0.35,0.57,2026-09-27,1717,N,VIIRS,n,2.0NRT,,1.25,N,VIIRS_SNPP_NRT,302.59,288.76,NO,9.185,MONITORING
-2.96296,133.09908,,0.35,0.57,2026-09-27,1717,N,VIIRS,n,2.0NRT,,0.62,N,VIIRS_SNPP_NRT,303.61,288.76,NO,7.486,MONITORING
-2.96248,133.09587,,0.35,0.57,2026-09-27,1717,N,VIIRS,n,2.0NRT,,0.62,N,VIIRS_SNPP_NRT,300.95,288.95,NO,7.77,MONITORING
-2.92175,133.14879,,0.36,0.57,2026-09-27,1717,N,VIIRS,n,2.0NRT,,0.8,N,VIIRS_SNPP_NRT,304.68,285.74,NO,1.124,MONITORING
-2.88973,133.95436,,0.4,0.6,2026-09-27,1717,N,VIIRS,n,2.0NRT,,2.45,N,VIIRS_SNPP_NRT,307.29,288.55,NO,8.4,MONITORING
-2.88927,133.95129,,0.4,0.6,2026-09-27,1717,N,VIIRS,n,2.0NRT,,2.4,N,VIIRS_SNPP_NRT,299.07,288.6,NO,8.249,MONITORING
-2.88191,133.16013,,0.36,0.57,2026-09-27,1717,N,VIIRS,n,2.0NRT,,2.73,N,VIIRS_SNPP_NRT,331.42,279.28,NO,4.32,MONITORING
-2.87662,133.16093,,0.36,0.57,2026-09-27,1717,N,VIIRS,n,2.0NRT,,0.58,N,VIIRS_SNPP_NRT,298.78,277.71,NO,4.885,MONITORING
-2.84389,133.953,,0.4,0.6,2026-09-27,1717,N,VIIRS,n,2.0NRT,,1.49,N,VIIRS_SNPP_NRT,299.69,287.37,NO,3.796,MONITORING
-2.83577,132.65186,,0.33,0.55,2026-09-27,1717,N,VIIRS,n,2.0NRT,,1.22,N,VIIRS_SNPP_NRT,306.21,291.42,NO,45.949,MONITORING
-2.81615,132.69431,,0.33,0.55,2026-09-27,1717,N,VIIRS,n,2.0NRT,,1.69,N,VIIRS_SNPP_NRT,319.37,290.79,NO,40.775,MONITORING
-2.80995,132.65378,,0.33,0.55,2026-09-27,1717,N,VIIRS,n,2.0NRT,,0.71,N,VIIRS_SNPP_NRT,306.07,292.1,NO,44.899,MONITORING
-2.80005,133.1846,,0.36,0.57,2026-09-27,1717,N,VIIRS,n,2.0NRT,,0.79,N,VIIRS_SNPP_NRT,297.54,269.08,NO,1.73,MONITORING
-2.78267,132.61166,,0.33,0.55,2026-09-27,1717,N,VIIRS,n,2.0NRT,,1.58,N,VIIRS_SNPP_NRT,307.26,292.41,NO,48.654,MONITORING
-2.74054,133.25739,,0.36,0.57,2026-09-27,1717,N,VIIRS,n,2.0NRT,,0.94,N,VIIRS_SNPP_NRT,296.59,272.73,YES,,LOW
-2.73677,133.34221,,0.36,0.58,2026-09-27,1717,N,VIIRS,n,2.0NRT,,1.54,N,VIIRS_SNPP_NRT,297.85,276.35,YES,,LOW
-2.73429,133.34222,,0.36,0.58,2026-09-27,1717,N,VIIRS,n,2.0NRT,,1.3,N,VIIRS_SNPP_NRT,299.78,280.07,YES,,LOW
-2.65008,133.07657,,0.35,0.57,2026-09-27,1717,N,VIIRS,n,2.0NRT,,0.97,N,VIIRS_SNPP_NRT,299.19,267.38,YES,,LOW
-2.98843,133.11203,,0.57,0.52,2026-09-28,417,N,VIIRS,n,2.0NRT,,7.53,D,VIIRS_SNPP_NRT,339.65,296.43,NO,8.318,MONITORING
-2.9876,133.11427,,0.57,0.52,2026-09-28,417,N,VIIRS,n,2.0NRT,,7.15,D,VIIRS_SNPP_NRT,334.84,295.59,NO,8.095,MONITORING
-2.95325,133.92755,,0.5,0.49,2026-09-28,417,N,VIIRS,n,2.0NRT,,4.85,D,VIIRS_SNPP_NRT,340.76,296.23,NO,14.83,MONITORING
-2.87555,133.15082,,0.57,0.52,2026-09-28,417,N,VIIRS,n,2.0NRT,,7.32,D,VIIRS_SNPP_NRT,337.25,294.68,NO,5.28,MONITORING
-2.87477,133.15599,,0.57,0.52,2026-09-28,417,N,VIIRS,n,2.0NRT,,7.32,D,VIIRS_SNPP_NRT,342.14,296.57,NO,5.2,MONITORING
-2.87449,133.15349,,0.57,0.52,2026-09-28,417,N,VIIRS,n,2.0NRT,,13.68,D,VIIRS_SNPP_NRT,353.57,295.8,NO,5.302,MONITORING
-2.86834,133.13393,,0.57,0.52,2026-09-28,417,N,VIIRS,n,2.0NRT,,4.32,D,VIIRS_SNPP_NRT,329.55,293.93,NO,6.831,MONITORING
-2.86756,133.13905,,0.57,0.52,2026-09-28,417,N,VIIRS,n,2.0NRT,,8.84,D,VIIRS_SNPP_NRT,331.98,292.34,NO,6.622,MONITORING
-2.86716,133.13651,,0.57,0.52,2026-09-28,417,N,VIIRS,n,2.0NRT,,8.5,D,VIIRS_SNPP_NRT,342.14,294.35,NO,6.796,MONITORING
-2.866,133.14937,,0.57,0.52,2026-09-28,417,N,VIIRS,n,2.0NRT,,5.93,D,VIIRS_SNPP_NRT,330.08,293.39,NO,6.341,MONITORING
-2.83741,134.11937,,0.49,0.48,2026-09-28,417,N,VIIRS,n,2.0NRT,,2.76,D,VIIRS_SNPP_NRT,332.06,292.57,YES,,LOW
-2.63463,133.00005,,0.58,0.52,2026-09-28,419,N,VIIRS,n,2.0NRT,,5.81,D,VIIRS_SNPP_NRT,336.72,292.5,NO,5.588,MONITORING
-2.63385,133.00528,,0.58,0.52,2026-09-28,419,N,VIIRS,n,2.0NRT,,14.96,D,VIIRS_SNPP_NRT,339.3,294.99,NO,5.27,MONITORING
-2.62578,132.99339,,0.58,0.52,2026-09-28,419,N,VIIRS,n,2.0NRT,,14.8,D,VIIRS_SNPP_NRT,339.85,294.06,NO,5.14,MONITORING
-2.62095,132.99272,,0.58,0.52,2026-09-28,419,N,VIIRS,n,2.0NRT,,10.59,D,VIIRS_SNPP_NRT,341.77,294.64,NO,4.658,MONITORING
-2.82952,132.6134,,0.49,0.4,2026-09-28,1700,N,VIIRS,n,2.0NRT,,1.19,N,VIIRS_SNPP_NRT,299.98,262.54,NO,49.82,MONITORING
-2.82882,132.60896,,0.49,0.4,2026-09-28,1700,N,VIIRS,n,2.0NRT,,0.86,N,VIIRS_SNPP_NRT,296.84,263.8,NO,50.272,MONITORING
-2.8207,132.60562,,0.49,0.4,2026-09-28,1700,N,VIIRS,n,2.0NRT,,1.17,N,VIIRS_SNPP_NRT,302.64,269.25,NO,50.387,MONITORING
-2.81629,132.60172,,0.49,0.4,2026-09-28,1700,N,VIIRS,n,2.0NRT,,0.81,N,VIIRS_SNPP_NRT,297.1,270.5,NO,50.681,MONITORING
-2.98899,133.21118,,0.39,0.36,2026-09-29,1639,N,VIIRS,n,2.0NRT,,1.02,N,VIIRS_SNPP_NRT,300.92,274.35,NO,4.212,MONITORING
-2.97343,133.11386,,0.39,0.36,2026-09-29,1639,N,VIIRS,n,2.0NRT,,1.43,N,VIIRS_SNPP_NRT,309.26,273.91,NO,6.913,MONITORING
-2.94865,133.63605,,0.38,0.36,2026-09-29,1639,N,VIIRS,n,2.0NRT,,1.13,N,VIIRS_SNPP_NRT,302.91,282.39,YES,,LOW
-2.93925,132.85765,,0.39,0.36,2026-09-29,1639,N,VIIRS,n,2.0NRT,,0.87,N,VIIRS_SNPP_NRT,302.63,272.47,NO,33.095,MONITORING
-2.91977,133.02568,,0.39,0.36,2026-09-29,1639,N,VIIRS,n,2.0NRT,,0.43,N,VIIRS_SNPP_NRT,304.01,284.33,NO,14.646,MONITORING
-2.91342,133.51773,,0.38,0.36,2026-09-29,1639,N,VIIRS,n,2.0NRT,,1.85,N,VIIRS_SNPP_NRT,308.1,289.12,YES,,LOW
-2.89708,133.99446,,0.38,0.36,2026-09-29,1639,N,VIIRS,n,2.0NRT,,1.65,N,VIIRS_SNPP_NRT,306.03,290.0,NO,6.047,MONITORING
-2.89599,133.98752,,0.38,0.36,2026-09-29,1639,N,VIIRS,n,2.0NRT,,3.46,N,VIIRS_SNPP_NRT,318.58,291.32,NO,6.667,MONITORING
-2.89414,133.99118,,0.38,0.36,2026-09-29,1639,N,VIIRS,n,2.0NRT,,1.54,N,VIIRS_SNPP_NRT,321.43,291.23,NO,6.211,MONITORING
-2.89359,133.98772,,0.38,0.36,2026-09-29,1639,N,VIIRS,n,2.0NRT,,1.54,N,VIIRS_SNPP_NRT,320.32,291.41,NO,6.532,MONITORING
-2.89082,133.9917,,0.38,0.36,2026-09-29,1639,N,VIIRS,n,2.0NRT,,1.54,N,VIIRS_SNPP_NRT,312.13,290.62,NO,6.001,MONITORING
-2.88727,133.5891,,0.38,0.36,2026-09-29,1639,N,VIIRS,n,2.0NRT,,2.1,N,VIIRS_SNPP_NRT,313.79,291.8,YES,,LOW
-2.88415,133.16708,,0.39,0.36,2026-09-29,1639,N,VIIRS,n,2.0NRT,,1.24,N,VIIRS_SNPP_NRT,310.82,285.99,NO,3.985,MONITORING
-2.88359,133.16359,,0.39,0.36,2026-09-29,1639,N,VIIRS,n,2.0NRT,,0.8,N,VIIRS_SNPP_NRT,307.43,286.17,NO,4.075,MONITORING
-2.88172,133.59706,,0.38,0.36,2026-09-29,1639,N,VIIRS,n,2.0NRT,,0.81,N,VIIRS_SNPP_NRT,303.33,288.17,YES,,LOW
-2.88059,133.61139,,0.38,0.36,2026-09-29,1639,N,VIIRS,n,2.0NRT,,1.27,N,VIIRS_SNPP_NRT,308.57,288.24,YES,,LOW
-2.88025,133.16412,,0.39,0.36,2026-09-29,1639,N,VIIRS,n,2.0NRT,,0.8,N,VIIRS_SNPP_NRT,302.77,285.93,NO,4.439,MONITORING
-2.88004,133.60796,,0.38,0.36,2026-09-29,1639,N,VIIRS,n,2.0NRT,,1.27,N,VIIRS_SNPP_NRT,302.54,285.95,YES,,LOW
-2.87997,133.65042,,0.38,0.36,2026-09-29,1639,N,VIIRS,n,2.0NRT,,1.43,N,VIIRS_SNPP_NRT,304.87,285.46,YES,,LOW
-2.87949,133.60449,,0.38,0.36,2026-09-29,1639,N,VIIRS,n,2.0NRT,,1.2,N,VIIRS_SNPP_NRT,300.51,284.33,YES,,LOW
-2.87942,133.64697,,0.38,0.36,2026-09-29,1639,N,VIIRS,n,2.0NRT,,1.34,N,VIIRS_SNPP_NRT,303.57,287.9,YES,,LOW
-2.87833,133.64006,,0.38,0.36,2026-09-29,1639,N,VIIRS,n,2.0NRT,,1.04,N,VIIRS_SNPP_NRT,309.74,287.95,YES,,LOW
-2.87784,133.59413,,0.38,0.36,2026-09-29,1639,N,VIIRS,n,2.0NRT,,0.8,N,VIIRS_SNPP_NRT,307.07,289.19,YES,,LOW
-2.87778,133.63661,,0.38,0.36,2026-09-29,1639,N,VIIRS,n,2.0NRT,,1.04,N,VIIRS_SNPP_NRT,305.44,288.82,YES,,LOW
-2.87726,133.61192,,0.38,0.36,2026-09-29,1639,N,VIIRS,n,2.0NRT,,1.27,N,VIIRS_SNPP_NRT,320.96,289.21,YES,,LOW
-2.87671,133.60847,,0.38,0.36,2026-09-29,1639,N,VIIRS,n,2.0NRT,,1.27,N,VIIRS_SNPP_NRT,325.85,288.4,YES,,LOW
-2.87616,133.60501,,0.38,0.36,2026-09-29,1639,N,VIIRS,n,2.0NRT,,1.2,N,VIIRS_SNPP_NRT,316.52,288.18,YES,,LOW
-2.87449,133.61591,,0.38,0.36,2026-09-29,1639,N,VIIRS,n,2.0NRT,,1.93,N,VIIRS_SNPP_NRT,307.88,288.16,YES,,LOW
-2.87394,133.61244,,0.38,0.36,2026-09-29,1639,N,VIIRS,n,2.0NRT,,1.28,N,VIIRS_SNPP_NRT,309.08,290.14,YES,,LOW
-2.87357,133.12233,,0.39,0.36,2026-09-29,1639,N,VIIRS,n,2.0NRT,,1.45,N,VIIRS_SNPP_NRT,316.43,290.43,NO,7.098,MONITORING
-2.87339,133.60899,,0.38,0.36,2026-09-29,1639,N,VIIRS,n,2.0NRT,,1.28,N,VIIRS_SNPP_NRT,311.15,287.85,YES,,LOW
-2.87284,133.60553,,0.38,0.36,2026-09-29,1639,N,VIIRS,n,2.0NRT,,0.77,N,VIIRS_SNPP_NRT,303.0,287.18,YES,,LOW
-2.87191,133.13332,,0.39,0.36,2026-09-29,1639,N,VIIRS,n,2.0NRT,,2.2,N,VIIRS_SNPP_NRT,312.04,291.51,NO,6.535,MONITORING
-2.87024,133.12288,,0.39,0.36,2026-09-29,1639,N,VIIRS,n,2.0NRT,,2.82,N,VIIRS_SNPP_NRT,326.54,291.82,NO,7.369,MONITORING
-2.86952,133.60605,,0.38,0.36,2026-09-29,1639,N,VIIRS,n,2.0NRT,,0.77,N,VIIRS_SNPP_NRT,304.49,288.59,YES,,LOW
-2.86897,133.6026,,0.38,0.36,2026-09-29,1639,N,VIIRS,n,2.0NRT,,0.77,N,VIIRS_SNPP_NRT,311.46,287.12,YES,,LOW
-2.86619,133.60658,,0.38,0.36,2026-09-29,1639,N,VIIRS,n,2.0NRT,,0.52,N,VIIRS_SNPP_NRT,301.01,285.66,YES,,LOW
-2.86564,133.60313,,0.38,0.36,2026-09-29,1639,N,VIIRS,n,2.0NRT,,0.52,N,VIIRS_SNPP_NRT,314.9,285.92,YES,,LOW
-2.86287,133.6071,,0.38,0.36,2026-09-29,1639,N,VIIRS,n,2.0NRT,,0.52,N,VIIRS_SNPP_NRT,301.7,282.01,YES,,LOW
-2.86262,133.96426,,0.38,0.36,2026-09-29,1639,N,VIIRS,n,2.0NRT,,0.84,N,VIIRS_SNPP_NRT,304.09,291.21,NO,6.21,MONITORING
-2.86232,133.60365,,0.38,0.36,2026-09-29,1639,N,VIIRS,n,2.0NRT,,0.52,N,VIIRS_SNPP_NRT,303.9,283.83,YES,,LOW
-2.85892,133.21741,,0.39,0.36,2026-09-29,1639,N,VIIRS,n,2.0NRT,,1.36,N,VIIRS_SNPP_NRT,315.97,292.09,NO,2.707,MONITORING
-2.85609,133.26411,,0.39,0.36,2026-09-29,1639,N,VIIRS,n,2.0NRT,,1.27,N,VIIRS_SNPP_NRT,306.09,285.47,YES,,LOW
-2.85558,133.21796,,0.39,0.36,2026-09-29,1639,N,VIIRS,n,2.0NRT,,1.36,N,VIIRS_SNPP_NRT,310.25,292.06,NO,2.483,MONITORING
-2.85554,133.26065,,0.39,0.36,2026-09-29,1639,N,VIIRS,n,2.0NRT,,1.27,N,VIIRS_SNPP_NRT,308.05,284.64,YES,,LOW
-2.85498,133.25719,,0.39,0.36,2026-09-29,1639,N,VIIRS,n,2.0NRT,,1.27,N,VIIRS_SNPP_NRT,306.28,284.6,YES,,LOW
-2.85443,133.25369,,0.39,0.36,2026-09-29,1639,N,VIIRS,n,2.0NRT,,0.88,N,VIIRS_SNPP_NRT,307.66,285.62,YES,,LOW
-2.85388,133.25023,,0.39,0.36,2026-09-29,1639,N,VIIRS,n,2.0NRT,,0.88,N,VIIRS_SNPP_NRT,303.9,288.04,YES,,LOW
-2.85276,133.26463,,0.39,0.36,2026-09-29,1639,N,VIIRS,n,2.0NRT,,1.93,N,VIIRS_SNPP_NRT,304.64,286.43,YES,,LOW
-2.85237,133.08995,,0.39,0.36,2026-09-29,1639,N,VIIRS,n,2.0NRT,,0.74,N,VIIRS_SNPP_NRT,305.48,290.85,NO,11.206,MONITORING
-2.84735,133.10147,,0.39,0.36,2026-09-29,1639,N,VIIRS,n,2.0NRT,,0.95,N,VIIRS_SNPP_NRT,311.42,290.57,NO,10.04,MONITORING
-2.84456,133.10547,,0.39,0.36,2026-09-29,1639,N,VIIRS,n,2.0NRT,,0.95,N,VIIRS_SNPP_NRT,305.53,291.0,NO,9.529,MONITORING
-2.84401,133.10199,,0.39,0.36,2026-09-29,1639,N,VIIRS,n,2.0NRT,,0.95,N,VIIRS_SNPP_NRT,312.09,291.66,NO,9.706,MONITORING
-2.84346,133.0985,,0.39,0.36,2026-09-29,1639,N,VIIRS,n,2.0NRT,,1.18,N,VIIRS_SNPP_NRT,309.03,290.8,NO,9.896,MONITORING
-2.84206,133.41196,,0.39,0.36,2026-09-29,1639,N,VIIRS,n,2.0NRT,,1.59,N,VIIRS_SNPP_NRT,309.18,289.39,YES,,LOW
-2.84164,133.28059,,0.39,0.36,2026-09-29,1639,N,VIIRS,n,2.0NRT,,1.17,N,VIIRS_SNPP_NRT,307.6,290.0,YES,,LOW
-2.83944,133.92545,,0.38,0.36,2026-09-29,1639,N,VIIRS,n,2.0NRT,,0.39,N,VIIRS_SNPP_NRT,303.99,291.13,NO,2.411,MONITORING
-2.83553,133.28511,,0.39,0.36,2026-09-29,1639,N,VIIRS,n,2.0NRT,,1.51,N,VIIRS_SNPP_NRT,305.86,288.97,YES,,LOW
-2.83172,133.59766,,0.38,0.36,2026-09-29,1639,N,VIIRS,n,2.0NRT,,0.69,N,VIIRS_SNPP_NRT,305.09,291.48,YES,,LOW
-2.82943,133.94823,,0.38,0.36,2026-09-29,1639,N,VIIRS,n,2.0NRT,,1.02,N,VIIRS_SNPP_NRT,303.68,291.08,NO,2.304,MONITORING
-2.82833,133.94131,,0.38,0.36,2026-09-29,1639,N,VIIRS,n,2.0NRT,,2.17,N,VIIRS_SNPP_NRT,314.99,291.61,NO,1.636,MONITORING
-2.82779,133.93787,,0.38,0.36,2026-09-29,1639,N,VIIRS,n,2.0NRT,,2.0,N,VIIRS_SNPP_NRT,311.97,291.73,NO,1.342,MONITORING
-2.82342,133.58833,,0.38,0.36,2026-09-29,1639,N,VIIRS,n,2.0NRT,,1.52,N,VIIRS_SNPP_NRT,308.77,291.45,YES,,LOW
-2.8201,133.58885,,0.38,0.36,2026-09-29,1639,N,VIIRS,n,2.0NRT,,1.52,N,VIIRS_SNPP_NRT,319.55,290.65,YES,,LOW
-2.81776,132.60188,,0.4,0.37,2026-09-29,1639,N,VIIRS,n,2.0NRT,,0.74,N,VIIRS_SNPP_NRT,297.17,274.42,NO,50.705,MONITORING
-2.81762,133.45126,,0.38,0.36,2026-09-29,1639,N,VIIRS,n,2.0NRT,,1.31,N,VIIRS_SNPP_NRT,310.19,291.79,YES,,LOW
-2.81732,133.59283,,0.38,0.36,2026-09-29,1639,N,VIIRS,n,2.0NRT,,0.67,N,VIIRS_SNPP_NRT,304.82,291.62,YES,,LOW
-2.81677,133.58937,,0.38,0.36,2026-09-29,1639,N,VIIRS,n,2.0NRT,,0.67,N,VIIRS_SNPP_NRT,306.88,290.75,YES,,LOW
-2.81439,132.6024,,0.4,0.37,2026-09-29,1639,N,VIIRS,n,2.0NRT,,0.76,N,VIIRS_SNPP_NRT,303.12,275.75,NO,50.556,MONITORING
-2.814,133.59335,,0.38,0.36,2026-09-29,1639,N,VIIRS,n,2.0NRT,,0.67,N,VIIRS_SNPP_NRT,307.76,291.82,YES,,LOW
-2.807,133.46338,,0.38,0.36,2026-09-29,1639,N,VIIRS,n,2.0NRT,,0.78,N,VIIRS_SNPP_NRT,308.3,291.96,YES,,LOW
-2.80393,133.17258,,0.39,0.36,2026-09-29,1639,N,VIIRS,n,2.0NRT,,1.13,N,VIIRS_SNPP_NRT,306.05,290.67,NO,2.051,MONITORING
-2.80392,133.65868,,0.38,0.36,2026-09-29,1639,N,VIIRS,n,2.0NRT,,0.87,N,VIIRS_SNPP_NRT,304.97,291.6,YES,,LOW
-2.79948,133.18753,,0.39,0.36,2026-09-29,1639,N,VIIRS,n,2.0NRT,,1.44,N,VIIRS_SNPP_NRT,308.85,291.17,NO,1.848,MONITORING
-2.79892,133.18405,,0.39,0.36,2026-09-29,1639,N,VIIRS,n,2.0NRT,,1.06,N,VIIRS_SNPP_NRT,317.43,291.65,NO,1.59,MONITORING
-2.79837,133.18057,,0.39,0.36,2026-09-29,1639,N,VIIRS,n,2.0NRT,,1.06,N,VIIRS_SNPP_NRT,305.58,291.38,NO,1.396,MONITORING
-2.79221,133.34857,,0.39,0.36,2026-09-29,1639,N,VIIRS,n,2.0NRT,,0.73,N,VIIRS_SNPP_NRT,314.7,291.86,YES,,LOW
-2.79166,133.34509,,0.39,0.36,2026-09-29,1639,N,VIIRS,n,2.0NRT,,0.73,N,VIIRS_SNPP_NRT,306.91,291.62,YES,,LOW
-2.78998,133.35603,,0.39,0.36,2026-09-29,1639,N,VIIRS,n,2.0NRT,,0.86,N,VIIRS_SNPP_NRT,306.53,291.74,YES,,LOW
-2.78943,133.35255,,0.39,0.36,2026-09-29,1639,N,VIIRS,n,2.0NRT,,0.86,N,VIIRS_SNPP_NRT,306.57,291.81,YES,,LOW
-2.78888,133.34911,,0.39,0.36,2026-09-29,1639,N,VIIRS,n,2.0NRT,,0.73,N,VIIRS_SNPP_NRT,305.85,291.79,YES,,LOW
-2.78075,133.59859,,0.38,0.36,2026-09-29,1639,N,VIIRS,n,2.0NRT,,0.78,N,VIIRS_SNPP_NRT,305.44,291.65,YES,,LOW
-2.77956,133.26881,,0.39,0.36,2026-09-29,1639,N,VIIRS,n,2.0NRT,,0.86,N,VIIRS_SNPP_NRT,304.66,291.44,YES,,LOW
-2.77613,133.19121,,0.39,0.36,2026-09-29,1639,N,VIIRS,n,2.0NRT,,1.06,N,VIIRS_SNPP_NRT,308.13,291.17,NO,0.194,MONITORING
-2.77113,133.20268,,0.39,0.36,2026-09-29,1639,N,VIIRS,n,2.0NRT,,1.15,N,VIIRS_SNPP_NRT,303.64,290.53,NO,0.278,MONITORING
-2.77058,133.34131,,0.39,0.36,2026-09-29,1639,N,VIIRS,n,2.0NRT,,1.11,N,VIIRS_SNPP_NRT,309.93,291.55,YES,,LOW
-2.76909,133.20276,,0.39,0.36,2026-09-29,1639,N,VIIRS,n,2.0NRT,,1.08,N,VIIRS_SNPP_NRT,305.44,290.66,NO,0.054,MONITORING
-2.76612,133.35623,,0.39,0.36,2026-09-29,1639,N,VIIRS,n,2.0NRT,,2.98,N,VIIRS_SNPP_NRT,334.96,293.33,YES,,LOW
-2.7652,133.19981,,0.39,0.36,2026-09-29,1639,N,VIIRS,n,2.0NRT,,1.08,N,VIIRS_SNPP_NRT,308.13,291.02,YES,,LOW
-2.76242,133.20381,,0.39,0.36,2026-09-29,1639,N,VIIRS,n,2.0NRT,,1.28,N,VIIRS_SNPP_NRT,306.41,291.16,YES,,LOW
-2.75963,133.20781,,0.39,0.36,2026-09-29,1639,N,VIIRS,n,2.0NRT,,1.33,N,VIIRS_SNPP_NRT,309.48,290.87,YES,,LOW
-2.75851,133.22224,,0.39,0.36,2026-09-29,1639,N,VIIRS,n,2.0NRT,,2.15,N,VIIRS_SNPP_NRT,309.71,290.77,YES,,LOW
-2.75748,133.60225,,0.38,0.36,2026-09-29,1639,N,VIIRS,n,2.0NRT,,0.95,N,VIIRS_SNPP_NRT,310.19,291.52,YES,,LOW
-2.75621,133.29382,,0.39,0.36,2026-09-29,1639,N,VIIRS,n,2.0NRT,,2.36,N,VIIRS_SNPP_NRT,318.37,292.29,YES,,LOW
-2.75565,133.29036,,0.39,0.36,2026-09-29,1639,N,VIIRS,n,2.0NRT,,1.54,N,VIIRS_SNPP_NRT,313.84,292.0,YES,,LOW
-2.75517,133.22276,,0.39,0.36,2026-09-29,1639,N,VIIRS,n,2.0NRT,,2.15,N,VIIRS_SNPP_NRT,335.02,292.66,YES,,LOW
-2.7547,133.60622,,0.38,0.36,2026-09-29,1639,N,VIIRS,n,2.0NRT,,1.57,N,VIIRS_SNPP_NRT,310.25,292.0,YES,,LOW
-2.75416,133.60277,,0.38,0.36,2026-09-29,1639,N,VIIRS,n,2.0NRT,,0.95,N,VIIRS_SNPP_NRT,312.55,291.83,YES,,LOW
-2.75287,133.29434,,0.39,0.36,2026-09-29,1639,N,VIIRS,n,2.0NRT,,2.36,N,VIIRS_SNPP_NRT,334.25,293.67,YES,,LOW
-2.75232,133.29086,,0.39,0.36,2026-09-29,1639,N,VIIRS,n,2.0NRT,,1.54,N,VIIRS_SNPP_NRT,314.77,292.4,YES,,LOW
-2.75138,133.60674,,0.38,0.36,2026-09-29,1639,N,VIIRS,n,2.0NRT,,1.31,N,VIIRS_SNPP_NRT,309.48,291.96,YES,,LOW
-2.75083,133.60329,,0.38,0.36,2026-09-29,1639,N,VIIRS,n,2.0NRT,,0.71,N,VIIRS_SNPP_NRT,308.69,291.67,YES,,LOW
-2.75064,133.3018,,0.39,0.36,2026-09-29,1639,N,VIIRS,n,2.0NRT,,1.0,N,VIIRS_SNPP_NRT,307.08,291.83,YES,,LOW
-2.75057,133.36578,,0.39,0.36,2026-09-29,1639,N,VIIRS,n,2.0NRT,,0.52,N,VIIRS_SNPP_NRT,304.91,291.8,YES,,LOW
-2.74954,133.29486,,0.39,0.36,2026-09-29,1639,N,VIIRS,n,2.0NRT,,1.58,N,VIIRS_SNPP_NRT,321.25,292.84,YES,,LOW
-2.74901,133.27003,,0.39,0.36,2026-09-29,1639,N,VIIRS,n,2.0NRT,,0.92,N,VIIRS_SNPP_NRT,309.81,291.89,YES,,LOW
-2.74621,133.29539,,0.39,0.36,2026-09-29,1639,N,VIIRS,n,2.0NRT,,1.58,N,VIIRS_SNPP_NRT,305.9,292.05,YES,,LOW
-2.74233,133.29242,,0.39,0.36,2026-09-29,1639,N,VIIRS,n,2.0NRT,,0.84,N,VIIRS_SNPP_NRT,308.97,292.4,YES,,LOW
-2.74169,133.37428,,0.39,0.36,2026-09-29,1639,N,VIIRS,n,2.0NRT,,0.58,N,VIIRS_SNPP_NRT,310.02,291.86,YES,,LOW
-2.74026,133.7047,,0.38,0.36,2026-09-29,1639,N,VIIRS,n,2.0NRT,,0.77,N,VIIRS_SNPP_NRT,305.53,291.42,YES,,LOW
-2.73836,133.3748,,0.39,0.36,2026-09-29,1639,N,VIIRS,n,2.0NRT,,0.58,N,VIIRS_SNPP_NRT,309.84,291.84,YES,,LOW
-2.7368,133.25771,,0.39,0.36,2026-09-29,1639,N,VIIRS,n,2.0NRT,,1.02,N,VIIRS_SNPP_NRT,307.57,291.53,YES,,LOW
-2.73339,133.34361,,0.39,0.36,2026-09-29,1639,N,VIIRS,n,2.0NRT,,1.7,N,VIIRS_SNPP_NRT,310.99,292.43,YES,,LOW
-2.72671,133.36597,,0.39,0.36,2026-09-29,1639,N,VIIRS,n,2.0NRT,,1.3,N,VIIRS_SNPP_NRT,324.73,292.68,YES,,LOW
-2.72338,133.36649,,0.39,0.36,2026-09-29,1639,N,VIIRS,n,2.0NRT,,1.3,N,VIIRS_SNPP_NRT,309.94,292.46,YES,,LOW
-2.72283,133.36304,,0.39,0.36,2026-09-29,1639,N,VIIRS,n,2.0NRT,,1.3,N,VIIRS_SNPP_NRT,310.26,292.37,YES,,LOW
-2.72273,133.4695,,0.38,0.36,2026-09-29,1639,N,VIIRS,n,2.0NRT,,1.54,N,VIIRS_SNPP_NRT,312.39,291.93,YES,,LOW
-2.72228,133.35957,,0.39,0.36,2026-09-29,1639,N,VIIRS,n,2.0NRT,,2.54,N,VIIRS_SNPP_NRT,305.31,292.09,YES,,LOW
-2.72173,133.35609,,0.39,0.36,2026-09-29,1639,N,VIIRS,n,2.0NRT,,2.54,N,VIIRS_SNPP_NRT,338.16,293.78,YES,,LOW
-2.67122,132.93181,,0.39,0.36,2026-09-29,1639,N,VIIRS,n,2.0NRT,,1.35,N,VIIRS_SNPP_NRT,322.89,287.03,NO,12.842,MONITORING
-2.66792,133.08298,,0.39,0.36,2026-09-29,1639,N,VIIRS,n,2.0NRT,,1.74,N,VIIRS_SNPP_NRT,314.04,291.79,YES,,LOW
-2.66736,133.07948,,0.39,0.36,2026-09-29,1639,N,VIIRS,n,2.0NRT,,1.74,N,VIIRS_SNPP_NRT,320.62,291.79,NO,0.161,MONITORING
-2.66732,132.92883,,0.39,0.36,2026-09-29,1639,N,VIIRS,n,2.0NRT,,1.35,N,VIIRS_SNPP_NRT,310.96,286.49,NO,12.896,MONITORING
-2.66346,133.07652,,0.39,0.36,2026-09-29,1639,N,VIIRS,n,2.0NRT,,0.83,N,VIIRS_SNPP_NRT,304.26,291.07,NO,0.071,MONITORING
-2.65956,133.07356,,0.39,0.36,2026-09-29,1639,N,VIIRS,n,2.0NRT,,2.1,N,VIIRS_SNPP_NRT,307.88,290.79,NO,0.115,MONITORING
-2.64454,133.08669,,0.39,0.36,2026-09-29,1639,N,VIIRS,n,2.0NRT,,0.56,N,VIIRS_SNPP_NRT,307.82,288.56,YES,,LOW
-2.6423,133.07271,,0.39,0.36,2026-09-29,1639,N,VIIRS,n,2.0NRT,,0.94,N,VIIRS_SNPP_NRT,308.51,289.01,YES,,LOW
-2.63964,133.07014,,0.39,0.36,2026-09-29,1639,N,VIIRS,n,2.0NRT,,2.76,N,VIIRS_SNPP_NRT,316.02,289.73,YES,,LOW
-2.63962,133.09164,,0.39,0.36,2026-09-29,1639,N,VIIRS,n,2.0NRT,,0.74,N,VIIRS_SNPP_NRT,304.98,290.55,YES,,LOW
-2.63573,133.08867,,0.39,0.36,2026-09-29,1639,N,VIIRS,n,2.0NRT,,2.13,N,VIIRS_SNPP_NRT,309.53,290.99,YES,,LOW
-2.62569,133.11171,,0.39,0.36,2026-09-29,1639,N,VIIRS,n,2.0NRT,,1.06,N,VIIRS_SNPP_NRT,311.75,290.7,YES,,LOW
-2.62513,133.10822,,0.39,0.36,2026-09-29,1639,N,VIIRS,n,2.0NRT,,1.06,N,VIIRS_SNPP_NRT,311.27,290.78,YES,,LOW
-2.62236,133.09079,,0.39,0.36,2026-09-29,1639,N,VIIRS,n,2.0NRT,,1.13,N,VIIRS_SNPP_NRT,306.63,290.98,YES,,LOW
-2.6,133.29413,,0.39,0.36,2026-09-29,1639,N,VIIRS,n,2.0NRT,,1.25,N,VIIRS_SNPP_NRT,313.65,289.8,YES,,LOW
-2.59944,133.29066,,0.39,0.36,2026-09-29,1639,N,VIIRS,n,2.0NRT,,1.25,N,VIIRS_SNPP_NRT,306.6,289.79,YES,,LOW
-2.59889,133.28719,,0.39,0.36,2026-09-29,1639,N,VIIRS,n,2.0NRT,,0.95,N,VIIRS_SNPP_NRT,307.16,290.57,YES,,LOW
-2.59833,133.28371,,0.39,0.36,2026-09-29,1639,N,VIIRS,n,2.0NRT,,0.95,N,VIIRS_SNPP_NRT,307.41,290.61,YES,,LOW
-3.00661,133.11041,,0.32,0.55,2026-09-30,521,N,VIIRS,n,2.0NRT,,11.32,D,VIIRS_SNPP_NRT,357.28,297.51,NO,10.082,MONITORING
-3.00612,133.11336,,0.32,0.55,2026-09-30,521,N,VIIRS,h,2.0NRT,,16.55,D,VIIRS_SNPP_NRT,367.0,299.07,NO,9.864,MONITORING
-3.00564,133.11627,,0.32,0.55,2026-09-30,521,N,VIIRS,h,2.0NRT,,16.55,D,VIIRS_SNPP_NRT,367.0,298.44,NO,9.656,MONITORING
-3.00516,133.1192,,0.32,0.55,2026-09-30,521,N,VIIRS,n,2.0NRT,,6.06,D,VIIRS_SNPP_NRT,338.13,295.98,NO,9.453,MONITORING
-3.0025,133.10379,,0.32,0.55,2026-09-30,521,N,VIIRS,h,2.0NRT,,12.73,D,VIIRS_SNPP_NRT,367.0,298.61,NO,10.124,MONITORING
-3.00201,133.10672,,0.32,0.55,2026-09-30,521,N,VIIRS,n,2.0NRT,,11.32,D,VIIRS_SNPP_NRT,341.53,298.6,NO,9.887,MONITORING
-3.00008,133.11841,,0.32,0.55,2026-09-30,521,N,VIIRS,h,2.0NRT,,6.06,D,VIIRS_SNPP_NRT,367.0,298.89,NO,8.999,MONITORING
-2.9996,133.12134,,0.32,0.55,2026-09-30,521,N,VIIRS,n,2.0NRT,,6.06,D,VIIRS_SNPP_NRT,333.32,294.19,NO,8.794,MONITORING
-2.99839,133.09718,,0.32,0.55,2026-09-30,521,N,VIIRS,n,2.0NRT,,8.68,D,VIIRS_SNPP_NRT,336.86,294.09,NO,10.221,MONITORING
-2.99791,133.10011,,0.32,0.55,2026-09-30,521,N,VIIRS,h,2.0NRT,,12.13,D,VIIRS_SNPP_NRT,367.0,299.19,NO,9.97,MONITORING
-2.99742,133.10304,,0.32,0.55,2026-09-30,521,N,VIIRS,n,2.0NRT,,12.13,D,VIIRS_SNPP_NRT,333.24,297.84,NO,9.723,MONITORING
-2.99645,133.10889,,0.32,0.55,2026-09-30,521,N,VIIRS,n,2.0NRT,,8.61,D,VIIRS_SNPP_NRT,340.37,298.24,NO,9.244,MONITORING
-2.99332,133.09641,,0.32,0.55,2026-09-30,521,N,VIIRS,n,2.0NRT,,8.68,D,VIIRS_SNPP_NRT,354.48,295.41,NO,9.858,MONITORING
-2.99284,133.09933,,0.32,0.55,2026-09-30,521,N,VIIRS,h,2.0NRT,,12.13,D,VIIRS_SNPP_NRT,367.0,295.61,NO,9.599,MONITORING
-2.98994,133.2114,,0.33,0.55,2026-09-30,521,N,VIIRS,n,2.0NRT,,3.96,D,VIIRS_SNPP_NRT,334.93,295.27,NO,4.284,MONITORING
-2.98944,133.2144,,0.33,0.55,2026-09-30,521,N,VIIRS,n,2.0NRT,,4.2,D,VIIRS_SNPP_NRT,333.02,294.99,NO,4.054,MONITORING
-2.95601,133.92941,,0.37,0.58,2026-09-30,521,N,VIIRS,n,2.0NRT,,3.49,D,VIIRS_SNPP_NRT,331.19,292.26,NO,14.734,MONITORING
-2.95055,133.92911,,0.37,0.58,2026-09-30,521,N,VIIRS,n,2.0NRT,,3.49,D,VIIRS_SNPP_NRT,347.11,292.63,NO,14.572,MONITORING
-2.88478,133.16473,,0.33,0.55,2026-09-30,521,N,VIIRS,n,2.0NRT,,2.24,D,VIIRS_SNPP_NRT,329.29,293.3,NO,3.93,MONITORING
-2.8763,133.12125,,0.33,0.55,2026-09-30,521,N,VIIRS,n,2.0NRT,,2.16,D,VIIRS_SNPP_NRT,329.08,293.87,NO,6.926,MONITORING
-2.8759,133.06114,,0.32,0.55,2026-09-30,521,N,VIIRS,n,2.0NRT,,3.17,D,VIIRS_SNPP_NRT,349.04,294.64,NO,12.135,MONITORING
-2.87276,133.06059,,0.32,0.55,2026-09-30,521,N,VIIRS,h,2.0NRT,,6.0,D,VIIRS_SNPP_NRT,367.0,295.56,NO,12.357,MONITORING
-2.87083,133.06036,,0.32,0.55,2026-09-30,521,N,VIIRS,n,2.0NRT,,3.17,D,VIIRS_SNPP_NRT,335.93,293.76,NO,12.486,MONITORING
-2.87074,133.12331,,0.33,0.55,2026-09-30,521,N,VIIRS,n,2.0NRT,,2.16,D,VIIRS_SNPP_NRT,330.46,291.28,NO,7.296,MONITORING
-2.8413,133.09462,,0.33,0.55,2026-09-30,521,N,VIIRS,n,2.0NRT,,7.32,D,VIIRS_SNPP_NRT,342.27,293.35,NO,9.991,MONITORING
-2.71655,133.20142,,0.33,0.55,2026-09-30,521,N,VIIRS,n,2.0NRT,,2.64,D,VIIRS_SNPP_NRT,330.15,293.47,YES,,LOW
-2.62422,132.98065,,0.32,0.55,2026-09-30,521,N,VIIRS,n,2.0NRT,,5.41,D,VIIRS_SNPP_NRT,330.53,295.71,NO,5.569,MONITORING
-2.62375,132.98358,,0.32,0.55,2026-09-30,521,N,VIIRS,h,2.0NRT,,14.86,D,VIIRS_SNPP_NRT,367.0,299.96,NO,5.362,MONITORING
-2.61916,132.9799,,0.32,0.55,2026-09-30,521,N,VIIRS,h,2.0NRT,,9.05,D,VIIRS_SNPP_NRT,367.0,297.7,NO,5.141,MONITORING
-2.61869,132.98282,,0.32,0.55,2026-09-30,521,N,VIIRS,n,2.0NRT,,17.28,D,VIIRS_SNPP_NRT,330.85,296.8,NO,4.917,MONITORING
-2.6141,132.97913,,0.32,0.55,2026-09-30,521,N,VIIRS,h,2.0NRT,,9.05,D,VIIRS_SNPP_NRT,367.0,299.34,NO,4.746,MONITORING
-2.60904,132.97833,,0.32,0.55,2026-09-30,521,N,VIIRS,h,2.0NRT,,8.54,D,VIIRS_SNPP_NRT,367.0,298.1,NO,4.391,MONITORING
-2.60398,132.97752,,0.32,0.55,2026-09-30,521,N,VIIRS,h,2.0NRT,,8.54,D,VIIRS_SNPP_NRT,367.0,298.76,NO,4.086,MONITORING
-2.59892,132.97672,,0.32,0.55,2026-09-30,521,N,VIIRS,n,2.0NRT,,2.35,D,VIIRS_SNPP_NRT,329.8,295.66,NO,3.794,MONITORING
-2.59845,132.97963,,0.32,0.55,2026-09-30,521,N,VIIRS,n,2.0NRT,,4.0,D,VIIRS_SNPP_NRT,332.74,296.9,NO,3.538,MONITORING
-2.59099,132.99342,,0.32,0.55,2026-09-30,521,N,VIIRS,n,2.0NRT,,5.82,D,VIIRS_SNPP_NRT,353.97,294.69,NO,1.801,MONITORING
-2.99308,133.20752,,0.34,0.56,2026-09-26,514,N20,VIIRS,n,2.0NRT,,2.09,D,VIIRS_NOAA20_NRT,329.38,290.4,NO,4.821,MONITORING
-2.98743,133.10059,,0.34,0.56,2026-09-26,514,N20,VIIRS,n,2.0NRT,,2.59,D,VIIRS_NOAA20_NRT,343.27,295.68,NO,9.062,MONITORING
-2.98695,133.10364,,0.34,0.56,2026-09-26,514,N20,VIIRS,n,2.0NRT,,2.59,D,VIIRS_NOAA20_NRT,332.96,294.42,NO,8.79,MONITORING
-2.98576,133.09323,,0.34,0.56,2026-09-26,514,N20,VIIRS,n,2.0NRT,,17.88,D,VIIRS_NOAA20_NRT,356.68,296.78,NO,9.523,MONITORING
-2.98525,133.09628,,0.34,0.56,2026-09-26,514,N20,VIIRS,h,2.0NRT,,7.17,D,VIIRS_NOAA20_NRT,367.0,295.87,NO,9.234,MONITORING
-2.98474,133.0993,,0.34,0.56,2026-09-26,514,N20,VIIRS,n,2.0NRT,,7.17,D,VIIRS_NOAA20_NRT,334.0,295.89,NO,8.951,MONITORING
-2.98423,133.10236,,0.34,0.56,2026-09-26,514,N20,VIIRS,n,2.0NRT,,8.53,D,VIIRS_NOAA20_NRT,351.41,296.01,NO,8.669,MONITORING
-2.98377,133.09064,,0.34,0.56,2026-09-26,514,N20,VIIRS,n,2.0NRT,,8.94,D,VIIRS_NOAA20_NRT,347.54,295.9,NO,9.597,MONITORING
-2.98328,133.0937,,0.34,0.56,2026-09-26,514,N20,VIIRS,h,2.0NRT,,10.86,D,VIIRS_NOAA20_NRT,367.0,298.35,NO,9.301,MONITORING
-2.98279,133.09677,,0.34,0.56,2026-09-26,514,N20,VIIRS,n,2.0NRT,,10.86,D,VIIRS_NOAA20_NRT,348.48,296.78,NO,9.009,MONITORING
-2.98011,133.09552,,0.34,0.56,2026-09-26,514,N20,VIIRS,n,2.0NRT,,7.17,D,VIIRS_NOAA20_NRT,329.76,295.44,NO,8.918,MONITORING
-2.95316,133.9258,,0.39,0.59,2026-09-26,514,N20,VIIRS,n,2.0NRT,,4.24,D,VIIRS_NOAA20_NRT,336.16,293.3,NO,15.012,MONITORING
-2.95172,133.55376,,0.36,0.58,2026-09-26,514,N20,VIIRS,n,2.0NRT,,4.31,D,VIIRS_NOAA20_NRT,329.43,292.22,YES,,LOW
-2.95139,133.9254,,0.39,0.59,2026-09-26,514,N20,VIIRS,n,2.0NRT,,3.55,D,VIIRS_NOAA20_NRT,333.98,293.52,NO,14.841,MONITORING
-2.94634,133.99124,,0.39,0.59,2026-09-26,514,N20,VIIRS,n,2.0NRT,,3.77,D,VIIRS_NOAA20_NRT,337.3,292.75,NO,7.999,MONITORING
-2.94212,133.99086,,0.39,0.59,2026-09-26,514,N20,VIIRS,n,2.0NRT,,4.24,D,VIIRS_NOAA20_NRT,339.01,292.73,NO,7.819,MONITORING
-2.90969,133.94194,,0.39,0.59,2026-09-26,514,N20,VIIRS,n,2.0NRT,,4.78,D,VIIRS_NOAA20_NRT,329.75,294.04,NO,10.268,MONITORING
-2.90913,133.94533,,0.39,0.59,2026-09-26,514,N20,VIIRS,n,2.0NRT,,5.31,D,VIIRS_NOAA20_NRT,330.14,293.27,NO,10.261,MONITORING
-2.90435,133.97443,,0.39,0.59,2026-09-26,514,N20,VIIRS,n,2.0NRT,,4.14,D,VIIRS_NOAA20_NRT,338.51,292.8,NO,8.389,MONITORING
-2.88494,133.17848,,0.34,0.56,2026-09-26,514,N20,VIIRS,h,2.0NRT,,6.38,D,VIIRS_NOAA20_NRT,367.0,294.84,NO,4.007,MONITORING
-2.88128,133.16859,,0.34,0.56,2026-09-26,514,N20,VIIRS,n,2.0NRT,,11.13,D,VIIRS_NOAA20_NRT,352.33,295.52,NO,4.305,MONITORING
-2.88078,133.17165,,0.34,0.56,2026-09-26,514,N20,VIIRS,h,2.0NRT,,11.15,D,VIIRS_NOAA20_NRT,367.0,296.8,NO,4.381,MONITORING
-2.88027,133.17468,,0.34,0.56,2026-09-26,514,N20,VIIRS,n,2.0NRT,,11.15,D,VIIRS_NOAA20_NRT,329.43,294.87,NO,4.482,MONITORING
-2.87976,133.17776,,0.34,0.56,2026-09-26,514,N20,VIIRS,n,2.0NRT,,6.38,D,VIIRS_NOAA20_NRT,334.63,294.61,NO,4.584,MONITORING
-2.87924,133.18083,,0.34,0.56,2026-09-26,514,N20,VIIRS,n,2.0NRT,,6.38,D,VIIRS_NOAA20_NRT,340.41,293.83,NO,4.647,MONITORING
-2.87821,133.18704,,0.34,0.56,2026-09-26,514,N20,VIIRS,h,2.0NRT,,13.63,D,VIIRS_NOAA20_NRT,367.0,292.57,NO,4.791,MONITORING
-2.87611,133.16785,,0.34,0.56,2026-09-26,514,N20,VIIRS,h,2.0NRT,,9.43,D,VIIRS_NOAA20_NRT,367.0,295.56,NO,4.881,MONITORING
-2.8756,133.17091,,0.34,0.56,2026-09-26,514,N20,VIIRS,n,2.0NRT,,8.73,D,VIIRS_NOAA20_NRT,333.62,293.98,NO,4.949,MONITORING
-2.8745,133.16631,,0.34,0.56,2026-09-26,514,N20,VIIRS,n,2.0NRT,,8.66,D,VIIRS_NOAA20_NRT,355.95,294.56,NO,5.063,MONITORING
-2.87401,133.16939,,0.34,0.56,2026-09-26,514,N20,VIIRS,n,2.0NRT,,8.7,D,VIIRS_NOAA20_NRT,340.68,293.46,NO,5.118,MONITORING
-2.87196,133.161,,0.34,0.56,2026-09-26,514,N20,VIIRS,n,2.0NRT,,6.3,D,VIIRS_NOAA20_NRT,340.73,294.4,NO,5.397,MONITORING
-2.87145,133.16406,,0.34,0.56,2026-09-26,514,N20,VIIRS,n,2.0NRT,,9.43,D,VIIRS_NOAA20_NRT,347.19,293.93,NO,5.416,MONITORING
-2.8703,133.15944,,0.34,0.56,2026-09-26,514,N20,VIIRS,n,2.0NRT,,4.85,D,VIIRS_NOAA20_NRT,333.97,293.9,NO,5.607,MONITORING
-2.86981,133.16252,,0.34,0.56,2026-09-26,514,N20,VIIRS,h,2.0NRT,,8.66,D,VIIRS_NOAA20_NRT,367.0,294.42,NO,5.614,MONITORING
-2.85627,133.14792,,0.34,0.56,2026-09-26,514,N20,VIIRS,n,2.0NRT,,4.95,D,VIIRS_NOAA20_NRT,334.23,292.15,NO,7.425,MONITORING
-2.85578,133.15099,,0.34,0.56,2026-09-26,514,N20,VIIRS,n,2.0NRT,,4.95,D,VIIRS_NOAA20_NRT,330.11,293.82,NO,7.389,MONITORING
-2.85111,133.14714,,0.34,0.56,2026-09-26,514,N20,VIIRS,n,2.0NRT,,4.95,D,VIIRS_NOAA20_NRT,351.11,293.46,NO,7.905,MONITORING
-2.85061,133.15021,,0.34,0.56,2026-09-26,514,N20,VIIRS,h,2.0NRT,,4.95,D,VIIRS_NOAA20_NRT,367.0,292.56,NO,7.737,MONITORING
-2.83587,133.0139,,0.34,0.56,2026-09-26,514,N20,VIIRS,n,2.0NRT,,2.34,D,VIIRS_NOAA20_NRT,329.63,294.31,NO,13.648,MONITORING
-2.82562,133.10878,,0.34,0.56,2026-09-26,514,N20,VIIRS,n,2.0NRT,,3.15,D,VIIRS_NOAA20_NRT,344.36,291.86,NO,7.638,MONITORING
-2.76946,133.09709,,0.34,0.56,2026-09-26,514,N20,VIIRS,n,2.0NRT,,6.98,D,VIIRS_NOAA20_NRT,332.13,291.11,NO,3.47,MONITORING
-2.76895,133.10013,,0.34,0.56,2026-09-26,514,N20,VIIRS,l,2.0NRT,,6.98,D,VIIRS_NOAA20_NRT,356.95,291.21,NO,3.419,MONITORING
-2.76736,133.09766,,0.34,0.56,2026-09-26,514,N20,VIIRS,n,2.0NRT,,15.29,D,VIIRS_NOAA20_NRT,352.92,292.8,NO,3.239,MONITORING
-2.76688,133.10072,,0.34,0.56,2026-09-26,514,N20,VIIRS,l,2.0NRT,,15.69,D,VIIRS_NOAA20_NRT,356.34,290.37,NO,3.182,MONITORING
-2.76379,133.09938,,0.34,0.56,2026-09-26,514,N20,VIIRS,n,2.0NRT,,6.98,D,VIIRS_NOAA20_NRT,334.79,290.14,NO,2.861,MONITORING
-2.72728,133.34834,,0.36,0.57,2026-09-26,514,N20,VIIRS,n,2.0NRT,,8.38,D,VIIRS_NOAA20_NRT,330.0,290.84,YES,,LOW
-2.72679,133.35146,,0.36,0.57,2026-09-26,514,N20,VIIRS,l,2.0NRT,,12.45,D,VIIRS_NOAA20_NRT,356.34,290.83,YES,,HIGH
-2.44265,133.14246,,0.35,0.57,2026-09-26,514,N20,VIIRS,h,2.0NRT,,7.43,D,VIIRS_NOAA20_NRT,367.0,294.63,YES,,LOW
-2.43849,133.14319,,0.35,0.57,2026-09-26,514,N20,VIIRS,h,2.0NRT,,5.35,D,VIIRS_NOAA20_NRT,367.0,292.84,YES,,LOW
-3.0603,133.63103,,0.56,0.43,2026-09-26,1616,N20,VIIRS,n,2.0NRT,,0.87,N,VIIRS_NOAA20_NRT,306.54,291.38,NO,3.714,MONITORING
-3.05637,133.63162,,0.56,0.43,2026-09-26,1616,N20,VIIRS,n,2.0NRT,,0.87,N,VIIRS_NOAA20_NRT,303.6,291.34,NO,3.523,MONITORING
-3.0192,133.64944,,0.56,0.43,2026-09-26,1616,N20,VIIRS,n,2.0NRT,,1.17,N,VIIRS_NOAA20_NRT,306.3,291.34,NO,1.497,MONITORING
-2.99004,133.20647,,0.39,0.44,2026-09-26,1616,N20,VIIRS,n,2.0NRT,,1.71,N,VIIRS_NOAA20_NRT,311.47,291.27,NO,4.629,MONITORING
-2.98945,133.20294,,0.39,0.44,2026-09-26,1616,N20,VIIRS,n,2.0NRT,,1.91,N,VIIRS_NOAA20_NRT,310.45,290.94,NO,4.773,MONITORING
-2.98916,133.10039,,0.4,0.44,2026-09-26,1616,N20,VIIRS,n,2.0NRT,,2.4,N,VIIRS_NOAA20_NRT,335.8,292.02,NO,9.217,MONITORING
-2.98857,133.0968,,0.4,0.44,2026-09-26,1616,N20,VIIRS,n,2.0NRT,,2.4,N,VIIRS_NOAA20_NRT,317.41,291.22,NO,9.449,MONITORING
-2.98738,133.0896,,0.4,0.44,2026-09-26,1616,N20,VIIRS,n,2.0NRT,,1.42,N,VIIRS_NOAA20_NRT,305.55,291.17,NO,9.946,MONITORING
-2.98599,133.20711,,0.39,0.44,2026-09-26,1616,N20,VIIRS,n,2.0NRT,,1.71,N,VIIRS_NOAA20_NRT,315.05,291.62,NO,4.201,MONITORING
-2.98541,133.20358,,0.39,0.44,2026-09-26,1616,N20,VIIRS,n,2.0NRT,,1.91,N,VIIRS_NOAA20_NRT,311.39,291.17,NO,4.36,MONITORING
-2.98509,133.10106,,0.4,0.44,2026-09-26,1616,N20,VIIRS,n,2.0NRT,,2.4,N,VIIRS_NOAA20_NRT,311.14,292.03,NO,8.839,MONITORING
-2.9845,133.09746,,0.4,0.44,2026-09-26,1616,N20,VIIRS,n,2.0NRT,,2.4,N,VIIRS_NOAA20_NRT,312.11,291.88,NO,9.081,MONITORING
-2.9839,133.09386,,0.4,0.44,2026-09-26,1616,N20,VIIRS,n,2.0NRT,,1.42,N,VIIRS_NOAA20_NRT,311.44,291.78,NO,9.333,MONITORING
-2.98331,133.09027,,0.4,0.44,2026-09-26,1616,N20,VIIRS,n,2.0NRT,,1.42,N,VIIRS_NOAA20_NRT,314.0,291.98,NO,9.596,MONITORING
-2.98136,133.20422,,0.39,0.44,2026-09-26,1616,N20,VIIRS,n,2.0NRT,,1.29,N,VIIRS_NOAA20_NRT,303.38,291.05,NO,3.953,MONITORING
-2.98125,133.33701,,0.39,0.44,2026-09-26,1616,N20,VIIRS,n,2.0NRT,,0.87,N,VIIRS_NOAA20_NRT,303.43,290.89,YES,,LOW
-2.9812,133.20726,,0.4,0.44,2026-09-26,1616,N20,VIIRS,n,2.0NRT,,0.62,N,VIIRS_NOAA20_NRT,303.31,291.09,NO,3.741,MONITORING
-2.97983,133.09448,,0.4,0.44,2026-09-26,1616,N20,VIIRS,n,2.0NRT,,1.11,N,VIIRS_NOAA20_NRT,310.7,292.1,NO,8.987,MONITORING
-2.97924,133.09093,,0.4,0.44,2026-09-26,1616,N20,VIIRS,n,2.0NRT,,1.11,N,VIIRS_NOAA20_NRT,303.8,291.23,NO,9.257,MONITORING
-2.96916,132.92772,,0.41,0.45,2026-09-26,1616,N20,VIIRS,n,2.0NRT,,0.61,N,VIIRS_NOAA20_NRT,306.96,288.65,NO,25.913,MONITORING
-2.96872,133.96031,,0.53,0.42,2026-09-26,1616,N20,VIIRS,n,2.0NRT,,1.65,N,VIIRS_NOAA20_NRT,308.83,290.83,NO,12.231,MONITORING
-2.96795,133.95555,,0.53,0.42,2026-09-26,1616,N20,VIIRS,n,2.0NRT,,1.65,N,VIIRS_NOAA20_NRT,305.01,290.77,NO,12.643,MONITORING
-2.95832,133.11578,,0.4,0.44,2026-09-26,1616,N20,VIIRS,n,2.0NRT,,0.87,N,VIIRS_NOAA20_NRT,302.01,291.34,NO,5.645,MONITORING
-2.95414,133.16779,,0.4,0.44,2026-09-26,1616,N20,VIIRS,n,2.0NRT,,0.89,N,VIIRS_NOAA20_NRT,303.15,291.28,NO,2.289,MONITORING
-2.95368,133.11284,,0.4,0.44,2026-09-26,1616,N20,VIIRS,n,2.0NRT,,1.56,N,VIIRS_NOAA20_NRT,308.55,291.37,NO,5.642,MONITORING
-2.95211,133.93097,,0.54,0.42,2026-09-26,1616,N20,VIIRS,n,2.0NRT,,2.25,N,VIIRS_NOAA20_NRT,309.5,290.94,NO,14.428,MONITORING
-2.95137,133.92633,,0.54,0.42,2026-09-26,1616,N20,VIIRS,n,2.0NRT,,2.64,N,VIIRS_NOAA20_NRT,313.6,290.61,NO,14.835,MONITORING
-2.94177,133.98929,,0.53,0.42,2026-09-26,1616,N20,VIIRS,n,2.0NRT,,3.49,N,VIIRS_NOAA20_NRT,317.03,291.17,NO,7.959,MONITORING
-2.92056,133.53281,,0.57,0.43,2026-09-26,1616,N20,VIIRS,n,2.0NRT,,1.5,N,VIIRS_NOAA20_NRT,308.53,291.16,YES,,LOW
-2.91893,133.53128,,0.57,0.43,2026-09-26,1616,N20,VIIRS,n,2.0NRT,,1.77,N,VIIRS_NOAA20_NRT,308.18,290.78,YES,,LOW
-2.91834,133.55217,,0.57,0.43,2026-09-26,1616,N20,VIIRS,n,2.0NRT,,1.48,N,VIIRS_NOAA20_NRT,304.37,290.71,YES,,LOW
-2.9174,133.53848,,0.57,0.43,2026-09-26,1616,N20,VIIRS,n,2.0NRT,,1.2,N,VIIRS_NOAA20_NRT,304.94,290.68,YES,,LOW
-2.91581,133.53696,,0.57,0.43,2026-09-26,1616,N20,VIIRS,n,2.0NRT,,1.77,N,VIIRS_NOAA20_NRT,307.55,291.22,YES,,LOW
-2.91579,133.52835,,0.57,0.43,2026-09-26,1616,N20,VIIRS,n,2.0NRT,,1.79,N,VIIRS_NOAA20_NRT,304.12,290.68,YES,,LOW
-2.91091,133.94548,,0.54,0.42,2026-09-26,1616,N20,VIIRS,n,2.0NRT,,2.46,N,VIIRS_NOAA20_NRT,306.81,291.2,NO,10.46,MONITORING
-2.91012,133.94066,,0.54,0.42,2026-09-26,1616,N20,VIIRS,n,2.0NRT,,3.84,N,VIIRS_NOAA20_NRT,313.86,291.53,NO,10.298,MONITORING
-2.90427,133.97742,,0.53,0.42,2026-09-26,1616,N20,VIIRS,n,2.0NRT,,2.66,N,VIIRS_NOAA20_NRT,311.32,290.98,NO,8.092,MONITORING
-2.9034,133.97214,,0.53,0.42,2026-09-26,1616,N20,VIIRS,n,2.0NRT,,2.69,N,VIIRS_NOAA20_NRT,304.77,290.96,NO,8.568,MONITORING
-2.90242,133.94203,,0.54,0.42,2026-09-26,1616,N20,VIIRS,n,2.0NRT,,1.6,N,VIIRS_NOAA20_NRT,307.53,290.64,NO,9.466,MONITORING
-2.90202,133.98773,,0.53,0.42,2026-09-26,1616,N20,VIIRS,n,2.0NRT,,2.75,N,VIIRS_NOAA20_NRT,312.91,290.54,NO,6.973,MONITORING
-2.90124,133.98299,,0.53,0.42,2026-09-26,1616,N20,VIIRS,n,2.0NRT,,3.26,N,VIIRS_NOAA20_NRT,316.72,290.79,NO,7.386,MONITORING
-2.89956,133.97281,,0.53,0.42,2026-09-26,1616,N20,VIIRS,n,2.0NRT,,2.72,N,VIIRS_NOAA20_NRT,309.65,291.27,NO,8.318,MONITORING
-2.89859,133.94284,,0.54,0.42,2026-09-26,1616,N20,VIIRS,n,2.0NRT,,1.6,N,VIIRS_NOAA20_NRT,306.99,291.01,NO,9.057,MONITORING
-2.89799,133.96329,,0.53,0.42,2026-09-26,1616,N20,VIIRS,n,2.0NRT,,1.32,N,VIIRS_NOAA20_NRT,304.91,290.89,NO,9.234,MONITORING
-2.89307,133.58922,,0.56,0.43,2026-09-26,1616,N20,VIIRS,n,2.0NRT,,1.04,N,VIIRS_NOAA20_NRT,306.22,291.12,YES,,LOW
-2.88913,133.58986,,0.56,0.43,2026-09-26,1616,N20,VIIRS,n,2.0NRT,,1.04,N,VIIRS_NOAA20_NRT,304.58,291.53,YES,,LOW
-2.88368,133.60622,,0.56,0.43,2026-09-26,1616,N20,VIIRS,n,2.0NRT,,2.95,N,VIIRS_NOAA20_NRT,306.5,291.37,YES,,LOW
-2.88365,133.95874,,0.54,0.42,2026-09-26,1616,N20,VIIRS,n,2.0NRT,,1.21,N,VIIRS_NOAA20_NRT,302.11,290.79,NO,7.94,MONITORING
-2.88294,133.95432,,0.54,0.42,2026-09-26,1616,N20,VIIRS,n,2.0NRT,,1.57,N,VIIRS_NOAA20_NRT,303.01,290.09,NO,7.684,MONITORING
-2.88107,133.95671,,0.54,0.42,2026-09-26,1616,N20,VIIRS,n,2.0NRT,,0.91,N,VIIRS_NOAA20_NRT,311.77,290.86,NO,7.587,MONITORING
-2.88066,133.17648,,0.4,0.44,2026-09-26,1616,N20,VIIRS,n,2.0NRT,,1.43,N,VIIRS_NOAA20_NRT,305.83,291.8,NO,4.478,MONITORING
-2.87979,133.9594,,0.54,0.42,2026-09-26,1616,N20,VIIRS,n,2.0NRT,,1.21,N,VIIRS_NOAA20_NRT,302.63,290.53,NO,7.578,MONITORING
-2.8766,133.17714,,0.4,0.44,2026-09-26,1616,N20,VIIRS,n,2.0NRT,,1.74,N,VIIRS_NOAA20_NRT,308.04,291.57,NO,4.936,MONITORING
-2.87422,133.16275,,0.4,0.44,2026-09-26,1616,N20,VIIRS,n,2.0NRT,,1.38,N,VIIRS_NOAA20_NRT,309.24,291.62,NO,5.123,MONITORING
-2.87015,133.16338,,0.4,0.44,2026-09-26,1616,N20,VIIRS,n,2.0NRT,,1.38,N,VIIRS_NOAA20_NRT,306.37,291.79,NO,5.567,MONITORING
-2.86872,133.61385,,0.56,0.43,2026-09-26,1616,N20,VIIRS,n,2.0NRT,,2.0,N,VIIRS_NOAA20_NRT,308.23,291.37,YES,,LOW
-2.8632,133.14566,,0.4,0.44,2026-09-26,1616,N20,VIIRS,n,2.0NRT,,2.37,N,VIIRS_NOAA20_NRT,319.94,290.77,NO,6.769,MONITORING
-2.8631,133.14603,,0.4,0.44,2026-09-26,1616,N20,VIIRS,n,2.0NRT,,2.31,N,VIIRS_NOAA20_NRT,319.88,290.93,NO,6.766,MONITORING
-2.85425,133.44997,,0.38,0.43,2026-09-26,1616,N20,VIIRS,n,2.0NRT,,1.51,N,VIIRS_NOAA20_NRT,310.06,291.14,YES,,LOW
-2.84121,133.42015,,0.38,0.44,2026-09-26,1616,N20,VIIRS,n,2.0NRT,,0.91,N,VIIRS_NOAA20_NRT,305.08,291.04,YES,,LOW
-2.84064,133.41669,,0.39,0.44,2026-09-26,1616,N20,VIIRS,n,2.0NRT,,0.91,N,VIIRS_NOAA20_NRT,305.35,291.32,YES,,LOW
-2.83544,133.00508,,0.41,0.45,2026-09-26,1616,N20,VIIRS,n,2.0NRT,,1.08,N,VIIRS_NOAA20_NRT,305.32,291.66,NO,14.183,MONITORING
-2.83364,133.01244,,0.41,0.45,2026-09-26,1616,N20,VIIRS,n,2.0NRT,,1.33,N,VIIRS_NOAA20_NRT,309.77,291.2,NO,13.536,MONITORING
-2.83306,133.00876,,0.41,0.45,2026-09-26,1616,N20,VIIRS,n,2.0NRT,,1.33,N,VIIRS_NOAA20_NRT,309.14,291.42,NO,13.724,MONITORING
-2.83231,132.6236,,0.43,0.46,2026-09-26,1616,N20,VIIRS,n,2.0NRT,,1.84,N,VIIRS_NOAA20_NRT,307.48,291.55,NO,48.823,MONITORING
-2.83168,132.61974,,0.43,0.46,2026-09-26,1616,N20,VIIRS,n,2.0NRT,,2.43,N,VIIRS_NOAA20_NRT,316.33,291.74,NO,49.213,MONITORING
-2.82745,132.6203,,0.43,0.46,2026-09-26,1616,N20,VIIRS,n,2.0NRT,,1.85,N,VIIRS_NOAA20_NRT,305.0,290.81,NO,49.018,MONITORING
-2.82719,133.1033,,0.4,0.44,2026-09-26,1616,N20,VIIRS,n,2.0NRT,,2.03,N,VIIRS_NOAA20_NRT,322.01,291.08,NO,8.181,MONITORING
-2.82253,133.10034,,0.4,0.44,2026-09-26,1616,N20,VIIRS,n,2.0NRT,,1.51,N,VIIRS_NOAA20_NRT,318.49,290.86,NO,8.058,MONITORING
-2.82131,133.34865,,0.39,0.44,2026-09-26,1616,N20,VIIRS,n,2.0NRT,,1.41,N,VIIRS_NOAA20_NRT,305.32,290.93,YES,,LOW
-2.81715,132.61024,,0.43,0.46,2026-09-26,1616,N20,VIIRS,n,2.0NRT,,1.61,N,VIIRS_NOAA20_NRT,305.32,291.67,NO,49.788,MONITORING
-2.8155,133.46312,,0.38,0.43,2026-09-26,1616,N20,VIIRS,n,2.0NRT,,0.77,N,VIIRS_NOAA20_NRT,303.99,291.42,YES,,LOW
-2.81385,133.35342,,0.39,0.44,2026-09-26,1616,N20,VIIRS,n,2.0NRT,,1.59,N,VIIRS_NOAA20_NRT,310.31,291.27,YES,,LOW
-2.8087,133.37213,,0.39,0.44,2026-09-26,1616,N20,VIIRS,n,2.0NRT,,0.96,N,VIIRS_NOAA20_NRT,307.9,291.22,YES,,LOW
-2.80526,133.37625,,0.39,0.44,2026-09-26,1616,N20,VIIRS,n,2.0NRT,,0.96,N,VIIRS_NOAA20_NRT,304.35,290.98,YES,,LOW
-2.80514,133.17349,,0.4,0.44,2026-09-26,1616,N20,VIIRS,n,2.0NRT,,1.48,N,VIIRS_NOAA20_NRT,310.61,291.66,NO,2.158,MONITORING
-2.80386,132.60835,,0.43,0.46,2026-09-26,1616,N20,VIIRS,n,2.0NRT,,1.3,N,VIIRS_NOAA20_NRT,307.47,291.95,NO,49.635,MONITORING
-2.80284,133.18492,,0.4,0.44,2026-09-26,1616,N20,VIIRS,n,2.0NRT,,2.42,N,VIIRS_NOAA20_NRT,334.88,292.08,NO,2.026,MONITORING
-2.80068,133.3734,,0.39,0.44,2026-09-26,1616,N20,VIIRS,n,2.0NRT,,1.24,N,VIIRS_NOAA20_NRT,303.95,291.09,YES,,LOW
-2.79936,133.18913,,0.4,0.44,2026-09-26,1616,N20,VIIRS,n,2.0NRT,,2.42,N,VIIRS_NOAA20_NRT,322.23,292.08,NO,1.948,MONITORING
-2.79877,133.18555,,0.4,0.44,2026-09-26,1616,N20,VIIRS,n,2.0NRT,,2.42,N,VIIRS_NOAA20_NRT,314.21,291.5,NO,1.658,MONITORING
-2.79776,133.30576,,0.39,0.44,2026-09-26,1616,N20,VIIRS,n,2.0NRT,,0.97,N,VIIRS_NOAA20_NRT,307.3,291.03,YES,,LOW
-2.79713,133.2516,,0.39,0.44,2026-09-26,1616,N20,VIIRS,n,2.0NRT,,0.63,N,VIIRS_NOAA20_NRT,305.16,291.32,YES,,LOW
-2.79628,133.09341,,0.4,0.45,2026-09-26,1616,N20,VIIRS,n,2.0NRT,,1.07,N,VIIRS_NOAA20_NRT,313.86,291.07,NO,6.441,MONITORING
-2.7961,133.37059,,0.39,0.44,2026-09-26,1616,N20,VIIRS,n,2.0NRT,,1.33,N,VIIRS_NOAA20_NRT,304.81,291.34,YES,,LOW
-2.79479,133.23737,,0.4,0.44,2026-09-26,1616,N20,VIIRS,n,2.0NRT,,0.87,N,VIIRS_NOAA20_NRT,306.34,291.32,YES,,LOW
-2.79322,133.35318,,0.39,0.44,2026-09-26,1616,N20,VIIRS,n,2.0NRT,,1.3,N,VIIRS_NOAA20_NRT,307.58,291.29,YES,,LOW
-2.79264,133.34969,,0.39,0.44,2026-09-26,1616,N20,VIIRS,n,2.0NRT,,1.15,N,VIIRS_NOAA20_NRT,308.03,291.4,YES,,LOW
-2.79151,133.36775,,0.39,0.44,2026-09-26,1616,N20,VIIRS,n,2.0NRT,,1.16,N,VIIRS_NOAA20_NRT,305.74,290.86,YES,,LOW
-2.7914,133.26714,,0.39,0.44,2026-09-26,1616,N20,VIIRS,n,2.0NRT,,1.16,N,VIIRS_NOAA20_NRT,304.15,291.28,YES,,LOW
-2.79134,133.24164,,0.4,0.44,2026-09-26,1616,N20,VIIRS,n,2.0NRT,,0.87,N,VIIRS_NOAA20_NRT,305.13,291.22,YES,,LOW
-2.79016,133.23447,,0.4,0.44,2026-09-26,1616,N20,VIIRS,n,2.0NRT,,0.99,N,VIIRS_NOAA20_NRT,304.24,291.43,YES,,LOW
-2.79011,133.36836,,0.39,0.44,2026-09-26,1616,N20,VIIRS,n,2.0NRT,,0.81,N,VIIRS_NOAA20_NRT,307.27,291.27,YES,,LOW
-2.78957,133.23087,,0.4,0.44,2026-09-26,1616,N20,VIIRS,n,2.0NRT,,0.99,N,VIIRS_NOAA20_NRT,306.61,291.57,YES,,LOW
-2.78411,132.9144,,0.41,0.45,2026-09-26,1616,N20,VIIRS,n,2.0NRT,,0.94,N,VIIRS_NOAA20_NRT,303.32,290.67,NO,16.884,MONITORING
-2.7835,132.91066,,0.42,0.45,2026-09-26,1616,N20,VIIRS,n,2.0NRT,,0.94,N,VIIRS_NOAA20_NRT,304.11,290.71,NO,17.203,MONITORING
-2.77998,132.91508,,0.41,0.45,2026-09-26,1616,N20,VIIRS,n,2.0NRT,,0.94,N,VIIRS_NOAA20_NRT,308.86,291.26,NO,16.58,MONITORING
-2.77937,132.91135,,0.42,0.45,2026-09-26,1616,N20,VIIRS,n,2.0NRT,,0.94,N,VIIRS_NOAA20_NRT,310.23,291.02,NO,16.904,MONITORING
-2.77803,133.23645,,0.4,0.44,2026-09-26,1616,N20,VIIRS,n,2.0NRT,,1.5,N,VIIRS_NOAA20_NRT,304.99,291.63,YES,,LOW
-2.76859,133.31078,,0.39,0.44,2026-09-26,1616,N20,VIIRS,n,2.0NRT,,1.58,N,VIIRS_NOAA20_NRT,306.17,291.51,YES,,LOW
-2.764,133.30792,,0.39,0.44,2026-09-26,1616,N20,VIIRS,n,2.0NRT,,1.04,N,VIIRS_NOAA20_NRT,304.27,290.94,YES,,LOW
-2.76344,133.3044,,0.39,0.44,2026-09-26,1616,N20,VIIRS,n,2.0NRT,,1.0,N,VIIRS_NOAA20_NRT,304.11,291.16,YES,,LOW
-2.76031,133.20656,,0.4,0.44,2026-09-26,1616,N20,VIIRS,n,2.0NRT,,1.09,N,VIIRS_NOAA20_NRT,304.44,291.52,YES,,LOW
-2.75719,133.29115,,0.39,0.44,2026-09-26,1616,N20,VIIRS,n,2.0NRT,,1.42,N,VIIRS_NOAA20_NRT,313.6,291.1,YES,,LOW
-2.75625,133.20721,,0.4,0.44,2026-09-26,1616,N20,VIIRS,n,2.0NRT,,1.26,N,VIIRS_NOAA20_NRT,310.38,291.61,YES,,LOW
-2.75371,133.29529,,0.39,0.44,2026-09-26,1616,N20,VIIRS,n,2.0NRT,,6.1,N,VIIRS_NOAA20_NRT,323.38,291.92,YES,,LOW
-2.75315,133.29178,,0.39,0.44,2026-09-26,1616,N20,VIIRS,n,2.0NRT,,6.52,N,VIIRS_NOAA20_NRT,339.29,292.27,YES,,LOW
-2.74564,133.29655,,0.39,0.44,2026-09-26,1616,N20,VIIRS,n,2.0NRT,,1.45,N,VIIRS_NOAA20_NRT,305.11,290.91,YES,,LOW
-2.74085,133.36922,,0.39,0.44,2026-09-26,1616,N20,VIIRS,n,2.0NRT,,1.5,N,VIIRS_NOAA20_NRT,305.25,291.11,YES,,LOW
-2.73861,133.35536,,0.39,0.44,2026-09-26,1616,N20,VIIRS,n,2.0NRT,,1.11,N,VIIRS_NOAA20_NRT,305.55,289.65,YES,,LOW
-2.73628,133.36641,,0.39,0.44,2026-09-26,1616,N20,VIIRS,n,2.0NRT,,1.53,N,VIIRS_NOAA20_NRT,302.06,290.36,YES,,LOW
-2.73515,133.3595,,0.39,0.44,2026-09-26,1616,N20,VIIRS,n,2.0NRT,,1.11,N,VIIRS_NOAA20_NRT,311.58,290.07,YES,,LOW
-2.67493,132.93599,,0.42,0.45,2026-09-26,1616,N20,VIIRS,n,2.0NRT,,1.05,N,VIIRS_NOAA20_NRT,309.19,291.23,NO,12.283,MONITORING
-2.67433,132.93225,,0.42,0.45,2026-09-26,1616,N20,VIIRS,n,2.0NRT,,0.99,N,VIIRS_NOAA20_NRT,305.46,291.03,NO,12.703,MONITORING
-2.59395,133.28462,,0.4,0.44,2026-09-26,1616,N20,VIIRS,n,2.0NRT,,1.26,N,VIIRS_NOAA20_NRT,303.77,290.85,YES,,LOW
-2.59106,133.29236,,0.4,0.44,2026-09-26,1616,N20,VIIRS,n,2.0NRT,,0.78,N,VIIRS_NOAA20_NRT,304.96,291.15,YES,,LOW
-2.99103,133.10222,,0.5,0.41,2026-09-27,455,N20,VIIRS,n,2.0NRT,,24.3,D,VIIRS_NOAA20_NRT,347.32,299.74,NO,9.234,MONITORING
-2.99032,133.10667,,0.5,0.41,2026-09-27,455,N20,VIIRS,n,2.0NRT,,24.3,D,VIIRS_NOAA20_NRT,351.33,298.43,NO,8.853,MONITORING
-2.98952,133.20811,,0.51,0.41,2026-09-27,455,N20,VIIRS,n,2.0NRT,,12.06,D,VIIRS_NOAA20_NRT,349.19,296.48,NO,4.468,MONITORING
-2.98801,133.09717,,0.5,0.41,2026-09-27,455,N20,VIIRS,n,2.0NRT,,19.22,D,VIIRS_NOAA20_NRT,347.56,300.32,NO,9.376,MONITORING
-2.9873,133.10164,,0.5,0.41,2026-09-27,455,N20,VIIRS,n,2.0NRT,,8.33,D,VIIRS_NOAA20_NRT,335.56,293.38,NO,8.971,MONITORING
-2.98704,133.09399,,0.5,0.41,2026-09-27,455,N20,VIIRS,n,2.0NRT,,9.12,D,VIIRS_NOAA20_NRT,347.47,296.53,NO,9.557,MONITORING
-2.98635,133.09848,,0.5,0.41,2026-09-27,455,N20,VIIRS,n,2.0NRT,,9.12,D,VIIRS_NOAA20_NRT,342.98,299.37,NO,9.142,MONITORING
-2.98587,133.11057,,0.5,0.41,2026-09-27,455,N20,VIIRS,n,2.0NRT,,5.64,D,VIIRS_NOAA20_NRT,340.53,294.91,NO,8.194,MONITORING
-2.98429,133.11191,,0.5,0.41,2026-09-27,455,N20,VIIRS,n,2.0NRT,,9.22,D,VIIRS_NOAA20_NRT,336.62,296.0,NO,7.963,MONITORING
-2.98213,133.10999,,0.5,0.41,2026-09-27,455,N20,VIIRS,n,2.0NRT,,5.64,D,VIIRS_NOAA20_NRT,332.02,293.02,NO,7.918,MONITORING
-2.97839,133.10944,,0.5,0.41,2026-09-27,455,N20,VIIRS,n,2.0NRT,,8.64,D,VIIRS_NOAA20_NRT,341.19,296.52,NO,7.653,MONITORING
-2.9536,133.99065,,0.56,0.43,2026-09-27,455,N20,VIIRS,n,2.0NRT,,4.27,D,VIIRS_NOAA20_NRT,330.15,297.98,NO,8.477,MONITORING
-2.95284,133.99557,,0.56,0.43,2026-09-27,455,N20,VIIRS,n,2.0NRT,,4.27,D,VIIRS_NOAA20_NRT,332.92,298.0,NO,7.978,MONITORING
-2.95234,133.99336,,0.56,0.43,2026-09-27,455,N20,VIIRS,n,2.0NRT,,6.85,D,VIIRS_NOAA20_NRT,343.73,298.98,NO,8.148,MONITORING
-2.94841,133.99265,,0.56,0.43,2026-09-27,455,N20,VIIRS,n,2.0NRT,,6.85,D,VIIRS_NOAA20_NRT,339.45,298.31,NO,7.979,MONITORING
-2.94176,133.98883,,0.56,0.43,2026-09-27,455,N20,VIIRS,n,2.0NRT,,6.52,D,VIIRS_NOAA20_NRT,339.1,296.73,NO,8.005,MONITORING
-2.91262,133.94276,,0.56,0.43,2026-09-27,455,N20,VIIRS,n,2.0NRT,,12.3,D,VIIRS_NOAA20_NRT,343.62,299.02,NO,10.603,MONITORING
-2.90401,133.94626,,0.56,0.43,2026-09-27,455,N20,VIIRS,n,2.0NRT,,6.97,D,VIIRS_NOAA20_NRT,337.18,298.44,NO,9.717,MONITORING
-2.90326,133.95102,,0.56,0.43,2026-09-27,455,N20,VIIRS,n,2.0NRT,,4.69,D,VIIRS_NOAA20_NRT,331.73,297.17,NO,9.748,MONITORING
-2.90008,133.94559,,0.56,0.43,2026-09-27,455,N20,VIIRS,n,2.0NRT,,7.42,D,VIIRS_NOAA20_NRT,342.08,298.55,NO,9.273,MONITORING
-2.89617,133.94485,,0.56,0.43,2026-09-27,455,N20,VIIRS,n,2.0NRT,,7.42,D,VIIRS_NOAA20_NRT,342.01,298.43,NO,8.83,MONITORING
-2.89149,133.94887,,0.56,0.43,2026-09-27,455,N20,VIIRS,n,2.0NRT,,8.4,D,VIIRS_NOAA20_NRT,346.87,298.69,NO,8.417,MONITORING
-2.8908,133.95326,,0.56,0.43,2026-09-27,455,N20,VIIRS,n,2.0NRT,,8.4,D,VIIRS_NOAA20_NRT,334.5,297.27,NO,8.476,MONITORING
-2.87628,133.16449,,0.51,0.41,2026-09-27,455,N20,VIIRS,n,2.0NRT,,5.54,D,VIIRS_NOAA20_NRT,340.51,297.2,NO,4.876,MONITORING
-2.87324,133.15941,,0.5,0.41,2026-09-27,455,N20,VIIRS,n,2.0NRT,,5.54,D,VIIRS_NOAA20_NRT,338.31,296.09,NO,5.285,MONITORING
-2.86797,133.61203,,0.54,0.42,2026-09-27,455,N20,VIIRS,n,2.0NRT,,7.11,D,VIIRS_NOAA20_NRT,335.71,296.79,YES,,LOW
-2.85775,133.1306,,0.5,0.41,2026-09-27,455,N20,VIIRS,n,2.0NRT,,2.49,D,VIIRS_NOAA20_NRT,332.42,295.38,NO,8.033,MONITORING
-2.854,133.13004,,0.5,0.41,2026-09-27,455,N20,VIIRS,n,2.0NRT,,2.49,D,VIIRS_NOAA20_NRT,332.89,294.13,NO,8.428,MONITORING
-2.83735,133.11368,,0.5,0.41,2026-09-27,455,N20,VIIRS,n,2.0NRT,,14.69,D,VIIRS_NOAA20_NRT,339.32,296.83,NO,8.327,MONITORING
-2.8343,133.10861,,0.5,0.41,2026-09-27,455,N20,VIIRS,n,2.0NRT,,14.69,D,VIIRS_NOAA20_NRT,351.04,301.29,NO,8.398,MONITORING
-2.8336,133.11311,,0.5,0.41,2026-09-27,455,N20,VIIRS,n,2.0NRT,,14.69,D,VIIRS_NOAA20_NRT,349.61,299.18,NO,8.04,MONITORING
-2.83055,133.10805,,0.5,0.41,2026-09-27,455,N20,VIIRS,n,2.0NRT,,7.66,D,VIIRS_NOAA20_NRT,339.03,294.81,NO,8.109,MONITORING
-2.82868,133.21896,,0.51,0.41,2026-09-27,455,N20,VIIRS,n,2.0NRT,,4.0,D,VIIRS_NOAA20_NRT,334.04,298.19,NO,0.956,MONITORING
-2.82821,133.0985,,0.5,0.41,2026-09-27,455,N20,VIIRS,n,2.0NRT,,11.6,D,VIIRS_NOAA20_NRT,346.67,298.59,NO,8.639,MONITORING
-2.82517,133.09341,,0.5,0.41,2026-09-27,455,N20,VIIRS,n,2.0NRT,,3.62,D,VIIRS_NOAA20_NRT,331.15,297.87,NO,8.834,MONITORING
-2.79489,133.23735,,0.51,0.41,2026-09-27,455,N20,VIIRS,n,2.0NRT,,4.06,D,VIIRS_NOAA20_NRT,331.94,296.68,YES,,LOW
-2.79183,133.23222,,0.51,0.41,2026-09-27,455,N20,VIIRS,n,2.0NRT,,4.06,D,VIIRS_NOAA20_NRT,334.46,295.26,YES,,LOW
-2.72421,133.34009,,0.52,0.41,2026-09-27,455,N20,VIIRS,n,2.0NRT,,1.52,D,VIIRS_NOAA20_NRT,330.44,291.96,YES,,LOW
-2.12622,133.60648,,0.55,0.43,2026-09-27,455,N20,VIIRS,n,2.0NRT,,3.63,D,VIIRS_NOAA20_NRT,333.06,297.36,YES,,LOW
-1.58756,134.12883,,0.4,0.44,2026-09-27,455,N20,VIIRS,n,2.0NRT,,2.88,D,VIIRS_NOAA20_NRT,330.6,295.61,NO,30.131,MONITORING
-2.95534,133.11183,,0.42,0.61,2026-09-27,1558,N20,VIIRS,n,2.0NRT,,1.89,N,VIIRS_NOAA20_NRT,299.05,286.17,NO,5.832,MONITORING
-2.87624,133.1568,,0.42,0.61,2026-09-27,1558,N20,VIIRS,n,2.0NRT,,4.98,N,VIIRS_NOAA20_NRT,322.8,286.69,NO,5.019,MONITORING
-2.8756,133.15298,,0.42,0.61,2026-09-27,1558,N20,VIIRS,n,2.0NRT,,3.72,N,VIIRS_NOAA20_NRT,309.22,286.55,NO,5.199,MONITORING
-2.78356,132.60966,,0.46,0.63,2026-09-27,1558,N20,VIIRS,n,2.0NRT,,1.39,N,VIIRS_NOAA20_NRT,307.55,287.29,NO,48.896,MONITORING
-2.75298,133.2925,,0.41,0.61,2026-09-27,1558,N20,VIIRS,n,2.0NRT,,2.38,N,VIIRS_NOAA20_NRT,315.86,283.04,YES,,LOW
-2.75238,133.28877,,0.41,0.61,2026-09-27,1558,N20,VIIRS,n,2.0NRT,,2.41,N,VIIRS_NOAA20_NRT,303.79,282.7,YES,,LOW
-2.75169,133.2935,,0.41,0.61,2026-09-27,1558,N20,VIIRS,n,2.0NRT,,1.12,N,VIIRS_NOAA20_NRT,309.98,282.07,YES,,LOW
-2.75106,133.28981,,0.41,0.61,2026-09-27,1558,N20,VIIRS,n,2.0NRT,,1.94,N,VIIRS_NOAA20_NRT,305.95,282.6,YES,,LOW
-2.43779,133.13911,,0.43,0.62,2026-09-27,1558,N20,VIIRS,n,2.0NRT,,1.29,N,VIIRS_NOAA20_NRT,306.35,285.78,YES,,LOW
-2.43714,133.13527,,0.43,0.62,2026-09-27,1558,N20,VIIRS,n,2.0NRT,,1.29,N,VIIRS_NOAA20_NRT,304.99,286.17,NO,0.007,MONITORING
-2.43649,133.13139,,0.43,0.62,2026-09-27,1558,N20,VIIRS,n,2.0NRT,,3.07,N,VIIRS_NOAA20_NRT,313.86,286.71,YES,,LOW
-2.43583,133.12749,,0.43,0.62,2026-09-27,1558,N20,VIIRS,n,2.0NRT,,3.07,N,VIIRS_NOAA20_NRT,335.86,286.75,NO,0.07,MONITORING
-2.99041,133.11272,,0.39,0.36,2026-09-28,436,N20,VIIRS,n,2.0NRT,,5.23,D,VIIRS_NOAA20_NRT,341.17,304.33,NO,8.45,MONITORING
-2.9892,133.09821,,0.39,0.36,2026-09-28,436,N20,VIIRS,l,2.0NRT,,3.19,D,VIIRS_NOAA20_NRT,333.16,305.13,NO,9.388,MONITORING
-2.98867,133.10172,,0.39,0.36,2026-09-28,436,N20,VIIRS,n,2.0NRT,,3.19,D,VIIRS_NOAA20_NRT,340.01,306.96,NO,9.076,MONITORING
-2.98708,133.11221,,0.39,0.36,2026-09-28,436,N20,VIIRS,n,2.0NRT,,9.03,D,VIIRS_NOAA20_NRT,349.45,303.44,NO,8.186,MONITORING
-2.9864,133.09419,,0.39,0.36,2026-09-28,436,N20,VIIRS,l,2.0NRT,,5.72,D,VIIRS_NOAA20_NRT,335.37,307.08,NO,9.492,MONITORING
-2.98587,133.09772,,0.39,0.36,2026-09-28,436,N20,VIIRS,l,2.0NRT,,3.19,D,VIIRS_NOAA20_NRT,334.45,306.15,NO,9.165,MONITORING
-2.98534,133.10121,,0.39,0.36,2026-09-28,436,N20,VIIRS,l,2.0NRT,,3.19,D,VIIRS_NOAA20_NRT,333.22,307.31,NO,8.847,MONITORING
-2.98042,133.11121,,0.39,0.36,2026-09-28,436,N20,VIIRS,l,2.0NRT,,5.21,D,VIIRS_NOAA20_NRT,332.97,305.23,NO,7.685,MONITORING
-2.9789,133.36749,,0.39,0.36,2026-09-28,436,N20,VIIRS,n,2.0NRT,,5.32,D,VIIRS_NOAA20_NRT,332.59,299.12,YES,,LOW
-2.97428,133.10672,,0.39,0.36,2026-09-28,436,N20,VIIRS,n,2.0NRT,,5.63,D,VIIRS_NOAA20_NRT,337.32,303.87,NO,7.551,MONITORING
-2.94041,133.17308,,0.39,0.36,2026-09-28,436,N20,VIIRS,n,2.0NRT,,2.57,D,VIIRS_NOAA20_NRT,329.79,298.83,NO,0.662,MONITORING
-2.92658,133.53311,,0.39,0.36,2026-09-28,436,N20,VIIRS,n,2.0NRT,,4.54,D,VIIRS_NOAA20_NRT,343.89,299.81,YES,,LOW
-2.92606,133.53654,,0.39,0.36,2026-09-28,436,N20,VIIRS,n,2.0NRT,,8.08,D,VIIRS_NOAA20_NRT,353.66,300.55,YES,,LOW
-2.92517,133.56468,,0.39,0.36,2026-09-28,436,N20,VIIRS,n,2.0NRT,,4.85,D,VIIRS_NOAA20_NRT,332.86,299.66,YES,,LOW
-2.92395,133.99797,,0.38,0.36,2026-09-28,436,N20,VIIRS,n,2.0NRT,,6.74,D,VIIRS_NOAA20_NRT,333.82,298.22,NO,6.393,MONITORING
-2.92222,133.53952,,0.39,0.36,2026-09-28,436,N20,VIIRS,n,2.0NRT,,6.74,D,VIIRS_NOAA20_NRT,345.9,299.49,YES,,LOW
-2.91681,133.55283,,0.39,0.36,2026-09-28,436,N20,VIIRS,n,2.0NRT,,4.99,D,VIIRS_NOAA20_NRT,330.82,298.94,YES,,LOW
-2.90242,133.98018,,0.38,0.36,2026-09-28,436,N20,VIIRS,n,2.0NRT,,2.89,D,VIIRS_NOAA20_NRT,330.47,298.16,NO,7.723,MONITORING
-2.90017,133.97282,,0.38,0.36,2026-09-28,436,N20,VIIRS,n,2.0NRT,,4.72,D,VIIRS_NOAA20_NRT,338.68,298.65,NO,8.345,MONITORING
-2.89965,133.97626,,0.38,0.36,2026-09-28,436,N20,VIIRS,n,2.0NRT,,2.89,D,VIIRS_NOAA20_NRT,332.66,298.05,NO,7.973,MONITORING
-2.89912,133.97969,,0.38,0.36,2026-09-28,436,N20,VIIRS,n,2.0NRT,,2.89,D,VIIRS_NOAA20_NRT,333.27,297.26,NO,7.603,MONITORING
-2.89835,133.51826,,0.39,0.36,2026-09-28,436,N20,VIIRS,n,2.0NRT,,3.72,D,VIIRS_NOAA20_NRT,335.56,300.23,YES,,LOW
-2.89807,133.98656,,0.38,0.36,2026-09-28,436,N20,VIIRS,n,2.0NRT,,12.03,D,VIIRS_NOAA20_NRT,350.25,298.83,NO,6.868,MONITORING
-2.88663,133.41673,,0.39,0.36,2026-09-28,436,N20,VIIRS,n,2.0NRT,,1.9,D,VIIRS_NOAA20_NRT,330.29,299.82,YES,,LOW
-2.87768,133.16306,,0.39,0.36,2026-09-28,436,N20,VIIRS,n,2.0NRT,,10.24,D,VIIRS_NOAA20_NRT,348.85,304.51,NO,4.736,MONITORING
-2.87594,133.15208,,0.39,0.36,2026-09-28,436,N20,VIIRS,n,2.0NRT,,18.95,D,VIIRS_NOAA20_NRT,344.47,300.82,NO,5.193,MONITORING
-2.87541,133.15558,,0.39,0.36,2026-09-28,436,N20,VIIRS,n,2.0NRT,,18.95,D,VIIRS_NOAA20_NRT,348.88,303.04,NO,5.143,MONITORING
-2.87261,133.15158,,0.39,0.36,2026-09-28,436,N20,VIIRS,n,2.0NRT,,10.11,D,VIIRS_NOAA20_NRT,344.94,301.7,NO,5.564,MONITORING
-2.85291,133.25908,,0.39,0.36,2026-09-28,436,N20,VIIRS,n,2.0NRT,,3.8,D,VIIRS_NOAA20_NRT,335.24,299.17,YES,,LOW
-2.85238,133.26256,,0.39,0.36,2026-09-28,436,N20,VIIRS,n,2.0NRT,,5.71,D,VIIRS_NOAA20_NRT,347.98,299.83,YES,,LOW
-2.84521,133.26503,,0.39,0.36,2026-09-28,436,N20,VIIRS,n,2.0NRT,,5.53,D,VIIRS_NOAA20_NRT,331.26,299.07,YES,,LOW
-2.83848,133.1071,,0.39,0.36,2026-09-28,436,N20,VIIRS,n,2.0NRT,,7.95,D,VIIRS_NOAA20_NRT,351.57,302.74,NO,8.872,MONITORING
-2.83795,133.11061,,0.39,0.36,2026-09-28,436,N20,VIIRS,n,2.0NRT,,6.63,D,VIIRS_NOAA20_NRT,343.08,302.8,NO,8.597,MONITORING
-2.83696,134.12135,,0.38,0.36,2026-09-28,436,N20,VIIRS,n,2.0NRT,,2.13,D,VIIRS_NOAA20_NRT,332.85,294.91,YES,,LOW
-2.83567,133.1031,,0.39,0.36,2026-09-28,436,N20,VIIRS,n,2.0NRT,,7.95,D,VIIRS_NOAA20_NRT,347.49,302.69,NO,8.9,MONITORING
-2.83194,134.11005,,0.38,0.36,2026-09-28,436,N20,VIIRS,n,2.0NRT,,2.58,D,VIIRS_NOAA20_NRT,330.15,296.72,YES,,LOW
-2.66249,133.08266,,0.39,0.36,2026-09-28,436,N20,VIIRS,n,2.0NRT,,8.8,D,VIIRS_NOAA20_NRT,345.39,299.16,YES,,LOW
-2.65916,133.08215,,0.39,0.36,2026-09-28,436,N20,VIIRS,n,2.0NRT,,12.47,D,VIIRS_NOAA20_NRT,352.04,300.44,YES,,HIGH
-2.65863,133.08566,,0.39,0.36,2026-09-28,436,N20,VIIRS,n,2.0NRT,,12.47,D,VIIRS_NOAA20_NRT,343.57,300.74,YES,,HIGH
-2.64479,133.08716,,0.39,0.36,2026-09-28,436,N20,VIIRS,n,2.0NRT,,18.27,D,VIIRS_NOAA20_NRT,343.52,299.96,YES,,HIGH
-2.5407,133.43678,,0.39,0.36,2026-09-28,436,N20,VIIRS,n,2.0NRT,,4.01,D,VIIRS_NOAA20_NRT,340.47,300.12,YES,,LOW
-1.54405,134.18488,,0.39,0.36,2026-09-28,438,N20,VIIRS,n,2.0NRT,,1.73,D,VIIRS_NOAA20_NRT,336.68,294.6,NO,37.932,MONITORING
-1.54074,134.18439,,0.39,0.36,2026-09-28,438,N20,VIIRS,n,2.0NRT,,4.35,D,VIIRS_NOAA20_NRT,341.69,300.0,NO,38.069,MONITORING
-1.53743,134.18387,,0.39,0.36,2026-09-28,438,N20,VIIRS,l,2.0NRT,,4.35,D,VIIRS_NOAA20_NRT,329.5,302.66,NO,38.206,MONITORING
-1.50524,134.15083,,0.39,0.36,2026-09-28,438,N20,VIIRS,n,2.0NRT,,5.06,D,VIIRS_NOAA20_NRT,335.86,299.76,NO,37.208,MONITORING
-1.36524,134.22356,,0.39,0.36,2026-09-28,438,N20,VIIRS,n,2.0NRT,,5.1,D,VIIRS_NOAA20_NRT,331.9,296.85,NO,53.524,MONITORING
-2.98832,133.20934,,0.46,0.47,2026-09-29,1700,N20,VIIRS,n,2.0NRT,,3.74,N,VIIRS_NOAA20_NRT,308.31,280.45,NO,4.278,MONITORING
-2.92947,133.53488,,0.48,0.48,2026-09-29,1700,N20,VIIRS,n,2.0NRT,,2.73,N,VIIRS_NOAA20_NRT,307.63,290.31,YES,,LOW
-2.92195,133.54486,,0.48,0.48,2026-09-29,1700,N20,VIIRS,n,2.0NRT,,1.61,N,VIIRS_NOAA20_NRT,305.28,290.19,YES,,LOW
-2.87792,133.60728,,0.49,0.48,2026-09-29,1700,N20,VIIRS,n,2.0NRT,,1.13,N,VIIRS_NOAA20_NRT,306.03,290.25,YES,,LOW
-2.87725,133.60294,,0.49,0.48,2026-09-29,1700,N20,VIIRS,n,2.0NRT,,2.08,N,VIIRS_NOAA20_NRT,307.22,290.07,YES,,LOW
-2.87416,133.61229,,0.49,0.48,2026-09-29,1700,N20,VIIRS,n,2.0NRT,,1.13,N,VIIRS_NOAA20_NRT,304.36,289.81,YES,,LOW
-2.87349,133.60793,,0.49,0.48,2026-09-29,1700,N20,VIIRS,n,2.0NRT,,1.13,N,VIIRS_NOAA20_NRT,306.68,289.02,YES,,LOW
-2.76597,133.35306,,0.46,0.47,2026-09-29,1700,N20,VIIRS,n,2.0NRT,,2.36,N,VIIRS_NOAA20_NRT,312.53,290.2,YES,,LOW
-2.76336,133.35541,,0.47,0.47,2026-09-29,1700,N20,VIIRS,n,2.0NRT,,1.99,N,VIIRS_NOAA20_NRT,315.48,290.65,YES,,LOW
-2.75662,133.22194,,0.46,0.47,2026-09-29,1700,N20,VIIRS,n,2.0NRT,,1.35,N,VIIRS_NOAA20_NRT,303.99,277.84,YES,,LOW
-2.75406,133.29318,,0.46,0.47,2026-09-29,1700,N20,VIIRS,n,2.0NRT,,2.57,N,VIIRS_NOAA20_NRT,313.44,290.45,YES,,LOW
-2.75187,133.29163,,0.46,0.47,2026-09-29,1700,N20,VIIRS,n,2.0NRT,,2.47,N,VIIRS_NOAA20_NRT,314.41,290.32,YES,,LOW
-2.74974,133.29387,,0.46,0.47,2026-09-29,1700,N20,VIIRS,n,2.0NRT,,1.28,N,VIIRS_NOAA20_NRT,305.91,290.23,YES,,LOW
-2.73751,133.37015,,0.47,0.47,2026-09-29,1700,N20,VIIRS,n,2.0NRT,,1.09,N,VIIRS_NOAA20_NRT,306.07,290.29,YES,,LOW
-2.72192,133.35559,,0.46,0.47,2026-09-29,1700,N20,VIIRS,n,2.0NRT,,2.16,N,VIIRS_NOAA20_NRT,313.36,290.75,YES,,LOW
-3.0081,133.11787,,0.47,0.64,2026-09-30,357,N20,VIIRS,n,2.0NRT,,2.67,D,VIIRS_NOAA20_NRT,332.57,292.58,NO,9.812,MONITORING
-3.00289,133.11279,,0.47,0.64,2026-09-30,357,N20,VIIRS,h,2.0NRT,,14.89,D,VIIRS_NOAA20_NRT,367.0,295.11,NO,9.59,MONITORING
-3.00227,133.117,,0.47,0.64,2026-09-30,357,N20,VIIRS,n,2.0NRT,,17.32,D,VIIRS_NOAA20_NRT,354.01,293.47,NO,9.289,MONITORING
-2.97247,133.11685,,0.47,0.64,2026-09-30,357,N20,VIIRS,n,2.0NRT,,3.68,D,VIIRS_NOAA20_NRT,330.58,291.93,NO,6.607,MONITORING
-2.89466,132.99986,,0.47,0.64,2026-09-30,357,N20,VIIRS,n,2.0NRT,,4.13,D,VIIRS_NOAA20_NRT,338.27,293.18,NO,17.892,MONITORING
-2.8888,132.99889,,0.47,0.64,2026-09-30,357,N20,VIIRS,n,2.0NRT,,11.22,D,VIIRS_NOAA20_NRT,355.71,294.42,NO,18.145,MONITORING
-2.62999,132.98868,,0.47,0.64,2026-09-30,357,N20,VIIRS,n,2.0NRT,,8.97,D,VIIRS_NOAA20_NRT,330.41,292.12,NO,5.76,MONITORING
-2.62906,132.98761,,0.47,0.64,2026-09-30,357,N20,VIIRS,n,2.0NRT,,13.76,D,VIIRS_NOAA20_NRT,338.07,292.51,NO,5.709,MONITORING
-2.62477,132.98367,,0.47,0.64,2026-09-30,357,N20,VIIRS,n,2.0NRT,,27.97,D,VIIRS_NOAA20_NRT,355.91,295.24,NO,5.457,MONITORING
-2.62413,132.98784,,0.47,0.64,2026-09-30,357,N20,VIIRS,n,2.0NRT,,8.97,D,VIIRS_NOAA20_NRT,331.0,292.31,NO,5.192,MONITORING
-2.6238,132.98257,,0.47,0.64,2026-09-30,357,N20,VIIRS,n,2.0NRT,,25.32,D,VIIRS_NOAA20_NRT,354.57,294.14,NO,5.421,MONITORING
-2.6232,132.98674,,0.47,0.64,2026-09-30,357,N20,VIIRS,h,2.0NRT,,13.76,D,VIIRS_NOAA20_NRT,367.0,292.7,NO,5.149,MONITORING
-2.61891,132.98279,,0.47,0.64,2026-09-30,357,N20,VIIRS,h,2.0NRT,,20.52,D,VIIRS_NOAA20_NRT,367.0,292.9,NO,4.94,MONITORING
-2.61795,132.98166,,0.47,0.64,2026-09-30,357,N20,VIIRS,h,2.0NRT,,17.27,D,VIIRS_NOAA20_NRT,367.0,293.12,NO,4.919,MONITORING
-2.61735,132.98587,,0.47,0.64,2026-09-30,357,N20,VIIRS,n,2.0NRT,,22.75,D,VIIRS_NOAA20_NRT,329.54,292.85,NO,4.614,MONITORING
-2.61305,132.98193,,0.47,0.64,2026-09-30,357,N20,VIIRS,h,2.0NRT,,20.52,D,VIIRS_NOAA20_NRT,367.0,293.68,NO,4.459,MONITORING
-2.61209,132.98079,,0.47,0.64,2026-09-30,357,N20,VIIRS,h,2.0NRT,,17.27,D,VIIRS_NOAA20_NRT,367.0,294.05,NO,4.455,MONITORING
-2.6072,132.98106,,0.47,0.64,2026-09-30,357,N20,VIIRS,h,2.0NRT,,18.92,D,VIIRS_NOAA20_NRT,367.0,294.42,NO,4.031,MONITORING
-2.60134,132.98024,,0.47,0.64,2026-09-30,357,N20,VIIRS,h,2.0NRT,,18.92,D,VIIRS_NOAA20_NRT,367.0,292.98,NO,3.667,MONITORING
-2.59946,132.99278,,0.47,0.64,2026-09-30,357,N20,VIIRS,n,2.0NRT,,5.86,D,VIIRS_NOAA20_NRT,338.49,291.53,NO,2.522,MONITORING
-2.5936,132.99199,,0.47,0.64,2026-09-30,357,N20,VIIRS,h,2.0NRT,,11.46,D,VIIRS_NOAA20_NRT,367.0,291.27,NO,2.106,MONITORING
-1.56458,134.09537,,0.38,0.59,2026-09-30,400,N20,VIIRS,n,2.0NRT,,3.58,D,VIIRS_NOAA20_NRT,334.22,290.62,NO,28.3,MONITORING
-1.45016,134.03313,,0.38,0.59,2026-09-30,400,N20,VIIRS,n,2.0NRT,,6.55,D,VIIRS_NOAA20_NRT,328.31,290.52,NO,32.754,MONITORING
-1.44466,134.03323,,0.38,0.59,2026-09-30,400,N20,VIIRS,l,2.0NRT,,6.55,D,VIIRS_NOAA20_NRT,356.08,288.8,NO,33.248,MONITORING
-1.44296,133.71046,,0.4,0.6,2026-09-30,400,N20,VIIRS,n,2.0NRT,,3.74,D,VIIRS_NOAA20_NRT,330.79,284.17,NO,9.915,MONITORING
-1.44252,133.71004,,0.4,0.6,2026-09-30,400,N20,VIIRS,n,2.0NRT,,4.49,D,VIIRS_NOAA20_NRT,331.37,284.96,NO,9.963,MONITORING
-2.98599,133.10164,,0.52,0.42,2026-09-26,417,N21,VIIRS,l,2.0NRT,,7.12,D,VIIRS_NOAA21_NRT,335.6,298.3,NO,8.865,MONITORING
-2.98219,133.10109,,0.52,0.42,2026-09-26,417,N21,VIIRS,l,2.0NRT,,13.85,D,VIIRS_NOAA21_NRT,334.92,301.04,NO,8.611,MONITORING
-2.83678,132.62314,,0.55,0.43,2026-09-26,417,N21,VIIRS,n,2.0NRT,,11.61,D,VIIRS_NOAA21_NRT,330.42,296.3,NO,49.021,MONITORING
-2.9984,133.33226,,0.6,0.53,2026-09-26,1700,N21,VIIRS,n,2.0NRT,,1.71,N,VIIRS_NOAA21_NRT,304.97,289.83,NO,0.636,MONITORING
-2.98966,133.20856,,0.59,0.53,2026-09-26,1700,N21,VIIRS,n,2.0NRT,,1.82,N,VIIRS_NOAA21_NRT,302.83,289.76,NO,4.448,MONITORING
-2.98887,133.20328,,0.59,0.53,2026-09-26,1700,N21,VIIRS,n,2.0NRT,,1.82,N,VIIRS_NOAA21_NRT,302.06,290.42,NO,4.698,MONITORING
-2.98867,133.10143,,0.58,0.52,2026-09-26,1700,N21,VIIRS,n,2.0NRT,,3.14,N,VIIRS_NOAA21_NRT,321.69,290.58,NO,9.098,MONITORING
-2.98827,133.10229,,0.58,0.52,2026-09-26,1700,N21,VIIRS,n,2.0NRT,,2.23,N,VIIRS_NOAA21_NRT,321.59,290.7,NO,9.0,MONITORING
-2.98748,133.09712,,0.58,0.52,2026-09-26,1700,N21,VIIRS,n,2.0NRT,,2.23,N,VIIRS_NOAA21_NRT,304.12,290.4,NO,9.338,MONITORING
-2.98718,133.09108,,0.58,0.52,2026-09-26,1700,N21,VIIRS,n,2.0NRT,,2.07,N,VIIRS_NOAA21_NRT,304.23,290.3,NO,9.807,MONITORING
-2.9867,133.09198,,0.58,0.52,2026-09-26,1700,N21,VIIRS,n,2.0NRT,,1.54,N,VIIRS_NOAA21_NRT,303.23,290.26,NO,9.697,MONITORING
-2.98407,133.20406,,0.59,0.53,2026-09-26,1700,N21,VIIRS,n,2.0NRT,,2.5,N,VIIRS_NOAA21_NRT,305.45,290.53,NO,4.207,MONITORING
-2.9839,133.10217,,0.58,0.52,2026-09-26,1700,N21,VIIRS,n,2.0NRT,,3.14,N,VIIRS_NOAA21_NRT,304.24,290.71,NO,8.658,MONITORING
-2.9835,133.10303,,0.58,0.52,2026-09-26,1700,N21,VIIRS,n,2.0NRT,,2.23,N,VIIRS_NOAA21_NRT,301.68,290.43,NO,8.559,MONITORING
-2.98327,133.19878,,0.59,0.53,2026-09-26,1700,N21,VIIRS,n,2.0NRT,,1.64,N,VIIRS_NOAA21_NRT,301.26,290.36,NO,4.378,MONITORING
-2.98316,133.09702,,0.58,0.52,2026-09-26,1700,N21,VIIRS,n,2.0NRT,,2.07,N,VIIRS_NOAA21_NRT,306.79,290.89,NO,9.016,MONITORING
-2.98272,133.09789,,0.58,0.52,2026-09-26,1700,N21,VIIRS,n,2.0NRT,,2.23,N,VIIRS_NOAA21_NRT,303.43,290.78,NO,8.911,MONITORING
-2.98241,133.09184,,0.58,0.52,2026-09-26,1700,N21,VIIRS,n,2.0NRT,,2.07,N,VIIRS_NOAA21_NRT,301.32,290.62,NO,9.397,MONITORING
-2.98193,133.09273,,0.58,0.52,2026-09-26,1700,N21,VIIRS,n,2.0NRT,,1.54,N,VIIRS_NOAA21_NRT,304.01,290.83,NO,9.287,MONITORING
-2.97073,133.11549,,0.58,0.52,2026-09-26,1700,N21,VIIRS,n,2.0NRT,,1.48,N,VIIRS_NOAA21_NRT,302.47,290.66,NO,6.571,MONITORING
-2.96595,133.11624,,0.58,0.52,2026-09-26,1700,N21,VIIRS,n,2.0NRT,,1.48,N,VIIRS_NOAA21_NRT,303.68,290.49,NO,6.142,MONITORING
-2.96118,133.11699,,0.58,0.52,2026-09-26,1700,N21,VIIRS,n,2.0NRT,,1.55,N,VIIRS_NOAA21_NRT,301.34,290.47,NO,5.732,MONITORING
-2.95564,133.11264,,0.58,0.52,2026-09-26,1700,N21,VIIRS,n,2.0NRT,,1.55,N,VIIRS_NOAA21_NRT,304.06,290.43,NO,5.772,MONITORING
-2.89962,133.94283,,0.33,0.55,2026-09-26,1700,N21,VIIRS,n,2.0NRT,,0.51,N,VIIRS_NOAA21_NRT,300.89,287.73,NO,9.17,MONITORING
-2.88641,133.95261,,0.33,0.55,2026-09-26,1700,N21,VIIRS,n,2.0NRT,,2.07,N,VIIRS_NOAA21_NRT,304.24,288.79,NO,7.988,MONITORING
-2.88575,133.94823,,0.33,0.55,2026-09-26,1700,N21,VIIRS,n,2.0NRT,,1.13,N,VIIRS_NOAA21_NRT,303.04,289.28,NO,7.779,MONITORING
-2.88541,133.946,,0.33,0.55,2026-09-26,1700,N21,VIIRS,n,2.0NRT,,1.13,N,VIIRS_NOAA21_NRT,302.82,289.43,NO,7.683,MONITORING
-2.87128,133.95508,,0.33,0.55,2026-09-26,1700,N21,VIIRS,n,2.0NRT,,1.87,N,VIIRS_NOAA21_NRT,301.22,288.94,NO,6.515,MONITORING
-2.83513,132.62318,,0.54,0.5,2026-09-26,1700,N21,VIIRS,n,2.0NRT,,1.26,N,VIIRS_NOAA21_NRT,304.56,291.17,NO,48.961,MONITORING
-2.83313,133.11169,,0.58,0.52,2026-09-26,1700,N21,VIIRS,n,2.0NRT,,0.98,N,VIIRS_NOAA21_NRT,301.98,289.45,NO,8.089,MONITORING
-2.82983,132.61919,,0.53,0.5,2026-09-26,1700,N21,VIIRS,n,2.0NRT,,1.89,N,VIIRS_NOAA21_NRT,304.16,291.17,NO,49.212,MONITORING
-2.80078,133.19061,,0.59,0.52,2026-09-26,1700,N21,VIIRS,n,2.0NRT,,1.89,N,VIIRS_NOAA21_NRT,303.68,290.4,NO,2.175,MONITORING
-2.78423,132.91255,,0.56,0.51,2026-09-26,1700,N21,VIIRS,n,2.0NRT,,1.12,N,VIIRS_NOAA21_NRT,304.24,290.18,NO,17.066,MONITORING
-2.73723,133.35869,,0.6,0.53,2026-09-26,1700,N21,VIIRS,n,2.0NRT,,2.11,N,VIIRS_NOAA21_NRT,303.06,289.67,YES,,LOW
-2.73646,133.35341,,0.6,0.53,2026-09-26,1700,N21,VIIRS,n,2.0NRT,,2.11,N,VIIRS_NOAA21_NRT,308.38,290.03,YES,,LOW
-2.72604,133.3499,,0.6,0.53,2026-09-26,1700,N21,VIIRS,n,2.0NRT,,3.36,N,VIIRS_NOAA21_NRT,305.74,290.27,YES,,LOW
-2.7241,133.36189,,0.6,0.53,2026-09-26,1700,N21,VIIRS,n,2.0NRT,,3.06,N,VIIRS_NOAA21_NRT,310.22,290.05,YES,,LOW
-2.72354,133.36662,,0.6,0.53,2026-09-26,1700,N21,VIIRS,n,2.0NRT,,1.17,N,VIIRS_NOAA21_NRT,306.21,289.7,YES,,LOW
-2.44029,133.14247,,0.57,0.52,2026-09-26,1700,N21,VIIRS,n,2.0NRT,,15.51,N,VIIRS_NOAA21_NRT,337.76,287.61,YES,,HIGH
-2.43952,133.13739,,0.57,0.52,2026-09-26,1700,N21,VIIRS,n,2.0NRT,,5.88,N,VIIRS_NOAA21_NRT,306.45,289.07,YES,,LOW
-2.43874,133.13232,,0.57,0.52,2026-09-26,1700,N21,VIIRS,n,2.0NRT,,5.88,N,VIIRS_NOAA21_NRT,314.69,288.89,YES,,LOW
-2.98834,133.09273,,0.36,0.57,2026-09-27,400,N21,VIIRS,n,2.0NRT,,39.65,D,VIIRS_NOAA21_NRT,350.98,296.64,NO,9.758,MONITORING
-2.98786,133.09593,,0.36,0.57,2026-09-27,400,N21,VIIRS,h,2.0NRT,,52.14,D,VIIRS_NOAA21_NRT,367.0,299.25,NO,9.463,MONITORING
-2.83528,134.1188,,0.61,0.53,2026-09-27,400,N21,VIIRS,n,2.0NRT,,6.14,D,VIIRS_NOAA21_NRT,332.39,294.65,YES,,LOW
-2.82602,133.10065,,0.36,0.57,2026-09-27,400,N21,VIIRS,n,2.0NRT,,5.1,D,VIIRS_NOAA21_NRT,331.56,292.86,NO,8.297,MONITORING
-2.64641,133.07861,,0.36,0.57,2026-09-27,400,N21,VIIRS,n,2.0NRT,,13.54,D,VIIRS_NOAA21_NRT,340.5,292.07,YES,,HIGH
-2.64593,133.08183,,0.36,0.57,2026-09-27,400,N21,VIIRS,n,2.0NRT,,38.86,D,VIIRS_NOAA21_NRT,346.68,296.49,YES,,HIGH
-2.64545,133.08508,,0.36,0.57,2026-09-27,400,N21,VIIRS,h,2.0NRT,,38.86,D,VIIRS_NOAA21_NRT,367.0,296.65,YES,,HIGH
-2.64117,133.07799,,0.36,0.57,2026-09-27,400,N21,VIIRS,h,2.0NRT,,15.37,D,VIIRS_NOAA21_NRT,367.0,295.3,YES,,HIGH
-2.43933,133.13257,,0.35,0.57,2026-09-27,400,N21,VIIRS,n,2.0NRT,,5.45,D,VIIRS_NOAA21_NRT,335.59,294.22,YES,,LOW
-2.43839,133.13879,,0.35,0.57,2026-09-27,400,N21,VIIRS,n,2.0NRT,,22.77,D,VIIRS_NOAA21_NRT,350.66,295.06,YES,,HIGH
-1.5885,134.12869,,0.58,0.52,2026-09-27,400,N21,VIIRS,n,2.0NRT,,4.0,D,VIIRS_NOAA21_NRT,327.96,293.23,NO,30.069,MONITORING
-3.06718,134.00476,,0.49,0.41,2026-09-27,1641,N21,VIIRS,n,2.0NRT,,1.78,N,VIIRS_NOAA21_NRT,305.59,281.54,NO,18.189,MONITORING
-3.05896,133.63173,,0.47,0.4,2026-09-27,1641,N21,VIIRS,n,2.0NRT,,2.2,N,VIIRS_NOAA21_NRT,303.3,285.6,NO,3.691,MONITORING
-3.0342,133.63986,,0.47,0.4,2026-09-27,1641,N21,VIIRS,n,2.0NRT,,1.13,N,VIIRS_NOAA21_NRT,301.11,285.94,NO,1.635,MONITORING
-3.03115,133.00446,,0.44,0.38,2026-09-27,1641,N21,VIIRS,n,2.0NRT,,1.97,N,VIIRS_NOAA21_NRT,302.95,292.06,NO,20.456,MONITORING
-3.02878,133.15515,,0.45,0.39,2026-09-27,1641,N21,VIIRS,n,2.0NRT,,1.17,N,VIIRS_NOAA21_NRT,305.67,292.23,NO,10.711,MONITORING
-3.00457,133.18585,,0.45,0.39,2026-09-27,1641,N21,VIIRS,n,2.0NRT,,2.16,N,VIIRS_NOAA21_NRT,315.0,290.13,NO,7.145,MONITORING
-2.99291,133.20435,,0.45,0.39,2026-09-27,1641,N21,VIIRS,n,2.0NRT,,0.47,N,VIIRS_NOAA21_NRT,299.94,284.29,NO,5.024,MONITORING
-2.99166,133.19629,,0.45,0.39,2026-09-27,1641,N21,VIIRS,n,2.0NRT,,0.19,N,VIIRS_NOAA21_NRT,295.76,279.78,NO,5.344,MONITORING
-2.98998,133.20892,,0.45,0.39,2026-09-27,1641,N21,VIIRS,n,2.0NRT,,1.42,N,VIIRS_NOAA21_NRT,319.65,284.22,NO,4.452,MONITORING
-2.98936,133.20491,,0.45,0.39,2026-09-27,1641,N21,VIIRS,n,2.0NRT,,1.42,N,VIIRS_NOAA21_NRT,305.31,285.86,NO,4.649,MONITORING
-2.98643,133.20947,,0.45,0.39,2026-09-27,1641,N21,VIIRS,n,2.0NRT,,1.42,N,VIIRS_NOAA21_NRT,313.87,287.0,NO,4.106,MONITORING
-2.98581,133.20546,,0.45,0.39,2026-09-27,1641,N21,VIIRS,n,2.0NRT,,1.42,N,VIIRS_NOAA21_NRT,306.52,287.59,NO,4.28,MONITORING
-2.98288,133.21004,,0.45,0.39,2026-09-27,1641,N21,VIIRS,n,2.0NRT,,2.43,N,VIIRS_NOAA21_NRT,310.5,287.64,NO,3.739,MONITORING
-2.98226,133.20602,,0.45,0.39,2026-09-27,1641,N21,VIIRS,n,2.0NRT,,2.43,N,VIIRS_NOAA21_NRT,324.85,288.84,NO,3.917,MONITORING
-2.98164,133.202,,0.45,0.39,2026-09-27,1641,N21,VIIRS,n,2.0NRT,,4.1,N,VIIRS_NOAA21_NRT,330.76,288.32,NO,4.068,MONITORING
-2.98077,133.3387,,0.46,0.39,2026-09-27,1641,N21,VIIRS,n,2.0NRT,,0.67,N,VIIRS_NOAA21_NRT,303.91,289.22,YES,,LOW
-2.9671,133.34497,,0.46,0.39,2026-09-27,1641,N21,VIIRS,n,2.0NRT,,0.91,N,VIIRS_NOAA21_NRT,304.37,288.8,YES,,LOW
-2.96352,133.34552,,0.46,0.39,2026-09-27,1641,N21,VIIRS,n,2.0NRT,,0.91,N,VIIRS_NOAA21_NRT,306.44,288.67,YES,,LOW
-2.96102,133.11519,,0.45,0.39,2026-09-27,1641,N21,VIIRS,n,2.0NRT,,2.12,N,VIIRS_NOAA21_NRT,303.84,291.77,NO,5.878,MONITORING
-2.95191,133.17381,,0.45,0.39,2026-09-27,1641,N21,VIIRS,n,2.0NRT,,1.17,N,VIIRS_NOAA21_NRT,300.8,284.94,NO,1.935,MONITORING
-2.9511,133.92958,,0.49,0.4,2026-09-27,1641,N21,VIIRS,n,2.0NRT,,1.08,N,VIIRS_NOAA21_NRT,295.4,280.47,NO,14.541,MONITORING
-2.94959,133.18237,,0.45,0.39,2026-09-27,1641,N21,VIIRS,n,2.0NRT,,1.01,N,VIIRS_NOAA21_NRT,300.41,282.29,NO,1.594,MONITORING
-2.94898,133.17838,,0.45,0.39,2026-09-27,1641,N21,VIIRS,n,2.0NRT,,1.01,N,VIIRS_NOAA21_NRT,302.8,282.54,NO,1.675,MONITORING
-2.94837,133.17439,,0.45,0.39,2026-09-27,1641,N21,VIIRS,n,2.0NRT,,1.21,N,VIIRS_NOAA21_NRT,303.48,283.24,NO,1.541,MONITORING
-2.94707,133.63451,,0.47,0.4,2026-09-27,1641,N21,VIIRS,n,2.0NRT,,1.98,N,VIIRS_NOAA21_NRT,304.55,284.89,YES,,LOW
-2.94605,133.18295,,0.45,0.39,2026-09-27,1641,N21,VIIRS,n,2.0NRT,,1.01,N,VIIRS_NOAA21_NRT,300.07,281.52,NO,1.228,MONITORING
-2.94544,133.17896,,0.45,0.39,2026-09-27,1641,N21,VIIRS,n,2.0NRT,,1.01,N,VIIRS_NOAA21_NRT,311.8,281.88,NO,1.325,MONITORING
-2.93983,133.63565,,0.47,0.4,2026-09-27,1641,N21,VIIRS,n,2.0NRT,,1.04,N,VIIRS_NOAA21_NRT,299.7,285.11,YES,,LOW
-2.92375,133.53122,,0.47,0.39,2026-09-27,1641,N21,VIIRS,n,2.0NRT,,1.71,N,VIIRS_NOAA21_NRT,298.82,283.86,YES,,LOW
-2.91933,133.15028,,0.45,0.39,2026-09-27,1641,N21,VIIRS,n,2.0NRT,,1.62,N,VIIRS_NOAA21_NRT,303.82,282.72,NO,1.165,MONITORING
-2.91873,133.1463,,0.45,0.39,2026-09-27,1641,N21,VIIRS,n,2.0NRT,,1.04,N,VIIRS_NOAA21_NRT,302.42,282.8,NO,1.542,MONITORING
-2.90241,133.97644,,0.49,0.4,2026-09-27,1641,N21,VIIRS,n,2.0NRT,,1.05,N,VIIRS_NOAA21_NRT,295.84,281.3,NO,8.091,MONITORING
-2.90179,133.9724,,0.49,0.4,2026-09-27,1641,N21,VIIRS,n,2.0NRT,,2.54,N,VIIRS_NOAA21_NRT,303.61,283.62,NO,8.464,MONITORING
-2.89872,133.97701,,0.49,0.4,2026-09-27,1641,N21,VIIRS,n,2.0NRT,,0.97,N,VIIRS_NOAA21_NRT,297.0,280.36,NO,7.854,MONITORING
-2.89809,133.97293,,0.49,0.4,2026-09-27,1641,N21,VIIRS,n,2.0NRT,,2.19,N,VIIRS_NOAA21_NRT,307.6,283.65,NO,8.241,MONITORING
-2.89743,133.96864,,0.49,0.4,2026-09-27,1641,N21,VIIRS,n,2.0NRT,,2.19,N,VIIRS_NOAA21_NRT,299.29,284.16,NO,8.655,MONITORING
-2.891,133.95146,,0.49,0.4,2026-09-27,1641,N21,VIIRS,n,2.0NRT,,2.49,N,VIIRS_NOAA21_NRT,303.55,280.81,NO,8.439,MONITORING
-2.88794,133.95604,,0.49,0.4,2026-09-27,1641,N21,VIIRS,n,2.0NRT,,0.97,N,VIIRS_NOAA21_NRT,295.91,280.87,NO,8.273,MONITORING
-2.88763,133.60942,,0.47,0.4,2026-09-27,1641,N21,VIIRS,n,2.0NRT,,1.78,N,VIIRS_NOAA21_NRT,298.1,283.09,YES,,LOW
-2.88728,133.95183,,0.49,0.4,2026-09-27,1641,N21,VIIRS,n,2.0NRT,,0.97,N,VIIRS_NOAA21_NRT,299.25,278.68,NO,8.054,MONITORING
-2.88419,133.63571,,0.47,0.4,2026-09-27,1641,N21,VIIRS,n,2.0NRT,,1.95,N,VIIRS_NOAA21_NRT,302.76,283.8,YES,,LOW
-2.88401,133.60995,,0.47,0.4,2026-09-27,1641,N21,VIIRS,n,2.0NRT,,1.5,N,VIIRS_NOAA21_NRT,300.84,283.15,YES,,LOW
-2.88337,133.60577,,0.47,0.4,2026-09-27,1641,N21,VIIRS,n,2.0NRT,,1.5,N,VIIRS_NOAA21_NRT,306.96,283.89,YES,,LOW
-2.88274,133.60159,,0.47,0.4,2026-09-27,1641,N21,VIIRS,n,2.0NRT,,1.71,N,VIIRS_NOAA21_NRT,298.63,283.25,YES,,LOW
-2.88085,133.159,,0.45,0.39,2026-09-27,1641,N21,VIIRS,n,2.0NRT,,0.65,N,VIIRS_NOAA21_NRT,300.06,283.5,NO,4.462,MONITORING
-2.87731,133.15953,,0.45,0.39,2026-09-27,1641,N21,VIIRS,n,2.0NRT,,0.65,N,VIIRS_NOAA21_NRT,298.51,283.55,NO,4.836,MONITORING
-2.8689,133.60799,,0.47,0.4,2026-09-27,1641,N21,VIIRS,n,2.0NRT,,1.44,N,VIIRS_NOAA21_NRT,298.98,284.62,YES,,LOW
-2.86344,133.21059,,0.45,0.39,2026-09-27,1641,N21,VIIRS,n,2.0NRT,,1.63,N,VIIRS_NOAA21_NRT,306.12,285.95,NO,3.617,MONITORING
-2.86138,133.46037,,0.46,0.39,2026-09-27,1641,N21,VIIRS,n,2.0NRT,,1.05,N,VIIRS_NOAA21_NRT,296.49,283.67,YES,,LOW
-2.85757,133.21967,,0.45,0.39,2026-09-27,1641,N21,VIIRS,n,2.0NRT,,0.9,N,VIIRS_NOAA21_NRT,302.24,286.06,NO,2.414,MONITORING
-2.85248,133.25761,,0.45,0.39,2026-09-27,1641,N21,VIIRS,n,2.0NRT,,1.22,N,VIIRS_NOAA21_NRT,303.63,285.03,YES,,LOW
-2.84954,133.26221,,0.45,0.39,2026-09-27,1641,N21,VIIRS,n,2.0NRT,,1.22,N,VIIRS_NOAA21_NRT,307.79,284.04,YES,,LOW
-2.84708,133.24606,,0.45,0.39,2026-09-27,1641,N21,VIIRS,n,2.0NRT,,0.91,N,VIIRS_NOAA21_NRT,304.05,284.04,YES,,LOW
-2.84599,133.26277,,0.45,0.39,2026-09-27,1641,N21,VIIRS,n,2.0NRT,,0.79,N,VIIRS_NOAA21_NRT,303.23,283.07,YES,,LOW
-2.84366,133.27138,,0.45,0.39,2026-09-27,1641,N21,VIIRS,n,2.0NRT,,1.49,N,VIIRS_NOAA21_NRT,304.98,283.29,YES,,LOW
-2.84244,133.26332,,0.45,0.39,2026-09-27,1641,N21,VIIRS,n,2.0NRT,,0.79,N,VIIRS_NOAA21_NRT,300.91,283.29,YES,,LOW
-2.84072,133.27599,,0.45,0.39,2026-09-27,1641,N21,VIIRS,n,2.0NRT,,0.81,N,VIIRS_NOAA21_NRT,305.25,283.76,YES,,LOW
-2.84012,132.65248,,0.43,0.38,2026-09-27,1641,N21,VIIRS,n,2.0NRT,,1.93,N,VIIRS_NOAA21_NRT,305.92,293.68,NO,46.042,MONITORING
-2.83954,132.64865,,0.43,0.38,2026-09-27,1641,N21,VIIRS,n,2.0NRT,,3.5,N,VIIRS_NOAA21_NRT,313.5,294.46,NO,46.423,MONITORING
-2.83716,133.27652,,0.45,0.39,2026-09-27,1641,N21,VIIRS,n,2.0NRT,,0.81,N,VIIRS_NOAA21_NRT,303.46,283.04,YES,,LOW
-2.83666,132.65303,,0.43,0.38,2026-09-27,1641,N21,VIIRS,n,2.0NRT,,1.93,N,VIIRS_NOAA21_NRT,319.26,294.31,NO,45.857,MONITORING
-2.83655,133.27249,,0.45,0.39,2026-09-27,1641,N21,VIIRS,n,2.0NRT,,1.73,N,VIIRS_NOAA21_NRT,304.15,283.09,YES,,LOW
-2.83651,133.01218,,0.44,0.38,2026-09-27,1641,N21,VIIRS,n,2.0NRT,,0.42,N,VIIRS_NOAA21_NRT,297.64,280.65,NO,13.815,MONITORING
-2.8359,133.00826,,0.44,0.38,2026-09-27,1641,N21,VIIRS,n,2.0NRT,,0.42,N,VIIRS_NOAA21_NRT,295.62,280.07,NO,14.012,MONITORING
-2.83549,132.62202,,0.42,0.38,2026-09-27,1641,N21,VIIRS,n,2.0NRT,,2.18,N,VIIRS_NOAA21_NRT,307.13,294.03,NO,49.096,MONITORING
-2.8349,132.61821,,0.42,0.38,2026-09-27,1641,N21,VIIRS,n,2.0NRT,,2.27,N,VIIRS_NOAA21_NRT,309.35,293.98,NO,49.481,MONITORING
-2.83434,132.63774,,0.43,0.38,2026-09-27,1641,N21,VIIRS,n,2.0NRT,,2.09,N,VIIRS_NOAA21_NRT,307.76,294.09,NO,47.39,MONITORING
-2.83362,134.11047,,0.5,0.41,2026-09-27,1641,N21,VIIRS,n,2.0NRT,,3.26,N,VIIRS_NOAA21_NRT,308.12,291.54,YES,,LOW
-2.83321,132.65361,,0.43,0.38,2026-09-27,1641,N21,VIIRS,n,2.0NRT,,2.96,N,VIIRS_NOAA21_NRT,309.37,293.7,NO,45.673,MONITORING
-2.83299,133.01271,,0.44,0.38,2026-09-27,1641,N21,VIIRS,n,2.0NRT,,0.42,N,VIIRS_NOAA21_NRT,298.23,279.87,NO,13.459,MONITORING
-2.83222,133.10153,,0.44,0.39,2026-09-27,1641,N21,VIIRS,n,2.0NRT,,2.05,N,VIIRS_NOAA21_NRT,315.53,286.38,NO,8.725,MONITORING
-2.83156,134.10857,,0.5,0.41,2026-09-27,1641,N21,VIIRS,n,2.0NRT,,2.27,N,VIIRS_NOAA21_NRT,307.43,291.12,YES,,LOW
-2.83145,132.61877,,0.42,0.38,2026-09-27,1641,N21,VIIRS,n,2.0NRT,,2.27,N,VIIRS_NOAA21_NRT,319.99,295.15,NO,49.309,MONITORING
-2.83029,132.61111,,0.42,0.38,2026-09-27,1641,N21,VIIRS,n,2.0NRT,,1.44,N,VIIRS_NOAA21_NRT,310.28,293.84,NO,50.089,MONITORING
-2.828,132.61935,,0.42,0.38,2026-09-27,1641,N21,VIIRS,n,2.0NRT,,2.83,N,VIIRS_NOAA21_NRT,306.82,294.36,NO,49.137,MONITORING
-2.828,133.21619,,0.45,0.39,2026-09-27,1641,N21,VIIRS,n,2.0NRT,,0.68,N,VIIRS_NOAA21_NRT,304.8,284.17,NO,1.168,MONITORING
-2.82786,134.10927,,0.5,0.41,2026-09-27,1641,N21,VIIRS,n,2.0NRT,,2.02,N,VIIRS_NOAA21_NRT,304.63,291.49,YES,,LOW
-2.82742,132.61551,,0.42,0.38,2026-09-27,1641,N21,VIIRS,n,2.0NRT,,2.83,N,VIIRS_NOAA21_NRT,332.97,295.86,NO,49.529,MONITORING
-2.82711,133.28223,,0.45,0.39,2026-09-27,1641,N21,VIIRS,n,2.0NRT,,1.14,N,VIIRS_NOAA21_NRT,309.69,282.86,YES,,LOW
-2.82684,132.61169,,0.42,0.38,2026-09-27,1641,N21,VIIRS,n,2.0NRT,,1.96,N,VIIRS_NOAA21_NRT,312.11,294.05,NO,49.919,MONITORING
-2.8262,133.34866,,0.46,0.39,2026-09-27,1641,N21,VIIRS,n,2.0NRT,,1.0,N,VIIRS_NOAA21_NRT,304.98,285.84,YES,,LOW
-2.82394,133.35236,,0.46,0.39,2026-09-27,1641,N21,VIIRS,n,2.0NRT,,1.17,N,VIIRS_NOAA21_NRT,302.12,285.21,YES,,LOW
-2.82355,133.28276,,0.45,0.39,2026-09-27,1641,N21,VIIRS,n,2.0NRT,,1.14,N,VIIRS_NOAA21_NRT,300.65,282.86,YES,,LOW
-2.82331,133.34831,,0.46,0.39,2026-09-27,1641,N21,VIIRS,n,2.0NRT,,2.05,N,VIIRS_NOAA21_NRT,311.73,285.53,YES,,LOW
-2.82281,132.60838,,0.42,0.38,2026-09-27,1641,N21,VIIRS,n,2.0NRT,,1.96,N,VIIRS_NOAA21_NRT,311.2,294.38,NO,50.152,MONITORING
-2.82263,133.34921,,0.46,0.39,2026-09-27,1641,N21,VIIRS,n,2.0NRT,,1.52,N,VIIRS_NOAA21_NRT,304.35,285.33,YES,,LOW
-2.81931,132.69383,,0.43,0.38,2026-09-27,1641,N21,VIIRS,n,2.0NRT,,1.83,N,VIIRS_NOAA21_NRT,313.01,291.52,NO,40.935,MONITORING
-2.81873,132.69008,,0.43,0.38,2026-09-27,1641,N21,VIIRS,n,2.0NRT,,1.41,N,VIIRS_NOAA21_NRT,306.69,291.0,NO,41.311,MONITORING
-2.81666,132.60876,,0.42,0.38,2026-09-27,1641,N21,VIIRS,n,2.0NRT,,1.68,N,VIIRS_NOAA21_NRT,307.37,293.46,NO,49.933,MONITORING
-2.81591,132.60953,,0.42,0.38,2026-09-27,1641,N21,VIIRS,n,2.0NRT,,2.25,N,VIIRS_NOAA21_NRT,306.06,293.23,NO,49.829,MONITORING
-2.81586,132.69443,,0.43,0.38,2026-09-27,1641,N21,VIIRS,n,2.0NRT,,2.0,N,VIIRS_NOAA21_NRT,306.18,291.07,NO,40.752,MONITORING
-2.8154,133.32541,,0.45,0.39,2026-09-27,1641,N21,VIIRS,n,2.0NRT,,0.98,N,VIIRS_NOAA21_NRT,304.2,286.72,YES,,LOW
-2.81219,133.3708,,0.46,0.39,2026-09-27,1641,N21,VIIRS,n,2.0NRT,,1.48,N,VIIRS_NOAA21_NRT,304.46,285.77,YES,,LOW
-2.8094,132.65294,,0.43,0.38,2026-09-27,1641,N21,VIIRS,n,2.0NRT,,2.65,N,VIIRS_NOAA21_NRT,317.3,292.95,NO,44.973,MONITORING
-2.80609,133.2847,,0.45,0.39,2026-09-27,1641,N21,VIIRS,n,2.0NRT,,1.12,N,VIIRS_NOAA21_NRT,302.71,284.39,YES,,LOW
-2.80484,133.18298,,0.45,0.39,2026-09-27,1641,N21,VIIRS,n,2.0NRT,,2.44,N,VIIRS_NOAA21_NRT,302.42,283.76,NO,2.162,MONITORING
-2.80234,133.26057,,0.45,0.39,2026-09-27,1641,N21,VIIRS,n,2.0NRT,,0.98,N,VIIRS_NOAA21_NRT,303.36,285.44,YES,,LOW
-2.80212,133.30597,,0.45,0.39,2026-09-27,1641,N21,VIIRS,n,2.0NRT,,0.86,N,VIIRS_NOAA21_NRT,305.69,285.72,YES,,LOW
-2.8019,133.18753,,0.45,0.39,2026-09-27,1641,N21,VIIRS,n,2.0NRT,,2.44,N,VIIRS_NOAA21_NRT,315.62,285.34,NO,2.07,MONITORING
-2.80171,133.25655,,0.45,0.39,2026-09-27,1641,N21,VIIRS,n,2.0NRT,,0.98,N,VIIRS_NOAA21_NRT,307.31,284.8,YES,,LOW
-2.8013,133.18353,,0.45,0.39,2026-09-27,1641,N21,VIIRS,n,2.0NRT,,2.44,N,VIIRS_NOAA21_NRT,329.29,286.25,NO,1.808,MONITORING
-2.80109,133.25253,,0.45,0.39,2026-09-27,1641,N21,VIIRS,n,2.0NRT,,0.85,N,VIIRS_NOAA21_NRT,303.03,285.06,YES,,LOW
-2.79919,133.31055,,0.45,0.39,2026-09-27,1641,N21,VIIRS,n,2.0NRT,,0.86,N,VIIRS_NOAA21_NRT,303.37,284.52,YES,,LOW
-2.79856,133.30652,,0.45,0.39,2026-09-27,1641,N21,VIIRS,n,2.0NRT,,0.86,N,VIIRS_NOAA21_NRT,303.69,284.66,YES,,LOW
-2.79753,133.25305,,0.45,0.39,2026-09-27,1641,N21,VIIRS,n,2.0NRT,,0.85,N,VIIRS_NOAA21_NRT,302.89,285.1,YES,,LOW
-2.79477,133.35269,,0.46,0.39,2026-09-27,1641,N21,VIIRS,n,2.0NRT,,1.6,N,VIIRS_NOAA21_NRT,305.31,286.21,YES,,LOW
-2.79414,133.34865,,0.45,0.39,2026-09-27,1641,N21,VIIRS,n,2.0NRT,,1.6,N,VIIRS_NOAA21_NRT,317.74,286.32,YES,,LOW
-2.79273,133.24556,,0.45,0.39,2026-09-27,1641,N21,VIIRS,n,2.0NRT,,1.84,N,VIIRS_NOAA21_NRT,303.38,285.6,YES,,LOW
-2.7927,133.31572,,0.45,0.39,2026-09-27,1641,N21,VIIRS,n,2.0NRT,,0.99,N,VIIRS_NOAA21_NRT,304.32,284.55,YES,,LOW
-2.79254,133.22102,,0.45,0.39,2026-09-27,1641,N21,VIIRS,n,2.0NRT,,1.13,N,VIIRS_NOAA21_NRT,308.28,285.41,YES,,LOW
-2.79207,133.31168,,0.45,0.39,2026-09-27,1641,N21,VIIRS,n,2.0NRT,,1.39,N,VIIRS_NOAA21_NRT,305.8,284.5,YES,,LOW
-2.79167,133.26213,,0.45,0.39,2026-09-27,1641,N21,VIIRS,n,2.0NRT,,0.39,N,VIIRS_NOAA21_NRT,301.29,282.98,YES,,LOW
-2.79149,133.23758,,0.45,0.39,2026-09-27,1641,N21,VIIRS,n,2.0NRT,,1.24,N,VIIRS_NOAA21_NRT,305.04,285.69,YES,,LOW
-2.7912,133.35324,,0.46,0.39,2026-09-27,1641,N21,VIIRS,n,2.0NRT,,1.6,N,VIIRS_NOAA21_NRT,308.21,286.61,YES,,LOW
-2.79025,133.22961,,0.45,0.39,2026-09-27,1641,N21,VIIRS,n,2.0NRT,,2.4,N,VIIRS_NOAA21_NRT,321.62,285.69,YES,,LOW
-2.78951,133.36598,,0.46,0.39,2026-09-27,1641,N21,VIIRS,n,2.0NRT,,2.07,N,VIIRS_NOAA21_NRT,311.43,286.36,YES,,LOW
-2.78937,133.27072,,0.45,0.39,2026-09-27,1641,N21,VIIRS,n,2.0NRT,,1.09,N,VIIRS_NOAA21_NRT,304.77,283.57,YES,,LOW
-2.78908,132.61319,,0.42,0.38,2026-09-27,1641,N21,VIIRS,n,2.0NRT,,2.13,N,VIIRS_NOAA21_NRT,307.5,294.03,NO,48.76,MONITORING
-2.78874,133.26669,,0.45,0.39,2026-09-27,1641,N21,VIIRS,n,2.0NRT,,1.09,N,VIIRS_NOAA21_NRT,310.14,283.61,YES,,LOW
-2.78732,133.23413,,0.45,0.39,2026-09-27,1641,N21,VIIRS,n,2.0NRT,,1.24,N,VIIRS_NOAA21_NRT,311.02,285.54,YES,,LOW
-2.78671,133.23016,,0.45,0.39,2026-09-27,1641,N21,VIIRS,n,2.0NRT,,2.4,N,VIIRS_NOAA21_NRT,314.41,284.8,YES,,LOW
-2.78644,133.27533,,0.45,0.39,2026-09-27,1641,N21,VIIRS,n,2.0NRT,,1.18,N,VIIRS_NOAA21_NRT,302.19,283.63,YES,,LOW
-2.78563,132.61375,,0.42,0.38,2026-09-27,1641,N21,VIIRS,n,2.0NRT,,2.13,N,VIIRS_NOAA21_NRT,320.63,295.07,NO,48.615,MONITORING
-2.78504,132.60992,,0.42,0.38,2026-09-27,1641,N21,VIIRS,n,2.0NRT,,2.54,N,VIIRS_NOAA21_NRT,313.94,294.18,NO,48.953,MONITORING
-2.78289,133.27586,,0.45,0.39,2026-09-27,1641,N21,VIIRS,n,2.0NRT,,1.27,N,VIIRS_NOAA21_NRT,304.49,284.16,YES,,LOW
-2.78218,132.6143,,0.42,0.38,2026-09-27,1641,N21,VIIRS,n,2.0NRT,,1.81,N,VIIRS_NOAA21_NRT,311.42,294.42,NO,48.371,MONITORING
-2.78159,132.61046,,0.42,0.38,2026-09-27,1641,N21,VIIRS,n,2.0NRT,,2.24,N,VIIRS_NOAA21_NRT,307.27,293.96,NO,48.711,MONITORING
-2.78084,133.23921,,0.45,0.39,2026-09-27,1641,N21,VIIRS,n,2.0NRT,,1.63,N,VIIRS_NOAA21_NRT,313.04,286.28,YES,,LOW
-2.78023,133.23523,,0.45,0.39,2026-09-27,1641,N21,VIIRS,n,2.0NRT,,1.63,N,VIIRS_NOAA21_NRT,311.1,285.83,YES,,LOW
-2.77873,132.61482,,0.42,0.38,2026-09-27,1641,N21,VIIRS,n,2.0NRT,,1.81,N,VIIRS_NOAA21_NRT,315.27,294.08,NO,48.132,MONITORING
-2.77755,132.60718,,0.42,0.38,2026-09-27,1641,N21,VIIRS,n,2.0NRT,,2.24,N,VIIRS_NOAA21_NRT,322.01,294.85,NO,48.813,MONITORING
-2.77696,132.60338,,0.42,0.38,2026-09-27,1641,N21,VIIRS,n,2.0NRT,,3.21,N,VIIRS_NOAA21_NRT,316.52,295.04,NO,49.154,MONITORING
-2.77587,132.61917,,0.42,0.38,2026-09-27,1641,N21,VIIRS,n,2.0NRT,,1.78,N,VIIRS_NOAA21_NRT,307.42,294.29,NO,47.554,MONITORING
-2.77528,132.61536,,0.42,0.38,2026-09-27,1641,N21,VIIRS,n,2.0NRT,,1.78,N,VIIRS_NOAA21_NRT,314.86,294.44,NO,47.893,MONITORING
-2.76901,133.32761,,0.45,0.39,2026-09-27,1641,N21,VIIRS,n,2.0NRT,,0.67,N,VIIRS_NOAA21_NRT,304.19,284.96,YES,,LOW
-2.76653,133.31146,,0.45,0.39,2026-09-27,1641,N21,VIIRS,n,2.0NRT,,0.85,N,VIIRS_NOAA21_NRT,305.17,286.47,YES,,LOW
-2.76591,133.30743,,0.45,0.39,2026-09-27,1641,N21,VIIRS,n,2.0NRT,,1.78,N,VIIRS_NOAA21_NRT,306.78,286.4,YES,,LOW
-2.7563,133.29228,,0.45,0.39,2026-09-27,1641,N21,VIIRS,n,2.0NRT,,3.28,N,VIIRS_NOAA21_NRT,325.25,285.84,YES,,LOW
-2.75623,132.60638,,0.42,0.38,2026-09-27,1641,N21,VIIRS,n,2.0NRT,,2.37,N,VIIRS_NOAA21_NRT,313.04,294.22,NO,47.801,MONITORING
-2.75337,133.29689,,0.45,0.39,2026-09-27,1641,N21,VIIRS,n,2.0NRT,,3.2,N,VIIRS_NOAA21_NRT,315.02,285.02,YES,,LOW
-2.75275,133.29285,,0.45,0.39,2026-09-27,1641,N21,VIIRS,n,2.0NRT,,3.28,N,VIIRS_NOAA21_NRT,329.95,285.84,YES,,LOW
-2.74981,133.29745,,0.45,0.39,2026-09-27,1641,N21,VIIRS,n,2.0NRT,,1.29,N,VIIRS_NOAA21_NRT,311.17,282.0,YES,,LOW
-2.74626,133.29802,,0.45,0.39,2026-09-27,1641,N21,VIIRS,n,2.0NRT,,1.29,N,VIIRS_NOAA21_NRT,302.51,283.22,YES,,LOW
-2.74564,133.29398,,0.45,0.39,2026-09-27,1641,N21,VIIRS,n,2.0NRT,,1.08,N,VIIRS_NOAA21_NRT,306.19,284.45,YES,,LOW
-2.74013,133.25787,,0.45,0.39,2026-09-27,1641,N21,VIIRS,n,2.0NRT,,2.12,N,VIIRS_NOAA21_NRT,314.26,285.78,YES,,LOW
-2.73951,133.25388,,0.45,0.39,2026-09-27,1641,N21,VIIRS,n,2.0NRT,,1.81,N,VIIRS_NOAA21_NRT,308.22,286.3,YES,,LOW
-2.73818,133.3407,,0.45,0.39,2026-09-27,1641,N21,VIIRS,n,2.0NRT,,3.03,N,VIIRS_NOAA21_NRT,318.84,283.95,YES,,LOW
-2.73658,133.25844,,0.45,0.39,2026-09-27,1641,N21,VIIRS,n,2.0NRT,,1.19,N,VIIRS_NOAA21_NRT,308.84,285.74,YES,,LOW
-2.73597,133.25444,,0.45,0.39,2026-09-27,1641,N21,VIIRS,n,2.0NRT,,1.3,N,VIIRS_NOAA21_NRT,304.64,285.67,YES,,LOW
-2.73462,133.34128,,0.45,0.39,2026-09-27,1641,N21,VIIRS,n,2.0NRT,,2.62,N,VIIRS_NOAA21_NRT,305.62,281.66,YES,,LOW
-2.73401,133.33723,,0.45,0.39,2026-09-27,1641,N21,VIIRS,n,2.0NRT,,2.32,N,VIIRS_NOAA21_NRT,305.96,281.2,YES,,LOW
-2.72699,133.36316,,0.46,0.39,2026-09-27,1641,N21,VIIRS,n,2.0NRT,,0.83,N,VIIRS_NOAA21_NRT,299.89,276.23,YES,,LOW
-2.72586,133.11731,,0.44,0.39,2026-09-27,1641,N21,VIIRS,n,2.0NRT,,1.35,N,VIIRS_NOAA21_NRT,304.87,291.08,YES,,LOW
-2.72342,133.36374,,0.46,0.39,2026-09-27,1641,N21,VIIRS,n,2.0NRT,,0.55,N,VIIRS_NOAA21_NRT,298.91,275.64,YES,,LOW
-2.6947,132.93752,,0.44,0.38,2026-09-27,1641,N21,VIIRS,n,2.0NRT,,0.6,N,VIIRS_NOAA21_NRT,302.26,289.41,NO,11.743,MONITORING
-2.65511,133.08263,,0.44,0.38,2026-09-27,1641,N21,VIIRS,n,2.0NRT,,9.62,N,VIIRS_NOAA21_NRT,339.44,289.91,YES,,LOW
-2.65098,133.07922,,0.44,0.38,2026-09-27,1641,N21,VIIRS,n,2.0NRT,,1.83,N,VIIRS_NOAA21_NRT,305.05,288.63,YES,,LOW
-2.64455,133.0842,,0.44,0.38,2026-09-27,1641,N21,VIIRS,n,2.0NRT,,1.27,N,VIIRS_NOAA21_NRT,302.68,287.52,YES,,LOW
-2.64333,133.07635,,0.44,0.38,2026-09-27,1641,N21,VIIRS,n,2.0NRT,,2.95,N,VIIRS_NOAA21_NRT,327.69,290.07,YES,,LOW
-2.64164,133.08865,,0.44,0.38,2026-09-27,1641,N21,VIIRS,n,2.0NRT,,1.27,N,VIIRS_NOAA21_NRT,311.29,285.08,YES,,LOW
-2.63982,133.07689,,0.44,0.38,2026-09-27,1641,N21,VIIRS,n,2.0NRT,,2.95,N,VIIRS_NOAA21_NRT,317.47,290.17,YES,,LOW
-2.63921,133.07295,,0.44,0.38,2026-09-27,1641,N21,VIIRS,n,2.0NRT,,1.34,N,VIIRS_NOAA21_NRT,305.89,290.6,YES,,LOW
-2.6363,133.07741,,0.44,0.38,2026-09-27,1641,N21,VIIRS,n,2.0NRT,,1.35,N,VIIRS_NOAA21_NRT,308.26,288.77,YES,,LOW
-2.63569,133.0735,,0.44,0.38,2026-09-27,1641,N21,VIIRS,n,2.0NRT,,1.16,N,VIIRS_NOAA21_NRT,312.85,290.36,YES,,LOW
-2.63531,133.00146,,0.44,0.38,2026-09-27,1641,N21,VIIRS,n,2.0NRT,,0.69,N,VIIRS_NOAA21_NRT,305.05,292.62,NO,5.589,MONITORING
-2.63471,132.99757,,0.44,0.38,2026-09-27,1641,N21,VIIRS,n,2.0NRT,,0.69,N,VIIRS_NOAA21_NRT,304.91,292.23,NO,5.723,MONITORING
-2.63278,133.07794,,0.44,0.38,2026-09-27,1641,N21,VIIRS,n,2.0NRT,,1.35,N,VIIRS_NOAA21_NRT,306.12,288.28,YES,,LOW
-2.63218,133.07404,,0.44,0.38,2026-09-27,1641,N21,VIIRS,n,2.0NRT,,1.16,N,VIIRS_NOAA21_NRT,304.19,287.78,YES,,LOW
-2.63181,133.002,,0.44,0.38,2026-09-27,1641,N21,VIIRS,n,2.0NRT,,1.28,N,VIIRS_NOAA21_NRT,312.66,292.63,NO,5.21,MONITORING
-2.43782,133.13052,,0.44,0.38,2026-09-27,1641,N21,VIIRS,n,2.0NRT,,1.3,N,VIIRS_NOAA21_NRT,305.79,291.42,YES,,LOW
-2.03541,133.38687,,0.45,0.39,2026-09-27,1641,N21,VIIRS,n,2.0NRT,,1.18,N,VIIRS_NOAA21_NRT,303.12,292.68,YES,,LOW
-2.90036,133.98575,,0.67,0.74,2026-09-28,340,N21,VIIRS,n,2.0NRT,,9.64,D,VIIRS_NOAA21_NRT,326.22,289.99,NO,7.07,MONITORING
-2.89958,133.99086,,0.67,0.74,2026-09-28,340,N21,VIIRS,n,2.0NRT,,11.4,D,VIIRS_NOAA21_NRT,332.62,290.15,NO,6.534,MONITORING
-2.87465,133.15523,,0.77,0.77,2026-09-28,340,N21,VIIRS,n,2.0NRT,,12.4,D,VIIRS_NOAA21_NRT,330.41,289.21,NO,5.235,MONITORING
-2.872,133.13774,,0.77,0.77,2026-09-28,340,N21,VIIRS,n,2.0NRT,,10.45,D,VIIRS_NOAA21_NRT,326.35,288.49,NO,6.261,MONITORING
-2.86997,133.15144,,0.77,0.77,2026-09-28,340,N21,VIIRS,n,2.0NRT,,23.28,D,VIIRS_NOAA21_NRT,341.56,290.55,NO,5.85,MONITORING
-2.83699,133.09897,,0.77,0.77,2026-09-28,340,N21,VIIRS,n,2.0NRT,,14.17,D,VIIRS_NOAA21_NRT,329.56,290.14,NO,9.311,MONITORING
-2.83594,133.10583,,0.77,0.77,2026-09-28,340,N21,VIIRS,n,2.0NRT,,18.13,D,VIIRS_NOAA21_NRT,339.64,290.74,NO,8.732,MONITORING
-2.83366,133.10442,,0.77,0.77,2026-09-28,340,N21,VIIRS,n,2.0NRT,,25.91,D,VIIRS_NOAA21_NRT,351.11,290.81,NO,8.634,MONITORING
-2.63049,132.99792,,0.78,0.78,2026-09-28,340,N21,VIIRS,n,2.0NRT,,15.92,D,VIIRS_NOAA21_NRT,329.66,289.86,NO,5.296,MONITORING
-2.62664,132.99507,,0.78,0.78,2026-09-28,340,N21,VIIRS,n,2.0NRT,,10.47,D,VIIRS_NOAA21_NRT,327.63,287.89,NO,5.113,MONITORING
-2.95685,132.94131,,0.55,0.68,2026-09-28,521,N21,VIIRS,h,2.0NRT,,37.37,D,VIIRS_NOAA21_NRT,367.0,294.51,NO,24.209,MONITORING
-2.88144,133.16005,,0.57,0.69,2026-09-28,521,N21,VIIRS,n,2.0NRT,,8.75,D,VIIRS_NOAA21_NRT,339.11,291.28,NO,4.373,MONITORING
-2.87595,133.15402,,0.57,0.69,2026-09-28,521,N21,VIIRS,n,2.0NRT,,13.49,D,VIIRS_NOAA21_NRT,346.96,293.27,NO,5.129,MONITORING
-2.8751,133.15906,,0.57,0.69,2026-09-28,521,N21,VIIRS,n,2.0NRT,,13.49,D,VIIRS_NOAA21_NRT,340.32,292.83,NO,5.088,MONITORING
-2.87373,133.1505,,0.57,0.69,2026-09-28,521,N21,VIIRS,n,2.0NRT,,8.02,D,VIIRS_NOAA21_NRT,344.35,293.12,NO,5.483,MONITORING
-2.87133,133.14293,,0.57,0.69,2026-09-28,521,N21,VIIRS,n,2.0NRT,,15.75,D,VIIRS_NOAA21_NRT,335.69,293.41,NO,6.053,MONITORING
-2.86987,133.13425,,0.57,0.69,2026-09-28,521,N21,VIIRS,h,2.0NRT,,15.52,D,VIIRS_NOAA21_NRT,367.0,294.79,NO,6.667,MONITORING
-2.86904,133.13936,,0.57,0.69,2026-09-28,521,N21,VIIRS,n,2.0NRT,,15.52,D,VIIRS_NOAA21_NRT,329.55,294.16,NO,6.46,MONITORING
-2.86822,133.14444,,0.57,0.69,2026-09-28,521,N21,VIIRS,n,2.0NRT,,8.02,D,VIIRS_NOAA21_NRT,328.88,294.11,NO,6.299,MONITORING
-2.86672,133.13179,,0.57,0.69,2026-09-28,521,N21,VIIRS,n,2.0NRT,,18.94,D,VIIRS_NOAA21_NRT,355.41,293.83,NO,7.111,MONITORING
-2.86585,133.13689,,0.57,0.69,2026-09-28,521,N21,VIIRS,n,2.0NRT,,18.94,D,VIIRS_NOAA21_NRT,351.26,294.41,NO,6.903,MONITORING
-2.86354,133.13327,,0.57,0.69,2026-09-28,521,N21,VIIRS,n,2.0NRT,,6.59,D,VIIRS_NOAA21_NRT,335.83,294.29,NO,7.326,MONITORING
-2.85886,133.12216,,0.57,0.69,2026-09-28,521,N21,VIIRS,n,2.0NRT,,9.19,D,VIIRS_NOAA21_NRT,340.44,294.21,NO,8.44,MONITORING
-2.84314,133.11769,,0.57,0.69,2026-09-28,521,N21,VIIRS,n,2.0NRT,,13.45,D,VIIRS_NOAA21_NRT,327.55,293.34,NO,8.572,MONITORING
-2.84157,133.10892,,0.57,0.69,2026-09-28,521,N21,VIIRS,n,2.0NRT,,13.86,D,VIIRS_NOAA21_NRT,336.44,293.27,NO,9.028,MONITORING
-2.84074,133.11395,,0.57,0.69,2026-09-28,521,N21,VIIRS,n,2.0NRT,,13.86,D,VIIRS_NOAA21_NRT,351.15,293.67,NO,8.603,MONITORING
-2.83991,133.11899,,0.57,0.69,2026-09-28,521,N21,VIIRS,h,2.0NRT,,21.4,D,VIIRS_NOAA21_NRT,367.0,293.5,NO,8.194,MONITORING
-2.83856,133.1066,,0.57,0.69,2026-09-28,521,N21,VIIRS,n,2.0NRT,,9.84,D,VIIRS_NOAA21_NRT,337.69,294.13,NO,8.912,MONITORING
-2.83769,133.11165,,0.57,0.69,2026-09-28,521,N21,VIIRS,n,2.0NRT,,9.84,D,VIIRS_NOAA21_NRT,330.08,294.29,NO,8.502,MONITORING
-2.83682,133.11667,,0.57,0.69,2026-09-28,521,N21,VIIRS,h,2.0NRT,,13.45,D,VIIRS_NOAA21_NRT,367.0,294.53,NO,8.072,MONITORING
-2.83608,133.10281,,0.57,0.69,2026-09-28,521,N21,VIIRS,n,2.0NRT,,14.38,D,VIIRS_NOAA21_NRT,341.27,294.37,NO,8.956,MONITORING
-2.73711,133.25336,,0.59,0.7,2026-09-28,521,N21,VIIRS,n,2.0NRT,,10.36,D,VIIRS_NOAA21_NRT,335.2,290.1,YES,,HIGH
-2.73627,133.25851,,0.59,0.7,2026-09-28,521,N21,VIIRS,n,2.0NRT,,10.36,D,VIIRS_NOAA21_NRT,338.72,291.21,YES,,HIGH
-2.64479,133.00554,,0.57,0.69,2026-09-28,521,N21,VIIRS,n,2.0NRT,,10.14,D,VIIRS_NOAA21_NRT,327.55,289.92,NO,6.143,MONITORING
-2.64173,133.0058,,0.57,0.69,2026-09-28,521,N21,VIIRS,n,2.0NRT,,16.65,D,VIIRS_NOAA21_NRT,353.28,293.55,NO,6.009,MONITORING
-2.63849,133.00452,,0.57,0.69,2026-09-28,521,N21,VIIRS,n,2.0NRT,,10.14,D,VIIRS_NOAA21_NRT,351.65,294.09,NO,5.781,MONITORING
-2.63386,132.99341,,0.56,0.69,2026-09-28,521,N21,VIIRS,n,2.0NRT,,15.59,D,VIIRS_NOAA21_NRT,351.81,294.12,NO,5.88,MONITORING
-2.63303,132.99844,,0.57,0.69,2026-09-28,521,N21,VIIRS,n,2.0NRT,,24.73,D,VIIRS_NOAA21_NRT,332.23,293.77,NO,5.512,MONITORING
-2.62757,132.99236,,0.56,0.69,2026-09-28,521,N21,VIIRS,n,2.0NRT,,15.59,D,VIIRS_NOAA21_NRT,352.5,294.52,NO,5.366,MONITORING
-2.90627,132.83061,,0.43,0.38,2026-09-28,1622,N21,VIIRS,n,2.0NRT,,0.72,N,VIIRS_NOAA21_NRT,295.94,271.87,NO,32.642,MONITORING
-2.8235,132.92847,,0.42,0.38,2026-09-28,1622,N21,VIIRS,n,2.0NRT,,2.03,N,VIIRS_NOAA21_NRT,317.29,252.27,NO,18.396,MONITORING
-2.82291,132.92468,,0.42,0.38,2026-09-28,1622,N21,VIIRS,n,2.0NRT,,1.36,N,VIIRS_NOAA21_NRT,295.23,252.69,NO,18.65,MONITORING
-2.81946,132.92525,,0.42,0.38,2026-09-28,1622,N21,VIIRS,n,2.0NRT,,1.34,N,VIIRS_NOAA21_NRT,300.53,254.2,NO,18.338,MONITORING
-2.77326,132.99026,,0.42,0.38,2026-09-28,1622,N21,VIIRS,n,2.0NRT,,1.93,N,VIIRS_NOAA21_NRT,297.5,261.63,NO,9.557,MONITORING
-2.05361,133.39053,,0.41,0.37,2026-09-28,1622,N21,VIIRS,n,2.0NRT,,1.75,N,VIIRS_NOAA21_NRT,297.99,277.21,YES,,LOW
-2.05144,133.40199,,0.41,0.37,2026-09-28,1622,N21,VIIRS,n,2.0NRT,,0.88,N,VIIRS_NOAA21_NRT,296.91,275.32,YES,,LOW
-2.0508,133.39479,,0.41,0.37,2026-09-28,1622,N21,VIIRS,n,2.0NRT,,1.75,N,VIIRS_NOAA21_NRT,323.82,277.44,YES,,LOW
-2.05028,133.39456,,0.41,0.37,2026-09-28,1622,N21,VIIRS,n,2.0NRT,,2.0,N,VIIRS_NOAA21_NRT,327.88,277.74,YES,,LOW
-2.04962,133.38739,,0.41,0.37,2026-09-28,1622,N21,VIIRS,n,2.0NRT,,1.05,N,VIIRS_NOAA21_NRT,304.6,279.25,YES,,LOW
-2.04913,133.38716,,0.41,0.37,2026-09-28,1622,N21,VIIRS,n,2.0NRT,,1.24,N,VIIRS_NOAA21_NRT,305.55,281.02,YES,,LOW
-2.04687,133.39513,,0.41,0.37,2026-09-28,1622,N21,VIIRS,n,2.0NRT,,2.0,N,VIIRS_NOAA21_NRT,298.77,275.73,YES,,LOW
-1.92659,133.16579,,0.42,0.38,2026-09-28,1622,N21,VIIRS,n,2.0NRT,,2.45,N,VIIRS_NOAA21_NRT,319.65,276.05,YES,,LOW
-1.92599,133.16205,,0.42,0.38,2026-09-28,1622,N21,VIIRS,n,2.0NRT,,1.92,N,VIIRS_NOAA21_NRT,303.59,275.19,YES,,LOW
-1.92315,133.16634,,0.42,0.38,2026-09-28,1622,N21,VIIRS,n,2.0NRT,,0.95,N,VIIRS_NOAA21_NRT,300.63,275.97,YES,,LOW
-1.9197,133.16689,,0.42,0.38,2026-09-28,1622,N21,VIIRS,n,2.0NRT,,0.95,N,VIIRS_NOAA21_NRT,298.93,276.5,YES,,LOW
-3.00525,133.02472,,0.52,0.5,2026-09-29,1605,N21,VIIRS,n,2.0NRT,,12.37,N,VIIRS_NOAA21_NRT,337.29,288.5,NO,17.011,MONITORING
-3.00451,133.02013,,0.52,0.5,2026-09-29,1605,N21,VIIRS,n,2.0NRT,,6.0,N,VIIRS_NOAA21_NRT,324.87,288.18,NO,17.415,MONITORING
-3.00376,133.01549,,0.52,0.5,2026-09-29,1605,N21,VIIRS,n,2.0NRT,,6.0,N,VIIRS_NOAA21_NRT,303.73,285.44,NO,17.83,MONITORING
-3.00071,133.02542,,0.52,0.5,2026-09-29,1605,N21,VIIRS,n,2.0NRT,,15.86,N,VIIRS_NOAA21_NRT,335.15,287.67,NO,16.695,MONITORING
-2.99996,133.0208,,0.52,0.5,2026-09-29,1605,N21,VIIRS,n,2.0NRT,,8.84,N,VIIRS_NOAA21_NRT,343.05,288.49,NO,17.109,MONITORING
-2.99921,133.01619,,0.52,0.5,2026-09-29,1605,N21,VIIRS,n,2.0NRT,,8.84,N,VIIRS_NOAA21_NRT,306.88,281.98,NO,17.528,MONITORING
-2.99541,133.02148,,0.52,0.5,2026-09-29,1605,N21,VIIRS,h,2.0NRT,,8.84,N,VIIRS_NOAA21_NRT,367.0,286.95,NO,16.812,MONITORING
-2.99466,133.01686,,0.52,0.5,2026-09-29,1605,N21,VIIRS,n,2.0NRT,,8.84,N,VIIRS_NOAA21_NRT,305.43,281.12,NO,17.239,MONITORING
-2.99086,133.02219,,0.52,0.5,2026-09-29,1605,N21,VIIRS,n,2.0NRT,,13.05,N,VIIRS_NOAA21_NRT,341.65,289.12,NO,16.522,MONITORING
-2.90704,133.39841,,0.49,0.49,2026-09-29,1605,N21,VIIRS,n,2.0NRT,,2.35,N,VIIRS_NOAA21_NRT,310.09,289.62,YES,,LOW
-2.8953,133.98779,,0.45,0.47,2026-09-29,1605,N21,VIIRS,n,2.0NRT,,1.61,N,VIIRS_NOAA21_NRT,313.56,290.1,NO,6.606,MONITORING
-2.89464,133.9837,,0.45,0.47,2026-09-29,1605,N21,VIIRS,n,2.0NRT,,1.61,N,VIIRS_NOAA21_NRT,304.52,289.5,NO,6.988,MONITORING
-2.89105,133.98851,,0.45,0.47,2026-09-29,1605,N21,VIIRS,n,2.0NRT,,1.61,N,VIIRS_NOAA21_NRT,312.8,289.5,NO,6.338,MONITORING
-2.8871,133.16472,,0.51,0.49,2026-09-29,1605,N21,VIIRS,n,2.0NRT,,0.83,N,VIIRS_NOAA21_NRT,301.42,286.33,NO,3.672,MONITORING
-2.8826,133.16544,,0.51,0.49,2026-09-29,1605,N21,VIIRS,n,2.0NRT,,0.83,N,VIIRS_NOAA21_NRT,302.15,287.49,NO,4.166,MONITORING
-2.85625,133.25725,,0.5,0.49,2026-09-29,1605,N21,VIIRS,n,2.0NRT,,1.95,N,VIIRS_NOAA21_NRT,303.22,289.75,YES,,LOW
-2.82067,133.58714,,0.48,0.48,2026-09-29,1605,N21,VIIRS,n,2.0NRT,,1.89,N,VIIRS_NOAA21_NRT,306.05,290.5,YES,,LOW
-2.80073,133.18556,,0.51,0.49,2026-09-29,1605,N21,VIIRS,n,2.0NRT,,0.97,N,VIIRS_NOAA21_NRT,295.14,273.51,NO,1.846,MONITORING
-2.75853,133.29369,,0.5,0.49,2026-09-29,1605,N21,VIIRS,n,2.0NRT,,0.82,N,VIIRS_NOAA21_NRT,300.46,282.11,YES,,LOW
-2.75631,133.22473,,0.51,0.49,2026-09-29,1605,N21,VIIRS,n,2.0NRT,,1.48,N,VIIRS_NOAA21_NRT,302.0,273.39,YES,,LOW
-2.75557,133.22025,,0.51,0.49,2026-09-29,1605,N21,VIIRS,n,2.0NRT,,1.48,N,VIIRS_NOAA21_NRT,303.18,274.51,YES,,LOW
-2.75545,133.29221,,0.5,0.49,2026-09-29,1605,N21,VIIRS,n,2.0NRT,,5.26,N,VIIRS_NOAA21_NRT,320.76,283.32,YES,,LOW
-2.75543,133.6046,,0.48,0.48,2026-09-29,1605,N21,VIIRS,n,2.0NRT,,1.08,N,VIIRS_NOAA21_NRT,303.5,290.08,YES,,LOW
-2.75405,133.29439,,0.5,0.49,2026-09-29,1605,N21,VIIRS,n,2.0NRT,,3.31,N,VIIRS_NOAA21_NRT,316.08,283.27,YES,,LOW
-2.75374,133.22304,,0.51,0.49,2026-09-29,1605,N21,VIIRS,n,2.0NRT,,1.52,N,VIIRS_NOAA21_NRT,295.41,270.36,YES,,LOW
-2.75332,133.28996,,0.5,0.49,2026-09-29,1605,N21,VIIRS,n,2.0NRT,,1.96,N,VIIRS_NOAA21_NRT,305.48,282.38,YES,,LOW
-2.44014,133.13867,,0.52,0.5,2026-09-29,1605,N21,VIIRS,n,2.0NRT,,2.19,N,VIIRS_NOAA21_NRT,306.56,283.08,YES,,LOW
-3.06039,133.62392,,0.44,0.39,2026-09-30,444,N21,VIIRS,n,2.0NRT,,5.94,D,VIIRS_NOAA21_NRT,339.62,299.61,NO,3.112,MONITORING
-3.03154,133.1505,,0.43,0.38,2026-09-30,444,N21,VIIRS,n,2.0NRT,,3.86,D,VIIRS_NOAA21_NRT,334.18,298.83,NO,11.123,MONITORING
-3.03095,133.15433,,0.43,0.38,2026-09-30,444,N21,VIIRS,n,2.0NRT,,3.86,D,VIIRS_NOAA21_NRT,339.6,299.65,NO,10.967,MONITORING
-3.02749,133.15381,,0.43,0.38,2026-09-30,444,N21,VIIRS,n,2.0NRT,,7.68,D,VIIRS_NOAA21_NRT,337.05,300.83,NO,10.601,MONITORING
-3.02691,133.15761,,0.43,0.38,2026-09-30,444,N21,VIIRS,n,2.0NRT,,3.74,D,VIIRS_NOAA21_NRT,330.85,298.18,NO,10.452,MONITORING
-3.02241,133.65884,,0.45,0.39,2026-09-30,444,N21,VIIRS,n,2.0NRT,,5.72,D,VIIRS_NOAA21_NRT,337.95,300.05,NO,2.601,MONITORING
-3.00338,133.10352,,0.42,0.38,2026-09-30,444,N21,VIIRS,n,2.0NRT,,41.99,D,VIIRS_NOAA21_NRT,343.92,304.14,NO,10.221,MONITORING
-3.00127,133.02596,,0.42,0.38,2026-09-30,444,N21,VIIRS,n,2.0NRT,,1.75,D,VIIRS_NOAA21_NRT,332.4,298.14,NO,16.673,MONITORING
-3.00051,133.09918,,0.42,0.38,2026-09-30,444,N21,VIIRS,n,2.0NRT,,19.71,D,VIIRS_NOAA21_NRT,331.32,298.97,NO,10.26,MONITORING
-2.99993,133.10298,,0.42,0.38,2026-09-30,444,N21,VIIRS,n,2.0NRT,,19.71,D,VIIRS_NOAA21_NRT,352.75,306.12,NO,9.948,MONITORING
-2.99934,133.10677,,0.42,0.38,2026-09-30,444,N21,VIIRS,n,2.0NRT,,5.94,D,VIIRS_NOAA21_NRT,338.42,301.08,NO,9.644,MONITORING
-2.99706,133.09868,,0.42,0.38,2026-09-30,444,N21,VIIRS,n,2.0NRT,,19.71,D,VIIRS_NOAA21_NRT,342.92,304.61,NO,10.0,MONITORING
-2.99647,133.10245,,0.42,0.38,2026-09-30,444,N21,VIIRS,n,2.0NRT,,19.71,D,VIIRS_NOAA21_NRT,333.12,301.02,NO,9.681,MONITORING
-2.99588,133.10623,,0.42,0.38,2026-09-30,444,N21,VIIRS,n,2.0NRT,,5.94,D,VIIRS_NOAA21_NRT,337.22,298.21,NO,9.37,MONITORING
-2.98976,133.21443,,0.43,0.38,2026-09-30,444,N21,VIIRS,n,2.0NRT,,4.9,D,VIIRS_NOAA21_NRT,332.09,299.96,NO,4.083,MONITORING
-2.98573,133.03516,,0.42,0.38,2026-09-30,444,N21,VIIRS,n,2.0NRT,,19.04,D,VIIRS_NOAA21_NRT,338.88,297.18,NO,14.972,MONITORING
-2.98287,133.03087,,0.42,0.38,2026-09-30,444,N21,VIIRS,n,2.0NRT,,15.0,D,VIIRS_NOAA21_NRT,340.97,300.25,NO,15.277,MONITORING
-2.96576,133.14052,,0.43,0.38,2026-09-30,444,N21,VIIRS,n,2.0NRT,,3.05,D,VIIRS_NOAA21_NRT,333.51,300.04,NO,4.462,MONITORING
-2.9623,133.14,,0.43,0.38,2026-09-30,444,N21,VIIRS,n,2.0NRT,,3.05,D,VIIRS_NOAA21_NRT,335.56,299.84,NO,4.15,MONITORING
-2.95474,133.92813,,0.46,0.39,2026-09-30,444,N21,VIIRS,n,2.0NRT,,2.9,D,VIIRS_NOAA21_NRT,331.0,288.16,NO,14.822,MONITORING
-2.95113,133.9277,,0.46,0.39,2026-09-30,444,N21,VIIRS,n,2.0NRT,,3.85,D,VIIRS_NOAA21_NRT,337.34,291.99,NO,14.741,MONITORING
-2.94762,133.18848,,0.43,0.38,2026-09-30,444,N21,VIIRS,n,2.0NRT,,9.34,D,VIIRS_NOAA21_NRT,335.21,301.61,NO,1.004,MONITORING
-2.94539,133.94077,,0.46,0.39,2026-09-30,444,N21,VIIRS,n,2.0NRT,,2.54,D,VIIRS_NOAA21_NRT,331.71,293.74,NO,13.162,MONITORING
-2.94415,133.18796,,0.43,0.38,2026-09-30,444,N21,VIIRS,n,2.0NRT,,6.81,D,VIIRS_NOAA21_NRT,333.38,301.12,NO,0.743,MONITORING
-2.9334,133.53171,,0.44,0.38,2026-09-30,444,N21,VIIRS,n,2.0NRT,,10.16,D,VIIRS_NOAA21_NRT,340.27,300.55,YES,,HIGH
-2.93279,133.53566,,0.44,0.38,2026-09-30,444,N21,VIIRS,n,2.0NRT,,10.16,D,VIIRS_NOAA21_NRT,340.11,299.51,YES,,HIGH
-2.92988,133.53116,,0.44,0.38,2026-09-30,444,N21,VIIRS,n,2.0NRT,,10.16,D,VIIRS_NOAA21_NRT,342.14,299.74,YES,,HIGH
-2.92927,133.53511,,0.44,0.38,2026-09-30,444,N21,VIIRS,n,2.0NRT,,10.16,D,VIIRS_NOAA21_NRT,341.78,301.62,YES,,HIGH
-2.92302,133.14963,,0.43,0.38,2026-09-30,444,N21,VIIRS,n,2.0NRT,,5.49,D,VIIRS_NOAA21_NRT,343.41,299.04,NO,0.972,MONITORING
-2.90974,133.39987,,0.44,0.38,2026-09-30,444,N21,VIIRS,n,2.0NRT,,5.14,D,VIIRS_NOAA21_NRT,333.64,298.55,YES,,LOW
-2.90738,133.39929,,0.44,0.38,2026-09-30,444,N21,VIIRS,n,2.0NRT,,6.05,D,VIIRS_NOAA21_NRT,336.29,298.93,YES,,LOW
-2.90337,133.91333,,0.46,0.39,2026-09-30,444,N21,VIIRS,n,2.0NRT,,3.28,D,VIIRS_NOAA21_NRT,331.63,291.95,NO,9.662,MONITORING
-2.89339,132.99786,,0.42,0.38,2026-09-30,444,N21,VIIRS,n,2.0NRT,,13.72,D,VIIRS_NOAA21_NRT,340.34,301.96,NO,18.139,MONITORING
-2.88995,132.99736,,0.42,0.38,2026-09-30,444,N21,VIIRS,n,2.0NRT,,13.72,D,VIIRS_NOAA21_NRT,346.58,308.06,NO,18.28,MONITORING
-2.88936,133.0011,,0.42,0.38,2026-09-30,444,N21,VIIRS,n,2.0NRT,,13.72,D,VIIRS_NOAA21_NRT,336.54,302.58,NO,17.891,MONITORING
-2.88925,133.41663,,0.44,0.38,2026-09-30,444,N21,VIIRS,n,2.0NRT,,5.71,D,VIIRS_NOAA21_NRT,344.8,296.12,YES,,LOW
-2.88574,133.41608,,0.44,0.38,2026-09-30,444,N21,VIIRS,n,2.0NRT,,5.27,D,VIIRS_NOAA21_NRT,340.5,299.4,YES,,LOW
-2.88487,133.16696,,0.43,0.38,2026-09-30,444,N21,VIIRS,n,2.0NRT,,4.77,D,VIIRS_NOAA21_NRT,336.37,300.1,NO,3.905,MONITORING
-2.87859,132.95714,,0.42,0.38,2026-09-30,444,N21,VIIRS,n,2.0NRT,,8.14,D,VIIRS_NOAA21_NRT,335.1,299.4,NO,20.998,MONITORING
-2.87461,133.11873,,0.43,0.38,2026-09-30,444,N21,VIIRS,n,2.0NRT,,12.62,D,VIIRS_NOAA21_NRT,340.04,304.32,NO,7.247,MONITORING
-2.87402,133.12253,,0.43,0.38,2026-09-30,444,N21,VIIRS,n,2.0NRT,,12.62,D,VIIRS_NOAA21_NRT,340.3,303.77,NO,7.044,MONITORING
-2.87308,133.06038,,0.42,0.38,2026-09-30,444,N21,VIIRS,n,2.0NRT,,19.17,D,VIIRS_NOAA21_NRT,338.62,302.77,NO,12.36,MONITORING
-2.87056,133.12198,,0.43,0.38,2026-09-30,444,N21,VIIRS,l,2.0NRT,,12.62,D,VIIRS_NOAA21_NRT,330.73,302.15,NO,7.395,MONITORING
-2.85108,133.08795,,0.42,0.38,2026-09-30,444,N21,VIIRS,n,2.0NRT,,8.6,D,VIIRS_NOAA21_NRT,343.04,298.47,NO,11.301,MONITORING
-2.85049,133.09174,,0.42,0.38,2026-09-30,444,N21,VIIRS,n,2.0NRT,,5.46,D,VIIRS_NOAA21_NRT,336.58,301.79,NO,10.979,MONITORING
-2.82464,132.6942,,0.41,0.37,2026-09-30,444,N21,VIIRS,n,2.0NRT,,3.96,D,VIIRS_NOAA21_NRT,330.31,294.9,NO,41.088,MONITORING
-2.82382,132.92615,,0.42,0.38,2026-09-30,444,N21,VIIRS,n,2.0NRT,,6.6,D,VIIRS_NOAA21_NRT,336.18,300.54,NO,18.604,MONITORING
-2.8218,132.68999,,0.41,0.37,2026-09-30,444,N21,VIIRS,n,2.0NRT,,3.96,D,VIIRS_NOAA21_NRT,333.41,298.14,NO,41.429,MONITORING
-2.82124,132.69359,,0.41,0.37,2026-09-30,444,N21,VIIRS,n,2.0NRT,,3.96,D,VIIRS_NOAA21_NRT,340.42,298.34,NO,41.029,MONITORING
-2.82068,132.69725,,0.41,0.37,2026-09-30,444,N21,VIIRS,n,2.0NRT,,5.28,D,VIIRS_NOAA21_NRT,332.62,297.93,NO,40.623,MONITORING
-2.82009,132.70099,,0.41,0.37,2026-09-30,444,N21,VIIRS,n,2.0NRT,,5.28,D,VIIRS_NOAA21_NRT,335.2,298.09,NO,40.208,MONITORING
-2.81952,132.70473,,0.41,0.37,2026-09-30,444,N21,VIIRS,n,2.0NRT,,3.36,D,VIIRS_NOAA21_NRT,330.97,297.1,NO,39.794,MONITORING
-2.81896,132.68585,,0.41,0.37,2026-09-30,444,N21,VIIRS,n,2.0NRT,,4.2,D,VIIRS_NOAA21_NRT,338.53,298.4,NO,41.767,MONITORING
-2.75296,133.29294,,0.43,0.38,2026-09-30,444,N21,VIIRS,n,2.0NRT,,3.34,D,VIIRS_NOAA21_NRT,334.13,300.18,YES,,LOW
-2.71557,133.20059,,0.43,0.38,2026-09-30,444,N21,VIIRS,n,2.0NRT,,7.58,D,VIIRS_NOAA21_NRT,345.07,300.28,YES,,LOW
-2.70674,132.93498,,0.42,0.38,2026-09-30,444,N21,VIIRS,n,2.0NRT,,7.06,D,VIIRS_NOAA21_NRT,345.0,300.31,NO,11.995,MONITORING
-2.66668,133.0797,,0.43,0.38,2026-09-30,444,N21,VIIRS,n,2.0NRT,,8.94,D,VIIRS_NOAA21_NRT,339.75,300.67,NO,0.104,MONITORING
-2.66034,133.07484,,0.43,0.38,2026-09-30,444,N21,VIIRS,n,2.0NRT,,7.49,D,VIIRS_NOAA21_NRT,351.07,301.35,NO,0.001,MONITORING
-2.65688,133.07431,,0.43,0.38,2026-09-30,444,N21,VIIRS,n,2.0NRT,,5.57,D,VIIRS_NOAA21_NRT,337.6,299.81,YES,,LOW
-2.64304,133.07216,,0.43,0.38,2026-09-30,444,N21,VIIRS,n,2.0NRT,,7.97,D,VIIRS_NOAA21_NRT,335.42,299.46,YES,,LOW
-2.63202,132.98883,,0.42,0.38,2026-09-30,444,N21,VIIRS,n,2.0NRT,,7.03,D,VIIRS_NOAA21_NRT,336.6,302.3,NO,5.965,MONITORING
-2.62569,132.98399,,0.42,0.38,2026-09-30,444,N21,VIIRS,n,2.0NRT,,15.32,D,VIIRS_NOAA21_NRT,351.08,308.9,NO,5.532,MONITORING
-2.62282,132.97971,,0.42,0.38,2026-09-30,444,N21,VIIRS,n,2.0NRT,,15.32,D,VIIRS_NOAA21_NRT,334.21,300.47,NO,5.492,MONITORING
-2.62224,132.98347,,0.42,0.38,2026-09-30,444,N21,VIIRS,n,2.0NRT,,15.32,D,VIIRS_NOAA21_NRT,347.21,307.06,NO,5.22,MONITORING
-2.61937,132.97917,,0.42,0.38,2026-09-30,444,N21,VIIRS,n,2.0NRT,,12.33,D,VIIRS_NOAA21_NRT,334.41,303.36,NO,5.208,MONITORING
-2.61879,132.98294,,0.42,0.38,2026-09-30,444,N21,VIIRS,n,2.0NRT,,12.33,D,VIIRS_NOAA21_NRT,333.86,301.42,NO,4.92,MONITORING
-2.61821,132.98672,,0.42,0.38,2026-09-30,444,N21,VIIRS,n,2.0NRT,,5.82,D,VIIRS_NOAA21_NRT,333.06,298.94,NO,4.652,MONITORING
-2.61591,132.97864,,0.42,0.38,2026-09-30,444,N21,VIIRS,n,2.0NRT,,12.33,D,VIIRS_NOAA21_NRT,338.62,305.04,NO,4.936,MONITORING
-2.61476,132.98619,,0.42,0.38,2026-09-30,444,N21,VIIRS,n,2.0NRT,,5.82,D,VIIRS_NOAA21_NRT,347.63,302.83,NO,4.348,MONITORING
-2.61246,132.97812,,0.42,0.38,2026-09-30,444,N21,VIIRS,l,2.0NRT,,21.06,D,VIIRS_NOAA21_NRT,333.84,307.77,NO,4.682,MONITORING
-2.60901,132.97758,,0.42,0.38,2026-09-30,444,N21,VIIRS,n,2.0NRT,,21.06,D,VIIRS_NOAA21_NRT,342.04,301.89,NO,4.448,MONITORING
-2.60843,132.98137,,0.42,0.38,2026-09-30,444,N21,VIIRS,n,2.0NRT,,21.06,D,VIIRS_NOAA21_NRT,340.07,303.07,NO,4.106,MONITORING
-2.60556,132.97705,,0.42,0.38,2026-09-30,444,N21,VIIRS,n,2.0NRT,,10.15,D,VIIRS_NOAA21_NRT,339.57,305.55,NO,4.237,MONITORING
-2.60498,132.98083,,0.42,0.38,2026-09-30,444,N21,VIIRS,n,2.0NRT,,10.15,D,VIIRS_NOAA21_NRT,335.14,303.09,NO,3.877,MONITORING
-2.6044,132.9846,,0.42,0.38,2026-09-30,444,N21,VIIRS,l,2.0NRT,,7.39,D,VIIRS_NOAA21_NRT,332.69,303.97,NO,3.533,MONITORING
-2.60211,132.97652,,0.42,0.38,2026-09-30,444,N21,VIIRS,n,2.0NRT,,10.15,D,VIIRS_NOAA21_NRT,335.77,302.79,NO,4.052,MONITORING
-2.60153,132.98029,,0.42,0.38,2026-09-30,444,N21,VIIRS,n,2.0NRT,,10.15,D,VIIRS_NOAA21_NRT,337.36,303.79,NO,3.675,MONITORING
-2.59808,132.97975,,0.42,0.38,2026-09-30,444,N21,VIIRS,n,2.0NRT,,5.78,D,VIIRS_NOAA21_NRT,337.13,302.32,NO,3.505,MONITORING
-2.59289,132.99054,,0.42,0.38,2026-09-30,444,N21,VIIRS,n,2.0NRT,,7.27,D,VIIRS_NOAA21_NRT,347.13,300.41,NO,2.184,MONITORING
-2.5923,132.99432,,0.42,0.38,2026-09-30,444,N21,VIIRS,n,2.0NRT,,7.27,D,VIIRS_NOAA21_NRT,331.7,298.11,NO,1.815,MONITORING
-2.58943,132.99001,,0.42,0.38,2026-09-30,444,N21,VIIRS,n,2.0NRT,,11.18,D,VIIRS_NOAA21_NRT,332.13,299.39,NO,2.036,MONITORING
-3.03018,133.15619,,0.54,0.68,2026-09-30,1546,N21,VIIRS,n,2.0NRT,,1.95,N,VIIRS_NOAA21_NRT,303.05,289.29,NO,10.843,MONITORING
-3.024,133.15718,,0.54,0.68,2026-09-30,1546,N21,VIIRS,n,2.0NRT,,1.22,N,VIIRS_NOAA21_NRT,300.97,289.11,NO,10.146,MONITORING
-3.00703,133.09496,,0.55,0.68,2026-09-30,1546,N21,VIIRS,n,2.0NRT,,1.92,N,VIIRS_NOAA21_NRT,306.1,289.08,NO,11.121,MONITORING
-3.00619,133.09003,,0.55,0.68,2026-09-30,1546,N21,VIIRS,n,2.0NRT,,1.7,N,VIIRS_NOAA21_NRT,301.77,289.27,NO,11.399,MONITORING
-3.0025,133.10576,,0.55,0.68,2026-09-30,1546,N21,VIIRS,n,2.0NRT,,3.27,N,VIIRS_NOAA21_NRT,304.06,289.56,NO,9.994,MONITORING
-2.99998,133.09106,,0.55,0.68,2026-09-30,1546,N21,VIIRS,n,2.0NRT,,6.09,N,VIIRS_NOAA21_NRT,347.17,289.88,NO,10.807,MONITORING
-2.99477,133.08928,,0.55,0.68,2026-09-30,1546,N21,VIIRS,n,2.0NRT,,1.98,N,VIIRS_NOAA21_NRT,308.96,289.2,NO,10.53,MONITORING
-2.99377,133.09207,,0.55,0.68,2026-09-30,1546,N21,VIIRS,n,2.0NRT,,6.09,N,VIIRS_NOAA21_NRT,312.51,289.31,NO,10.231,MONITORING
-2.98991,133.21407,,0.54,0.68,2026-09-30,1546,N21,VIIRS,n,2.0NRT,,2.99,N,VIIRS_NOAA21_NRT,313.15,289.23,NO,4.118,MONITORING
-2.98974,133.21638,,0.54,0.68,2026-09-30,1546,N21,VIIRS,n,2.0NRT,,1.3,N,VIIRS_NOAA21_NRT,301.55,289.08,NO,3.968,MONITORING
-2.98913,133.20932,,0.54,0.68,2026-09-30,1546,N21,VIIRS,n,2.0NRT,,3.32,N,VIIRS_NOAA21_NRT,303.55,288.76,NO,4.35,MONITORING
-2.98892,133.21164,,0.54,0.68,2026-09-30,1546,N21,VIIRS,n,2.0NRT,,3.06,N,VIIRS_NOAA21_NRT,307.66,289.18,NO,4.176,MONITORING
-2.97317,133.11296,,0.55,0.68,2026-09-30,1546,N21,VIIRS,n,2.0NRT,,4.27,N,VIIRS_NOAA21_NRT,316.2,289.45,NO,6.963,MONITORING
-2.97231,133.1156,,0.55,0.68,2026-09-30,1546,N21,VIIRS,n,2.0NRT,,4.75,N,VIIRS_NOAA21_NRT,311.61,289.75,NO,6.689,MONITORING
-2.96496,132.94681,,0.56,0.69,2026-09-30,1546,N21,VIIRS,n,2.0NRT,,24.2,N,VIIRS_NOAA21_NRT,340.98,289.35,NO,23.739,MONITORING
-2.96414,132.94182,,0.56,0.69,2026-09-30,1546,N21,VIIRS,h,2.0NRT,,20.28,N,VIIRS_NOAA21_NRT,367.0,291.88,NO,24.272,MONITORING
-2.96332,132.93681,,0.56,0.69,2026-09-30,1546,N21,VIIRS,n,2.0NRT,,20.28,N,VIIRS_NOAA21_NRT,305.94,288.57,NO,24.808,MONITORING
-2.96295,132.94984,,0.56,0.69,2026-09-30,1546,N21,VIIRS,n,2.0NRT,,29.79,N,VIIRS_NOAA21_NRT,333.78,289.32,NO,23.369,MONITORING
-2.9621,132.94492,,0.56,0.69,2026-09-30,1546,N21,VIIRS,n,2.0NRT,,37.89,N,VIIRS_NOAA21_NRT,353.84,295.08,NO,23.895,MONITORING
-2.96124,132.93994,,0.56,0.69,2026-09-30,1546,N21,VIIRS,n,2.0NRT,,37.89,N,VIIRS_NOAA21_NRT,338.5,289.45,NO,24.428,MONITORING
-2.96075,133.11493,,0.55,0.68,2026-09-30,1546,N21,VIIRS,n,2.0NRT,,2.3,N,VIIRS_NOAA21_NRT,302.3,289.04,NO,5.882,MONITORING
-2.96038,132.93494,,0.56,0.69,2026-09-30,1546,N21,VIIRS,n,2.0NRT,,4.84,N,VIIRS_NOAA21_NRT,302.89,288.52,NO,24.965,MONITORING
-2.95868,132.94775,,0.56,0.69,2026-09-30,1546,N21,VIIRS,n,2.0NRT,,85.02,N,VIIRS_NOAA21_NRT,330.51,291.78,NO,23.527,MONITORING
-2.95786,132.94279,,0.56,0.69,2026-09-30,1546,N21,VIIRS,h,2.0NRT,,39.14,N,VIIRS_NOAA21_NRT,367.0,290.56,NO,24.061,MONITORING
-2.95704,132.93782,,0.56,0.69,2026-09-30,1546,N21,VIIRS,n,2.0NRT,,39.14,N,VIIRS_NOAA21_NRT,309.06,289.35,NO,24.597,MONITORING
-2.95666,132.95076,,0.56,0.69,2026-09-30,1546,N21,VIIRS,n,2.0NRT,,29.79,N,VIIRS_NOAA21_NRT,302.66,288.92,NO,23.164,MONITORING
-2.95582,132.94588,,0.56,0.69,2026-09-30,1546,N21,VIIRS,h,2.0NRT,,37.89,N,VIIRS_NOAA21_NRT,367.0,289.89,NO,23.69,MONITORING
-2.95497,132.94092,,0.56,0.69,2026-09-30,1546,N21,VIIRS,n,2.0NRT,,37.89,N,VIIRS_NOAA21_NRT,310.41,289.15,NO,24.226,MONITORING
-2.95129,133.92329,,0.48,0.65,2026-09-30,1546,N21,VIIRS,n,2.0NRT,,2.78,N,VIIRS_NOAA21_NRT,309.6,289.62,NO,14.84,MONITORING
-2.93115,133.53435,,0.51,0.66,2026-09-30,1546,N21,VIIRS,n,2.0NRT,,1.11,N,VIIRS_NOAA21_NRT,303.2,289.57,YES,,LOW
-2.93038,133.52988,,0.51,0.66,2026-09-30,1546,N21,VIIRS,n,2.0NRT,,1.11,N,VIIRS_NOAA21_NRT,300.05,289.28,YES,,LOW
-2.89748,133.95351,,0.48,0.65,2026-09-30,1546,N21,VIIRS,n,2.0NRT,,1.94,N,VIIRS_NOAA21_NRT,302.23,289.72,NO,9.197,MONITORING
-2.89618,133.95531,,0.48,0.65,2026-09-30,1546,N21,VIIRS,n,2.0NRT,,1.54,N,VIIRS_NOAA21_NRT,304.1,289.4,NO,9.116,MONITORING
-2.89569,133.98759,,0.48,0.64,2026-09-30,1546,N21,VIIRS,n,2.0NRT,,2.41,N,VIIRS_NOAA21_NRT,305.95,289.73,NO,6.645,MONITORING
-2.89521,133.97647,,0.48,0.65,2026-09-30,1546,N21,VIIRS,n,2.0NRT,,1.17,N,VIIRS_NOAA21_NRT,303.92,289.49,NO,7.754,MONITORING
-2.89158,133.99104,,0.48,0.64,2026-09-30,1546,N21,VIIRS,n,2.0NRT,,1.89,N,VIIRS_NOAA21_NRT,308.29,289.46,NO,6.103,MONITORING
-2.89096,133.98732,,0.48,0.64,2026-09-30,1546,N21,VIIRS,n,2.0NRT,,2.38,N,VIIRS_NOAA21_NRT,310.17,289.6,NO,6.456,MONITORING
-2.8698,133.05806,,0.55,0.68,2026-09-30,1546,N21,VIIRS,n,2.0NRT,,1.3,N,VIIRS_NOAA21_NRT,303.91,288.59,NO,12.765,MONITORING
-2.86815,133.05873,,0.55,0.68,2026-09-30,1546,N21,VIIRS,n,2.0NRT,,1.2,N,VIIRS_NOAA21_NRT,303.86,288.59,NO,12.794,MONITORING
-2.866,132.95662,,0.56,0.69,2026-09-30,1546,N21,VIIRS,n,2.0NRT,,0.44,N,VIIRS_NOAA21_NRT,296.97,279.55,NO,19.85,MONITORING
-2.75731,133.29356,,0.54,0.67,2026-09-30,1546,N21,VIIRS,n,2.0NRT,,1.61,N,VIIRS_NOAA21_NRT,301.09,289.17,YES,,LOW
-2.75114,133.29449,,0.54,0.67,2026-09-30,1546,N21,VIIRS,n,2.0NRT,,2.01,N,VIIRS_NOAA21_NRT,302.0,289.18,YES,,LOW
-2.6135,132.97401,,0.57,0.69,2026-09-30,1546,N21,VIIRS,n,2.0NRT,,1.1,N,VIIRS_NOAA21_NRT,301.79,288.94,NO,5.082,MONITORING
-2.61028,132.97644,,0.57,0.69,2026-09-30,1546,N21,VIIRS,n,2.0NRT,,1.92,N,VIIRS_NOAA21_NRT,305.18,288.64,NO,4.638,MONITORING
-2.43931,133.13177,,0.56,0.68,2026-09-30,1546,N21,VIIRS,n,2.0NRT,,1.24,N,VIIRS_NOAA21_NRT,302.98,288.79,YES,,LOW
